,Lasso 0.00048828125 electronic_coef,Lasso 0.00048828125 electrostatic_coef,Lasso 0.000244140625 electronic_coef,Lasso 0.000244140625 electrostatic_coef,Lasso 0.0001220703125 electronic_coef,Lasso 0.0001220703125 electrostatic_coef,Ridge 9.5367431640625e-07 electronic_coef,Ridge 9.5367431640625e-07 electrostatic_coef,Ridge 1.9073486328125e-06 electronic_coef,Ridge 1.9073486328125e-06 electrostatic_coef,Ridge 7.62939453125e-06 electronic_coef,Ridge 7.62939453125e-06 electrostatic_coef,Ridge 3.0517578125e-05 electronic_coef,Ridge 3.0517578125e-05 electrostatic_coef,PLS 1 electronic_coef,PLS 1 electrostatic_coef,PLS 2 electronic_coef,PLS 2 electrostatic_coef,Ridge 3.814697265625e-06 electronic_coef,Ridge 3.814697265625e-06 electrostatic_coef,Ridge 6.103515625e-05 electronic_coef,Ridge 6.103515625e-05 electrostatic_coef,Ridge 0.00048828125 electronic_coef,Ridge 0.00048828125 electrostatic_coef,PLS 3 electronic_coef,PLS 3 electrostatic_coef,PLS 4 electronic_coef,PLS 4 electrostatic_coef,Ridge 1.52587890625e-05 electronic_coef,Ridge 1.52587890625e-05 electrostatic_coef,Ridge 0.000244140625 electronic_coef,Ridge 0.000244140625 electrostatic_coef,Ridge 0.0001220703125 electronic_coef,Ridge 0.0001220703125 electrostatic_coef,PLS 5 electronic_coef,PLS 5 electrostatic_coef,ElasticNet 0.00048828125 0.5 electronic_coef,ElasticNet 0.00048828125 0.5 electrostatic_coef,PLS 7 electronic_coef,PLS 7 electrostatic_coef,PLS 6 electronic_coef,PLS 6 electrostatic_coef,PLS 8 electronic_coef,PLS 8 electrostatic_coef,PLS 9 electronic_coef,PLS 9 electrostatic_coef,ElasticNet 0.000244140625 0.5 electronic_coef,ElasticNet 0.000244140625 0.5 electrostatic_coef,ElasticNet 0.0001220703125 0.5 electronic_coef,ElasticNet 0.0001220703125 0.5 electrostatic_coef,Lasso 6.103515625e-05 electronic_coef,Lasso 6.103515625e-05 electrostatic_coef,ElasticNet 6.103515625e-05 0.5 electronic_coef,ElasticNet 6.103515625e-05 0.5 electrostatic_coef,Lasso 3.0517578125e-05 electronic_coef,Lasso 3.0517578125e-05 electrostatic_coef,ElasticNet 3.0517578125e-05 0.5 electronic_coef,ElasticNet 3.0517578125e-05 0.5 electrostatic_coef,ElasticNet 1.52587890625e-05 0.5 electronic_coef,ElasticNet 1.52587890625e-05 0.5 electrostatic_coef,Lasso 1.52587890625e-05 electronic_coef,Lasso 1.52587890625e-05 electrostatic_coef,ElasticNet 7.62939453125e-06 0.5 electronic_coef,ElasticNet 7.62939453125e-06 0.5 electrostatic_coef,Lasso 3.814697265625e-06 electronic_coef,Lasso 3.814697265625e-06 electrostatic_coef,Lasso 7.62939453125e-06 electronic_coef,Lasso 7.62939453125e-06 electrostatic_coef,Lasso 1.9073486328125e-06 electronic_coef,Lasso 1.9073486328125e-06 electrostatic_coef,Lasso 9.5367431640625e-07 electronic_coef,Lasso 9.5367431640625e-07 electrostatic_coef,ElasticNet 3.814697265625e-06 0.5 electronic_coef,ElasticNet 3.814697265625e-06 0.5 electrostatic_coef,ElasticNet 1.9073486328125e-06 0.5 electronic_coef,ElasticNet 1.9073486328125e-06 0.5 electrostatic_coef,ElasticNet 9.5367431640625e-07 0.5 electronic_coef,ElasticNet 9.5367431640625e-07 0.5 electrostatic_coef
-6 1 1,-0.0,-0.0,-0.0,-0.0,-0.0,-0.0,-1.9043685345848462,-38.996717610039134,-1.9003148709156537,-38.61852193461812,-1.8777697449438129,-36.83398534790178,-1.798852704746431,-33.567393710231535,-0.011743755482733296,0.4620110913860419,-0.01083250674020463,0.542727105302591,-1.8925056362502486,-37.9401143625284,-1.7025919348143042,-31.91165410963951,-1.0244724917656958,-23.239335170073687,-0.05868407289207057,-0.7714639913129671,-0.15660999827016325,-3.7331128971960896,-1.8503337351423557,-35.29436773822616,-1.300696015660951,-27.24846363533619,-1.5376460610837386,-30.041205525655887,-0.22960250445803462,-5.9305552348740225,-0.0,-0.0,-0.43013665214396446,-11.237872247584221,-0.36758834551555175,-9.626267369661678,-0.4513563352061692,-11.497409753542954,-0.5004413805673306,-13.13625185269287,-0.08507547359926751,-0.1714117076733718,-0.2028850959797624,-3.405935676545038,-0.0,-0.0,-0.3670180789247103,-7.788224752269392,-0.0,-0.0,-0.5818614758585602,-12.756382590292022,-0.8707907135998952,-18.22234138842709,-0.0,-0.0,-1.1801964542892913,-23.24164201650988,-0.0,0.0,-0.0,0.0,0.0,0.0,0.0,0.0,-1.4172183583420919,-25.706838029950973,-1.5971640807788765,-27.845623001600966,-1.7252283492848783,-28.594695265487697
-6 1 2,-0.0,0.0,-0.0,0.0,-0.0,-0.0,2.289536064254082,28.012951876549614,2.237460846856398,28.134393044950862,1.977325738479494,28.684863055140905,1.4136284801483492,29.39048805471276,-0.1537337101768671,-3.49567289429231,-0.06738720504457009,-1.672265004437198,2.1415656368977727,28.34877558148994,1.0974994794177308,29.139797998411193,0.5423729490500305,20.96424619290255,-0.11727515759573257,-2.8172172172307666,-0.2664393882781031,-7.22271771535635,1.7283286843252235,29.101795163005118,0.6711153706208358,25.09768117874166,0.8453203521764273,27.83927342359382,-0.23405206300343154,-6.050310463035245,-0.01789662033483193,-0.0,0.26549708581300635,9.140690765380878,0.11633192472191946,4.085753031809825,0.33072946664136227,12.21523974127017,0.44534328722159444,16.366462512955547,-0.0,-0.0,0.0,0.0,-0.0,-0.0,0.06741068568608342,4.637645283423714,-0.0,-0.0,0.23818134029417654,10.98621177074982,0.36154431058906633,16.582768487489595,0.0,0.0,0.48630829490981453,21.663432614980177,0.0,0.0,0.0,0.0,0.0,0.0,0.0,0.0,0.6775900629703159,25.60348256326552,0.9453093095681863,27.823240819001814,1.1839513927072327,26.869444648862515
-6 1 3,-0.0,-0.0,-0.0,-0.0,-0.31389350835199636,-17.419517108165074,-0.6510308949579429,-100.28792543011188,-0.6703504778764398,-98.95742616814067,-0.7595568217472307,-92.13457366169794,-0.8965885650218542,-75.86167034747305,-0.31241651564319506,-6.941935219657966,-0.2502696289540795,-5.589472306545005,-0.7047106012775093,-96.47837643453732,-0.9175882945494164,-65.07762034849208,-0.6864047953450743,-37.85961624268171,-0.3856451646324447,-9.593825119532582,-0.5134659809453155,-14.978782618923402,-0.8313966871684493,-85.25891720175997,-0.7846670690243154,-45.37074743896578,-0.8746084776953156,-54.55120358725427,-0.615908946472435,-19.541059205578364,-0.3698354402342906,-9.657960288121561,-0.6169669479639867,-27.365952959669162,-0.5797175021030211,-23.52886366169059,-0.6295223787509113,-29.029524126875145,-0.5164679021981426,-28.458220967552926,-0.43803397088245066,-14.113179080024638,-0.47114857527707676,-18.77973736346024,-0.7951423861342405,-104.27764396600925,-0.47031067900410717,-23.10672517293581,-3.0482664484796693,-0.0,-0.48601254493114027,-27.653631293116852,-0.5749429610050861,-33.923852972125815,-3.9550532780407384,-21.751655872553926,-0.7055853357794055,-41.152678776930024,-0.0,-0.0,-0.8305806575247796,-0.0,-0.0,-0.0,-0.0,-0.0,-0.8236396680296693,-50.11919693950845,-0.8895672440956164,-59.862800196989795,-0.8517637634882064,-71.69157737504351
-6 1 4,0.0,-0.0,0.0,-0.0,0.0,-0.0,-0.5848493544305393,-140.33021795981705,-0.5723875267138502,-138.38987711775505,-0.5072321830427239,-128.23926505165392,-0.3416736891262312,-102.44223016747354,0.07792602895584345,4.21853023692161,0.19163193117928248,6.768520870197719,-0.5489623399001086,-134.7414740962329,-0.22218009696108998,-83.8610271024458,0.06481054476235501,-32.654524669310426,0.2130623765528232,7.60450273856867,0.0798316510367424,7.36979498445941,-0.4392066945537332,-117.63577765242053,0.003230934521471745,-46.94847669023713,-0.09909174004496828,-64.50040522299892,0.03363518301459565,4.905933692533771,0.020471393093341603,1.2128042904159735,0.09332031089107545,-7.790153429478996,0.04430028936991485,-2.7970361834276782,0.08385418786278792,-10.750018818822358,0.08713091592625194,-13.99754292968173,0.02192893487565414,0.0,0.026915255827950384,-0.0,0.0,-0.0,0.02732171461627764,-3.9473226951470246,-0.0,-160.720757387709,0.023360202718868076,-13.13130801123912,0.01729766678007993,-24.618625708936023,-0.0,-202.08674299121813,0.0,-39.139774072907535,-0.0,-193.4305877442197,-0.0,-174.77324011732827,-0.0,-153.23330497427395,-0.5126955259006426,-87.21810876328453,0.0,-56.90411239824014,-0.004504701791202509,-77.55418114567655,-0.17103118357448513,-97.65316558662629
-6 1 5,0.0,0.0,0.0,0.0,0.0,0.0,1.1536962484105242,-91.81239341292157,1.1403890297956274,-90.11667565342528,1.066594740612067,-81.39119236275455,0.8463401337623117,-60.47999969170221,0.18900666477734818,8.55243458602474,0.33158138752808186,12.346655662885043,1.1146792290410084,-86.95183127920394,0.6588183870161715,-46.78070420746611,0.07979434603731313,-15.148793150557362,0.3629106886568106,15.354368677086065,0.20562908179369238,18.186675386108167,0.9818174848858866,-72.55958780534334,0.23669529003066042,-23.467291172841378,0.4420937060705905,-33.936522393566634,0.06603620828202848,17.49696269282895,0.13543210032884415,11.791863641042411,-0.02861612216133959,9.976348989115195,-0.1222594036890766,12.553589934448933,-0.0738307933858104,6.040594332978156,-0.08601146192731701,0.009952220803300143,0.06866367726273755,10.81643666743521,0.0,7.089600920810661,0.0,-0.0,0.0,0.6571004801299796,0.0,-0.0,0.0,-0.0,0.0,-8.291194568282327,-0.0,-0.0,0.04976748200213838,-18.440102878691548,-0.0,-0.0,-0.0,-0.0,-0.0,-25.459110210578334,-0.0,-96.43730546733117,0.2492228614911055,-29.635934767929633,0.4819464479166139,-41.28571462390988,0.6584859215652833,-56.04646962244939
-6 1 6,0.0,0.0,0.0,0.0,0.0,0.0,2.4747531109523537,-66.19257321556438,2.4212373146616444,-64.54672644786928,2.147400957481646,-56.138366155682405,1.4973787281225146,-36.60932586632517,0.03201722382918261,4.009867364135565,0.0977140240744659,5.538981986193642,2.321628471601812,-61.48452908160487,1.068495253293346,-24.686565582293404,0.056781748141886884,-4.8543405713537595,0.051820236192079136,6.560203563889423,-0.17814593995211125,8.771115016502526,1.8723166380413363,-47.758392249972715,0.3103364977378112,-8.433039998749837,0.6549590452838866,-14.79726777916207,-0.3479936952352865,8.17792341396295,-0.0,3.154433633721963,-0.39885874185521697,5.723770653281502,-0.5225508463518557,6.446914955008865,-0.3695417590326139,3.5127888910485483,-0.2946235810225741,0.40000568299431705,-0.027001754804895015,2.972400960662825,-0.09104465061642163,1.8090169585665656,0.0,-0.0,-0.09370463844535787,0.0,0.0,-0.0,-0.03922975635753696,0.0,-0.0,-0.0,0.0,-0.0,0.09198403054410796,-2.0610351224823185,1.0883853580786362,-0.0,0.0,-0.0,2.506564385598507,-0.0,0.0,-0.0,0.4402477597914336,-7.4741155220926005,0.8641127677097098,-17.66837145372119,1.245067433361145,-30.171235041202145
-6 2 1,-0.0,-0.0,-0.0,-0.0,-0.0,-0.0,-2.476141601914987,-36.96262383492584,-2.4370501518967225,-36.37440541288196,-2.2423787462558975,-33.35283685596611,-1.8192157921003187,-26.076197669275075,-0.010296170813360116,0.25818867580939164,-0.01234757815714335,0.37735423885804203,-2.365183475740863,-35.277671979691014,-1.5699047045750383,-21.162572295859164,-0.9502478961559775,-8.965899661984832,-0.0642307100680098,-0.42123684070169903,-0.1756973217801791,-2.6222708747467163,-2.056389738399473,-30.293948455839114,-1.1397675170787112,-12.126571073953611,-1.3423673791599202,-16.30255117097758,-0.2790407235404731,-3.9975529456806935,-0.02318206997193059,-0.0,-0.5930719218606284,-6.664346650322681,-0.49258392800106854,-5.984965399516257,-0.6384886331131432,-6.483639348361583,-0.6660311163742423,-5.969155970432522,-0.14892619686152597,-0.0,-0.29553209579491047,-0.0,-0.0,-0.0,-0.4582430019442098,-1.087431389847511,-0.0,-0.0,-0.6438200236779605,-2.5654147139237415,-0.8384235092512465,-4.243296542061343,-0.0,-0.0,-1.015689464145545,-6.729195928339595,-0.0,-0.0,-0.0,-0.0,-0.0,-0.0,-0.0,-0.0,-1.195189662236324,-10.15412844425817,-1.3922835472579604,-14.739143767828532,-1.6596451314874303,-20.68988544127511
-6 2 2,-0.0,-0.0,-0.0,-0.0,-0.0,-0.0,-0.674234802276959,-10.13726883066382,-0.6495486693938047,-9.587978663312928,-0.5303151563563829,-6.89446318115007,-0.3042477655001869,-1.4649985611844956,0.008419063689509771,0.07384772601435573,0.03404352190776587,0.5466767691448059,-0.6047659805837006,-8.584825455824621,-0.20946637813169092,1.1265251918676022,-0.15947752590130726,1.920138323853579,0.017085902717630202,-0.05047068301987789,-0.060104539577994574,-2.422528222176855,-0.4239001835969677,-4.411900686992854,-0.15711151969173134,2.745371224937737,-0.16446775154965934,2.5903513042687245,-0.10314158812312772,-3.231063665722492,-0.0,-0.0,-0.17607780405565063,-3.2482928388165626,-0.16252321598461242,-3.658651355371974,-0.18544608534027152,-2.5160403136315086,-0.20410228450293771,-1.1119641257191741,-0.0,-0.0,-0.0,-0.0,-0.0,-0.0,-0.024432291823163955,-0.0,-0.0,-0.0,-0.05191522659902437,-0.0,-0.08577073290885813,0.0,-0.0,-0.0,-0.08523946937635425,0.0,-0.0,-0.0,-0.0,-0.0,-0.0,-0.0,-0.0,-0.0,-0.05127609891105718,0.0,-0.044409415131418266,0.0,-0.1719622949328862,-0.0
-6 2 3,0.0,0.0,0.0,0.0,0.0,0.0,0.44477645462881515,-61.37325930784477,0.4408664967746011,-60.54926401320214,0.42820355801287663,-56.231180560121274,0.4506916119840768,-45.059021042303776,0.15890799793638588,3.668556526389136,0.28314398222564197,6.13358307804175,0.4348185321651841,-58.99910442799684,0.506268303624973,-36.58359675933381,0.7261275516366855,-8.139026779508823,0.4063528448728866,8.498608922393638,0.43645515679122066,8.23612532071754,0.42846501472595183,-51.68883077236061,0.6643541138859419,-17.177774661875954,0.5853602501754099,-26.985877065442214,0.5532456804867032,9.367190369589576,0.35922545974366143,5.028387318776581,0.9549050482734729,11.167869956301505,0.8271459643647099,11.027590850913963,0.9733513350128864,11.090753818710379,0.9981010287239788,10.420336790785404,0.49257166642898603,6.023380182462678,0.6269313718939683,6.023623626609651,0.0,-0.0,0.7330890805375889,4.062527759354604,0.0,-0.0,0.7485007211084399,0.0,0.7067464805414254,-0.0,0.0,-0.0,0.6433301290104365,-8.772975714397552,-0.0,-0.0,0.0,-0.0,0.0,-0.0,-0.0,-0.0,0.5616257666273423,-19.25814644558516,0.475397574158005,-29.40705641849499,0.40176862845534195,-38.26675038611041
-6 2 4,-0.0,0.0,-0.0,0.0,-0.0,0.0,-2.013592509066866,-31.65035141614156,-1.9564844704594764,-30.55505962857666,-1.6704001912392195,-24.97576095604783,-1.0431700662435655,-11.992533416834908,0.19404243345244973,8.296394388417717,0.2977691332688891,11.722555210320909,-1.8511898787308552,-28.520373663659875,-0.681963194963745,-3.7766863302987477,-0.003802099009577985,13.618052857366063,0.3276930159609807,15.423843374028337,0.18695364606272774,19.629297232857045,-1.394931806284213,-19.426007844503182,-0.15848066319974535,9.503171354835208,-0.38030571429779414,3.698795102505472,0.14001062895059804,21.587222502445925,0.14890167404967988,13.705783951796972,0.13010944899025254,22.83533672871207,0.12537668190361836,22.34932648803006,0.06563406845181,21.731305641775467,0.08711387395778954,21.94290166723895,0.1149286030964013,15.944607838663975,0.07033376267806478,17.16825264730735,-0.0,-0.0,0.035372404780053344,16.639712995974588,-0.0,-0.0,0.0,14.87870456262177,0.0,11.867446432904998,-0.0,-0.0,-0.0,7.759667947633568,-0.0,0.0,-1.1896763488483049,0.0,-0.0,0.0,-0.0,-0.0,-0.18334518110665712,1.9411667970982391,-0.4263600886886787,-0.0,-0.8036898742871665,-5.640795333934217
-6 2 5,0.0,0.0,-0.0,0.0,-0.0,-0.0,-3.5098102113802434,-50.54519286511047,-3.4287404350874895,-49.481835926009765,-3.016985541853621,-43.94227273709525,-2.060306139974501,-29.947402565800097,0.14481181150380526,8.218943976986237,0.23443497908203165,11.430385788663036,-3.2783645356012054,-47.48657689252111,-1.4435474885675637,-19.80930374051778,-0.06273602328985106,8.322195916934977,0.2523752473814771,14.045167276031592,0.12114653645410244,16.918005888197396,-2.6086089301141584,-38.1848865381454,-0.382819642168207,0.687897217500311,-0.8578381162662068,-9.091864658449678,0.06710890997954076,17.59563751022953,0.08557857607241673,11.691540528952347,0.14908523357775413,18.64765651627332,0.0705496969420204,17.32561788467896,0.14925460878494065,18.263927688464676,0.1810564731123722,20.337963856947052,0.07339436600073376,13.16352309905503,0.07032359155314283,14.228181188851023,-0.0,-0.0,0.06795595228908402,14.12879241614889,-0.0,-0.0,0.038462356087487735,12.499250432094469,0.0,8.333275457449142,-0.5754464007222021,-0.0,-0.07691112176560815,0.7315234412191068,-4.968515182858906,0.0,-2.94321481784988,0.0,-6.9489654123744895,0.0,-3.0541030953250097,-0.0,-0.5189913261501676,-0.13938415641769153,-1.1509010740429089,-11.652649526901106,-1.799635711160252,-24.991526991695846
-6 2 6,0.0,0.0,0.0,0.0,0.0,0.0,-0.819524941919049,-25.242080671214083,-0.8102672968933006,-24.158613380351916,-0.7590869516609973,-18.642653394384368,-0.6012643386153906,-5.813230250161812,0.181708053909509,7.026086243008099,0.2841370392295878,10.01038857104185,-0.7924268684784959,-22.146473672062065,-0.4528371967382597,2.3181830459689516,0.14133029091880947,18.957197907159575,0.327116999475072,12.89902673626733,0.23878893006110452,16.18483666412931,-0.699747049187413,-13.159120561709875,-0.04397709808991325,15.364427177163387,-0.2575515457466837,9.72174331613202,0.1923074390037152,17.555546702355503,0.1655963468695928,11.027438947812685,0.36437599189816683,23.40446295486949,0.21991545130220072,19.998217168103395,0.33397187446880466,23.08449144188409,0.404548299395437,25.438928229958858,0.18661135987121003,13.963496903165101,0.2282126426727075,17.082094285666027,-0.0,0.0,0.2538614652685957,19.033937200187463,-0.0,-0.0,0.22989706290875778,19.575743288706512,0.14569584833539925,18.76924551990978,-0.0,0.0,0.0,15.442908224813552,-0.0,0.0,-0.0,0.0,-0.0,-0.0,-0.0,-0.0,-0.013295528763673306,8.889274161720657,-0.2259627148772841,1.5297315696470075,-0.4182768390215852,-0.0
-6 3 1,-0.0,-0.0,-0.0,-0.0,-0.0,-0.0,2.418200957705331,8.795524205422891,2.3642172655078206,9.020012598392519,2.087130692801603,9.900855774813046,1.4192440101741532,9.736473239613497,-0.001006648112379986,0.1380496472684417,-0.008757602596986415,0.04471238409992278,2.2636059142834055,9.39409835824722,0.9626111994119209,7.318540700604004,-0.2207921324972538,-5.946061381121164,-0.04825409409644807,-0.5973509113787588,-0.14759154051530327,-2.0038241510477293,1.8067607666876997,10.267155904003328,0.08713635284830314,-2.245110149025071,0.49863529990197597,2.8538542687484596,-0.26673634256652123,-3.38379666701874,-0.0026090834204864125,-0.0,-0.6334716049154727,-7.666435413459781,-0.5159773801873788,-6.152985857271755,-0.7011415897496286,-8.560552806950817,-0.7111627982355128,-9.128920658957838,-0.12426315602469445,-0.0,-0.2581496887375947,-0.8148035353611216,-0.0,-0.0,-0.35502255586466014,-2.7966328803595935,0.0,0.0,-0.3743244088899307,-4.0408495658209915,-0.23874142834181913,-3.3651433176035965,0.0,0.0,-0.0,-0.03590661591182958,0.0,0.0,0.0,0.0,0.0,0.0,0.034702169080669254,0.0,0.18651500435437465,0.0,0.6897806292932697,1.3508390169851825,1.1727570176556292,4.8764718872757316
-6 3 2,-0.0,-0.0,-0.0,-0.0,-0.0,-0.0,1.6298063429483696,31.28667378282068,1.5942273962132134,30.28420058363508,1.4159211422287685,25.078408045852164,1.0191011863157537,12.160379901538349,0.014595922030827635,0.5848750031908821,0.018625701840088743,0.6844471673820967,1.5286318660873834,28.405620967040345,0.7756202903965383,3.2215621612737806,0.1718170679264844,-15.44164787143439,-0.0077990771061498135,-0.0860290360958953,-0.10034124770860293,-3.352707971917803,1.2434077050049541,19.711370038141357,0.34210861588345653,-12.075266454316601,0.5453757660417076,-5.460958857359926,-0.15026070025973703,-6.206627281919359,-0.0,-0.0,-0.2559212542457864,-15.688547801656805,-0.22482596008809272,-12.306507264776199,-0.2431764428381223,-16.904645685081913,-0.15616813087061673,-16.913139231405,-0.0,-0.6954096037224098,-0.0,-4.6757593727189795,-0.0,-0.0,-0.0,-8.497579924581542,-0.0,-0.0,-0.0,-11.737700737542236,0.0,-12.854407507384831,0.0,0.0,0.1314424676757623,-10.54704843384518,0.0,0.0,0.0,0.0,0.0,0.0,0.0,0.0,0.3596787613573437,-4.518085111677764,0.6137888565238796,-0.0,0.8386915620693888,4.850053021093256
-6 3 3,-0.0,-0.0,-0.0,-0.0,-0.0,-0.0,-0.6560029943008676,24.571928120710833,-0.6296734447671333,24.19244972441168,-0.4923768139811354,22.27451496552191,-0.1507454746755054,17.899138913413434,0.005159397868372493,0.7175228772825509,0.016026692627007885,1.0401132660798231,-0.5802298963472686,23.490055773000478,0.07944618332695705,15.116947193545975,0.42586462649656665,6.8125115325972025,-0.002804955893337678,1.1874044330868292,-0.0647132999957696,0.6774106341521886,-0.35021000972784516,20.391731748271543,0.40963655011638744,9.551687750661406,0.28526258521823195,12.329653803368071,-0.06483730817531524,0.4821774471722698,-0.0,0.0,0.05445258910301066,-0.6125621689095843,-0.01206669447608234,-0.25714394580075806,0.13389262736682564,0.09631653216101657,0.27218641681061556,2.0178310554759467,-0.0,0.0,0.0,0.0,-0.0,0.0,0.005103552849689487,0.0,-0.0,0.0,0.14511503835381434,0.0,0.25786344894179475,1.1227834779963717,0.0,0.0,0.30543066727653645,4.1746780014869715,0.0,0.0,0.0,0.0,0.0,0.0,0.0,0.0,0.24107795839733875,7.489946711958618,0.05336444668262175,10.009097811528457,-0.0,13.752498913790587
-6 3 4,0.0,0.0,0.0,0.0,0.0,0.0,0.7977430185956923,-2.6984275020622506,0.8001558546843692,-1.8260285536201797,0.8171934194588034,2.557011358400361,0.8935710055183551,12.246361880321858,0.0703931448318795,2.2523503133690497,0.11935878160588029,3.2330538721732625,0.8054226890671897,-0.2154132535094471,0.9732521607269174,17.784338342191013,1.0742637623765436,23.27594522915579,0.16081927462074813,4.253986198047463,0.17183031618448144,5.434182689987656,0.8429615952888942,6.800238967709172,1.110216427525469,23.81928623009043,1.0614289369945962,21.96231755513957,0.2643457608522101,8.194530591567066,0.1107705749426487,2.440299921479563,0.6668825584485362,16.310249851705276,0.5091806382406372,13.999689424050578,0.7950765958565065,19.098527930794734,0.9590512452382286,22.39420340848661,0.22775084797512,5.353916257821197,0.4064966595864777,9.146050066043973,0.0,0.0,0.6287494148333905,13.469368237256031,0.0,0.0,0.8417746995065294,17.985276619480345,1.0147551343837717,21.319881565656587,0.0,0.0,1.1024672317984332,22.688322517512546,0.0,0.0,0.0,0.0,0.0,0.0,-0.0,-0.0,1.0795852233997572,21.96958706641269,0.9876056073626993,17.267037733650056,0.8477937702032651,11.972086421630046
-6 3 5,0.0,0.0,0.0,0.0,0.0,0.0,0.20828657590461483,-22.393420226199062,0.23784655117592698,-21.54332035373481,0.3735152908741409,-17.2815636921632,0.5697776877983393,-7.933171371994837,0.1279196844283297,2.3896472120856913,0.1820862343390314,3.2442686360518005,0.290302580302305,-19.97538474813749,0.5779426141597013,-2.632914141494195,0.19189986385136962,4.73607678499336,0.19888285321782517,3.699171631584696,0.14106131472662387,3.6746577527314246,0.4803529043288381,-13.173608555248519,0.3242057063724092,3.8012020658305645,0.4792924389677234,1.4641360439157,0.11534416039516474,4.229161717373124,0.04238241977139959,0.0,0.1189345700055604,5.314714628699367,0.10095283328589016,5.329963529689958,0.12201199318598202,5.861042282761873,0.10680607860607025,6.531104763743298,0.029949247459652738,0.4161080187448923,0.01736358812624109,1.0067819139339818,0.0,0.0,0.0,1.3343961528171173,0.0,0.0,0.0,1.5944132327239293,0.044088151457713214,1.7903874535761286,0.0,0.0,0.1507124712547202,1.2815775566931753,0.0,0.0,0.0,0.0,-0.0,0.0,0.0,-0.0,0.31316556631308123,0.0,0.47046620117279,0.0,0.47090732171546784,-0.18599988067014625
-6 3 6,0.0,0.0,0.0,0.0,0.0,0.0,-0.08019941650376863,-44.60567596746,-0.0831325933454655,-43.58701031191399,-0.09890620570886746,-38.42665096587547,-0.1431143340503657,-26.739242461145796,0.0771733735419455,1.737735171822308,0.10401143884511789,2.307322935874515,-0.08871622467213279,-41.699116291083705,-0.17965002309394817,-19.8188047734361,-0.24588259598068712,-8.136235586265688,0.12222681555655762,2.7508986109808773,0.13526190942393349,3.233073864442359,-0.11627182320093048,-33.35921242700205,-0.25064843934091185,-10.522555326251071,-0.22067346289626946,-14.19136947357603,0.11779330140579497,2.873610252991374,0.0,0.0,0.0042120387954430304,-0.5172971464248447,0.05501845355993221,1.1894104016526228,-0.0444808445275592,-1.8158924741981834,-0.11026908177324886,-3.477373148854232,0.0,0.0,0.0,0.0,0.0,0.0,-0.0,-0.0,0.0,-0.0,-0.0,-0.0,-0.058556744302886904,-1.9253423084072436,0.0,-0.0,-0.07176269218976049,-3.921421187858147,0.0,-0.0,0.0,-0.0,0.0,-0.0,-0.0,-0.0,-0.0667598965163384,-7.466347366336224,-0.04519764932898913,-13.58956645839754,-0.0039058798596960883,-20.620208458988728
-5 1 1,-0.0,-0.0,-0.0,-0.0,-0.0,-0.0,-1.1031160435397334,91.78082303313364,-1.1152646157564754,89.73664068582447,-1.1783403255825513,79.50253278601643,-1.328111583605049,57.07610140134757,-0.17141958454239078,-4.234676225139721,-0.1189666333395051,-3.2358097927464695,-1.1380468302573004,85.96879508113328,-1.4117882406965496,44.12593209640936,-1.2348424360492252,18.553809105803154,-0.17709821498539638,-4.642161483542964,-0.28558906166289466,-6.852114604922898,-1.2425338320250816,69.65468898890457,-1.3951196623040993,25.019299976566344,-1.4489012150908938,33.23454617717621,-0.3402622564325804,-6.3274542465106824,-0.17487694808098217,-1.1434962583699804,-0.3412860651371502,4.0409230910172615,-0.30113552159081497,0.2249324470236428,-0.4261968940782359,6.954937239204425,-0.6938059954227176,9.775896908631283,-0.24620400777677084,-0.0,-0.36425183226807284,-0.0,-0.6870169665259762,0.0,-0.5531203373926887,0.0884235965292914,-0.3829661444063323,0.0,-0.8213639997932527,7.18855432443348,-1.0703795267866791,14.641304583457373,-0.0,0.3035221633202662,-1.2642268521113111,22.03076450852762,0.0,145.7136733457802,-0.0,69.41658851431289,0.0,162.36082619763872,0.0,189.9954475651857,-1.356283568931753,29.224358246802527,-1.3311366895003571,39.58362955602842,-1.2419697406233492,51.26547193374506
-5 1 2,-0.0,-0.0,-0.0,-0.0,-0.0,-0.0,1.8479168804704307,-91.13039563628747,1.7991430937290844,-90.73111816018454,1.5504346634829964,-88.50510201874502,0.9736506488166339,-81.44998601124097,-0.0647383666470278,-2.0422347947679214,-0.00020676749811516054,-1.123360981754792,1.7084826341304884,-89.95868188964656,0.6172729328186002,-74.50802625812442,-0.03512021167137715,-41.76070275670539,-0.03754009242246208,-3.9044260015844903,-0.14867493122522962,-10.260277520266222,1.3030756616219703,-85.88679879721855,0.09281747831307732,-53.1509816471714,0.30948917759905625,-64.78342029198437,-0.14978588702721105,-15.5408168896162,-0.0,-4.250864414868714,-0.015274755924147069,-29.794146360688746,-0.005465831224593336,-24.171124595895748,-0.09096031311397745,-31.655983717183663,-0.17192740082433747,-30.959483648337738,-0.0,-9.563754097829776,-0.0,-15.294785848870081,-0.0,-0.0,-0.0,-20.701002141032458,-0.0,-37.67313698344187,-0.0,-27.273670889621098,-0.0,-36.843071059939916,0.0,-20.999075585658076,0.0,-48.478708651842226,0.0,-122.9324797601804,0.0,-107.51560853575498,0.0,-93.408597040265,2.8367355035719046,-182.01104671848432,0.05328254572186658,-61.386771657970044,0.3237700719673579,-71.80531331102928,0.7322985323608917,-79.47014879402424
-5 1 3,0.0,0.0,0.0,0.0,0.0,0.0,-1.0520691522199352,-123.57486483518616,-1.0332434930686032,-120.52278771736891,-0.9412953133473768,-105.16341615902401,-0.7531832419227502,-70.77075417880144,0.025379583815520097,0.8307898643500898,0.16559340138607814,3.765171751075186,-0.9989396119698937,-114.88445550290247,-0.6490891064926055,-50.073464226882784,-0.35773555400480794,-8.90608910418605,0.16943264163251667,3.8481076840153827,0.06217356282721607,-0.9487529055882284,-0.8565394341933987,-90.21879928781803,-0.4577442561944936,-18.17502244491005,-0.5527127762119131,-31.913774999975566,-0.02365543123650466,-3.391291673614596,0.0,0.0,-0.1197790265663259,-5.027546836832913,-0.07023520829364405,-4.53002464978883,-0.192235235352199,-4.081662839619045,-0.19942233022727246,0.19803805449159645,-0.0,0.0,-0.0,-0.0,-0.0,0.0,-0.017139749236079388,-0.0,-0.0,-0.0,-0.10889520078393675,-0.0,-0.19514502421938054,-1.5281375091428822,-0.0,-0.0,-0.31616934943836617,-9.688897865478177,-0.0,-115.71708856581195,-0.0,-11.798189787155334,-0.0,-204.07535570708922,0.0,-259.55388239740375,-0.39566832504229316,-22.24033575056471,-0.5113897138797842,-38.43655939148954,-0.5800542830598533,-62.55262580558883
-5 1 4,0.0,-0.0,-0.0,-0.0,-0.0,-0.0,-2.9810717876197823,-133.9967993923907,-2.928814763289075,-130.8115456836511,-2.672596988479877,-114.81303236404356,-2.14587519765096,-79.44517078537466,0.09185684039750018,1.3353297928515897,0.2121917930844159,3.921788757080792,-2.833412629304107,-124.93169933391796,-1.8604587614270698,-58.98554192555295,-1.1032618945382466,-24.988260718445684,0.19619186988397894,2.4872564488082447,0.1297162739570468,-1.25542472219056,-2.435234536926976,-99.33177764664963,-1.3710699429548403,-31.414300927064755,-1.6104925430777473,-42.37226172581556,-0.02549119361024136,-8.05627031954008,0.0,-0.0,-0.5452214394959779,-28.47845687150889,-0.3078091238151658,-21.428416716146046,-0.6626445113938983,-29.637700316499785,-0.69395762809674,-25.479831007153457,-0.0,-3.214050505359285,-0.08070709140086911,-9.119870707611112,-0.0,-0.0,-0.3258901441783987,-14.427877767694145,-0.0,-0.0,-0.5876901103945948,-18.175968200887162,-0.8812655427798152,-21.730133220858658,-0.0,-0.0,-1.195564834659954,-26.22304854286774,-0.8596742348806646,-108.35008921528686,-0.6398934923945406,-74.28887837794163,-0.0,-271.44994570787117,-0.0,-320.87599977037684,-1.4405914001538276,-35.19832689913491,-1.6455573520835722,-52.23952087646922,-1.954163273573608,-74.11854199804819
-5 1 5,-0.0,-0.0,-0.0,-0.0,-0.0,-53.139191431099306,-1.6193516419575085,-45.79554251165561,-1.5952786916619741,-46.394799639277494,-1.481770477738598,-49.372266924665574,-1.2861689848244515,-55.42292381136962,-0.13827255914842176,1.5088802678554625,-0.06790840956042214,3.3901527361001778,-1.5520749883246103,-47.496478605408015,-1.220916454605848,-57.89309652679472,-1.1535551351760327,-48.28351752833169,-0.14104560874756544,2.478499361527691,-0.23197724888587978,2.941955515543862,-1.385481474311546,-52.15701380040718,-1.1965516817431765,-54.78118848279015,-1.202102993752279,-57.981395744394284,-0.4026221729992501,-0.9649383786057848,-0.14524755884964644,0.0,-0.9801989304743703,-23.263809879697618,-0.688187982201011,-10.955422427977702,-1.0684860647072878,-29.3581932839346,-1.1933812704208036,-36.94240228262629,-0.327267486634912,-0.37353344677399836,-0.5676203498778646,-8.866337295684263,-0.0,-125.3462036115409,-0.8029439277123879,-20.02252990326402,-0.0,-154.4241705910858,-0.9936262335737952,-32.32638816657701,-1.1280258062518704,-44.21152090052377,-0.0,-186.38114733597632,-1.1885259776331578,-54.26867369940647,-0.0,-104.3652533439215,-0.0,-157.6674109605657,-0.0,-111.11081161140369,0.0,-0.0,-1.159867166421983,-59.487359920018655,-1.1807697842798441,-60.44828316122371,-1.1961592907994303,-57.936422001642725
-5 1 6,-0.0,0.0,-0.0,0.0,-0.0,0.0,-2.2229899156809934,31.646598201981142,-2.1621900728354873,31.127686209072753,-1.8626562748174214,28.519192921413328,-1.2443687088854058,22.839691788880668,0.19947071852405113,6.2380679412957,0.31488554353023,9.580320410467577,-2.0509296205121927,30.169083121196437,-0.9251346695014628,19.779109457346813,-0.46995041580681757,14.841837450591957,0.3129793510665448,10.62208549940261,0.09799520383402374,9.260280264082358,-1.5835318526853823,26.005227935523127,-0.5572597748603609,16.220616956753542,-0.6950454131985074,17.59325246524744,-0.09534113670931697,7.0921364846309904,0.029459213682138382,6.1331455634946375,-0.44836728895959926,4.891968169191536,-0.3989239784884087,4.498739462603166,-0.5375767321228214,4.503323242119307,-0.5642379849512812,7.0854810516460445,0.0,5.923455660658444,-0.02355944419080671,6.035684095280254,-0.0,-0.0,-0.17932389655825126,7.170199456234924,-0.0,-0.0,-0.2763513892036438,9.992032101145014,-0.3443118767857887,12.609403131198576,-0.0,0.0,-0.4471895717585635,14.1305852463415,-0.0,0.0,-0.0,0.0,-0.0,-0.0,0.0,-0.0,-0.512023742225619,15.67025677377468,-0.6806309836755834,17.29879344387147,-0.968294345110648,17.75864923159061
-5 2 1,-0.0,-0.0,-0.0,-0.0,-0.0,-0.0,0.6979162957150326,22.031174716036915,0.6865756144170257,22.090543297032227,0.6232155082480876,22.225026056225285,0.4335809023910469,21.303231504303085,-0.1659862112254586,-2.0531332059156053,-0.16812693505592197,-1.854354833566923,0.6645790387717864,22.172780179189573,0.27725675996029625,19.662609322285803,-0.1115099737217895,11.359767140767042,-0.21461802518745113,-2.4631028073857446,-0.2703396406128171,-4.340458342959629,0.5499797597518458,22.057240038277943,-0.028616257476626234,14.44488893501013,0.10942741154259669,17.25953530809516,-0.24711817454847118,-3.8719464750481007,-0.07696194234263468,-0.0,-0.058979012658738936,2.6123130099825618,-0.0867952169104231,-0.025254374278197007,-0.046683480349367215,4.726550316304388,-0.09379585447701157,6.960001736928553,-0.062310620017398954,-0.0,-0.04024031912294807,0.0,0.0,-0.0,-0.04157341809739125,0.0,-0.0,-0.0,-0.06168052985502523,1.2248753096414253,-0.07970689883780012,4.062616581995231,-0.0,-0.0,-0.003206837329572409,7.663590556681829,-0.0,-0.0,-0.0,-0.0,-0.0,-0.0,0.0,0.0,-0.0,11.31613197960489,0.01529918658405638,13.85830364841202,0.2471417042149653,15.939939690012388
-5 2 2,-0.0,0.0,-0.0,0.0,-0.0,0.0,0.8452718494117083,-27.99801497253929,0.8273650688190877,-26.389661070331407,0.7354861796219092,-18.245358298878973,0.5201147566914888,0.1455484335045192,-0.24363745953536417,-5.068146557461969,-0.16409617182162695,-2.829845366198915,0.7939785847943693,-23.409421423115248,0.3874232322677668,10.856045228336054,0.09625617516189565,21.817895229159408,-0.24137165826201337,-3.9199525977452008,-0.3034714945787121,-6.646603586882927,0.6433470688337629,-10.256153712163961,0.1811488514046714,22.646449124587352,0.27276973646900016,18.97332990480382,-0.2726577769049475,-5.465377905771638,-0.1594829859085784,-0.0,0.10434624052465394,9.42287891221045,0.04866607584877504,3.807372933217746,0.045677275245745025,12.999370499566405,-0.04393610752599814,17.753459796609075,-0.11293019973287022,-0.0,-0.0472031762186608,0.0,-0.0,0.0,-0.0,5.375962365235246,-0.0,0.0,-0.0,11.905160865145568,0.0,17.20510389751542,0.0,0.0,0.07393292217764828,20.24878970395112,0.0,0.0,0.0,0.0,0.0,0.0,0.0,-0.0,0.1599488014865927,19.50730477650894,0.2477521546438922,13.086286778135765,0.500736486621388,3.583753535212631
-5 2 3,-0.0,-0.0,-0.0,0.0,-0.0,0.0,-3.3109435275052808,34.30504290719186,-3.261441406268576,34.29695409064222,-3.0054199211488,34.354276569612225,-2.3788961582797956,34.91714332571779,-0.17916619545078907,-6.119974903123277,-0.10238260776802409,-4.160734625249336,-3.168844325383338,34.29915538983811,-1.9514702329606353,34.95110013546472,-0.8941449435622862,20.787627334031438,-0.16730582473982986,-6.9034366240854625,-0.23607247534228812,-10.70059374371343,-2.7435261677134486,34.55300383215249,-1.1714044063168847,28.549401500949468,-1.5301266197003274,33.29212383242305,-0.2771684966625405,-12.299451451490365,-0.13374835549598463,-4.93597889678363,-0.39336180281354755,-10.46031947023792,-0.26222486136779655,-10.299911873332578,-0.49983088098655565,-8.460420275134815,-0.5740319748447595,0.27297579796005267,-0.20704721474934715,-5.129231311481851,-0.32674507540201025,-2.552853136028303,-0.0,0.0,-0.45258096099383205,-0.0,-0.0,0.0,-0.5654120524403247,4.7963299541299955,-0.7464568812177549,15.418928117423896,-0.0,0.0,-0.9734793438373811,25.67993605676221,-0.0,0.0,-1.9251383674193436,0.0,-0.0,79.87982108007903,-0.0,71.50492413584725,-1.3112744004301182,32.65839473536209,-1.735570216091433,35.33563093292192,-2.2139692194731637,36.120085073486194
-5 2 4,0.0,0.0,0.0,0.0,0.0,0.0,3.097910077925975,-46.01250352220505,3.045406435021017,-44.3998183610017,2.777166148996116,-36.1861094319065,2.139336423904758,-17.13885819021436,-0.10284107835178861,3.624673829289725,0.023063858870722726,7.456046370184232,2.947763666348864,-41.40403641653591,1.7092729561850064,-5.284353941449013,0.5484660386610842,15.661988448889561,0.002105434800458867,9.634959922319501,0.0037795799900873705,12.34482282512798,2.507920452300437,-28.024677583946385,0.8726463732721479,12.11796058664626,1.2721003384375678,5.031815470621714,-0.017423519600541934,13.265044058474093,-0.0,5.900933568634196,0.09777786537291186,7.953002154094484,0.07724655694404928,11.480180726358991,0.1740414841876978,9.79610048638222,0.2762665564357795,16.556345842787607,0.0,7.275204736179989,0.0,9.068209546241603,0.0,0.0,0.018175676299089866,11.455892771135886,2.28947830792323,0.0,0.1760772287991102,14.171620305491077,0.3897383984541717,14.638263459162282,3.4031317711697286,0.0,0.697737431187924,11.776951605722891,0.0,0.0,0.0,0.0,2.475626639706445,0.0,2.6191342968347144,0.0,1.09395863135363,4.686895900856353,1.5401236113511307,-0.0,1.9818277068400512,-9.350172177434025
-5 2 5,0.0,0.0,0.0,0.0,0.0,-0.0,3.738923827656401,-174.78144788566388,3.676169046747253,-170.30940757260535,3.350749642300485,-147.7148081777043,2.543158152230117,-96.47336820819419,0.179396059686167,8.271772091446197,0.3130397962114673,11.461061392333866,3.5586550454867303,-162.03295066418042,1.9741175383406224,-65.16869441767247,0.43799018759667857,-4.644426292553314,0.3570995169245441,14.525643105813087,0.21045678811798754,17.73074584781932,3.01569038705122,-125.56881906698858,0.8542382894888106,-17.43800496943764,1.385785325048129,-37.65837137704371,0.07883412079728158,18.7285769126793,0.1061948408308835,11.37549511911024,-0.16153503761426305,6.831720948006082,-0.1612205771988381,14.187605011745257,-0.208705846033333,3.3794278810974467,-0.20194303011823475,2.510574726995555,0.008583848015710856,11.04973975526523,0.0,8.995263896735542,0.0,-0.0,-0.0,5.7231368279264965,0.0,-0.0,0.0,1.3212354577612706,0.12232000452633923,-0.0,0.0,-50.74522356546891,0.5180521068456093,-7.915395349745463,0.0,-151.81871865714066,0.0,-138.10675986706454,0.0,-115.35966870473506,1.6308220177890005,-205.6900783417537,1.0842450888392574,-26.466460574754393,1.7138530073671334,-51.8286415160274,2.3142359193536834,-83.56673680570454
-5 2 6,0.0,0.0,0.0,0.0,0.0,0.0,0.3351280429689379,-89.20714863082428,0.32041067744752866,-87.02592962838843,0.24640510325258666,-75.96562412517686,0.08080399431722608,-50.548393157804476,0.07570691252092479,8.043384493190798,0.16247423503258665,11.432458518750328,0.29323333112458183,-82.98255918025149,-0.018806255806551684,-34.63534149214776,-0.19795886355434378,-0.25135016710411234,0.15937707996083283,14.438236743601918,-0.026238418300953706,17.703701085419567,0.1744533574593403,-65.04817504801957,-0.16516282825703565,-8.623694528340422,-0.10478216872676988,-20.115961842262156,-0.13654563699833153,18.399124615420217,0.0,12.247861464765755,-0.22740077010361764,16.06063221278034,-0.2725622830914983,17.223672805385057,-0.24138858182453174,13.03398497368131,-0.22906283273500058,11.813836181764296,-0.0,13.306444493091655,-0.0,12.952648000585803,0.0,0.0,-0.003173587143352507,10.631701755316326,0.0,-0.0,-0.047628771570707565,6.455689574300135,-0.03666945446997214,0.36579169691072155,0.0,-0.0,-0.017765450127816784,-0.0,0.0,-0.0,0.0,-0.0,0.0,-0.0,0.0,-0.0,-0.0,-10.289713824931638,-0.0,-22.9269829233246,0.0,-41.73691371985056
-5 3 1,-0.0,-0.0,-0.0,-0.0,-0.0,-0.0,-0.8364632752989009,51.15736104261135,-0.8299616320903718,50.175665463459964,-0.808812214619294,45.09344611287392,-0.8559273328045254,32.510277657690764,0.000506032924774466,0.5112436725240834,-0.014941976418881035,0.5409385190413474,-0.819852922030525,48.33886728056063,-0.9772190017173719,23.630843378643743,-1.3530421886789896,0.6628966024116876,-0.08656579189806989,0.20634962794920417,-0.2629181183835546,-1.0813586036169651,-0.8104495529773648,39.871177886953184,-1.3161575681251076,6.419996786199317,-1.1587920066057336,14.468259403493075,-0.4293540199065774,-2.0652718982845792,-0.09495880939619841,-0.0,-0.9473997274804057,-4.866804235105256,-0.7598255861493748,-3.830193476139476,-1.0680063145603904,-5.4635021439315805,-1.2114177523935565,-5.51989927441206,-0.2917821672672108,-0.0,-0.5520767075720844,-0.0,-0.0,-0.0,-0.8576248386836339,-0.0,-0.0,-0.0,-1.1382675976753365,-0.0,-1.3059396240619396,-0.0,0.0,0.0,-1.3219073387119313,0.0,-0.0,0.0,-0.0,0.0,-0.0,0.0,0.0,0.0,-1.1709039846484277,7.006001900320107,-0.9333050360184171,16.30276024836618,-0.7738101624216529,25.8964132497152
-5 3 2,-0.0,-0.0,-0.0,-0.0,0.0,-0.0,2.740080221681833,89.10580787451241,2.7012004097183127,87.47960195374381,2.505656673559959,79.20691295192721,2.0555486997621384,59.743780469837986,0.014314163059015592,1.6429379499227663,0.03842594184667949,2.3426812504246337,2.629432027826983,84.46136626643212,1.747372372726088,46.683776672157755,0.6436855458894863,11.5509861848076,0.029733928196657666,2.8023248191344385,-0.038411781729092515,1.664707445595727,2.3139604679169,70.96053927173546,1.0194047944011102,21.13650518523907,1.3994672837184732,33.330682861980165,-0.05789799203552643,1.160369569798013,0.0,0.0,-0.15452454737962945,-2.815933650144834,-0.09531429955686531,-0.729967890440068,-0.15521128658104147,-2.9001020914451137,-0.081621305466676,-1.1780364033237933,-0.0,0.0,-0.0,0.0,0.0,0.0,0.0,0.0,0.3769490041103608,0.0,0.056339041013552735,0.0,0.3838964690065757,3.908128922686719,1.7377611719277177,0.0,0.821658509744117,13.907317014066482,11.960536235494212,0.0,8.987246132491855,0.0,12.57578646488812,0.0,10.753573913490543,0.0,1.2585768356920677,26.66520242733396,1.692794661997128,41.08546466234266,1.966686894884055,55.37225106239145
-5 3 3,0.0,0.0,0.0,0.0,0.0,0.0,0.8835913873642403,3.0338334184849116,0.914859824626755,3.5186348690431077,1.0720232104493739,6.055946133134238,1.4077978686432349,12.325331144182698,0.10103684731352898,2.481962927609226,0.19532209930064848,4.04685144255343,0.9726372151997915,4.430926858253217,1.5685786746941108,16.32170065903522,1.4194513023348432,20.64815344682401,0.2948248772090918,6.1928206870837705,0.35797736854411205,7.7822242405119955,1.2226905249882754,8.685100923332877,1.57236264471454,20.8789872157931,1.6325501848380506,19.468203917863168,0.4960538504351794,10.757733303463098,0.2657846305801617,5.193577441803483,0.9787661877803141,16.50440826106759,0.8091738664721005,15.586198861359401,1.0969884353824426,19.415148601305003,1.2164169386298196,23.26109375589853,0.41229089388477974,8.037451386541886,0.6060344332165254,11.020914845791028,0.0,0.0,0.8575076678871932,14.489075975449166,0.0,0.0,1.0982135086218698,17.362007432987944,1.3014298031193803,18.831967559014917,0.0,0.0,1.485847921920987,19.537237003175193,0.0,0.0,-0.0,0.0,0.0,0.0,0.0,-0.0,1.6113740916484636,19.146625212199112,1.5882726581004531,15.451699286849237,1.4105845402761925,11.509890074166671
-5 3 4,3.3824752666835076,0.0,3.281938574888138,0.0,1.0949838432561854,35.16925979198293,3.369571323914051,-10.19756391780726,3.328274871164814,-8.669360779404691,3.1178948705327554,-0.9767746580963115,2.6325898057322976,16.181135259477244,0.282607136154332,3.3373691218167987,0.4408240922092932,4.9495498656696055,3.2515438042636085,-5.845655809596202,2.337898649221452,26.239679517903838,1.8324579787976978,40.204588292905896,0.59794302952467,7.401501391388795,0.7155777265389814,11.500631477714277,2.9091450756988966,6.50215748265817,1.9357346382135183,39.10527369958801,2.0941059325293607,34.36107023740391,0.8887945646663666,16.842328158515635,0.6614437550784372,9.084783417127776,1.6176548484261883,31.598707553734364,1.3095264060927265,27.371281267536354,1.7475421957429023,36.442215609370244,1.9074313325810952,41.84667144464249,0.8948550885910542,15.007296486458316,1.183787014946824,22.142706503746062,0.0,59.143990275451884,1.4882634080294959,30.028746009257137,0.6579117969385633,68.6552368455381,1.7226203399036142,37.126272981075026,1.8576962271056678,41.18889601295204,3.017952246683517,0.0,1.9361559584694767,41.85889032879547,3.6845052332430375,0.0,4.4577590257747515,0.0,0.9689172013712688,0.0,0.0,-0.0,2.0647908281161356,38.645024109424156,2.278310960155242,29.773695547881704,2.578439003189561,19.611095126220587
-5 3 5,0.0,0.0,0.0,0.0,0.0,0.0,1.2217247901945574,-73.54917019199195,1.1989500565324605,-71.13391757490307,1.0854130735753555,-58.92651135674688,0.847451856397601,-31.247420993970977,0.26300065195300715,3.5416151496932278,0.40338160240883736,4.780561416424896,1.1570303207995487,-66.66311256196045,0.7332281715772319,-14.431765739249933,0.7270388521595016,15.869911463966066,0.49502000737469837,6.482466071028755,0.4578747935235739,9.187289875728045,0.9779765574183774,-46.95804886435191,0.6890267237024106,10.218504555145001,0.678275651522242,0.07680920577010585,0.4653489088807815,12.388012048471792,0.4119448628786322,6.022550554890596,0.7601351865220843,19.146300376783152,0.5756372628064521,18.099804360744766,0.7804300987433076,21.405494802055983,0.8914142202246533,23.116488285480365,0.49504112616507523,9.364692450894442,0.6040372941998317,12.843397934274904,0.0,0.0,0.6870573369926136,15.559790277640381,0.0,0.0,0.7310421580148908,16.9336318183991,0.7576539387272686,16.273251588268383,0.0,-0.0,0.69993473156142,11.8770212100592,0.0,-0.0,0.0,0.0,0.0,-0.0,0.0,-0.0,0.6492577554484253,3.0625776975227375,0.6220452647451268,-1.896375553955108,0.7267721986559007,-18.702741997870895
-5 3 6,0.0,0.0,0.0,0.0,0.0,0.0,1.7046534271563096,-55.72583071116701,1.668993601315203,-53.937095838882634,1.4848577580107996,-45.013049464288116,1.0442158311219358,-25.761712843089278,0.21828784540908544,3.2476276246141857,0.3304893840233975,4.375181144654842,1.6023161918462492,-50.645113676442406,0.7677207507968099,-15.085328145426333,0.4095447417398434,1.6697182578874024,0.43087936599657306,5.908030206690834,0.4752307938224061,8.033553579659348,1.2979974550243703,-36.49128859553496,0.4227802574509328,-1.5786330610200845,0.5421991823612644,-6.819262288577078,0.4897913284084278,9.059021556998113,0.33100321666213517,3.093695303343925,0.6418909045557172,9.409676214219212,0.5255845249831173,10.012427752363072,0.6139608659373857,8.865395982744062,0.6454040140757661,7.479671793145305,0.39539566543042654,4.255807798887155,0.4533689478958461,4.748552513944646,0.0,0.0,0.463411794154086,3.9117534152533304,0.0,0.0,0.4214881452467958,1.753798440930542,0.3847295758674721,0.0,0.0,-0.0,0.3625685107527934,0.0,0.0,-0.0,0.0,-0.0,0.0,-0.0,0.0,-0.0,0.39815853405349305,-0.0,0.5439534455589342,-6.436826376224268,0.8348672485109718,-17.248665204343556
-4 1 1,-0.0,-51.18144443522763,-0.0,-0.0,-0.0,-0.0,-1.4830298657476715,-5.6917278522849735,-1.479614528277944,-5.893375072299239,-1.4568432754844525,-6.9364296787330995,-1.3659378594339215,-9.634893845551455,-0.0887807522669549,-7.094189587662273,-0.047094799771366026,-7.116196417391937,-1.472369257675302,-6.270209369167492,-1.280626260250737,-11.91947442357696,-1.0370535506204694,-23.31843771746423,-0.0035668152850725316,-9.702874133314287,-0.10372148300353869,-19.497745444309285,-1.4247114201663649,-8.02113740358946,-1.1128574340466495,-19.21145744920965,-1.1893617158992402,-15.118349310774338,-0.3012060507300024,-24.246436515292814,-0.03345841372403475,-13.096354064555731,-0.7458818086313841,-35.86326168293894,-0.5910623240282059,-35.10222943645182,-0.8510072786268291,-38.17292529687115,-0.9387180586439658,-37.921628047307074,-0.17648442823895585,-18.45938774083254,-0.37386400994157065,-22.919105612176136,-0.0,-0.0,-0.5902506590137115,-25.13682756121012,0.0,-0.0,-0.7899916645974719,-24.74654494867525,-0.9154549868686385,-21.93273609138375,0.0,0.0,-0.9894153538174254,-17.598562281403513,-0.0,-0.0,-0.0,-0.0,-0.0,-0.0,0.0,0.0,-1.0656869187269504,-12.676527546231398,-1.1576412291482001,-7.939228660463392,-1.1587162734686234,-7.164095191784929
-4 1 2,-3.4934614476991066,-63.754607077264495,-5.506485775420318,-141.35700689440637,-7.469434597990875,-221.22148240896385,-2.522169145050096,-124.70416057253496,-2.582885909528179,-127.24258458007576,-2.8832301480463824,-139.55662683995808,-3.500105136189418,-162.69035347777938,-0.06454843371390731,1.9325228583872878,-0.07986041868640667,4.558380600953134,-2.6942298893343177,-131.85815373655907,-3.785311022607185,-170.74470611604553,-3.2891353682586377,-137.96438010781242,-0.1008842268604565,4.120683268647966,-0.1616816572455111,-7.375884518182552,-3.1639145040252563,-150.57165820901602,-3.7223920264072845,-157.78307322087423,-3.8874168621121807,-169.56287256318274,-0.48344462419783135,-25.43563682454089,-0.2591222055911731,-10.776178439251785,-1.657387509829198,-84.09305204155486,-1.2696454589162187,-64.43909620345623,-1.9010854656548666,-95.8856782913445,-2.285951213263388,-110.3995148751611,-0.598669889549751,-28.713081025564634,-1.0881504616935789,-52.18648626714282,-9.28022677505372,-204.14356624077539,-1.710251950455485,-78.5132841858859,-8.246282490843793,-190.83591737965605,-2.422932715702953,-105.401350254248,-3.1020560033556306,-130.59133060629006,-8.074853218680284,-103.64435291271583,-3.638232546407563,-152.15994447624973,-0.0,-21.724344434148435,-2.938606632805176,-72.16108549936241,-0.0,-39.977917125477106,-0.0,-113.78320947235613,-3.9570929753176682,-168.71376734419005,-3.9588268691451853,-175.78969988873433,-3.625976725042276,-168.51747192225665
-4 1 3,-0.0,0.0,-0.0,91.1069697713643,-2.4901892609659866,179.4468127727756,-4.716217074884474,-20.450722124075536,-4.696318674346721,-18.974556362642204,-4.585032076767641,-11.278205629173003,-4.229343288102918,7.685742693292192,-0.1169997091477428,4.614121028422638,-0.16173369344341548,8.374799021358815,-4.657766336560638,-16.202102162095247,-3.874759554511133,20.046322219724125,-1.9825454463039398,36.4126587859706,-0.17620578513840388,14.51970767086886,-0.11754472504572727,16.548461839315717,-4.453499717817623,-3.335135358119717,-2.7074049381010292,36.22535824210285,-3.363126293684496,30.498307209844217,-0.03102440560278363,12.80959981630918,-0.0,6.659365923055941,-0.20870455677407201,17.723202405094987,-0.08631270803957804,12.460158264427466,-0.3813590154916813,23.043447018886752,-0.7393116745310363,30.30921652664966,-0.0,9.335525468140332,-0.1816019725070993,15.06535310846615,-5.15666092002928,198.6420671290183,-0.5195544546064407,23.007129191887014,-7.635618881734904,144.45012238883695,-1.0171921836185396,31.62535411065586,-1.7115624490751007,38.19168956466283,-5.011437286252667,66.97133638080115,-2.489521954662235,41.111139266954176,-4.762467545550839,0.0,-4.762812835731216,3.669570665409259,-5.229727486327601,0.0,-5.429249124007216,-0.0,-3.235986399454625,35.553729946822635,-3.7880203304174103,26.473635413288594,-4.1881711490195315,14.61773762031778
-4 1 4,0.0,0.0,0.0,0.0,0.0,0.0,-3.368982954441886,167.61868774205058,-3.2681703897835703,164.1920881669595,-2.7627111175115755,146.9880016586943,-1.645267427877531,108.70102997995336,-0.38732602030447916,-9.030452308964596,-0.3372771492858342,-7.6127794972700675,-3.0822426457371344,157.86877805974305,-0.9853973575178012,85.77971745082907,0.3322398502641054,36.94278092011602,-0.23910370612098944,-7.570743152808665,0.13248346740854774,-6.945510005158648,-2.274377249922846,130.31269019618756,0.021716581393764468,49.72381510272982,-0.413951100519964,65.60622400504434,0.4126239685933819,-6.324270378230822,-0.0,-4.203668366222419,1.0659711954532451,2.178481061314094,0.9153290713299662,-2.935869651074854,1.2110011469435693,10.414200898757093,1.1200370740988985,19.563902189578656,0.04920951499354385,-1.046616315346201,0.3186285114369709,0.0,0.0,8.025622586405092,0.4977743695294961,6.188778527493667,0.0,30.28217199118941,0.4793287831602177,17.37043513834565,0.3325995385565231,29.726355052559775,-0.0,0.0,0.08477922705397703,43.328980021465405,-0.5304299595314372,0.0,-0.0,0.0,-2.97959220691652,119.59432123917686,-5.680169429109943,337.1671663394987,-0.11424119063918532,57.098041036477774,-0.6648284602195139,76.7466700329001,-1.3182336845081883,99.89504543976005
-4 1 5,-0.0,-0.0,-0.0,-0.0,-0.05671675468554896,-0.0,-1.9022099159676846,101.4751358769715,-1.8771250916190023,98.01588145725233,-1.7545176904941506,80.51774145884004,-1.5074079763118682,40.99616943787546,-0.11501594462844897,-4.263670213989662,-0.04055632780804397,-3.1512023221095284,-1.8313883783148748,91.6094049542598,-1.3827062330124182,17.560209885010384,-1.1253978272878704,-19.335736813086903,-0.014635947709704155,-3.992488157809341,0.006301360845707543,-6.588530607439948,-1.641889832027549,63.37045468524138,-1.2161709057187615,-13.722052160281585,-1.2894391103749834,-1.6085843020836357,-0.031791655430173996,-8.851259377151306,-0.0,-2.451202796411117,-0.6553887060802476,-23.007164099772215,-0.34968154779293864,-15.930506402215535,-0.8081192982509572,-24.22508175048638,-1.0245018799476737,-24.37578064777561,-0.09912578475873494,-6.164871811532536,-0.32632107315249176,-10.286988057293431,-0.0,-0.0,-0.6154037429879091,-14.36803180657131,-0.0,-0.0,-0.8874607482742436,-17.222314443772113,-1.0919853988096098,-17.769706878046705,-0.0,-0.0,-1.2349515205468233,-13.546774860763566,-0.0,0.0,-0.0,-0.0,-0.0,0.0,-2.7027222385994047,7.725487115190448,-1.2898951992212042,-4.897626199753318,-1.3233044132990701,5.791136480966221,-1.47181233838018,26.63294324201713
-4 1 6,-0.0,-0.0,-2.579388095686821,-0.0,-3.2983433081640015,-0.0,-2.4241450327362237,-59.062765708226365,-2.3982497158450244,-58.294689853600175,-2.2725174139661277,-54.444240872507145,-2.0252622031655716,-45.89460773989233,-0.3228628850272786,-5.239088430878197,-0.3059766545357559,-4.263496609388371,-2.3511742344979636,-56.87831169024728,-1.9046394941084521,-40.70714221944055,-1.6246086335229544,-27.855023670863698,-0.4813390178901368,-6.731115326018995,-0.6947323454276123,-8.010513767692153,-2.1585831755225553,-50.72076788539455,-1.730607904402902,-31.690470000689608,-1.812860124403246,-35.900180733738516,-0.8241795225042441,-10.435129514042208,-0.5487405658523816,-5.1206850399583095,-1.3208080404466604,-22.91087919668408,-1.0589186807310154,-15.870085810637349,-1.421908562009351,-25.143383277958126,-1.5381889800960564,-26.14688898549744,-0.7541416652044044,-8.803344205186495,-0.9841864642769174,-12.90483412810959,-2.0984574489516548,-0.0,-1.2013688575051582,-16.876955153095185,-2.128563948581815,-0.0,-1.3782029630694512,-19.814575568836254,-1.5479079793870543,-23.85217851727225,-2.610254704829552,-0.0,-1.7089224817381155,-27.1721711541033,-3.1269866178350876,-28.96526830977903,-2.6385769729365554,-0.0,-6.3084518535619365,-46.97490244035429,-7.13562367732359,-0.0,-1.7690050908124724,-32.17131795341258,-1.8125563919358931,-36.49944839772068,-1.898737450062215,-46.39680852867303
-4 2 1,-0.003875706811770279,0.0,-0.41038118092810677,0.0,-0.514618829169077,0.0,0.7658347453866633,36.2281082616901,0.7081347592538102,37.09512673165456,0.41553755764761235,40.97844763470543,-0.2559277117358841,45.52202159504215,-0.048957734074505765,4.739239770339956,-0.11096548616667819,7.859347066145805,0.6011683953162115,38.61853916883126,-0.6728523093893616,43.626594194169456,-1.3693501309478961,18.656993798984324,-0.22749783557793218,14.1926890085848,-0.3364911361456382,18.76235811923357,0.12682918198742346,43.80775551734459,-1.2868304197681,27.28613959636762,-1.0399907206276664,36.90443354136438,-0.41948452310199097,17.183211791707517,-0.18988883731001885,9.028786432271058,-1.078194311412971,15.91732030035828,-0.8847749122829371,17.26539739809267,-1.2438791897217467,15.695098342356333,-1.4119323105213697,15.611115024224969,-0.4003185529351976,10.468743067584825,-0.6843805694958842,11.102399523827579,-0.06769207229734046,0.0,-0.9753152187783629,10.637262109101927,-0.0,0.0,-1.2130991499453,10.45826282062118,-1.3302043783181339,13.099935219280312,0.0,0.0,-1.300103183593398,20.158904879715834,0.0,0.0,0.0,0.0,0.0,0.0,0.0,-0.0,-1.093845900831067,29.39582390711995,-0.7943494295404221,38.56853411743673,-0.29674018420554343,43.67927865241087
-4 2 2,-0.4675928071920741,0.0,-1.6208493914450628,0.0,-3.3755277946132067,0.0,-1.287394328276759,30.72320353915327,-1.3225626759346683,29.26271442334542,-1.485773261184103,22.034481142275634,-1.7337031086931667,6.97767517265831,-0.24640756115247944,4.555310639886918,-0.32084271401523623,10.75386148554014,-1.3852804213214969,26.584290500863023,-1.7544392097176307,-0.640192688539939,-1.187217141542144,-3.592510905479825,-0.5952786917684411,19.706754238615275,-0.887284476850898,18.79348135065338,-1.6175401722135099,15.250746539897486,-1.4133483404052207,-6.105361271547336,-1.6338282344616044,-5.306364114118272,-0.9657884807610682,15.528569921276079,-0.5782969309291432,10.695811104919715,-1.1851463416098944,15.428572999365231,-1.2105063368762254,15.704043388715233,-1.2033010175111003,15.076510776950716,-1.1564146370522554,13.411372326343667,-0.7395316035868947,11.337115239257061,-0.8706747419243723,10.879538969929728,-3.256671377658705,0.0,-0.9577036413349942,7.441940166243166,-4.546515947344834,0.0,-1.0045124722084213,1.291757285369326,-1.1152392563461315,-0.0,-4.175376872382023,0.0,-1.3286621420633786,-1.18981537261848,-1.8357906168108336,0.0,-2.0292288608847033,0.0,-0.9972719447537464,0.0,-0.0,-0.0,-1.5877784784739466,-1.560470614253079,-1.7623418290306638,-0.0,-1.7872350486314055,0.0
-4 2 3,-0.1175923447169846,-0.0,-0.6018050822727761,-0.0,-0.0,-0.0,-0.9718971529454281,234.21228592889844,-0.9649381744147357,229.8788364555517,-0.9212837900395473,207.3171629530072,-0.7680046839456302,150.84422401084694,-0.21292734869259095,-2.78086466096836,-0.2092088105552657,0.15367469037023287,-0.9506175450425046,221.74861303210741,-0.6466291285915349,111.14543767973176,-0.6158064852081512,12.394936139701388,-0.3632019076115552,1.1766776792461686,-0.6161623274393674,-9.0759092515474,-0.8641577029452228,183.9467636277413,-0.5447000316611549,37.265100304191044,-0.5541987179224782,71.22807268133693,-0.7756880902696887,-17.813884526752986,-0.41602827151198857,-4.577171940016111,-1.125861186027986,-31.683486528121026,-1.1505861928678158,-31.523848743455247,-1.110739416978734,-28.12687299015438,-1.2051025562100575,-22.309093796249602,-0.5958671418848926,-9.325983580943367,-0.7572120106172144,-11.706903693192261,-0.0,-0.0,-0.8036950673480122,-10.729235855250245,-0.7007103833279072,0.0,-0.7659618483671378,-4.953861216068432,-0.6480889099510434,0.0,-0.0,56.98387972630249,-0.5364039286128311,19.773436916572155,-0.0,315.17415660624704,-0.0,207.82207232725375,-0.0,324.6321732134057,-0.0,331.24047310949464,-0.462012426611737,52.62087811145894,-0.5056782235846944,94.5355586001379,-0.6652879592249223,134.95618924512183
-4 2 4,-0.0,-50.979445558645,-0.0,-64.45611878368142,-0.0,-61.66466158766749,-4.760214936009933,-44.55563913723524,-4.694148873306264,-44.94218565161623,-4.345639746074943,-46.679817479052005,-3.437198173399987,-48.97003037031112,-0.07487520740556357,-13.515780394293024,0.00852090516040823,-14.985251248436946,-4.569450163073522,-45.621871589955006,-2.7630033050153373,-48.94047989678493,-0.8385671717387893,-48.05619167949078,0.079874334344111,-22.182582842953455,0.09862605652330853,-35.589027116835034,-3.9762279196131307,-47.983775816005846,-1.3812688584265536,-47.37578983772107,-2.044716283703898,-48.01100960367198,0.15000281767038548,-43.37105423190771,0.0,-29.728564243403863,0.22732724956205724,-63.403527889980936,0.21480665667242835,-58.82208320687226,0.12533341249424135,-60.45764727801924,-0.16284455635345482,-60.379926193874404,0.0,-38.590515108084325,0.0,-45.66778682071688,-0.0,-60.79084543919454,-0.0,-50.89086517512085,-0.0,-49.06034964318265,-0.19419285151079554,-53.215905662962086,-0.5587303451109805,-52.007435059589625,-4.3332152374815305,-0.0,-1.095473764937796,-50.7266197511486,-9.182528648986471,-0.0,-7.8124691228149,-0.0,-9.055736162634723,-0.0,-5.478583102845587,0.0,-1.7615257046083501,-48.72561478808268,-2.474850848297058,-49.38533492617373,-3.2465195781560534,-46.54879794249119
-4 2 5,-8.909490854005826,-0.0,-6.467158768965933,-0.0,-3.8490529779980585,0.0,-1.1948516972192322,60.78562736314706,-1.1952684753977756,59.027542474271996,-1.1959040337029723,49.97692711955168,-1.18743543267428,28.307666104614142,-0.2659719217014106,-8.836534748829248,-0.2150064950441811,-9.051375663512516,-1.195794916581881,55.74544712763845,-1.179333770835861,14.250949144662505,-1.3257764650807002,-14.253418106296134,-0.44412071504358097,-12.670222423768223,-0.8262471645616669,-15.116675737955298,-1.1939130532565152,40.81508707665123,-1.2367373336976586,-8.08871247964661,-1.187430106024577,1.4703880453336824,-1.126964474904832,-15.684466529278884,-0.65484296392895,-10.151220940844997,-1.9582647931684996,-28.584907503432945,-1.7144448843629494,-19.06277881723181,-2.0528810838073683,-27.546063362830253,-2.0183441095233996,-27.964599665720044,-0.9693873472973545,-12.988274103422139,-1.2653676912146274,-15.380304129078302,-3.1140097953261816,-0.0,-1.4613931117906986,-16.427731255478815,-3.3213675158280096,-0.0,-1.4726122419207226,-16.35971534072327,-1.3546439945739792,-14.240150191478545,-1.6548070212012502,-0.0,-1.2459841086829397,-9.902532975239787,-0.0,-0.0,-0.0,-0.0,-0.14429885228471664,-0.0,-0.0,0.0,-1.1651668193939473,-3.3618174236642098,-1.1148770877815048,1.9744496774361515,-1.104811145712026,15.751572186135938
-4 2 6,-0.0,0.0,0.0,0.0,0.0,0.0,1.1145399514339793,-48.51271267676389,1.0718848354844355,-46.70556750957764,0.8610982673365762,-37.449394007874695,0.4277559774723127,-15.693699320203615,-0.05102372738576903,0.834289556864906,0.045259875393535355,2.3630811266593845,0.993700912483462,-43.339568234980895,0.21859373636185175,-2.06336194470376,0.14922389268577335,21.000578862233713,0.013236517867615732,5.198087199909287,-0.05610519716103266,10.538812058831995,0.6643257553841652,-28.170665427699404,0.09764236581493609,17.376421852753296,0.10443519856429519,9.647026401597843,-0.037878836652068586,17.166230562232087,-0.0,5.133398124284757,0.10624197552852217,24.439856561797775,0.0005879220933903502,25.416963162153365,0.13306432346904878,25.753830852404576,0.2449641581556282,25.908234158398184,0.0,9.777503087111645,0.0,14.380638585355783,-0.0,0.0,0.0001851564908451547,18.26067546673431,0.0,-0.0,0.0994307075735629,20.49158781635494,0.12455360817304657,20.95987136627966,0.0,0.0,0.06119601674286567,18.154334210770678,0.0,-0.0,0.0,0.0,0.0,-0.0,0.0,-0.0,0.030631082332743143,12.368059580791405,0.07374336564232703,0.9830374648254641,0.2800529969761432,-5.354622314135966
-4 3 1,-0.0,-0.0,-0.0,-0.0,-0.0,-69.55554358278822,1.1065413696224695,-82.9922227746292,1.1333025366653868,-82.29455896149834,1.2530743827254318,-78.72266924234358,1.39242037600161,-70.1124788314686,-0.11585796285890244,-0.2325601825971092,-0.13901215158297645,-0.11877973828705185,1.1803081231524541,-80.9959763322859,1.3315744130897498,-64.04542791990333,0.4428018289473506,-41.39601882099671,-0.2051113303031921,-0.7426535321674856,-0.3343269234799216,-4.702180062348261,1.3401674318737928,-75.11692214260802,0.785800934824791,-49.774145526128684,1.1144526849348626,-57.2678882239755,-0.4059155891641649,-7.349836476509211,-0.12996202431009407,-0.0,-0.37772882115907214,-14.365863686223543,-0.43522596964202975,-11.915656787341362,-0.3026710139383474,-16.144577085233706,-0.19118477241404788,-21.91289567710887,-0.16695667991053534,-1.949110769280181,-0.1468852841816184,-7.240323749805038,0.0,-105.48241825053982,-0.029659854668823822,-15.620160561739514,0.0,-55.839549751468304,0.0,-25.95027003728792,0.1690380558008781,-36.271211079586465,0.0,-0.0,0.5287333115372038,-46.014797480534426,0.0,-0.0,0.0,-0.0,0.0,-46.31787307502329,0.0,-186.6394467765415,0.9164467904614009,-54.09068613247281,1.2182359153887121,-61.14438208621541,1.303866493791471,-66.1117719402086
-4 3 2,-0.0,-0.0,-0.0,-0.0,0.0,-0.0,0.7274918553794282,-16.04907001687927,0.6998061788194406,-17.229254957041135,0.5643212830390525,-22.812223537178152,0.2928083348112553,-32.20670970477716,-0.4135202617433599,2.2950923909790175,-0.4375538256893256,3.4020677363620893,0.649289936168352,-19.35145888731211,0.16108206311942538,-34.35335846537981,-0.06935929286421398,-19.482552587741043,-0.5303178142865606,5.52278664112892,-0.6670155931284326,4.362815957730851,0.43994586360052423,-27.536587675658776,0.004798998289554711,-26.683441168853776,0.07033357016821366,-32.2827414501554,-0.6168848583597129,6.055240728570615,-0.4306850273730315,0.9882849154538833,-0.12038836243561671,6.39788830964494,-0.2582380921150082,8.054837517187448,-0.01666797760950385,4.9055557364935956,-0.11937106651444507,-0.9960664294874478,-0.3971185880514287,0.8534170076037743,-0.32796718457908025,0.0,0.0,-0.0,-0.22518963143707113,-0.0,0.0,-0.0,-0.091403785219434,-4.046843840978915,-0.0,-12.060483899243138,0.0,-112.96182253185587,0.0,-20.23309986151759,0.0,-83.64015487446746,0.0,-76.41947169195899,-0.0,-31.950650819623927,0.0,-2.197329213630316,0.0,-27.07645958331941,0.031082517103985845,-31.790324275866602,0.07993600390986817,-30.741029747947625
-4 3 3,-0.0,0.0,-0.0,0.0,-0.0,0.0,1.916810020991763,-28.24882288374953,1.9050457914709629,-27.489395730453897,1.838887429758683,-23.345353192421882,1.62672341600451,-11.73077815970638,-0.33435166566267754,1.6002717382934517,-0.2902734449819694,3.1485409676443767,1.8821891487241202,-26.032457998604198,1.4203666974478133,-2.8236091722405487,0.49253473342534476,19.318169117099796,-0.4202708171971868,7.388207135418316,-0.5729029293345376,7.9782232604998065,1.7602776847565769,-18.734922114538954,0.8121260534877507,13.978620528861013,1.1393610634564277,6.325638682955453,-0.4939096220108257,14.908616980285881,-0.32635876235734745,7.012326140730211,0.1791340662286369,28.260672591877494,-0.10091603340180291,25.78819488840046,0.27982867538933043,31.93900670902089,0.13814407764410902,33.24571324748594,-0.26535465828223354,12.073811646701655,-0.14128490827134615,17.289756783630885,0.0,0.0,-0.0,20.937248423796664,0.8684125276519365,0.0,0.026317385205529436,22.393686304647073,0.32423451754365135,20.26843701986689,4.524675064395895,-0.0,0.6858861960844762,14.932937707557127,4.498301052180343,-0.0,5.385707629227539,-0.0,3.9602194608795513,-0.0,1.6824382032181724,-0.0,1.0256536690589177,8.336821419413939,1.3815143822081453,0.0,1.6534948142967896,-2.2660133952499457
-4 3 4,-0.0,0.0,-0.0,68.0638812892831,-0.0,87.2449123436291,-0.06590635777887886,-1.860265868994078,-0.02828769225249953,-1.3692677616306752,0.15024177283000667,1.1505499006786115,0.45469250212832346,7.007947261783739,-0.014992095085971952,2.8515326050821015,0.08059166453292993,4.6027531924514395,0.03945505328211255,-0.4535481629745104,0.5285831505885544,10.497459571884788,0.11887810390554059,17.245517314324474,-0.05020409666934343,7.650119188100165,-0.3435530830732165,9.869080865359715,0.30235673200852353,3.671119765665011,0.3061737099428639,15.418669393841306,0.4696752934232171,13.331128437429884,-0.3905389963215811,15.537537858618483,-0.0,7.784892740159614,-0.3381975330207138,21.954280794144367,-0.4400178190883762,22.149008285059807,-0.3196261591607863,25.543144086657925,-0.25625865608406706,25.83610633136071,-0.0578491973468249,11.822817654305773,-0.07091907172158651,15.605319228704202,0.0,81.11709880672443,-0.02552368026994534,17.95103818646174,0.0,0.0,-0.0,19.158651633086695,0.040205297169159354,17.82157886610681,0.0,0.0,0.2185119202429788,15.428243784491125,0.0,-0.0,0.0,-0.0,-0.0,-0.0,0.0,-0.0,0.377927953658531,12.87864762935997,0.4821239572689745,9.408345556483454,0.46717210095029993,3.9868512545651886
-4 3 5,0.0,0.0,0.0,0.0,0.0,0.0,2.976072884149479,4.066039176583581,2.9019596354788026,3.652851398595527,2.535776580528486,1.8399487249472293,1.7707861119757053,-0.11894517031820344,0.17745298226644607,2.9173429014462657,0.31376263827342493,4.099522940427765,2.766162503233509,2.933675835273294,1.3647375484948847,0.7738475764218969,0.6930626617398916,12.551291756134127,0.31096507265453344,7.375688477031468,0.11033375666635162,12.452052816076089,2.1924399864323965,0.5755771628078368,0.8493976406367348,7.934335055158884,1.0563863797116777,3.65064898205542,0.036866608199266585,19.25112468591093,0.11263249729217568,8.864536860401454,0.13185231312099696,24.974690441281915,-0.07359183683691561,27.486449126955925,0.16425504619638395,25.924733768977788,0.3282524470053378,24.64895124230504,0.09918969452403888,13.281179512538651,0.1412422332388942,16.314299012115768,0.0,0.0,0.25131536898805873,17.75068885370881,0.0,0.0,0.3986239431951873,16.99927215699007,0.5763406270353012,13.557563238787235,0.0,0.0,0.7359245901589643,8.339129031896954,0.0,-0.0,0.0,0.0,0.0,0.0,0.0,-0.0,0.9141722763854677,3.085733284835092,1.150588995710757,0.0,1.6197357782899757,0.0
-4 3 6,0.0,0.0,0.0,0.0,0.0,0.0,0.6001551305095778,-60.99398912085629,0.5762604817310215,-59.3164310347945,0.4616419632666744,-50.7767929626757,0.25287291382177945,-31.04042421512362,0.2401665344866313,2.350045849360109,0.39553300671230346,3.4346723164304986,0.5330411512597985,-56.200716678099475,0.18148217576972042,-18.807981096028225,0.3620314203287396,5.555475870672226,0.5262015089156341,6.755427562734569,0.5253242067017692,11.963462935743596,0.36110283719178154,-42.30535146265895,0.2579636087049713,-0.023608257863670035,0.1841346807670445,-8.038669171992828,0.5411827631769515,17.76608238255858,0.40483756596250126,7.247838748051395,0.6743026604867534,22.213351724578885,0.5351045560663197,24.635958535510657,0.6079103612095393,20.94017968334227,0.6191666603119117,17.125089672132475,0.4593442521796345,11.120192380123898,0.479728964132427,13.016603257984947,0.0,0.0,0.4668367911775093,12.482483408391483,0.0,0.0,0.3964082731584169,9.690600333636192,0.30729156248601924,5.5363364757551725,-0.0,-0.0,0.18157829762847605,0.04650699226029127,0.0,-0.0,-0.0,-0.0,0.0,-0.0,0.0,-0.0,0.08075918523131707,-0.0,0.0,-9.332141392331996,0.07437429132390949,-21.22857609792199
-3 1 1,-0.0,-0.0,-0.0,-28.821637827995424,-0.0,-102.7745434620122,0.27645678318355826,-299.568608963363,0.1957103701720773,-292.84252435870343,-0.19613152604894526,-259.446592188113,-0.9481862425337635,-188.375391752845,0.15502853176365403,-6.061204016155463,0.06902770329978447,-9.714214698071784,0.04890831782243076,-280.4912404943545,-1.2616663149448715,-149.2595634600491,-1.1755084390566988,-81.27957938830949,0.01736048697323601,-11.77428181625583,-0.034157831803903055,-16.137067982384533,-0.5487023414699435,-227.82434377205962,-1.3271451875963927,-96.27596723265401,-1.3838901095174985,-118.06944238405744,-0.09963736119598222,-27.25431236533298,-0.0,-17.099809477211597,-0.8544196648567911,-65.02322866055792,-0.6516708753224195,-55.32029943328054,-1.0312194953818117,-74.59546489615788,-1.1833279970643151,-79.29175047178059,-0.0713437669731047,-28.16992049535619,-0.350460673408188,-41.58467618304112,-0.0,-152.1126915751623,-0.6361421104083298,-54.37397960930969,-0.0,-206.13377336315003,-0.8767358645165054,-66.30653043490746,-1.0945883365883313,-77.05872470927024,-0.0,-234.08286401972157,-1.286300057310175,-90.17039013654606,0.0,-309.37118400481893,0.0,-259.40506730160917,0.0,-304.31347708481275,0.0,-223.73316212361547,-1.369264615383234,-109.3866771925081,-1.2970849883955688,-137.89162738812306,-1.0920873505589488,-170.84138235930854
-3 1 2,0.0,56.09713344188202,0.0,44.414682659818254,1.0597316096235285,27.85195934150299,5.82136801791677,-76.4902028912411,5.768239953050239,-74.66302677177408,5.480340895367286,-65.29901841628268,4.676225088336322,-42.63944850796794,0.5950918346736188,16.262524146105346,0.6994231161906109,21.513317250726697,5.666685580000633,-71.26073609673188,4.041598348208142,-26.78548338532426,2.160106184475074,16.43915729277679,0.9736769230674676,36.145196629688044,1.2613166622692484,43.39335330630247,5.1619757546338665,-55.823312815309386,2.6958144277415688,5.078297307420507,3.3459059079591973,-10.119529843488667,1.3931265442237362,38.45415580469523,1.0631570038431912,29.322919333282943,1.423627407188831,26.314460975313043,1.403687199494088,32.020990086468224,1.4036184991172933,20.289466937838725,1.3953823716895286,18.705189728644715,1.2126242724231593,30.410780107920814,1.3288928338510388,29.2007857448934,0.15194763577526998,0.0,1.4345592873466033,26.998122341230435,0.4407782346747901,0.0,1.6284191050738752,24.13635134277452,1.9626091680015645,18.738716711332327,1.697285097934444,0.0,2.442218955337677,8.276698388241783,2.3071695025472594,-0.0,2.5787188680457787,-0.0,4.871870788701984,-0.0,8.437592784339696,-47.19050772155728,3.0726979699083197,-0.5794244092347406,3.7624222264883924,-17.52049526973798,4.4302844971383815,-34.04326840678351
-3 1 3,-0.0,14.991205322745772,-0.0,0.0,-0.0,27.070081092788154,-3.5448275386297383,157.2982842520853,-3.4710272336545698,153.324171386564,-3.097712261685099,133.30696265377517,-2.249560518173354,88.47637175659997,0.06689536854201443,16.765628549038414,-0.0495491128344542,22.04426737295507,-3.3343637944743114,145.97919976083705,-1.733043636151177,61.79323282132144,-0.7858880941413237,17.70122134715413,-0.17454936040794813,35.447266509738064,-0.4570285064046616,38.51592545340857,-2.7312430143622732,113.8128137914035,-0.9694486870208773,24.52208708779343,-1.2855527366563049,39.356742748601185,-0.5915815163163584,33.376745765758066,-0.1415884819336532,27.024520021236977,-0.8220213499650874,25.128674403273134,-0.846237119856067,30.119038623690603,-0.8832852580267483,20.310010877006192,-1.0125286584245696,16.263878020854825,-0.28709730077737333,27.858670029563118,-0.4320251321412524,26.185810190327793,-0.0,39.93843360071901,-0.5539394597239079,22.429348585649027,-0.0,33.550733815167895,-0.628289493594339,17.701372506916062,-0.6647339014112942,16.337936918818166,-0.0,0.0,-0.7912823666883388,19.389931480948785,-0.0,0.0,-0.0,0.0,-0.0,0.0,-5.555396716281411,0.0,-1.0506461899135586,30.355469251959605,-1.483268854467684,49.74370231552463,-2.0415129153866585,75.21298570346606
-3 1 4,-0.0,-0.0,-0.3684273820366082,-0.0,-0.429255825059114,-0.0,1.4580805747401833,-107.93125554846654,1.3975305218243943,-106.55095603707178,1.0940720398517254,-99.44379315791372,0.4189148106392065,-82.4744324546324,-0.44485635179177635,-11.300804750443064,-0.564974296998752,-11.940357399627086,1.2858933339050598,-103.97372374182386,0.0040610429875538034,-71.57476590056862,-0.9973746652591082,-46.97299231349953,-0.5069795407929653,-10.127992982225097,-0.555575433823402,-13.438893079953441,0.8005177945674132,-92.25442883442369,-0.738447742135916,-53.68667249463131,-0.39107745118771015,-61.66855373017685,-0.6586446261973239,-17.098263015963333,-0.5202959726216159,-13.496834441820306,-1.079995752583544,-32.806730636111794,-1.0114034886773489,-31.155905435093764,-1.1690457357776962,-34.04725283254973,-1.3207387296831226,-37.271154475014676,-0.6287285975937316,-17.368652397099176,-0.792850722915185,-21.977245827090645,-0.0,-17.763001383548957,-0.9806641544818647,-28.534585193087548,-0.0,-10.314190809223343,-1.0951188847957571,-35.67694349974062,-1.05086442060361,-42.64250160098488,0.0,-34.492425666478894,-0.8279951384208759,-50.96089858173887,1.0002535098631502,-203.3386263501581,0.0,-119.33291749115183,0.26076203326719866,-259.65224292187605,0.05512040894345638,-186.79453758949435,-0.47127760075663794,-57.54302364731149,-0.0091155317959184,-68.095857220941,0.16954690337356043,-77.18184874602599
-3 1 5,-0.0,-0.0,-0.0,-0.0,-0.1324635575818739,-0.0,0.07592404915313723,133.2444411746965,0.03114698039585111,129.5606000926477,-0.18854602451391222,110.91554414630436,-0.6258379266063939,68.80810130889012,-0.09865474201326298,-3.5021865986319662,-0.05539195245735849,-1.3533638777130512,-0.050667456550639166,122.7361074011323,-0.8159634389273998,43.995754297538255,-0.6032356215976619,6.968353502800656,-0.05760272271425089,-0.797485997024756,-0.00291860359097467,0.9434394410576051,-0.39044596441976753,92.63580247128404,-0.7938917051296832,12.06407405283712,-0.8793852095974924,24.079118341662955,0.1076270464820306,6.830495683725744,0.0,0.0,-0.008839488749227822,8.766482293021634,0.1428299113928784,11.315490715771894,-0.005273091324100379,9.749839301863606,-0.1124902756168995,10.146848960610715,0.0,0.0,-0.0,1.3577018063439454,-0.3223637377645682,-0.0,-0.01092285547235071,1.8347945406097281,-0.0,0.0,-0.2098039357695676,1.9728367701789151,-0.4636729986086961,2.3088599546031263,-0.0,0.0,-0.7499018495676618,5.1687160237192815,-0.0,0.0,-0.0,0.0,-0.0,0.0048701428046581,-0.0,0.2603181613460711,-0.9297164520004947,13.868374093588123,-0.9444998947028982,32.91505079132346,-0.7479910079090077,53.353108927565685
-3 1 6,3.424941573601603,-0.0,3.147661871113241,-0.0,2.7788543697973114,-0.0,3.268584585835447,-89.29188391054885,3.28301263401625,-86.3433674450247,3.3427991086057474,-71.73380200718907,3.3726331712052393,-40.86760342018131,-0.044719741891610466,-2.7288767957978637,0.0785485419876611,-2.1462471357352153,3.307550316264521,-80.93414728465604,3.2814422312911886,-24.252172779346026,2.439294229312163,-3.6855825804975852,0.27051891089272356,-4.173945291540789,0.6146276741042211,-6.105506632644665,3.3765776224769843,-57.95202695108932,2.784688532263145,-5.4585608108840695,3.0788620645490736,-11.976180312806509,0.9747054952825018,-3.932475020720133,0.4184839886656169,-0.5208893926773047,1.6587792138541104,-10.710479004359854,1.6010780170150332,-6.1901246077617795,1.7859284115794907,-10.981940356210337,1.9398626624806057,-10.704255030848934,0.7425223724361947,-2.1214599867911805,1.131120039774108,-3.4542837746586157,2.847150920379227,-0.0,1.5347889597429125,-4.397049733968795,3.6122340453898727,-0.0,1.9422132445147864,-3.8910506395748894,2.366832536763762,-2.879137466259579,1.829581007209158,-0.0,2.7556945563949293,-3.2941894192069383,1.4972252549032896,-0.0,2.487530261108477,-0.0,1.360515312312882,-0.0,0.9913052055445423,-0.0,3.0632425149296423,-8.980666807190053,3.2569220331440007,-19.870013754163473,3.403215278374718,-39.42656259136745
-3 2 1,0.0,0.0,0.0,0.0,0.0,24.007144298419803,-1.0534851199370479,209.72069597678333,-1.0055662480200775,204.67399376316152,-0.7686061968279543,179.71912580520328,-0.2696492774404195,127.41458591328782,0.18491012860216524,4.079232751430655,0.2255779695322668,6.957858781177055,-0.9177393106852547,195.42365987994796,0.0026213064002936493,99.39245876948996,0.45122893831843214,50.0067889905905,0.273449377267626,17.940229991212785,0.3849620983059159,26.887309139695425,-0.545738237315815,156.28291087779903,0.3664035727358928,62.10602894306626,0.21917476318956697,77.5900264002981,0.38911304848537437,24.672306899802916,0.24489503103245203,15.208348392610011,0.3946954082143552,22.13726745676451,0.36784618727336266,24.54932086238147,0.42820041740788567,23.743894674407464,0.5286702464672438,33.45209267441132,0.2999968883708261,19.433496711738147,0.34974072922902877,24.2452226285276,0.0,80.7410175483282,0.3979168594670887,29.832935076692927,0.0,135.69363771605163,0.4094536358773422,35.62714379035541,0.3784154184692628,44.904049547809954,-0.0,197.0383694264494,0.28441851527180967,56.71399306352172,-0.0,326.6668471513117,-0.0,255.57496040726915,-0.0,275.8967802732895,-0.0,217.2808879999058,0.11422412186034295,69.62132457581473,0.0,88.94478016098665,-0.08696857429045753,116.06049532683424
-3 2 2,-0.0,0.0,-2.710063683811579,-0.0,-5.469715858653788,-0.0,-4.045683424765048,-161.66759759923946,-4.008419628443792,-160.22397138801267,-3.8210844977060945,-152.31623788917676,-3.40039648760249,-129.24932582356703,-0.18418017939868114,8.549460955982362,-0.23250225730615856,12.954483123688084,-3.939618940935308,-157.4514585115481,-3.139790140410729,-109.54878317148196,-2.3588561453515897,-34.81651086097818,-0.3596364480792684,30.20470356705414,-0.5738934840225806,30.69083980827913,-3.638835379150104,-143.37928737587495,-2.6381223096125384,-59.64225984577909,-2.8877136567183426,-85.53586681413651,-0.8554445968624571,28.314472628292204,-0.4641690258133906,20.613881301754578,-1.6589412156372787,13.02521087411276,-1.3995438012428563,20.037158433577133,-1.7967180252003572,8.377749747694654,-1.9288776389529978,4.686557788351606,-0.7566575135573006,20.059448878994832,-1.1180504256528303,15.51856313272425,-4.9962007616999085,-27.277413802095015,-1.524370118111801,5.9091901326674074,-3.039700236159143,-68.06385917625434,-1.9433241342007064,-1.7235949705838693,-2.308191267586599,-21.99716818050548,-1.1817319118811789,-138.06386337090348,-2.61827666463431,-45.718601359059,-3.479421242779157,-252.81118096364264,-0.057662803147091594,-216.10880725060846,-5.585348962690412,-236.54909576676147,-9.072952650258534,-263.6684046802261,-2.8580205380504675,-73.36142708746198,-3.088671484048595,-99.10431588394707,-3.281292717234372,-123.56499877015251
-3 2 3,-1.6590486737174504,-0.0,-1.5962124947174898,-0.0,-0.0,-47.09446696969663,1.6211154442851543,-126.44629675193396,1.5442915191532256,-123.14532327798321,1.1522465898532226,-106.7856775863725,0.23504142041612036,-72.21872283911675,-0.2447222344595908,18.39631108407128,-0.3590129617521138,22.38956350160887,1.4014598430591598,-117.08871766742203,-0.3477249750686985,-53.55258924828755,-1.4972123695104211,-23.192646426869523,-0.5496341046723637,34.41043277682978,-1.0332638922898454,19.880394324969103,0.7610129050867196,-91.35129565127382,-1.2666506520289669,-30.0829159243689,-0.8744997558851935,-39.31857950672197,-1.2432367790432508,15.016667077735072,-0.6923242718120851,19.240239540106597,-1.4781179632273709,3.1532567030724135,-1.334619291784316,6.223020180519059,-1.611168065596113,0.526997854830297,-1.8258693560731731,-6.369014056261044,-0.9256684887955609,15.217269642875175,-1.185705563796556,7.917323940907363,-0.0,-72.12968316828797,-1.4281529612815058,0.0,0.0,-62.86377785601957,-1.5417566637066096,-8.211143629799604,-1.5253697487235225,-18.079406240764023,0.0,-17.66262316468133,-1.3489219601416764,-26.799246878465414,0.0,-143.21893309405309,0.0,-92.09612286362336,0.0,-158.8916926586105,0.0,-178.37367555400326,-1.0059006659516503,-34.719630044547074,-0.46906934241333015,-47.70996625399068,-0.0,-65.31862957998081
-3 2 4,-0.03593390283852931,0.0,-0.6079212955178285,0.0,-0.6315652047261106,0.0,2.355968628376726,-97.21485438646575,2.272151866124346,-95.23605342124586,1.845086914116902,-85.18430666429434,0.8593317492289987,-61.66238457552036,-0.22143217858831804,-3.0111503799839787,-0.17707728360841998,-1.5310017124587072,2.116405397359009,-91.56582223308031,0.26128701114923325,-46.043321886308725,-0.6322455376759585,-5.460155129193957,-0.2403955882779057,1.9297374978451431,-0.5031081343039748,-5.710698765793953,1.4211704770649851,-75.19259584226705,-0.5180838005557412,-16.17264021234229,-0.22728301742768983,-30.298006356397266,-0.6717791055667858,-4.9079528117408335,-0.34529598898553976,-0.0,-1.0296842287093046,-3.3606566196241854,-1.0513406142588093,-9.090180207070201,-0.9469402475861347,5.7160680479296975,-0.9122847140996234,7.395867683159288,-0.49946235461463684,-0.0,-0.6162865275569975,0.0,-1.0623161235522065,-0.0,-0.6589973500424479,0.0,-0.0,-0.0,-0.6309586230226025,0.0,-0.5905768083236042,0.0,0.0,-0.0,-0.5235403707050458,-4.193287419270098,1.1375112775085408,-0.0,0.0,-0.0,3.171995439481302,-71.92300682143423,2.4911295671601446,-42.15580850657185,-0.28172514876181676,-18.060020079668565,0.0,-35.14298280524847,0.5980339058318962,-57.33260055932782
-3 2 5,-0.0,-0.0,-0.0,-0.0,-0.0,-0.0,-0.782601008330045,48.636482176679884,-0.8522577689530765,48.235124130165765,-1.1973756537728841,46.15389935546654,-1.9095099043508976,40.599067957482774,-0.24986423153466505,-15.989163744243358,-0.21331334928473603,-16.98511823950065,-0.9800928403953078,47.4847324166562,-2.243981698236859,35.646270347506764,-2.019449159323411,10.106686041609368,-0.31637051192111787,-19.462102707020417,-0.47617478549351155,-19.650178639447272,-1.5207593578145981,43.96100783354224,-2.2933207543576044,19.695749181325983,-2.388270634485837,28.628245807026488,-0.5535467171429876,-13.152819537866847,-0.3085195516259443,-14.341784107165566,-1.1194072062100946,-11.268357345449193,-0.9071939476512889,-6.595085930948404,-1.2892996696513623,-8.81359149302477,-1.4697543064091978,-5.865932368719329,-0.49983027056355483,-11.994121075675139,-0.7586816713128345,-8.295189299863088,-0.0,0.0,-1.0700702855473638,-3.737541287650583,-0.0,6.224659214436428,-1.4292794429636182,-0.0,-1.7859735604581637,3.243672360990084,-0.0,27.200962884669188,-2.1320311022231926,14.592477325524852,-0.0,0.0,-0.0,11.392518846129454,-0.0,0.0,0.0,8.849088284383631,-2.3280996887277476,23.21118240569785,-2.293424410279579,30.140829440438313,-1.8851190268248208,33.73493503170099
-3 2 6,-0.0,-0.0,-0.0,-0.0,-0.0,-0.0,-0.4680023638150898,59.526656981018355,-0.42471934892298274,57.74308416993671,-0.21039435609035892,48.754218157280164,0.23297151848530265,28.94747315737147,-0.1382508129895168,-2.0002572190584713,-0.012151225879184206,-0.9880165199671315,-0.3453125001277226,54.44465935072269,0.44617755436807865,18.074650094921495,0.3682391814419787,7.366023757999176,-0.05618925472220833,-1.1140479614390302,-0.12686902367249686,3.2862054086415697,-0.009530820158985943,40.038574399616294,0.5145708892321493,7.573372540048914,0.5504266621528716,10.580072399717242,-0.1400122255866803,10.111367454532347,-0.013545241520729329,0.0,-0.3016765344480299,7.431265136648709,-0.18361806955385068,14.39687514157757,-0.33634266150451053,7.787996945737374,-0.2484774675862173,6.287080695612939,-0.057432436800266516,0.0,-0.07603886838498448,1.1640212210589875,0.0,-0.0,-0.0,2.707580673823324,0.0,-0.0,0.0,4.023616570748943,0.18469408879357238,3.925369721700119,0.0,0.0,0.3930977131787853,3.488535257228202,0.0,0.0,0.0,0.0,0.0,0.0,0.34789637002140267,0.0,0.5118423546696002,4.868828474460558,0.4718888425065229,10.840457391863216,0.44171926141570517,19.14731544454732
-3 3 1,-0.0,-0.0,-0.0,-0.0,-0.043046103784619684,-0.0,-1.7358164437127432,-69.73370838023983,-1.753701429035962,-69.63302441737208,-1.8375257622297527,-68.99369930234447,-1.9690114102538852,-66.47670861261741,-0.42584252346275014,1.6049508983567353,-0.5126304789988329,2.3828366150256817,-1.7857386294199329,-69.42509522902543,-1.9770732561288968,-63.71690242609566,-1.4037773509965523,-43.651653065211235,-0.6629984621432861,4.214059161502739,-0.8403670140066799,0.8166352168285357,-1.906578750178658,-68.11958332390034,-1.678210498998388,-52.944699665371004,-1.8838254797260023,-59.43806065417975,-0.9458720670673112,-0.25259653484520855,-0.6366086391410669,0.0,-0.8811952256834525,-9.193502443630662,-0.819265004449964,-1.921119565807575,-0.8806022251139123,-15.687911170953777,-0.8296128189561808,-24.316289481732923,-0.7190761895794151,-0.0,-0.7790681814246917,-2.836250576377176,-0.644181350607014,-0.0,-0.8545209981256872,-12.058354426564275,-3.1582640703886096,-0.0,-1.003023932852566,-22.99954024302337,-1.2274883635158704,-34.900808113159826,-0.0,-0.0,-1.5150835466002146,-46.04978639479768,-0.0,-0.0,-0.0,-0.0,-0.0,-0.0,-0.0,0.0,-1.769957962121365,-54.08037877715706,-1.9099294028048848,-59.221634159987744,-1.9099897682134366,-62.55759205133702
-3 3 2,-0.0,0.0,-0.0,0.0,-0.0,0.0,-1.9746648771830375,-6.327518816080055,-2.0289605553230814,-5.947270249904637,-2.291027073536178,-4.195506923979897,-2.766196429092836,-1.5632075150667906,-0.47150960355032484,9.009861610436305,-0.5425902610236296,10.815623947305783,-2.1274844282253413,-5.271478518575726,-2.898665147084386,-1.161525131533017,-1.8968830274994906,0.3384319178461543,-0.6906809795260913,19.209894578123787,-0.8946128540644441,15.259907258578858,-2.5220668218646694,-2.798391486458178,-2.423846449479654,-1.4809724298345275,-2.7929668622874946,-1.5405593729300382,-0.9316740476164416,16.768592536372534,-0.6538888343836805,13.907268328579027,-0.6529681557532344,14.110329889938425,-0.6540038285192638,18.75457700461031,-0.654588843835764,9.579033727515286,-0.6919157364906608,4.58360282750994,-0.6918888182569598,14.327931859306474,-0.7264499941558419,12.302678303829063,-0.0,0.0,-0.838790481314364,8.347400531086,-1.138380145128319,0.0,-1.1374275003045609,3.677278771349979,-1.616656688927947,0.0,-3.754036348595303,-0.0,-2.181719766272703,0.0,-3.566924563387481,-0.0,-4.257182556790739,-0.0,-2.3565996535949663,-0.0,-0.6407720332865663,-0.0,-2.695976935530436,-0.0,-2.9272729208005988,-0.0,-2.931882915677275,-0.0
-3 3 3,0.0,0.0,0.0,-0.0,0.0,0.0,0.8532439968911505,151.5754200228362,0.8461665220612654,148.463733580527,0.807331997090793,132.49846809613388,0.7029667538087709,94.51856842460855,-0.3071069489055236,3.696276259153567,-0.2382464882196458,4.423044702127478,0.8325322988604626,142.66404175341884,0.6349024524755477,69.77529555258968,0.5164516801422175,14.375391197201639,-0.2739636412106197,8.84772460440643,-0.28780229323101775,1.5457417290878623,0.7645844130954985,116.41425158450792,0.5509336086194649,27.896879331837354,0.5823372383827666,46.5923914691764,-0.21750913982799655,3.6322526916088598,-0.11332727316313075,1.308124026744916,0.29865158236405653,-3.738274709768596,0.061345401648992874,0.04754907442431063,0.45467216304330454,-4.66320151213342,0.6294520785362828,-7.585248494167964,-0.006095020872382596,0.0,0.0,0.0,0.0,0.0,0.10742438991138047,0.0,0.0,0.0,0.3224795261436045,0.0,0.4424071747588695,6.807443099994183,0.0,0.0,0.492759109726739,18.51408731017194,0.0,17.864016094296662,0.0,0.0,0.0,90.83885752311588,0.0,115.40295249854553,0.49661545195790857,35.0959792877444,0.5684874686545591,57.51872717213433,0.7207533074738822,80.14708542989439
-3 3 4,0.0,0.0,-0.0,0.0,-0.0,-0.0,-0.2543418872481583,-22.672527454169938,-0.25098919172566053,-22.982124712262134,-0.2174245222463645,-24.330807876483544,-0.024534531411663143,-25.435499493286656,-0.2805307792072335,0.7065235253029095,-0.14447927985863815,1.6253849746251599,-0.24199235964960958,-23.520269424333204,0.17836195181368789,-23.832783386638855,0.48890142638080947,-9.517465172299072,-0.07459736911163468,4.9176141410822405,-0.09894796538171353,-0.7227856129606343,-0.15515931663639465,-25.214774676484677,0.5098230376370747,-14.441266902518649,0.38948437646702044,-19.837871412074918,-0.07695004178011386,1.8882863943153898,-0.0,0.0,0.10774344458501552,-5.149005917719002,0.04561676601600872,-2.467048565221225,0.1246950151526219,-3.06089516512381,0.10751483791178763,-4.559642017958821,-0.0,0.0,-0.0,0.0,-0.0,-0.0,0.0,-0.0,-0.0,-0.0,0.17215572287693845,-0.721849286125416,0.36635446733836224,-4.554334631787059,0.0,-19.1753397861661,0.42044532285553776,-10.815243299068008,0.0,-0.0,0.0,-43.22999207816012,0.0,-0.0,0.24447200877230915,-64.21143233749042,0.3503865872898714,-16.55056644537502,0.2092157866003252,-22.16570248494979,0.1532970195769053,-23.812825850302072
-3 3 5,-0.0,0.0,-0.0,0.0,0.0,0.0,1.7277637380972277,154.97016099568503,1.696092925307339,152.38786190170697,1.5220038619840577,139.1252845048502,1.0207595797159181,107.33819728957086,0.08641083212853294,2.8053345424167473,0.24729859990543626,4.0117285468770225,1.6351363063281328,147.57301565130246,0.6194807695078589,86.15591192026672,-0.42173238544515945,34.03704801587352,0.26947420171394076,5.040169212876965,0.06456742313899452,5.569786181804939,1.3255852464930205,125.72251423596933,-0.17871025946150754,47.75222886817979,0.1891449026851555,65.48391370503094,-0.12016850040403494,11.970003819969318,0.0,4.360771485901039,-0.7668329379757635,14.289105920841706,-0.593144624000053,16.156343767207726,-0.9218342035518495,16.367854263357387,-0.9544029672441385,16.569344023022598,-0.0,7.335298215050252,-0.19264002970308972,9.885035976140408,0.0,0.0,-0.3803000714995664,13.175955086913936,0.0,23.73665782884695,-0.45278027600373755,19.07981320968778,-0.37381924167854097,27.77018288068921,0.0,0.0,-0.16897277500687347,39.96398937471206,0.0,0.0,0.0,0.0,0.0,0.0,2.908264306540293,78.4851928138092,0.0,56.29393765022982,0.34857402608268123,76.25543245655147,0.915500418781135,97.72344254927623
-3 3 6,-0.0,0.0,-0.0,0.0,-0.0,0.0,-0.5490915828712317,48.01227370957705,-0.5550233649984021,46.92860654496199,-0.5924043656344806,41.50575691210804,-0.7255551386699585,29.64216471326952,0.02481375052971809,-2.6548961479376176,0.09376768746079883,-3.32962701589788,-0.5672606149643022,44.93162814998597,-0.8382365111128036,22.847812298398168,-1.0208039322681195,11.630081748405534,-0.006139325701787352,-3.6502364674500196,-0.28544843940729897,-1.934544269839138,-0.6415866637849512,36.291580153244794,-1.017037487581233,13.68735970054937,-0.9477630726218003,17.336655249237722,-0.40723236578525585,6.659253461876179,-0.048673542000092905,0.0,-0.7283098692068088,17.233191654376423,-0.8264324460258703,16.504353862989934,-0.861136990470607,18.153990113725328,-0.9232961009727735,16.724616692180692,-0.21437944389547708,1.0302226511816739,-0.4113118138379328,4.6135074113930665,-0.0,0.0,-0.6295501871668705,6.9155811746674765,-0.0,0.0,-0.8270682714599144,8.679142275299798,-0.956809054775734,9.50577307213743,-0.0,0.0,-0.9866004056215469,10.87377411233984,-0.0,0.0,-0.0,0.0,0.0,0.0,0.0,0.0,-0.9528696938504428,13.95690680899286,-0.8535334136289596,17.70027615201474,-0.6273608458544071,25.500044319830128
-2 1 1,4.195568942666195,-0.0,4.758766852080332,-0.0,4.421344266570451,-0.0,2.722331472962746,37.04031003021597,2.670393139909367,35.63912565535064,2.4172633220037407,28.653125142725276,1.9127783424836844,13.553247426089955,0.5987453036666474,7.572607649224818,0.7327091661908918,8.241363224722337,2.575816418805783,33.06134431316696,1.6652016232069313,5.062440450859073,1.4115429838080495,-6.002500898381902,0.9614904793982891,10.040212187833522,1.349577757958561,11.801055436061688,2.186109983959852,21.982027385604145,1.4198206437269243,-5.330464186953202,1.4977173023999504,-1.5897537551349452,1.533834298907342,10.343108980736595,1.1107540033631673,5.5217300453402505,1.6546340850597199,-0.7782573390628782,1.6132033438532634,3.4332262645286575,1.6609879158814953,-4.513393357293984,1.6170426490463456,-7.3981523983564275,1.2951594049374129,3.7995662471321263,1.430128219843285,0.43858304503148254,2.8241251040207462,0.0,1.4944696411364191,0.0,0.0,0.0,1.4701225522462873,-0.0,1.4141376529526002,-2.433819459237758,0.0,-0.0,1.3766374830542882,-3.57430173812378,0.0,0.0,0.0,-0.0,2.022755687895512,0.0,11.054008748816212,0.0,1.4162472651537097,-1.0332823705939709,1.5488769964228009,-0.0,1.7976691506298936,5.17911124202478
-2 1 2,0.0,0.0,0.0,0.0,0.0,0.0,0.5358808792898273,-5.7062102632222915,0.5497498100572539,-4.911940929323768,0.6185831419291364,-1.036657743533626,0.7622571192616838,6.555056663539887,0.13005561654939823,0.9774275250582978,0.1639389351325229,1.1521701300465665,0.5752204829451467,-3.464410605110734,0.8332752570003956,9.848713059135777,0.8362074499179273,8.953101022093737,0.2761343454669305,3.1603121794169575,0.48868811432297854,5.718667881169548,0.6833850141405886,2.4890708377113513,0.8706975236726731,10.578096717231043,0.8723288630622746,11.203156320775612,0.6083984589916771,7.320009713831084,0.268111120685676,0.0,0.7908074176551393,8.939361114870959,0.7206837896176919,8.849091391490612,0.8451901160893603,8.688087599889572,0.9065341211850693,8.559889090310797,0.39167128965026066,0.9708256844689416,0.5186724954201233,2.041733594437385,0.0,0.0,0.6255651301249116,2.4227977810635353,0.0,0.0,0.6931295112959525,2.5140333378138218,0.7396938171521378,3.3288323494777403,0.0,0.0,0.7697531176919187,4.775293247349365,0.0,-0.0,0.0,-0.0,0.0,0.0,0.0,0.0,0.7848579351371082,6.332957204145367,0.7535623630688951,5.198950510804851,0.6711029969096125,3.538345167552141
-2 1 3,-0.0,-195.04814622214272,-0.0,-148.7208393407247,-0.0,-176.4421055900756,3.3039257935147455,-103.5333551896004,3.2160887293275646,-103.22568373412122,2.7664398893341877,-101.90427319998575,1.7018889643693567,-100.36580932741646,-0.1312269946900871,-9.600072676560698,-0.27620570687984786,-15.03061652985935,3.052552318897051,-102.69600323527965,1.009122603306931,-100.16800724102468,-0.48684980955823964,-93.27275503774952,-0.23439055855627575,-23.86959869995607,-0.21224975775839663,-36.80509742545155,2.3149497992819392,-100.99683919052318,-0.15420233568137834,-97.58833971429861,0.35916864542825794,-99.65073628895836,-0.36434547502822723,-50.8507773220376,-0.17455371766263442,-34.826341945662975,-0.8024705905396076,-89.08795963223785,-0.7191436621636932,-79.97418408540317,-0.8201451227986767,-90.9471092401035,-0.7613708082154561,-88.86852742444162,-0.27820831277078073,-48.74999005707175,-0.39344007093004213,-63.32203045648402,-0.0,-238.59521257782552,-0.5074439266288728,-76.0133761686397,-0.0,-207.83195539528475,-0.6077933073314695,-87.10060615708942,-0.5242199786334989,-95.77217541787564,0.0,-235.26271491749796,-0.25413298467407486,-102.28084763766589,0.45694796441240776,-202.37215584238595,1.0839567728967117,-254.79920403401474,0.0,-89.96962277680397,0.9430634671409055,-0.0,0.0,-104.39985745465303,0.6064440532551967,-105.81653646413629,1.2699840424504554,-101.20710918110751
-2 1 4,-0.0,-0.0,-0.0,-0.0,-0.0,-0.0,-0.8354578305148784,-14.046554199803088,-0.8239324516755441,-12.40201848464017,-0.7648968955578243,-4.413376402561487,-0.6275009795034044,11.01055417858313,0.05035801053667317,0.8627555028286424,-0.13136291561925392,0.8071468013856055,-0.8024630738979392,-9.410903590280666,-0.5474466611763803,17.551060775480018,-0.5178515811788282,15.526786826460151,-0.37172042492841184,2.498647998027265,-0.801704764163429,-1.7413785799477535,-0.7058379867530931,2.7942911865480755,-0.48921381182004353,18.888104913320486,-0.495080734586917,20.165549388711266,-0.9118550933580836,-0.3838211059289249,-0.3440612455429168,0.0,-0.6703546923050762,7.692612463253771,-0.7578513977600311,5.257982651089012,-0.5643294411624946,9.588177391586267,-0.4447380361673721,10.721434507171224,-0.4421332544606451,0.0,-0.4862307747205279,1.7425957461352275,-0.0,0.0,-0.5011566324680046,4.188545385538996,-0.0,0.0,-0.4996668412523354,6.084111231023127,-0.4967198247860534,9.143100801075375,-0.0,-0.0,-0.4816228211530622,12.375689066699785,-0.0,-0.0,-0.0,-0.0,-1.9991329217544207,-17.079730631418155,-0.21680681852729697,-24.941276975073354,-0.5099863930286477,15.260471480055436,-0.5241890150570092,13.758514546174547,-0.6378742335691545,10.11654118231574
-2 1 5,0.1768891233921335,-0.0,0.9912368891985465,-0.0,1.1400661553164921,0.0,-2.250390578576051,40.01877159992582,-2.1438773636142994,38.24202192780711,-1.6155046009862708,29.162148779994286,-0.484606235519514,8.218985538372527,-0.5008737211723159,-16.602160575220054,-0.4457051184100229,-15.871358817409499,-1.9483994669055757,34.935290904669294,0.1577624743796378,-4.146054910579947,1.3142753052870322,-19.353662167152265,-0.11915848190575773,-15.229955065716752,0.3755917178797915,-16.42585231452741,-1.1146880827512278,20.12968223755452,1.0875128251723305,-18.354641733063925,0.698269339696299,-13.578404748010483,0.6025425352944976,-19.386877622938087,0.005357135394028306,-14.974831677357178,1.4738723988522147,-22.960107823094937,1.1704567743642484,-26.31313545808082,1.7833039731960287,-14.873221152209716,1.8516046127500412,-10.213114316890223,0.36806942859608427,-15.548262547758082,0.7776218907769583,-15.242552342508647,0.9292375461895594,0.0,1.1539925178690509,-14.804263373377456,0.0,0.0,1.3494644936681475,-15.407811408092991,1.3699803553787535,-16.76866630349152,0.0,0.0,1.2052127400182169,-17.14722509282152,-0.0,-0.0,0.0,0.0,-0.0,0.0,-0.0,0.0,0.8739106984309761,-11.427731521584445,0.3229608632227674,-2.6096858416378668,-0.032219379955935525,0.0
-2 1 6,-0.0,-0.0,-0.0,-0.0,-0.0,-0.0,-3.8313047026001112,37.60528583350238,-3.7778289846451094,36.721431585648915,-3.504910907056904,32.33575783859789,-2.865124919055129,22.736860188552864,-0.2065802208904795,-2.7782986871601936,-0.14623581364869467,-0.27769434082779915,-3.6784022006649497,35.09974438746458,-2.4513193981999137,16.70888565956863,-1.3497924306890308,0.3062416099172544,-0.1967728316285705,-0.15855571034419189,-0.2160844771261146,2.38089484145341,-3.2324565271213475,28.150717778753584,-1.6888514163272188,4.824251155732437,-2.051314505437024,10.573482675890224,-0.13634775960288512,4.0744841398627445,-0.052520855155363026,-0.0,-0.17663313585169574,-2.731252643844847,-0.052545537758930054,2.0949740155116285,-0.2991099898646515,-5.199386598817255,-0.6891487402280866,-10.696277555005059,-0.10399104507632574,-0.0,-0.23581751622570055,-0.0,-0.16282613920893246,-0.0,-0.46547625900995715,-0.0,-2.046889548414732,-0.0,-0.809501930226091,-0.7796467690090736,-1.1642730860910877,-0.0,-1.2247925559439585,0.0,-1.5188709295491225,0.0,-0.9719053396745677,0.0,-0.3503966444683849,0.0,-0.15511613465866453,0.0,-0.0,8.762891805993862,-1.866977223227413,3.7395096840847226,-2.2891528791490026,10.311458063708303,-2.630167676629765,14.91912032453612
-2 2 1,0.0,-0.0,0.0,-0.0,0.0,-0.0,0.2139298780230927,-85.94011111270012,0.19663741554785685,-83.79904891189132,0.1109965454725349,-72.89675582065095,-0.05749464609194085,-47.63387141013831,-0.017670758885384,-8.500737145467154,-0.03351599386009938,-10.466018476940654,0.16488175490390433,-79.82212962647371,-0.11614556387062851,-31.91264042314678,0.05062786967129776,-5.025520996183206,-0.03008298048995421,-13.126321236792728,-0.037661379488463084,-14.648332786289656,0.03188564088031814,-62.06900071890375,-0.027449299802671974,-9.026985206510584,-0.10324636999275025,-18.2367413471292,-0.10663275526174072,-17.267762251480104,-0.0,-11.489685384191993,-0.2185958103396532,-23.430900162403866,-0.17632031717369023,-24.452666033225544,-0.17834693452913414,-21.135772215559847,0.13484517834103207,-13.756545517287014,-0.0,-13.12617680455457,-0.0,-12.458374194199486,-0.0,-0.0,0.0,-8.72782975656756,-0.0,-0.0,0.0,-4.209270079054106,0.0,-1.9203612614118273,-0.0,-0.0,0.0,-3.470342208518709,-0.0,-0.0,-0.0,-0.0,-0.0,-0.0,-0.0,-0.0,-0.0,-10.988182747880765,-0.03409412097667359,-24.40957773825107,-0.0014327504830412194,-38.05416687809541
-2 2 2,0.0,-0.0,0.0,-0.0,0.8947035855755616,0.0,0.20484180399012303,191.17577735384597,0.20274021210438659,186.66727574822977,0.202508090676543,163.9534309624919,0.27827695146805537,112.69474844851551,0.30174381713166915,-5.012832258769144,0.3890482719945906,-10.355831806306206,0.20058465327706482,178.33486966349412,0.38710469130764225,81.18393649315493,0.7209868088104192,15.73321341098857,0.5792171550776309,-8.319148025152023,0.7988112416076217,-10.432629940657863,0.22105785140653686,141.7789798582365,0.6433301310309497,30.768524854769815,0.5239381970334471,52.75167935012755,0.9150061903975422,-5.60207320087892,0.5279202900511966,-5.716319449576823,0.9199717562149781,-4.880291080796552,1.0658041496338173,-3.882917842989939,0.813545407973844,-7.227198599041861,0.8549401796766405,-1.9656440516232978,0.6318304397152755,-5.4031578534635685,0.7063277010447074,-3.671521344497773,0.0,0.0,0.7551576177856304,-0.0,0.0,0.0,0.788228205265423,0.0,0.7772522628482479,8.234452227199048,0.0,92.45506496177549,0.6940457206353047,21.674106351772718,-0.0,296.25978511589386,0.0,216.05696048764335,0.0,317.5390844638545,2.62257049530211,264.0749214233098,0.5888591951703029,41.32829836611511,0.4479780297148927,69.34156935793564,0.2309251141858071,101.06432874890218
-2 2 3,-0.0,-0.0,-0.0,-0.0,-0.0,-0.0,-0.8277529199463515,-19.14606966242602,-0.8208256185526454,-18.254523129156592,-0.7865535109479099,-13.78132608845658,-0.7057563120055336,-3.8370561313106744,-0.07079319866806048,11.194476314440626,-0.07137425559025223,13.123329748496932,-0.8081515005744788,-16.6098331412841,-0.6369280859974447,2.134507711383352,-0.22254337209632136,13.971614521717806,-0.11178421113499164,21.78054042847769,-0.21837269693400593,9.997824908713099,-0.7532095522380042,-9.449770512939532,-0.38400491119639835,11.459024137176542,-0.5313771483118938,7.42686861968344,-0.18120486063053842,13.183740026013211,-0.0,11.907312581400976,0.08406687704160251,13.295728511909932,-0.08380436944537135,14.42674207730003,0.17219828583513092,13.304561587191605,0.1427257361797301,8.513755199007873,-0.0,12.255669897010089,-0.0,11.542453631460004,-0.0,-0.0,-0.0,10.697863470017147,-0.0,0.0,-0.0,10.902903653159223,-0.08393911536424398,11.824391223442035,-0.0,0.0,-0.2634264510140579,11.39530193590588,-0.0,0.0,-0.0,0.0,-0.0,0.0,-0.0,42.281476591363145,-0.4269094760171971,7.935189501507248,-0.531717761499164,2.389574702770546,-0.5685751879961803,-0.0
-2 2 4,0.0,30.586665596312947,0.0,22.65645646552723,0.0,65.44373862652266,1.9935358433652088,-52.009809719261185,1.9762403369270767,-49.77702050688307,1.8909293272152867,-38.28536947678944,1.695561524318876,-10.995468294208807,-0.11752953084913076,0.7443731765401406,-0.08656406810748489,3.9437846573489086,1.9446262487613342,-45.60864543618867,1.537739899530006,6.032150345828553,0.47575044441320635,27.000147630391567,-0.013322736984259995,15.134545810794398,-0.14467843245728387,8.343937612982334,1.8089292145412512,-26.681634769441057,0.9321865881726067,27.00492840578111,1.2956307659230708,19.872022954451722,-0.42986528361792437,7.780425947365021,-0.06706941164678658,4.109729649027553,-1.0426460072840962,0.8109794560870447,-0.8614636957984194,-1.247366643202959,-1.0744446070641969,8.654561324938472,-0.9209608599398161,15.72134650258576,-0.22211962244754074,5.680420335028818,-0.34015566854651247,8.321812038246245,0.12736090452419982,93.84550974762678,-0.30695167932958517,12.934015793624601,2.887258169881819,58.58817941519556,-0.024830663283203838,19.15100073120481,0.19470454210999574,26.987172561119937,4.241165246913695,0.0,0.7189069614263278,29.03034053802361,3.906009099377197,-0.0,4.616609063662994,-0.0,3.748062997285093,-0.0,2.5860555431795444,0.0,1.188490238788243,25.188080501477902,1.4457335911271378,11.368933733470172,1.6535630805123878,-0.8445571010196543
-2 2 5,0.0,0.0,0.0,0.0,0.0,0.0,8.453640150650354,-103.42779525680936,8.256884166709737,-99.63771365899231,7.259237831158449,-80.4725307296513,4.9733477233916705,-37.619610964432624,-0.00293563738956496,-7.09937279140958,0.14062190038782504,-4.720910553549059,7.892142564891763,-92.6184609598694,3.561352231597475,-13.33640029663532,0.8382873535580976,11.987684514626821,0.4375911718383108,0.8512605032722188,0.6207141426108308,-2.0509927058839024,6.27535920467625,-61.752574545587294,1.3992734504090178,12.010002121859488,2.313939989729896,4.281867460850689,0.5336268070553091,-0.3584080482204719,0.3120696546563894,-0.0,0.28406880924794803,-1.5424850059883433,0.2828917885820297,-0.999826633962166,0.3027705343225084,3.8630269221336992,0.3810469682815503,9.451316607917708,0.3591724403285426,-0.0,0.38455164748911164,0.0,0.0,0.0,0.41855395872683876,1.6877918117143507,0.0,0.0,0.4537110823952543,5.335007180822232,0.6167040695961546,9.248971475497475,0.39247587736648326,-0.0,0.9662977514769177,9.667810288282212,7.72140313634149,-95.8683990679445,2.948025687718143,-0.0,14.193243263907428,-178.91434212119057,14.962819673620883,-299.2242860066855,1.7540761340179265,3.660106697764993,2.8866813608595883,-3.7797545677927733,4.363879964045685,-32.24114561369684
-2 2 6,-0.0,0.0,-0.0,0.0,-0.0,0.0,-3.660294555623984,-5.621479394226581,-3.601028058350479,-5.917990430953564,-3.2879160361719424,-7.436945135043601,-2.484255403522571,-10.98685354805946,-0.2179951934498802,-0.8668248038453888,-0.09497047953211869,1.1294570075930312,-3.4890359981433328,-6.4702990670785585,-1.9255234753173118,-13.069447025601535,-0.6753872923646098,-11.748941956096782,-0.0777298970828896,2.052534907074681,0.02147904626277502,4.488249029329714,-2.9572621168632858,-8.95889652189921,-0.9764364485369724,-13.982785864450406,-1.3948718629859251,-14.34891884037989,0.10975520170431688,9.8942705017042,-0.0,0.0,-0.10106556417602378,3.154005211223738,0.11278615049293585,8.48965894902382,-0.26794494725743756,1.9331011999206507,-0.4367662731373956,-4.76298925234013,-0.0,0.0,-0.023046449340147164,0.0,-0.0,0.0,-0.16324987902950994,-0.0,-0.11199972499186513,-0.0,-0.3293282773059005,-3.5079553215151895,-0.5151480766954792,-8.238148210663153,-0.0,0.0,-0.7950946906922357,-11.001386947992437,-0.0,0.0,-0.0,0.0,-0.0,0.0,-2.524369898675838,0.1439782606176377,-1.1622839206028919,-10.84070351820896,-1.658449934154681,-9.58366435803386,-2.2229981069122156,-7.575140064708246
-2 3 1,0.0,0.0,-0.0,0.0,0.0,0.0,2.689196797977349,-28.617163486037818,2.631551517182736,-27.848966982761638,2.3415547087898587,-23.74441863449276,1.6915956085866923,-12.863836420723024,-0.14030095418945235,1.5541641393575416,-0.14155502855225655,1.5205868863408312,2.5250778078429543,-26.389776978911684,1.2955142949165883,-5.051773598512541,0.38969139771781564,11.895511354406441,-0.07605909296883788,8.895843910503663,-0.21118446920646144,10.921759242383466,2.059437024187395,-19.326388330091753,0.629834545651033,8.097445942609182,0.9329231025776543,2.4164970001440063,-0.2259156220582349,16.000821785514333,-0.0,6.049106807050788,0.10114945727349908,29.64309026512264,0.11179334161343747,30.006817902615424,0.06502948178545093,26.852112795737277,0.03132818877530875,21.473779391430806,-0.0,10.660049168271037,-0.0,14.12997421523059,0.0,4.946459690253102,0.0,15.289918397457674,0.0,0.0,0.03684985146544162,14.449294728675598,0.22474978774802376,11.746182585548652,0.0,-0.0,0.48927951196887454,7.471704100356858,1.269780906197326,-0.0,1.6601422106210126,-0.0,1.3736610176303874,-0.0,4.892483682595971,-0.0,0.7718937997388566,2.2772499445448764,1.1026342505712305,-0.0,1.4886264218293415,-3.2025929536354742
-2 3 2,-0.0,0.0,-0.0,0.0,-0.0,0.0,-2.0901506241066046,87.48488908165653,-2.0720310080597693,86.06913724408692,-1.9768335041698089,79.19519285819403,-1.7302594220846808,65.78466862504388,-0.18750739872566793,2.3441437616583056,-0.18118580821980712,0.522935456106925,-2.0378999714903654,83.49514845758786,-1.548014026650609,59.5844047203118,-1.0693512599191153,50.63624719456405,-0.2981494965545315,9.98939697629012,-0.7154792264445456,10.748401404485993,-1.876413319294133,72.97944308781233,-1.1934247447723807,53.29677708808525,-1.3578937682990022,55.66003651847823,-0.9350907572484864,21.089769713865923,-0.4089506107847458,9.012469528598372,-1.0013958974455128,47.631766197815836,-1.0445647377357923,44.71818160169895,-0.9610912796333999,46.03075721474744,-0.9935232043180754,47.39435367262301,-0.5659781206868869,17.300322497920806,-0.7091194660270795,26.29254015035059,-0.0,8.221697041607623,-0.8293507674128239,35.74897513414423,-0.0,5.63400648534601,-0.9212868619564125,45.20204841869542,-1.005822943383336,50.53320457712703,-0.0,0.0,-1.118663925996903,52.95354163267736,-0.0,0.0,-0.0,0.0,-0.0,0.0,-0.0,0.0,-1.2955034544550643,53.47215041972101,-1.475006293172956,55.37214873907414,-1.657674354801518,62.12821697284693
-2 3 3,-0.0,0.0,-0.0,0.0,-0.0,0.0,-1.3512212032083257,-11.66833251265123,-1.320419372009913,-11.904517179834269,-1.15631069425831,-12.966738669061854,-0.732599090369076,-14.173418875805696,-0.13963221561168718,0.5787804235590305,-0.11561542248509847,0.8579919350024356,-1.2619638378190308,-12.320331927304228,-0.4516956500517292,-13.312083234686423,-0.15088879332946062,4.287232301060966,-0.19564346903913205,8.762943568559209,-0.38114828784678734,8.632682009076426,-0.9815260129407501,-13.743118622387701,-0.12899705197244132,-3.8299040064291967,-0.2269980733378354,-10.04369017472538,-0.4839041278346873,18.719162049622184,-0.15839264908972253,5.954408325318568,-0.4230999185476714,28.660866908330366,-0.4836258005436787,29.76881160678424,-0.40035131980082084,26.59376388755525,-0.3507359878232723,22.505541533453282,-0.21155041613416567,10.742963457566788,-0.2318371917496306,14.002604319074976,-0.0,-0.0,-0.22614921584866002,15.11455247323763,-0.0,-0.0,-0.1557411761669266,12.783020984384557,-0.07298880083473504,5.0402605897712665,-0.0,-0.0,-0.0364426988513409,0.0,-0.0,-0.0,-0.0,-0.0,-0.0,-0.0,-0.0,0.0,-0.11345095719435894,-4.1048174491112555,-0.32289370767705783,-10.207707403270296,-0.6151002056232425,-14.385475101788964
-2 3 4,-0.0,0.0,0.0,0.0,0.0,0.0,-0.04535457710339062,-53.17479564834299,-0.010499357433303902,-51.18107590775128,0.14999586792120076,-41.16128547596311,0.39692274521453386,-18.96661700010883,-0.4532151227951271,2.1193115791748594,-0.37248988369567976,3.994949997859969,0.051407611405650824,-47.49975392565546,0.4449616257523926,-6.118606022978415,0.14414557566369718,11.836430196875696,-0.41365499452074556,10.973990439146096,-0.4915137482085324,8.70914152873035,0.27881655921186077,-31.45444989127379,0.2896987103875939,10.048978222141917,0.4007036314783818,4.11358675248092,-0.44391763370766907,11.674258168916717,-0.34596575627769244,4.693648528688349,-0.3084114696916527,-0.44392614432147837,-0.40991655022822737,3.6275670671333002,-0.2724713783287397,0.6400886428037962,-0.2601012869041479,3.2860704430472167,-0.3304797214485681,4.6021459258450905,-0.2698853969614771,4.156925661981034,0.0,-0.0,-0.14301952601457107,4.332354758549097,0.0,-0.0,-0.0,4.809226876963899,0.0,6.888915512023014,0.0,-0.0,0.16724628543121514,5.764283306355134,1.635639667237622,-0.0,1.6726847713909547,-29.88873407956219,0.09006452575024615,-0.0,0.004790326617658222,0.0,0.31220545213280243,1.12595130848068,0.4426691607228975,-0.10000882155507952,0.4098190377421818,-12.43289500850783
-2 3 5,0.0,0.0,0.0,0.0,0.0,0.0,1.9375037895290923,112.57124981198157,1.8984654955730769,110.24316325880294,1.7123777447328867,98.6487516247043,1.3665125683922372,73.74243522682113,-0.024098200801563607,0.4933123341756701,0.15527404231657588,1.840663258103773,1.8280978906837728,105.96211358687701,1.208569114625418,59.91942914398624,0.8803619997409929,36.25500330706067,0.3110171564841562,4.649803710012059,0.5086244005341658,6.471931456191881,1.549357853612591,87.6086825815039,0.9900922438620218,41.542000696894924,1.0908891786088128,48.986697338493144,0.6391134951742804,15.584841396663395,0.2402301450495386,4.701264799919083,0.5472390436238196,24.130361010229095,0.6311128047467216,23.23268098595453,0.43261832552195484,28.02962947186869,0.45626423733710464,30.972602374296887,0.32609070300779497,9.932105081990477,0.4027640731069414,15.867520087510686,0.4232175804968583,0.0,0.509441332960081,22.261308590267205,0.0,0.0,0.644003281112168,27.984291112467965,0.7895743835064455,33.23516243067638,0.0,0.0,0.8853888763807598,38.446344780548756,0.0,0.0,0.0,0.0,0.0,0.0,0.0,125.0410633977634,1.006076786066619,45.185412429953146,1.149514373137087,52.85916480546035,1.1816113136861226,67.40403054845316
-2 3 6,0.0,0.0,0.2569754181665507,0.0,0.4503417292273684,0.0,2.10270801844416,119.20398914542558,2.086612870168213,116.55786496837244,2.000023031770479,103.07092584170039,1.7611945022790712,71.88966883658061,0.20340473828289182,-2.328073314677258,0.3364518810732068,-2.360182568881135,2.055955227842192,111.64017106697956,1.5716675006423666,52.83983278935631,0.9494764841774149,21.068643967575717,0.4280732753331681,-1.9299889802213053,0.4699990697618793,0.11894669512944354,1.9051775711720522,89.67434330205008,1.1430963734987323,26.537635476114172,1.3570319276559533,36.89545458645447,0.5423089837981055,8.401357105515144,0.33981368831810826,0.0,0.6611218129117377,21.57704119725231,0.46947403357260137,17.776055909027743,0.6390280778020896,24.112746208092847,0.7485462820487524,24.045021148572594,0.42498895881499243,3.106522680506931,0.5165715088153132,8.044089455402657,0.5695356967421535,0.0,0.630423463711146,12.31895307080784,2.7754454046825594,8.03567306106214,0.7600573645611757,15.907486007333185,0.9110671098022884,18.91025948988063,1.0100480350190084,278.7778061004752,1.0771540921296674,23.605949254421965,2.260119268102303,467.61476882188816,2.299652865409398,432.44998501225365,1.5337594867108917,503.8254563964033,0.0,470.58882702816874,1.2551858441812243,31.773745266324696,1.4656774998770525,45.77828480402551,1.5671360527152072,65.69445980161832
-1 1 1,0.0,0.0,0.0,0.0,0.0,0.0,0.3577707341286335,26.855357081226323,0.355828418502759,26.49751097556751,0.3462022032446067,24.721480376200862,0.3248672172201478,20.91772240868439,0.02374106283532556,1.1153135533695284,0.026670150696707026,1.0787064929741799,0.3522674500544238,25.840593315389143,0.3102793837740935,18.738030150092584,0.2357701307379423,13.04753826274487,0.035514881487231774,1.2113408637840297,0.07476231441607142,3.4348215954917527,0.3369973047953413,23.037447148348175,0.26764629977961635,14.982430994146469,0.2920648562853242,16.785703406942446,0.09949678139988202,4.958256688449303,0.0,0.0,0.140836537412699,7.269935845018268,0.12058857030329395,6.026282804659506,0.15958866430038093,8.36593904415187,0.1836084686337397,9.75870114569205,0.0,0.0,0.0,1.058085815041485,0.0,0.0,0.006845353461057514,3.336874260492841,0.0,0.0,0.050415742341380236,5.865627763108683,0.09353251148926048,8.317710042932573,0.0,0.0,0.13250013131732574,10.51582467564396,0.0,0.0,0.0,0.0,0.0,0.0,0.0,0.0,0.165657499430813,12.644234671643668,0.19114323109090903,14.751163059454894,0.20636097780183343,17.110856825660825
-1 1 2,0.0,0.0,0.0,0.0,0.0,0.0,1.5893341278949784,51.80639485590606,1.611448670319652,51.63793750295399,1.7199981519581131,50.74040970098308,1.931148162348467,48.117480155125605,0.25602404739037254,4.709885253283676,0.3022902822934682,5.268320681566143,1.6518789898511512,51.319128698724946,2.0073982539314272,45.509306183639744,1.6545296450656015,29.54738780418183,0.4261386711574693,7.1158802148338385,0.8033277546325767,14.138984857489218,1.8191719012084056,49.74604007030045,1.8644595633955767,35.93117586931225,1.992061291825874,41.482909907556625,0.9865735788113847,17.121298811879004,0.5058406712382073,5.958409291965442,1.1894656525253837,17.826477050504675,1.1039798000350909,17.25475326009146,1.2840682538562096,18.891149578434838,1.3887216836632588,20.17789507657938,0.6843511158945536,8.47516659749056,0.8829111234737349,11.224803324846883,0.0,0.0,1.0975253283864326,14.285406266668552,0.0,0.0,1.3132770005825247,18.068868875373987,1.5513294999626144,23.725845393537792,0.0,0.0,1.80175276391775,30.883576861977566,0.0,0.0,0.0,0.0,0.0,0.0,0.0,0.0,1.9869163863521986,37.68534071725482,2.052906483002295,42.01080251555368,2.013270181465694,46.259603943537286
-1 1 3,0.0,-0.0,0.0,-0.0,0.0,0.0,0.6588094439937278,-52.546300027488456,0.7169576992213305,-51.807477013743764,0.9996648947888729,-47.90407282220934,1.5518289920115425,-37.68209501075109,0.8917198231953067,9.141751466197876,0.9629215150735105,6.715775902553126,0.8227460307904443,-50.41202395595069,1.80111904940818,-30.126411325984506,1.8440273606784638,-12.641949210854849,0.9259623611162017,1.1761257216671193,0.8463317683513543,-5.342297986295928,1.2557568653026634,-43.75434205341804,1.937333972510186,-16.288890790088573,1.932494743205508,-22.426252671977576,1.023505965934829,-6.015227826608207,0.9919257494238302,-0.0,1.4722804415843282,-11.430271755191136,1.4307943298159929,-7.277219223928258,1.5325777118046384,-13.616833795352873,1.6699631538555813,-11.834675424074405,1.1217902462270135,-0.0,1.2758128701945937,-1.4196243176505945,0.0,0.0,1.433992793812314,-3.9727069704698237,0.0,-0.0,1.6223770906559463,-5.648458336356054,1.7976199488527018,-7.199786353584096,0.0,-0.0,1.9452868940846517,-9.24176196112802,-0.0,-0.0,-0.0,-0.0,-0.0,-0.0,3.441464634175358,-0.0,1.9239601370460357,-14.886916860996317,1.843080864346983,-22.93209487164619,1.6430065478246596,-30.74777805892997
-1 1 4,-0.0,0.0,-0.0,0.0,-0.19029070252744362,0.0,-1.0734720743703177,-72.6825873279141,-1.1000691102515077,-70.30940421503452,-1.2272185381360126,-58.441711362505174,-1.4485310746232665,-32.26333297861152,0.5664919609229554,15.75481350744511,0.6263889604651977,18.998395329689288,-1.148125527231125,-65.93828178980883,-1.4994025214734457,-16.55116862268438,-0.9528123846490076,16.1498256183916,0.7000404573264536,20.817979731446552,0.3604694485882446,13.129622688051052,-1.337031420122315,-47.010389062537364,-1.230551783582732,8.793243347087103,-1.4297156261251969,-2.3829673756326577,0.08157259792982896,12.29632762781266,0.3701766135175899,14.31329404082117,-0.44923714172167695,16.29866838375529,-0.27456066174821275,15.486374778740823,-0.6315187913483481,18.149011426037877,-0.8241509682306741,20.01306771136699,0.16594564244161492,15.094126533482846,0.0,16.003750202597868,-0.16905422996332237,-0.0,-0.18540682167962758,16.73603050271668,-2.3683006012331154,-0.0,-0.48244542243287303,17.151504359842868,-0.7889377831609982,15.13711342366963,-0.5972008645942357,-0.0,-1.1364818107252153,8.79163288640913,0.0,-119.43340899448665,-0.0,-11.06463582625788,-0.0,-199.63568094201702,0.0,-209.61074501296716,-1.3749885344847894,0.0,-1.5453058422770884,-7.8519578343319605,-1.5455833523427605,-24.696118088004745
-1 1 5,0.0,-0.0,-0.0,-0.0,-0.0,-0.0,-1.349080251526549,24.037692435335707,-1.2956376255606332,23.88598546179165,-1.0368344139448797,22.792244940748855,-0.5451838888513755,17.726805015564494,-0.23101914445151905,-10.284181685650198,-0.1692904995351626,-7.957427244653882,-1.1985629887749352,23.551103312165345,-0.34724294150486695,12.137235723050877,-0.40349612977110744,-8.264460247954538,0.01708496491432164,-4.922877204351752,0.09170053951367885,-7.746564561408135,-0.8051054845375839,21.105970893344818,-0.329243413396011,-2.4355979262387657,-0.28120261960500664,4.887755532345175,0.002653621904869304,-11.680935724793885,-0.0,-5.425784266158372,-0.1213227987576806,-17.212225581257183,-0.07166227128760079,-17.987931851909618,-0.1928725779295217,-14.840663664011204,-0.5466592415062026,-17.469947383491384,-0.0,-7.04575716327443,-0.015655533987722563,-9.153477304333332,-0.0,-0.0,-0.17545020865663224,-10.104984986720943,-0.0,-0.0,-0.3323974814301111,-9.961644814109112,-0.38129309017546903,-7.708223995531478,0.0,0.0,-0.32895050425860506,-2.870293998467695,0.0,0.0,0.0,0.0,-0.0,-0.0,-0.0,-0.0,-0.2102756580321098,0.0,-0.20548820570407147,6.6142138815037175,-0.3619904501180592,15.651021976814699
-1 1 6,0.0,13.204987963276631,0.0,88.28752550229038,0.0,92.2841309109687,-3.3181834081673016,-46.947265033401294,-3.243353332408307,-44.467168985970645,-2.859950387084403,-31.580441790345077,-1.9523672476759146,-0.17380747992682316,0.055253182414320604,1.3319670189003268,0.1897455496271216,5.679514299840988,-3.103967150743472,-39.816358165708046,-1.364263041966572,20.021543602496976,0.024085149140835743,50.58669616390736,0.27004462328026185,12.034186514861801,0.47478184037680854,23.029155597951554,-2.474751632192062,-18.362967534875672,-0.34752687172331037,47.318389908911,-0.8105286275227036,37.09453473624433,0.6793057567682135,33.55797114235922,0.30889522307828376,16.512520941547493,0.9370336922166753,51.2034078009942,0.9008161015507017,49.22436306730626,0.8505890679597387,50.778363196786565,0.7059976074199696,51.68001272977991,0.44634882399098313,25.403037794985842,0.5307278986729779,34.09504936147452,-0.0,62.18130827544748,0.47386944293631394,42.13496703687965,-0.008120404609253763,0.0,0.2897709923289439,48.46990182079034,0.015090972748399826,51.856280971888346,-1.0525227679074534,0.0,-0.11100778455605853,50.67392454127801,-4.254450457700422,-0.0,-4.606833251022268,-0.0,-3.8234150045084268,-0.0,-2.587274932339127,-0.0,-0.5498577812308741,44.422479782469075,-1.1447290222662534,28.687944140411727,-1.8121112565908652,7.649982827552181
-1 2 1,-0.0,-0.0,-0.0,-0.0,-0.0,-0.0,-1.3332976702744248,-103.45494001899276,-1.3290110271176256,-102.01514531297907,-1.3067516448880667,-94.81617009167348,-1.2422788184817295,-78.83377836575836,-0.07619769233899415,-0.3891563970691659,-0.11089241329629197,0.5109387271874326,-1.321004964081462,-99.36363447969781,-1.1716800023125808,-68.83298381643544,-0.6713329856101842,-37.710890480460996,-0.1327902340144197,1.3380925988481438,-0.2068717516733408,0.11791210593491809,-1.2826441778422937,-87.87174066428776,-0.8742538500934569,-48.277103450755696,-1.0507347146443904,-58.673697069335866,-0.26837829437985883,-4.5201277963575475,-0.044351795138823646,-0.0,-0.3051643703895799,-14.778356263501108,-0.31798156412710643,-12.276099318920643,-0.2978053081229,-16.787139426302918,-0.32169235718645883,-20.841492786881723,-0.0885871623935799,-0.8908927482402915,-0.13459612634298246,-5.863919182327762,-0.0,-0.0,-0.1983620427406142,-12.698237868521636,-0.0,-47.735297219270514,-0.3009818526441021,-22.237860744184744,-0.47026066000719174,-33.29106242720626,-0.0,-0.0,-0.6833783045821353,-44.53704550671793,-0.0,-0.0,-0.0,-0.0,-0.0,-0.0,-0.0,-55.22325440316291,-0.8895804463707288,-56.09206679002064,-1.0455717034025682,-67.06893787633649,-1.1503967474706942,-76.68575153834918
-1 2 2,0.0,-15.274272951195949,0.0,-16.186377325066427,1.2358565802951358,-40.85362792610108,1.8403401781187618,-69.63242013392383,1.8531516100098246,-69.05888937990998,1.9040163807063826,-66.15485870685939,1.9117794688539311,-59.4437524102568,0.04298244514106631,-8.660386740391132,0.06587582690650019,-17.237422005892498,1.8745629040269909,-67.99666099617214,1.815233353293886,-55.13862380837916,1.1964334407228499,-47.044774259220915,0.1751755988617389,-22.141922873947905,0.3591587586273871,-32.29308791800593,1.9281088575655088,-63.28623296942137,1.4149904168737604,-48.45983375498925,1.635965007599285,-51.199280706049684,0.4758928558953441,-33.21328800990397,0.1555807409354693,-26.44916058295201,0.8183119031356648,-40.06481686654598,0.7181992336341931,-34.96992807777147,0.9009561523150771,-47.02431846241835,1.0450451303435204,-51.216744501265076,0.31425316861253955,-32.81390491135652,0.5131616137759082,-38.99224802242653,1.505703977393648,-32.44407814846308,0.6973275215341928,-44.52631069004879,0.0,-1.6398997380816882,0.8733147865195235,-46.34729706562387,1.0701800460902198,-47.31504810870093,0.0,-44.683770086403996,1.2646240936163546,-47.495183202146244,0.0,-45.44386331325044,0.0,-81.05283129608151,0.0,-51.48854897876374,0.0,-89.11313366662495,1.4935566706957715,-49.479661873101406,1.675134806230191,-54.34541873738826,1.843484065969571,-58.90894157157757
-1 2 3,-0.0,-56.05876107398115,-0.0,-41.68283147392082,-0.0,-0.0,1.0124862806667716,-54.98733469435192,0.9533803966099978,-53.21108169943313,0.6502391897249821,-44.28314396745039,-0.06019797589116441,-24.517955557757038,-0.3534514827774275,-10.168176551755566,-0.45968517763442396,-16.666928998389324,0.8432062610887184,-49.931115123186345,-0.4951903100861748,-13.16341849084221,-1.1379437995504946,-0.1987211729296223,-0.6825101589120539,-18.379609175282088,-0.9520736514507591,-31.47742543649788,0.3463047282013537,-35.63358663084731,-1.0590388452554416,-0.03260667513378645,-0.8495340005219263,-4.4091269580248,-1.0849349401010426,-25.039573051193244,-0.7207646917225237,-18.094790018413693,-1.223774555441521,-8.674078793315923,-1.2461516936010746,-10.255592694017126,-1.2018917378516778,-11.34947197529629,-1.2462449193957117,-10.592475878570438,-0.8755696200905332,-17.528885718510015,-1.0082875566429759,-14.863735026920587,-0.0,-0.0,-1.0953977372275663,-10.485811607222084,-0.0,0.0,-1.1320862668753704,-4.0942889403663365,-1.1338796643463351,-0.0,-0.0,0.0,-1.0627867948292717,0.0,-0.0,0.0,-0.0,0.0,-0.0,-0.0,-0.0,-26.034755124262723,-0.9166337147821542,0.0,-0.6007166126067985,-3.832778582923623,-0.16695978841110498,-15.848433988640656
-1 2 4,0.0,0.0,-0.0,0.0,-0.0,0.0,-0.5023314944587189,-5.683325648788402,-0.5327271889768763,-5.513318631658891,-0.6867411033214312,-4.786375365147653,-1.0370281752035029,-4.002387584549218,-0.17895838205575706,3.928703779440109,-0.20798943116303525,7.3138018745112685,-0.589058929230206,-5.221047405575972,-1.2448470974819834,-4.039673001814777,-1.4180791519020264,-3.067815417858466,-0.25185519896426756,17.817776631617534,-0.4613532573811741,8.416607336501432,-0.8382629696457704,-4.298844135954495,-1.467378179804401,-3.747959642026348,-1.4041404441783196,-4.095393190866286,-0.6854967350322271,7.763247948546673,-0.3275031268864107,5.724989696085345,-1.1950273686896202,-9.156038291535847,-0.9421508757325266,-3.055353365053876,-1.3156172190264976,-8.485227506705206,-1.3553684056512776,-6.565143328077965,-0.5188563010164133,3.8951071039783765,-0.7367079922555154,0.9990011432008041,-0.0,0.0,-0.9379404425567688,0.0,-0.0,0.0,-1.1368187467819177,-0.0,-1.3032548734571685,-0.0,-0.0,0.0,-1.4156856480378834,-0.0,-0.0,0.0,-0.0,0.0,-0.0,0.0,0.0,0.0,-1.4129324517479105,0.0,-1.23502774643016,-0.0,-0.9951192205563555,-0.0
-1 2 5,0.0,-0.0,0.0,-0.0,0.0,-0.0,4.785997100941435,-124.57498880179571,4.63386206940868,-122.76669944549826,3.8693244685403516,-113.22746235821057,2.1788827640833737,-89.11355240637812,-0.22930638731842434,-13.715113364265312,-0.15532567523300597,-12.97995630495563,4.352952367976477,-119.35127520032479,1.209041241656036,-73.20332586311666,-0.1496139814021832,-49.24097789880222,0.08066726259162878,-15.915047306867834,0.18954337511428088,-28.774322235078557,3.1290571259880173,-103.21217250658225,0.012938631403666906,-52.088694083977664,0.4501353987317481,-59.834442883697314,0.12944737161074607,-34.0800195585727,0.0,-24.014224554571026,-0.06012705198175776,-55.589718996676325,-0.08426199430625558,-48.69363505792541,-0.05320307385330055,-55.5138316761279,-0.1947846924269747,-53.06056447216763,0.0,-30.723328659547523,-0.0,-37.38863214899867,0.0,-0.0,-0.0,-43.592715149231275,0.0,-19.15457674140011,-0.06580246239315697,-46.67761250109716,-0.12448587872094105,-47.19245152267984,0.0,-0.0,-0.07327119757203442,-49.152643106302264,3.9920793399144197,-76.679900764404,3.5254364757829384,-22.53783998152502,1.6355975021190998,-93.18604877884914,0.0,-61.56634208727619,0.0571755096445779,-53.589092879873235,0.7154480774616431,-65.12901829676967,1.5987981316606876,-80.57485622482928
-1 2 6,0.0,0.0,0.0,0.0,0.0,0.0,2.5321489029119264,14.131331162016497,2.4490505669966707,14.417851200758653,2.032013961272232,15.629597537462148,1.121755499814554,16.793074529403953,-0.3801768465896334,-6.8222573009624545,-0.2763371549225922,-4.881595860010607,2.2956826904338943,14.908218918640008,0.6218169205224389,16.43028711128574,0.05261412355745871,15.91279564366366,-0.19625089049316877,-3.878702879376995,0.05253183135573475,0.91801063883274,1.630274951596956,16.411346488914543,0.089597418938961,15.520777183777032,0.26279462247537777,15.737657677077605,0.23558280610092328,9.816078627721533,-0.0,0.0,0.4867200888277224,25.786546973186155,0.5381049931413936,21.78604777538319,0.3667108388559526,25.542624484406453,0.21942126089547145,23.874002503356273,0.0,1.993691814647904,0.0,7.949584213018323,0.0,0.0,0.04481643329843896,12.431686748306154,-0.0,0.0,0.01362981066305791,14.813587739403111,0.0,15.260756094796319,0.0,0.0,0.0,14.266181949196877,0.0,0.0,0.0,0.0,0.0,16.23363489106294,1.8597504089125656,2.698445372312023,0.06480206172935117,15.119101115797886,0.3294145528714859,15.480315981853085,0.7001443369174104,16.46828487324601
-1 3 1,0.0,-0.0,0.0,-0.0,0.0,-0.0,3.757967397589248,-40.490861241801106,3.7309760098833222,-39.77051887432758,3.5811096865455085,-36.10425724463929,3.129614579719474,-27.837279498936287,0.0005481404969435251,-3.521971325356062,0.043626097151578724,-5.463135238619903,3.6788038212184997,-38.432197002654156,2.734243716020523,-23.333282263931668,1.2565537828689903,-21.614446679273943,0.15674947473400136,-4.269676475835798,0.17723709396683118,-8.764081424705534,3.408300226857106,-32.49294208938385,1.734257763084941,-20.56865062712068,2.249513427855134,-20.684421372045193,0.18813101927698833,-10.94409462866738,0.044944751229073834,-5.524913920750129,0.4131115457287482,-14.27433771683626,0.4020768636113301,-12.229624477042588,0.42981958935051273,-18.466645555443577,0.5480707946644273,-26.092340752552303,0.13657677880381203,-8.505432464777373,0.25915181733323106,-12.42807742987826,0.0,0.0,0.41914530483479434,-16.49604435443063,2.65309506421759,0.0,0.6386584511334199,-19.109601987505147,1.0110664054064546,-21.111203362617875,2.5570133265188213,-0.0,1.4883335979406358,-20.58536813161525,0.0,-28.83165784803501,0.0,-0.0,0.0,-11.023038159397831,0.7780566776588222,-0.0,2.01892892292135,-20.09940875898158,2.5422432465015374,-21.73154239653015,3.0063343706431107,-24.875764275540458
-1 3 2,-0.0,-0.0,-0.0,-0.0,-3.5576684879415787,-0.0,-1.4886799493322351,-31.424554558225626,-1.4888956181795387,-30.95900264101941,-1.481753772523328,-28.769993242582064,-1.3969906527550653,-24.96698966964438,-0.04329566872773541,-6.580217707030672,-0.022003847883005107,-11.065956343177739,-1.4879444625825833,-30.12474238412635,-1.2725771083810549,-23.50263193420473,-0.6301516392740563,-19.63666100711903,-0.08595622709247658,-9.423720258446538,-0.39973041728272357,-17.571669388167795,-1.4588455414037833,-26.91488210230013,-0.8564021918747501,-21.354185680493327,-1.083454533608745,-22.521002774360433,-0.478149670116564,-16.265521554279232,-0.048660154066525324,-11.73497152404825,-0.22617011643873858,-11.927844901923562,-0.2792949470747853,-9.683102746956932,-0.1907664423385362,-17.479903147038414,-0.24183703754047142,-21.152199408274655,-0.08091980161869525,-13.500714519484536,-0.1089070222054809,-15.002716755007745,-6.76596620318431,0.0,-0.18312793698492194,-15.481677833213812,-8.010300154294152,0.0,-0.3247606727131079,-13.873873406366746,-0.5214350416319592,-15.471490495992823,-8.321409061031433,0.0,-0.7767151635425936,-17.92057804804716,-5.886143096220672,-0.0,-8.457426108232449,-0.0,-1.0759496653745533,-0.564624966357986,-0.0,-8.32525915788275,-1.0368774417217745,-20.74924962966262,-1.2407360279826776,-21.656618078226682,-1.4118686322288898,-23.45023068328994
-1 3 3,0.0,-0.0,0.0,-0.0,0.0,0.0,1.6149870131743382,12.947351431899698,1.6166032411647955,13.417669888679864,1.6260943885300045,15.492778163053861,1.64030928932452,17.953431401827274,-0.3175298117970167,-8.308271357723138,-0.3050068564850851,-10.625397145874079,1.6198675727399479,14.237865845531879,1.6097561984875832,17.490799984826616,0.8969951556685104,9.30915050044402,-0.2923865875076125,-6.00576052479392,-0.340334871317303,-10.067521451116278,1.635599950159387,16.979204299538402,1.2514269345991869,12.484296854597774,1.4924747431153162,15.435070040092285,-0.4287947328169745,-6.183082281755741,-0.21820122697848224,-5.035723627001762,-0.41025706048056054,0.06383442304444753,-0.44587928384664766,-4.2774074578724415,-0.3209033933572957,1.8090226011168333,-0.09988008998664802,4.95583470961491,-0.20999600388865147,-3.74470992290164,-0.12772875037975848,-0.844320126844697,0.4112223444645189,0.0,-0.0,-0.0,0.0,0.0,0.18454274311629895,0.358092599274638,0.6216502828736117,4.964967138536115,0.12609664448471372,0.0,1.0272807618251822,7.991272889825229,-0.0,0.0,0.0,0.0,0.0,0.0,-0.0,-0.0,1.3389174213921806,10.159351007082448,1.4922182580309429,12.547664828661361,1.606322347095093,14.205031857055934
-1 3 4,-0.006383196836467464,-0.0,-1.02790592345877,-0.0,-0.09831640167788183,-0.0,-0.24979140772308014,-18.952331952739385,-0.2996236306510352,-18.69404015761325,-0.5415663050520965,-17.60327278879667,-1.0219365542407486,-16.61216004195556,-0.7188254493679507,-3.223575354191072,-0.7449342622299354,-3.1653411828876727,-0.3901950922892012,-18.252008447275575,-1.265950165994068,-16.984524671455436,-1.6459726430765922,-13.89813514309979,-0.8235400946394796,0.8188240955488955,-0.8847067025095985,-3.170009112292008,-0.7614487439471859,-16.91086998627894,-1.587561374185445,-16.436899071412533,-1.4563094718972054,-17.35218655189886,-1.0444017612047416,-0.29831010175149414,-0.890628642004173,-0.0,-1.475044930537573,-10.685901931596069,-1.3472400956217236,-7.681709145528522,-1.6015824493085877,-11.595501324822488,-1.8162856692107254,-9.368021783294298,-1.0493235772298157,-0.0,-1.247855871115433,-0.5321011891999994,-0.0,-0.0,-1.41920780070735,-2.687173448948477,-0.0,-0.0,-1.5683336324097361,-5.733334813092334,-1.6210685190238499,-9.004463356853666,-0.0,-0.0,-1.5538976546239138,-12.937656783148165,-0.0,0.0,0.0,-0.0,-0.0,0.0,-0.0,-0.0,-1.427944754089136,-14.525072282467633,-1.277255529757546,-15.54391689406756,-1.0207500949561399,-13.263711820495487
-1 3 5,0.0,-0.0,0.0,0.0,0.0,0.0,0.19821958927405692,85.01977813109137,0.22133032730100355,84.26283498828701,0.3374813233290944,80.14783290056333,0.591710275725808,68.43060883611359,-0.26958696587498343,-5.176390476324526,-0.18710397991919397,-5.861779002839746,0.26400971753070135,82.81409080369693,0.7263634668075546,58.73642122379387,0.6042610236005659,24.844973912588983,-0.10081512059999242,-6.848232774333591,0.08719429911816813,-9.166829893618868,0.4496942643997667,75.55914565312996,0.7565932737617452,35.57862424642965,0.7968208705510492,47.31973707587738,0.14474595624443223,-2.7157275812698813,-0.0,-1.0633788956925287,-0.10012634557880283,2.664249520834942,-0.014339849599509024,0.537813889652973,-0.21027102383633245,5.493075645918352,-0.08824893807160432,9.097484654057379,-0.0,-0.0,0.0,0.0,0.5973040929280155,0.0,0.03006814878430315,1.9467073937860742,0.0,0.0,0.26530874807605137,9.421586558905718,0.5483544496736708,18.01689017161022,0.0,6.396235128001953,0.7703375151873977,28.91043989301826,0.0,10.796834077056511,0.0,0.0,0.0,71.47477433145194,0.0,4.427003107634948,0.8380360224935554,41.595938494759395,0.788885237290596,52.8984730223949,0.5632025019413407,65.89265796240352
-1 3 6,0.0,0.0,-0.0,0.0,-0.0,0.0,-2.4094200783045165,102.29010543433795,-2.3502669009857016,100.73604290690467,-2.0534181272472614,92.63909855380133,-1.3893951882548927,72.57863610383664,-0.015397725295511016,-1.4472684551538146,0.03020154275626122,-1.3732753819526111,-2.241144216601067,97.81863439405211,-0.9792817000350919,59.062041529529985,0.0017864258774392195,28.524529917546143,0.09519515228322037,-1.411598384570751,0.18695352490127362,0.9642436268163818,-1.7654107312673646,84.27399338682649,-0.2589097062431254,36.1936497019167,-0.592202555276953,46.35887495904107,0.34918223728075026,8.052236193114416,0.02758366779581764,0.0,0.430728762313875,20.382584483017283,0.3332529690913378,15.25371622894674,0.39892533903673594,23.010074808356027,0.4617892015384159,24.107498007654378,0.11191844242110147,2.576932924220473,0.17212936503595608,7.568470407416281,-0.0,0.0,0.19111127887963936,12.696282962730216,-0.0,0.0,0.1297437393779403,18.479746747388134,0.0,24.074299288059635,-0.0,0.0,-0.04108329546270626,31.59273070525576,-0.0,0.0,-0.0,0.0,-0.0,0.0,-0.0,8.061125079855724,-0.34696359737067284,41.22776352484406,-0.7037042275218363,52.75354409085037,-1.134962705786096,67.95090580175265
1 1 1,-0.0,-0.0,-0.0,-0.0,0.0,-0.0,0.10121525026857395,-2.6901213320749324,0.10929688108654771,-2.6891211208613943,0.14706186650549577,-2.703370558191591,0.20762216135616682,-2.8772303235717698,-0.013015235032994435,-1.0192184916139693,-0.01712297327057793,-1.4379270204445918,0.12374913292864193,-2.69049190399316,0.21871963389877086,-3.100629277754709,0.10385504368991712,-3.8652424270742087,-0.027499164607107995,-1.9403532610909264,-0.03199411837512327,-2.5206017107526195,0.17821080723188043,-2.7522126302075933,0.15749230119774968,-3.6668447441069203,0.20068744494250612,-3.386473922152672,-0.024472696620510728,-2.974794441320003,-0.0,-0.0,0.01439212201225195,-3.9532191360295177,0.0040762099676550445,-3.544449556720673,0.023243155721082563,-4.277007442923492,0.026089969830479145,-4.568506573079027,-0.0,-0.0,-0.0,-0.0,0.0,-0.0,0.0,-0.0,0.0,-0.0,0.0,-0.0,0.0,-0.0,0.0,-0.0,0.015317447253076042,-0.0,0.0,-0.0,0.0,-0.0,0.0,-0.0,0.0,-0.0,0.06790398880143168,-0.0,0.09012154548847691,-0.0,0.09147600268816207,-0.0
1 1 2,-0.0,-0.0,-0.0,-27.15433477817421,-0.0,-0.0,2.286888429324312,21.06213807055933,2.199282517206562,18.85504467561036,1.7703276448185892,7.8619614356290874,0.9057724180372115,-15.701574726574439,0.524153381665964,-23.360688215031498,0.5689681297525905,-29.877001889418057,2.0394078219505687,14.796181227110178,0.48233346520903053,-28.50075053299435,0.07806739935966178,-42.38072163317027,0.4101843961090947,-33.46909907539799,0.10447676141612071,-39.90569261125918,1.3755891978783414,-2.6020948692323467,0.09440802476411214,-41.858814237193194,0.2089500260943678,-37.67451065694033,0.05502311131245802,-45.44651223254871,0.2505856619912318,-34.60194146347786,-0.02669051281787565,-52.24592796891052,0.05515600852054728,-46.19461349117377,-0.053198541529320464,-54.376096298644285,0.0011299649507086934,-49.03035546473566,0.1664773982742369,-38.40636298296538,0.07371327752306046,-40.83102003931068,-0.0,-0.0,0.0,-41.938267999511325,-0.0,-0.0,0.0,-42.65747806617608,0.0,-43.41916766216041,-0.0,0.0,-0.0,-42.27831658486584,-0.0,0.0,-0.0,0.0,0.0,0.0,0.0,4.564610129106587,0.0,-39.5179558349334,0.06868269053821414,-31.270138464611716,0.45347533163356407,-15.9355068511164
1 1 3,0.0,-0.0,0.0,-0.40968051256871696,0.0,-0.0,4.525336396739036,85.98096395193876,4.459303874889382,83.19466314882887,4.128279723506223,69.18692802649755,3.3919199037021968,37.825939805360974,0.5241235144236868,-7.517525123829869,0.5292477071711127,-13.227641579100437,4.337541846173646,78.04999838233978,2.940588054819867,18.783560668373493,1.6677602614018054,-21.760309918538194,0.4193016084747309,-23.484882226014637,0.39931399307247933,-38.21127416431049,3.8079914109709554,55.56996965833036,2.089383301130714,-11.897938559525954,2.5066441577320218,1.6721674816785626,0.4666723293539616,-41.29143245676033,0.4194331764947711,-24.582676440704514,0.47278147067457443,-38.285714029080566,0.465778506954722,-36.93135327148347,0.5600020031447513,-36.39319998852052,0.8018956801020547,-28.946231532509586,0.4491655058552975,-29.428559828733622,0.5356103938874737,-31.717031973559802,0.0,-0.0,0.7306205413165314,-31.69012189463723,0.0,-0.0,1.0737359425234407,-29.59062752703184,1.4802948194924663,-24.080185461815482,3.282965838450449,0.0,1.900483149679309,-15.02963675274923,8.809628122112096,0.0,7.076669141905201,0.0,10.299350713355357,0.0,12.865778213880597,3.556155404475143,2.3434019824072756,-2.2344431093236983,2.7974325613448534,7.253148665868169,3.2973342670276278,26.52688080315263
1 1 4,-0.0,-29.886377168481744,-0.0,-45.90337102759565,-0.0,-60.97929151216686,-0.5637049068469879,-232.39539622358524,-0.5957465331189623,-228.4498001495286,-0.7525993938699822,-208.70614707812598,-1.0654437668809502,-165.42013058219186,-0.11799314008492177,-18.48298584355531,-0.13764447026229845,-22.04044302107586,-0.6542211224088864,-221.17918818411897,-1.206665035059566,-140.23653278889714,-1.0169049758359736,-87.91521463917246,-0.1639251040452943,-32.133622984199505,-0.3682503555200181,-49.74327700984564,-0.8965374681129873,-189.71333586362456,-1.1951351654473479,-101.70728982785604,-1.2611938585949836,-118.63192329620755,-0.4877936660191911,-52.961818711364685,-0.08890972933640529,-38.56724469969265,-0.2989745917560869,-57.393856796062295,-0.20822754229725135,-50.24007034268155,-0.3304633127915333,-65.62807380465074,-0.5537471270870297,-64.13026050088038,-0.13708206806218412,-45.409695465298675,-0.22025204205487428,-52.32234647234928,-0.0,-55.490547336770106,-0.375248454406067,-60.70290921556156,-0.0,-129.09960775553716,-0.5963395803663061,-71.43773432762539,-0.8348615966416377,-83.35069966988411,-0.0,-148.29832891399434,-1.0296071953124142,-96.686927851961,-0.0,-146.935545129952,-0.0,-150.95084371515063,-0.0,-173.28589891504117,0.0,-181.8715913316134,-1.1535130051803122,-112.45744092688152,-1.1691086091331213,-132.45054061471507,-1.0397581361141677,-156.37064038289242
1 1 5,0.0,0.0,0.0,0.0,-0.0,0.0,-0.7476202019982054,8.883748777868217,-0.7935754724218655,8.172886834229901,-1.0240158216902353,4.700840919229867,-1.5120293219871523,-2.078440822603638,-0.36635946321171176,-8.39756658232594,-0.2986225144258111,-5.859286033647938,-0.8784006029952632,6.876627621535545,-1.7398153980462028,-4.872911279853827,-1.4088625069951701,-2.28768288295178,-0.034448337609824554,-2.417608416223278,0.1699589041458401,4.401737183037059,-1.2439207020108884,1.5408003574929123,-1.6902561370297562,-4.3477027292059365,-1.8156167335789755,-5.626834738137898,0.04345496936649458,8.421079749368522,-0.0,-0.0,-0.3835803453708153,4.751918358834515,-0.20405723690457533,11.94541360634228,-0.6035964722780244,0.40398967605682334,-0.9068622112929372,0.5365075497635879,-0.0251579889761895,0.0,-0.19782091667073928,0.0,-0.0,0.0,-0.45157476942061164,0.0,-0.0,0.0,-0.7747652546856922,0.0,-1.134273839170198,-0.0,-0.0,-0.0,-1.4803648007209362,-0.06301511290003026,0.0,-0.0,0.0,-0.0,0.0,-0.0,0.0,4.886723974094397,-1.6862171842524445,-2.6342880365585257,-1.745223842791419,-2.7470717290552513,-1.6199508246917018,-0.0
1 1 6,0.0,0.0,0.0,0.0,0.0,37.07435099936379,5.656171218127093,56.011681616024326,5.517756259446728,56.961042754172986,4.819260903344136,61.623826673027416,3.244897783048285,70.74627499550691,-0.41063851581017097,-10.177373796095418,-0.33260891126573017,-8.069043831691967,5.2617165430257575,58.697034220129694,2.2959054935733603,74.14013008516567,0.5172922844434186,60.40378079781864,-0.21876059905304313,-3.931107997901808,-0.032619642659866895,4.4812183890885215,4.136647112527347,65.89372648699319,0.8809796519262227,68.75440115133385,1.4749263481835808,73.74099260491981,0.2581136562215542,16.455604438163633,-0.0,0.0,0.8246281302708554,46.193440508108665,0.7563776756163755,39.27762302958344,0.6867747354483701,48.14511630938773,0.5052499136132016,52.1036450516867,0.0,9.34509610735196,0.10654516142774602,22.13960103786465,0.0,99.20739152772106,0.18217568475324009,35.27799964210653,0.0,147.70211468402448,0.19005439758154233,46.80541437710456,0.26687483185013866,56.81158283528809,1.8429984176574383,0.0,0.5165930240279403,65.48669339140407,9.429835139265348,0.0,7.057440481039711,0.0,9.008363425333368,0.0,8.380861184219576,47.87522376748008,1.0422502904469937,71.70688403301878,1.8061930999629876,74.19182277803358,2.748814103078132,73.68229559436539
1 2 1,-0.0,-0.0,-0.0,-2.8711496139398034,-0.0,-4.984325755979859,0.17472076057464436,-182.58319808364863,0.14776092994319415,-179.24668657718863,0.016839265344943965,-162.43375190173492,-0.23747952174262768,-124.3826196838529,-0.02190095964846692,-6.504653730328584,-0.027943704517995317,-8.613357771584653,0.09873800887061189,-173.07984613763747,-0.35058839839753986,-100.62360053457671,-0.36431768756102334,-43.3240134030732,-0.027678856842296814,-6.307451852315347,-0.03286197596338074,-9.167231405397654,-0.10143995316814104,-146.0052916397846,-0.40730990130285627,-58.88201276730628,-0.4080083172097803,-78.17878322315451,-0.0613127533610774,-10.5991073201392,-0.0,-5.155491479589629,-0.19258928682790602,-19.524779218856615,-0.14233719496587802,-14.319357374600948,-0.24061449675344393,-25.930562324946482,-0.26575306517508585,-29.302008361814863,-0.0,-8.110554407219361,-0.0,-12.449339794833412,-0.0,-18.04587007186154,-0.055211420953234065,-18.26272387082676,-0.0,-29.533277549643564,-0.13634258484204856,-26.406144306324112,-0.22270604111942952,-36.89671040146347,0.0,-77.8536013478053,-0.2854005753906566,-51.35763763525343,0.0,-272.69167022220137,-0.0,-184.26217679691214,0.0,-277.83627852655115,0.0,-228.78449010554783,-0.3050527034622334,-69.88952631478926,-0.25571062624244384,-91.78147283699228,-0.16844749809317247,-117.29735351178721
1 2 2,0.0,-0.0,0.0,-16.486048430669587,0.0,-78.00260752029179,0.5800625729111959,-367.46619769913787,0.6450063463514691,-360.08269559316835,0.965850360383438,-322.9107273509017,1.6156577271177153,-239.4173790660496,0.026120963490640744,-9.132083794041938,0.02065274521624392,-11.471384321587182,0.7640548948322968,-346.44042684893157,1.8990690064359936,-188.55710644102945,1.4208132846055768,-75.95674311457823,0.0985798103402914,-0.6698111576234219,0.22433839918585244,-3.395199616676419,1.2640864750275955,-286.6987705354354,1.7927825892551363,-105.10355869950381,1.975526705869539,-142.53528251289785,0.24346566088591032,-13.582465380984944,0.0,-3.9870613361179634,0.30668361311810033,-33.74648122770679,0.1955067503570528,-25.90340700452707,0.41966895249045916,-37.98704919715237,0.552630368080783,-38.22309021638165,0.055565672911626174,-8.86730508442469,0.17341568664679377,-16.50319284738248,0.0,-110.27501831954618,0.4113678962525725,-28.022247986339384,0.0,-141.66362645404107,0.7655183087990289,-43.772032593908506,1.2223347768124837,-64.3263352587853,0.0,-244.9638493408367,1.6697433335084724,-91.03297851294806,0.0,-317.7277787580722,0.0,-298.2626095747889,0.0,-349.933002967484,0.0,-350.0841552345265,1.9790356832918456,-123.65557239832036,2.0163815703433947,-167.08193076099653,1.8044113282444214,-217.91767266609057
1 2 3,0.0,0.0,0.0,-0.0,0.0,-0.0,2.3334204083912544,192.36692735475026,2.3356851265420326,188.01328441666288,2.3366829291281426,166.08052064659105,2.2566958688581695,116.7280641763568,0.24111975734193924,-7.834553250902026,0.298172773944088,-10.069948213563213,2.3381483715088223,179.96671289248494,2.128371417021754,86.63313404417829,1.4661950308435692,22.521102514574366,0.37020217594572097,0.9376873774346629,0.2840852908967471,-2.0373959418277097,2.3180937832794726,144.69025718416026,1.7100954292899944,37.960237170288494,1.937156862857005,59.51261408193762,0.39880987894460834,-0.9231555451036805,0.32024817799710226,-0.0,1.0458133885753624,12.782933418043925,0.8596581742216067,12.559674685088941,1.155694667543836,12.493767458151897,1.1463733468308537,15.200041686448689,0.46621925860844843,0.0,0.6304015998429857,0.825752981260941,0.0,0.0,0.8123500577356142,3.7889874513337465,0.7550310129579203,20.715492722170637,1.0321671902418517,6.737137369642219,1.3052057232781915,14.028560702880993,0.0,117.2257195768901,1.575076034817173,28.53392224591406,3.7371679576618533,198.21731519354404,0.9457757482101017,209.55223562952568,6.259337130124868,212.93157416953125,8.236547059939166,272.42329137883934,1.826204937003825,47.86724421866678,2.0274437867735027,73.31827915438468,2.2099751806513597,102.47384894865145
1 2 4,-0.02773712096563775,-21.91394511403764,-2.4556202927536637,-48.7226692890219,-2.0153769898273945,-75.93053128894515,-3.4754872179562657,-61.18881252462514,-3.4133651457057548,-61.723858862463885,-3.105046699588461,-64.32384245298282,-2.459711711779497,-69.35205605113767,-0.06564619348642624,-11.969411777648386,-0.10824617550829548,-12.508632770290138,-3.299281780741568,-62.69713786400357,-2.1339497140221626,-71.47531076261451,-1.7888400935095115,-67.30653284200454,-0.305932542946441,-12.326147742449923,-0.6929234063615273,-25.57667425440635,-2.8145691792604333,-66.67191323842368,-1.8456505724633088,-70.99981099408878,-1.9292708727916286,-72.19055431776673,-0.9627036263968369,-28.470988970262013,-0.40407185363616493,-18.941426821975217,-1.5567506527574244,-47.798877803722625,-1.5002962412127119,-41.92885092051812,-1.6756918086946089,-51.68540035900934,-1.8017462447686239,-56.78460334778281,-0.686813809948413,-25.591097896271332,-1.0222553187544539,-34.000005599536614,-1.1668529935671412,-76.10893432132494,-1.3718796993198208,-44.77014896967892,-0.0,-8.9210558576542,-1.643047784447792,-55.55740690010388,-1.8432139416119602,-63.89387317653804,-0.0,-65.98671238643769,-1.957213692210508,-69.66674868469804,-0.0,-114.15844806361625,-0.0,-134.07602907769876,-0.0,-54.97690582620475,-0.2926930479281811,-56.50682533563254,-1.9936683842173153,-70.28134928071925,-2.112619842885373,-71.91252009522105,-2.341073105189648,-69.08411361234843
1 2 5,-0.0,-0.0,-0.0,-0.0,-0.0,-0.0,3.017543186761657,-83.99357093533033,2.9141422905757617,-81.91430028159648,2.4029534035673983,-71.8092931295686,1.3269501174205438,-51.871245299880115,-0.5896121335614157,-13.826343058264117,-0.5717813802550046,-13.018571676651469,2.7246499262871358,-78.13280183986271,0.7386249283194121,-42.1125660434226,-0.297193602623735,-24.88246970807588,-0.47448933769089174,-16.316995157655988,-0.5134658800431753,-19.61790348255408,1.9223365223594975,-62.635419564544826,-0.07063374254846362,-29.465113870056165,0.26559919085479483,-34.87908222998671,-0.530710643359999,-16.146859277260635,-0.480797920229253,-15.000362650532482,-0.35332848234032255,-13.87465003740465,-0.5580562214345829,-12.171971212528966,-0.3871510747458337,-16.64678617428189,-0.48606264467139626,-17.178898999792214,-0.4650807102295795,-14.582251258025678,-0.45035291937385913,-14.038468457751408,-0.0,-0.0,-0.43713384430613733,-14.127508424688804,-0.0,-0.0,-0.41295214345404707,-15.33680482383123,-0.33381569969589325,-17.960949473968313,0.0,-0.0,-0.17900710674538645,-22.50679038279459,0.18346305037343696,-0.0,0.0,-0.0,0.0,-3.5886078537002515,0.0,-0.0,0.0,-28.662385747895566,0.3266178676947105,-34.943960627875306,0.8372926909491618,-41.43632391981221
1 2 6,0.0,0.0,0.0,0.0,0.0,0.0,2.2084305874594365,27.90319810499377,2.1927606829175748,28.1335379380141,2.1136741537527888,29.253889975300286,1.9359738448536497,31.585433570726885,-0.26167696257766543,-6.956916488184798,-0.13934340395458442,-6.244357095708609,2.1637720164175933,28.552145907650864,1.8306381288677425,32.93990830453732,1.5475332408662348,32.37468448405616,0.10278362896465382,-5.324636170619167,0.5855355266805422,0.04289558042043647,2.0364304950178083,30.289820569640874,1.655093325465232,34.09745290908546,1.7391418138828616,34.00519887056112,0.9560432460301849,10.53834664333536,0.19401951358164027,-0.0,1.4822223519838267,27.406940991541564,1.44266196540964,22.04815555389514,1.3768839641754471,28.741989201623138,1.4392832613093614,31.73683979666421,0.5101558207404391,1.8037467472353015,0.8200246058160674,9.330839796172489,0.0,0.0,1.1150243943406242,17.337248590368784,0.0,64.71602422031464,1.3517133162679034,24.92949290818942,1.5422760010024028,30.636511038093285,1.5242537824498459,24.979162903172256,1.6658390947536548,33.42283560733801,0.0,50.39464365792544,0.0,0.0,0.0,48.15920036977004,0.0018530392225690091,0.0,1.734716503879534,34.650256097308336,1.8045450055024388,33.04079503257446,1.8419362151419807,33.32173917357104
1 3 1,0.0,-0.0,0.0,-0.0,0.0,-0.0,3.175840904697384,-50.41189170015438,3.153303194100685,-49.72206114807643,3.0243036773087617,-46.20820831812927,2.614987045653139,-37.87801262051331,-0.0664384228676583,-2.7545871182051376,-0.06004685087814414,-3.5055009802885753,3.1090805057490454,-48.441005117480856,2.254271839623543,-32.130127331475336,0.9708379449640274,-14.145199694062637,-0.015939250975342288,-3.5546888334683784,0.008224939624079455,-5.61788644173459,2.8698616631669776,-42.69458565857036,1.3848214230916835,-19.586626351933894,1.8261334901829949,-25.879103838323665,0.014585659597963232,-7.423052138934497,-0.0,-1.1694530767442868,0.15454467717856016,-8.113736157062464,0.06177987454753719,-9.2872521327648,0.23056152559769708,-7.195691318604736,0.31761229578207467,-6.809802554984071,0.0,-2.5499541490085456,0.0,-3.7323093521706006,0.32890273992402563,-0.0,0.13722930662585453,-4.902112300478097,0.5332364134430096,-0.0,0.3922574980802757,-7.019413665466971,0.744502895553155,-10.76678297393826,1.0855519889291747,-31.71658586402853,1.1643609493838833,-15.836021802024423,1.5199727922529822,-0.0,0.40713020869333494,-0.0,3.5437511480309065,-15.832050578031351,5.857509575749948,-34.70075494724565,1.6220836645785888,-22.80808325024142,2.078534822995951,-28.511750844994403,2.4875382735980196,-34.41192486566098
1 3 2,0.0,-0.0,0.0,-28.65027790558313,0.0,-24.664124142147212,0.5089279416797411,78.1820736265125,0.5538056670938837,75.35221117577171,0.7702978899696213,61.23711605790467,1.1745142105759179,30.745428179588593,-0.4282831478118531,-4.251053082963087,-0.4220472998413799,-5.664627136701925,0.6351833236107602,70.14488382511716,1.3260877324258333,13.689080276362446,1.0129280371097287,-13.270903688155379,-0.2128607859383998,-4.176896125695438,0.024779957524489114,-10.943191294361885,0.9625299724753854,47.755359061578275,1.2286499933623987,-8.419706333252499,1.3472762398087719,0.23479348309678139,0.09728579089443805,-17.004538912123813,-0.00544107330455593,-7.274529677165031,0.4242152512141038,-25.09853244183275,0.343470851893593,-26.745804081785803,0.5098224019645942,-23.20215467070611,0.6292522902949088,-21.275767059925077,0.0,-11.632047668542906,0.062323482049121116,-15.11540488633533,0.0,-0.0,0.30884262515602173,-16.238533558273723,0.0,-0.0,0.5737155228742358,-14.827428232835182,0.8311135044367676,-13.132710031234524,0.0,-0.0,1.0485098470702063,-9.666181733183295,0.0,-0.0,0.0,-0.0,0.0,-0.0,0.30349416817518926,-0.0,1.222698944244457,-3.2380772346265223,1.2818918186702983,0.9844247422638123,1.2188307297344414,17.213693592458373
1 3 3,-0.0,-0.0,0.0,-0.0,0.0,-0.0,0.34727650990301134,157.6211325898962,0.4101939483625803,154.6120499638218,0.7120241179424828,139.34924596555314,1.269405934505585,104.09560439260414,-0.7694065248981424,-5.83165661964148,-0.8374410509486957,-6.795191246043187,0.5239799624692292,149.03368764561256,1.4834685280365463,81.54217024778653,1.114286637435281,22.917377418318743,-0.7344289532580303,-3.8116749185945014,-0.5610325959794311,-11.249280256569403,0.977736526176083,124.25732973254684,1.4046388775872194,40.27244795556874,1.5352548191143467,59.80209107594255,-0.45271054681564693,-16.60165966306653,-0.5614833817780552,-7.290600902556284,-0.002274321420724412,-25.049760564272287,-0.13756738884199157,-28.998047052158494,0.0975101851211659,-20.632683847784026,0.21623550693265198,-11.986297407534115,-0.40175552495722994,-10.375077063123028,-0.14979168719962274,-10.503535565455568,1.2817591941919468,-0.0,0.0,-5.413774744719964,3.103213918990056,0.0,0.43583353021030286,0.0,0.9106934034442167,12.575492044653423,2.155573994172203,0.0,1.300051906293393,29.572178250119435,1.3500085454352495,40.811980444842895,2.5750845232246267,4.308275513710846,0.10159233661508235,123.11291796178119,0.15756300213286323,250.22744360598793,1.523650249051707,47.74181898511074,1.6041947602970872,70.71000662131026,1.3928824002289362,93.23018704831802
1 3 4,0.0,-0.0,0.0,-0.0,0.0,-0.0,3.3859286397157247,-32.967476572807215,3.3206996180370023,-32.621441872242244,2.992757493572459,-30.69876273497525,2.26151970801315,-25.261403952634748,-0.6446894013924891,-3.221441337165419,-0.6692743670098817,-3.5405263073893827,3.2002468263505475,-31.951327428079875,1.824309078379688,-21.449604278352336,0.8643028684993784,-15.94170071067989,-0.4685411027962883,-3.482273885725797,-0.2067193225124688,-7.108820552196837,2.6743692125389,-28.52484586294082,1.131855502229105,-16.838908161055873,1.4398145901493762,-18.392325086356287,-0.13383619650343634,-6.789793310583133,-0.305333623259186,-1.714473232902166,0.05523854300364211,-11.450332850288817,-0.05352300945644682,-11.771728705675901,0.16589021306294413,-11.2730764072683,0.29267630867898975,-10.61825433178911,-0.16743677598291026,-3.2867775625965407,-0.0,-5.266287797044343,0.5735642207831514,-0.0,0.06196969317721498,-8.13089533190541,2.459028542717331,-0.0,0.39800957828135547,-10.678290500468213,0.6996638041402209,-13.077160223924947,3.0079965795325077,0.0,1.001557401322089,-14.645491416852353,0.39621784138824906,0.0,2.1067674698267065,0.0,0.0,-0.0,-0.0,-0.0,1.3311698940678762,-15.675626597740049,1.6866127668023503,-18.75008324409324,2.123930921154957,-20.54620406670028
1 3 5,-0.0,-0.0,-0.0,-0.0,0.0,-0.0,-0.5060101280845959,-13.531518423747036,-0.45713861339319795,-14.015196176979526,-0.22775479341849397,-16.17846955137888,0.15571115123559418,-19.132310684946457,-0.28383808604440397,-5.504904938739397,-0.2954048114262863,-6.4799854665225585,-0.3695980803931221,-14.863174836826222,0.2596562287833952,-19.50777933613789,-0.08630342363495407,-16.949089309849047,-0.2742496003834013,-8.335343277597564,-0.22658947542729138,-10.433526372977195,-0.0355810036292416,-17.80612884936379,0.08922271235768345,-18.243621129435464,0.22758706237218754,-19.056649354122495,-0.15453429374326494,-7.620548869071052,-0.17299559792615454,-4.806220749054398,-0.4225718968515621,-10.056447911395797,-0.3384736793671425,-9.526115330550894,-0.4998472674985232,-11.246214293558035,-0.47735671609575353,-12.35271628863798,-0.1945376901907011,-5.325163892210573,-0.2203573149961586,-6.489339143095602,0.0,-0.0,-0.20577601201340756,-8.374711265682016,0.0,0.0,-0.18378945818766115,-11.02112980764456,-0.08483128864043794,-13.863649885580406,0.0,-0.0,-0.0,-15.64055169716839,-0.0,-0.0,0.0,-0.0,-0.0,0.0,-0.0,-0.0,0.014816261138973087,-16.2648708663897,0.1281837750565138,-17.213676801327466,0.10182740057095802,-14.870973508318135
1 3 6,-0.0,0.0,-0.0,0.0,-0.0,0.0,-1.8168600478832724,69.90371523194229,-1.776862427171236,69.44123569915097,-1.5717684216982972,66.94974228708676,-1.0895499495722705,60.12498740258125,-0.23135286747201045,-2.1669151182363975,-0.28030512643865824,-2.1309070106707693,-1.7023215118274138,68.55952948840404,-0.7917552350974907,54.86489880277404,-0.41236266567216473,38.30313576956138,-0.37767423593321486,-0.8202018353074265,-0.48002550620930307,3.450690254091731,-1.3659316128808756,64.22410664217432,-0.4255486753528471,43.5957431544751,-0.5511825496197933,49.14635538613992,-0.42830413987317545,11.133469727083613,-0.3035553810948746,0.0,-0.5970990295913147,27.218766054373674,-0.6375247903029122,21.15302279246116,-0.613033105383455,31.20038452172521,-0.5610979315514163,36.68180855278042,-0.36058407542235377,5.93304701900357,-0.4014244274348487,13.725839965443503,-0.0,0.0,-0.419696292919531,21.854187910993314,-0.0,49.69552352353266,-0.42240652759087277,29.454432114422634,-0.36871650159276054,35.70118230256079,-0.0,0.0,-0.3220283754333218,41.104825002034744,-0.0,0.0,-0.0,0.0,-0.0,19.113839026927142,-0.975182898202363,2.6829814318164114,-0.3360802819081829,47.23918487722337,-0.5261263622975396,51.91477290651143,-0.8532287354739276,57.362421755578325
2 1 1,-0.0,-0.0,-0.0,-0.0,0.0,-0.0,0.0901645071525959,-14.564017731565487,0.11415353558552112,-14.955912923898131,0.22629639888283354,-16.678664942049544,0.40912967569375464,-18.619901384069227,-0.04699017057734221,0.26913286399141184,-0.0598786218995361,0.5460110890775244,0.1570519480724625,-15.63845462347188,0.451464080211561,-18.007813185111765,0.21005377304414907,-9.102995882599119,-0.09332007697828337,1.6894423666374185,-0.1121015746617673,1.7717124598699685,0.31921964006086007,-17.89296359372076,0.32800242082859227,-12.601525373730116,0.4202385799927732,-15.825746038356149,-0.09703912782993654,0.5780751482247786,-0.0,0.0,0.003915261773473408,-4.050040796043777,-0.0284686918123497,-2.3082785664837724,0.030777113341555837,-5.270057763722313,0.03882397058403964,-5.3975126177853054,-0.0,-0.0,-0.0,-0.0,0.0,-0.0,0.0,-0.0,0.0,-0.0,0.0,-1.1793214640808438,0.05842989628753259,-4.624798457762841,0.0,-0.0,0.20988875839345852,-8.897593220860632,0.0,-0.0,0.0,0.0,0.0,-0.0,0.0,-0.0,0.3211366593815681,-12.46349224733795,0.3597528749153255,-14.449696168598853,0.34344047003244776,-16.008673319162284
2 1 2,-0.0,-0.0,-0.0,-0.0,-0.0,-0.0,-0.6262523238350357,-161.95253724511832,-0.6101487416112273,-159.22997567637765,-0.5333946653252641,-145.35024345345184,-0.39740722531175615,-112.71026216747036,-0.30918165953733623,10.993688479567037,-0.3205864814117964,11.369433702283306,-0.5811018297458036,-154.1712517345017,-0.35309464313668487,-91.25726335736859,-0.38407710958128555,-35.790184947101025,-0.22957602019504972,7.176824169796434,-0.10607595571222334,-0.3798419263085916,-0.4670463261803558,-131.49083611453275,-0.3725395441249483,-51.490183971933476,-0.3504505354642904,-70.1938103225171,-0.14336630388459412,-1.29626882394972,-0.13552466930773313,0.014701300504489184,-0.24567144618316786,-7.250503565257562,-0.2075261842752649,-8.539536015576735,-0.2936339478890852,-6.435738884964551,-0.3639991429196045,-9.738229538616306,-0.13763982373968842,0.0,-0.15117296180700376,-0.31765847979431827,-0.0,-0.0,-0.17980281142471702,-7.335374731058522,-0.0,-0.0,-0.2392724589434498,-16.157000496950594,-0.26786489522123413,-28.08267592541956,0.0,-0.0,-0.2458362936563586,-44.32625229978681,-0.0,-77.39717924135782,0.0,-0.0,-0.0,-284.7644949149284,-0.0,-289.32408403026807,-0.20685495174635413,-63.21770006860977,-0.17988423435353554,-83.11252934839962,-0.22525795136964802,-106.94464178100053
2 1 3,-0.0,-19.979318889391255,-0.0,-0.0,-0.0,-0.0,1.1903997026882276,-0.9276218545894895,1.1356385171411723,-0.5292765720976341,0.8639544439188462,1.5257779324279395,0.2913300813287177,6.241314905718124,0.0215117644519046,-27.253955370045336,0.03339377923436145,-31.09823142431533,1.035105621640513,0.21574521727264417,-0.008182339049374177,8.577809044184159,-0.2743095603427145,-1.7852350486750128,0.030846296722555913,-34.755317708171226,-0.08636397678402224,-34.99697567945268,0.6075363297545018,3.585308253351243,-0.28714688692011653,5.55088795675476,-0.20974469687023994,8.893564071100423,-0.17262243875781963,-37.24499183054823,-0.0,-33.052110615006555,-0.17069825844803227,-39.223975769030474,-0.08330113318221971,-32.706993371881644,-0.24023107008325015,-43.08094998225008,-0.28147809720042016,-36.602937383031765,-0.0,-33.74736006890507,-0.0,-31.515196649092,-0.0,-0.0,-0.021088292123234348,-25.790163935616395,-0.0,0.0,-0.08400235198855165,-16.161014386460618,-0.14336717316538625,-4.387262433267234,-0.0,0.0,-0.17402113187714116,0.5899800813295453,-0.0,28.927125544278855,-0.0,8.030115773840825,0.0,7.219370845982083,0.0,36.08096897102021,-0.1291140486302573,6.930868203631637,-0.0,8.220877952341157,0.05966087849052124,6.8990417973002245
2 1 4,-1.0641109960833344,60.835760080770605,-1.3610285296812066,89.79051018042867,-0.0,116.21033260528772,-4.731924642133484,178.84763293549904,-4.647461679509016,178.353222184362,-4.23058743861738,175.02786889515522,-3.3646754823904788,161.31380112596884,-0.6311799276667638,-6.196301801882287,-0.7714534143575027,-3.1523674916827487,-4.49276972287024,177.30023943264197,-2.913321656371994,147.54271433459706,-2.2991851233453575,99.55189965042754,-0.9586299237667832,3.402876834445063,-1.2288247178918439,17.92849178918026,-3.8407595727859385,170.26341284211145,-2.405639540322276,114.5027289548076,-2.588588225274537,130.91770867934744,-1.5147418435666105,34.79432194674891,-1.1316841960471782,12.304233897756118,-2.200494155432598,76.595754261724,-2.0754032892551257,70.28582987210818,-2.327459246359817,79.53289467449909,-2.3839261089588963,89.37625473911187,-1.4290402705289316,28.116965017073266,-1.7320713268282426,47.365758582904334,-0.0,125.46637940067403,-1.9920036839992723,66.19832983043665,-0.0,200.54268066959025,-2.177721582676792,82.48324883738793,-2.313987796569108,96.06191052168995,-0.0,226.6557874441945,-2.4457138832576932,110.09322550471535,-6.196958657038993,222.47251554146195,-0.36094169708406104,217.69717188236706,-7.900610637725391,220.46524434937058,-6.666441616008187,133.4390086520686,-2.5648907518307453,125.81108204662375,-2.816113958838731,142.06022634544038,-3.2028607093945496,157.127238792564
2 1 5,0.0,-0.0,0.0,-0.0,-0.0,-0.0,4.215632627505323,-157.74144147558977,4.122574220312533,-153.85608302176897,3.6523629948516696,-134.5227629252112,2.58235951577683,-93.01296693157866,-0.6434527762994119,-11.588438941958115,-0.6157176298148951,-11.184900834377776,3.9503497664534044,-146.71452978921843,1.9163333111689718,-69.82199501990407,0.45372360629988917,-29.68898847396177,-0.41105974618333346,-13.39441453769948,-0.025701711332876787,-11.781241458139643,3.1910536695193863,-116.1305712860074,0.8045045133805035,-38.20374039964044,1.3016800283045002,-51.147145337685195,0.07803083714614023,-10.541811200914987,-0.21163640516950524,-11.086127915343964,0.3317277642533714,-16.790227650707138,0.2809370435705043,-11.931301541107802,0.27991599274965706,-20.08370411044722,0.3211983751268818,-20.313378754233142,-0.052454614450947214,-12.940930595926295,-0.0,-14.94127439773253,0.0,-0.0,0.0,-16.406975529894858,0.0,-0.0,0.06628341420686776,-18.776221356533938,0.2349655124413842,-22.634684393114917,5.2695049752146605,-0.0,0.5301472765467615,-29.601997831939233,1.5089719131168706,-0.0,3.6334354148179178,-0.0,0.2210147102272812,-0.0,0.7277339753180186,-85.94457997202171,0.9869648024603493,-40.18040026333219,1.5909331017860346,-57.26160236348403,2.2503956383168133,-80.23094763821688
2 1 6,-0.0,-0.0,-0.0,-0.0,-0.09515678607088614,-0.0,-6.026658286988459,-30.023671773548738,-5.958182104611389,-32.35966098948353,-5.6039188109551805,-43.773713273767044,-4.7271811645597515,-66.07933779775962,-0.36387874943375936,-8.199250699139188,-0.4135824808748275,-10.000844695135468,-5.83010305682179,-36.620143487204466,-4.104430057323749,-75.22793436070009,-2.2153436047415433,-59.053680207221205,-0.5391519184631207,-15.513342846271124,-0.6135011173638203,-20.490125728895396,-5.240158333558221,-54.16850208869981,-2.799046168771544,-70.89719924180528,-3.4419484246568985,-77.21925231114194,-0.5983868057370975,-20.33378111321978,-0.532179585532198,-14.658402743006198,-1.092431527409165,-28.598660730451876,-0.9190499276032142,-27.30746162192698,-1.2914282675230742,-30.48792616350166,-1.4129191022928755,-32.82287750184381,-0.6809739490737055,-19.15731266984398,-0.8890128773233468,-24.463707586372248,-2.1671609618809278,-0.0,-1.1599342425544665,-31.17569104819576,-6.626614032150155,-0.0,-1.495828762660525,-40.27577166810233,-1.943690562511763,-52.19485790351716,-12.124395907222489,-0.0,-2.545101499494406,-64.99697870536286,-14.978571161547656,-0.0,-11.536499437708704,-0.0,-14.675867264893723,-0.0,-12.703798480283776,-0.0,-3.2089084413121434,-74.534404665747,-3.8977030499895227,-74.86297759815514,-4.671794705311428,-69.05153546611352
2 2 1,-0.0,0.0,-0.0,0.0,-0.0,0.0,-0.37501190072428653,-19.91111461768024,-0.3808035739324277,-19.577432820061315,-0.4059541135428655,-17.85259510062784,-0.43005929451072866,-13.611968789287783,0.012527529399117573,1.5042831155614673,0.013576755345252533,1.4764580405063377,-0.39084362047829824,-18.953498914219814,-0.4119299017745337,-10.657420218369904,-0.21386581470862437,-3.0206611976902447,0.003381135661403497,0.10999480625674865,-0.00293267119501333,-0.6692336304294356,-0.4228336021202007,-16.0863851332787,-0.29156596606839136,-4.988448895652913,-0.36253969551726795,-7.641389765568669,8.952655944388993e-05,-0.9554493086305033,0.0,0.0,-0.008095307330559123,-1.6391715430665736,0.001508183809538718,-2.4103639556088208,-0.022271744223668455,-0.8013233936564542,-0.05137915490971566,-1.0203252324750163,-0.0,-0.0,-0.0,-0.0,-0.0,0.0,-0.0,-0.0,-0.0,0.0,-0.0,-0.0,-0.05044472888600251,-0.0,-0.0,-0.0,-0.1352425087447226,-0.0,-0.0,-0.0,-0.0,-0.0,-0.0,-0.0,-0.0,-0.0,-0.21820317930938554,-1.3274287714661857,-0.28199359891000636,-4.296172558120821,-0.31226052334555143,-7.128755797403376
2 2 2,0.0,0.0,0.0,-0.0,0.0,-0.0,0.6695666931232366,-21.288353460086736,0.6918911817606919,-20.433601051044025,0.8002169812031066,-15.848988300587058,0.998782020875762,-3.7036963611253926,0.3767011700724964,0.04219410018406523,0.4133103951290446,0.7443288587258051,0.732504109539991,-18.806626331850797,1.053093851285478,4.778522632537538,0.6395010775564121,18.17337390677947,0.31133297582897745,6.633064456732074,0.22447194820384256,11.188009727485177,0.8964983095863478,-10.90160489498,0.8467281691801699,16.831568648140173,1.0041306719794953,12.287793451137018,0.2769642981380531,15.441960856741042,0.21665874559721962,5.321415596426938,0.26718889098100634,21.780486521694293,0.3266899560988731,22.888804970785362,0.22868710106636808,17.18579731445179,0.2432149562555282,12.766010788699795,0.2079101242105998,8.46535920137968,0.20061962896081523,10.546481998865946,0.0,-0.0,0.19643666964866408,11.717518829727936,0.0,0.0,0.2821706154793806,12.144043746098907,0.4668819448005936,13.718528594957306,0.0,0.0,0.7029293082716112,13.374190036607104,0.0,0.0,0.0,0.0,0.0,0.0,0.0,0.0,0.9019550247675087,10.127682829881556,0.9845774406265904,3.485472775303609,0.9598960459870419,-0.0
2 2 3,-15.660304205554734,10.501160302955174,-12.682792225870587,0.0,-11.466377954916679,0.0,-5.881091555921032,-48.47650686625085,-5.860957255932398,-46.344236394691436,-5.753471899115314,-35.697598914691866,-5.454610667820449,-12.419993226332638,-0.7693777783864824,-0.8968275988409601,-0.9606062362120724,3.292547091983127,-5.8227713150212415,-42.41926874782131,-5.200146387712825,1.266439632273358,-3.9775697007032953,30.88415909746387,-1.2893163117206132,19.966320438923706,-1.6877349665136034,26.858005440153246,-5.63608514104207,-25.484209380609112,-4.462734659996058,23.310943345615794,-4.870478941058956,13.40948763188411,-2.0075175811586226,27.481527666803206,-1.534773835439758,14.882921347631155,-2.755247605368946,42.18519378030836,-2.5558966168068635,37.07397421262266,-2.916898003971194,47.17375956254006,-3.15397853618235,50.91157007122792,-1.9226765694631305,22.598472605054315,-2.362248893849979,30.756399676162967,-12.980112973431416,0.0,-2.8497342156124335,36.5354510024195,-13.401483979987205,0.0,-3.3796099623874567,37.146460826338654,-3.942120398997789,33.81977189167138,-11.226551369156947,-0.0,-4.462811604497387,24.74528123474189,-7.423076242133055,-29.35009515185353,-10.907810257913711,-0.0,-5.741644145392265,-30.115448041342212,-4.556709715172675,-51.82424002121219,-4.891282919200167,13.677224689912043,-5.2300247534435185,2.0336994905369177,-5.507726540056826,-7.349327475254003
2 2 4,-3.35288818545088,-0.0,-5.281938247567621,-0.0,-8.465543821251549,0.0,-8.40283756521111,247.53993665688427,-8.273438145794819,242.86586716247314,-7.6159050326415025,219.1753299121288,-6.093375915524968,164.7684692102688,-0.9690978202486588,-7.293922717183059,-1.0685883917507806,-6.7446490749972146,-8.033340097780938,234.20320968615502,-5.127508495188574,130.56687170430604,-2.8621376561031373,50.29779695416995,-1.07107579910183,-2.7721770726878776,-1.0920082733630172,-3.3121698121542957,-6.964200548223515,195.80580642154965,-3.475321370730991,71.96225620284508,-4.227052937649381,98.7175052600917,-1.2530023947369664,-0.07880583258771275,-1.1943115816412366,-0.0,-1.5425800461330537,9.459645334517472,-1.4562945503955491,4.505127352204686,-1.6668155134325986,13.167658797723247,-1.9570501372711584,20.351256352942492,-1.3507130828894045,-0.0,-1.5589475471255498,0.9742559783775737,-9.93612771419508,0.0,-1.8293917656676542,10.203100747395446,-8.18473683606724,0.0,-2.215358149169471,22.301613153620128,-2.7003075830248924,39.450128602597054,-11.327264689031022,152.42100217490042,-3.2366894629668885,60.19280936349551,-11.445649799961748,455.0413676250976,-13.801607768608974,367.5680884929942,-12.155565156187075,371.4515320370772,-6.511862045547361,350.3687722706951,-3.9369310284340675,86.98347213646781,-4.790688698624079,118.29519726219797,-5.815137212346967,152.2837666406397
2 2 5,-0.0,-0.0,-0.0,-0.0,-0.0,-0.0,0.25695702389904695,99.62902163645617,0.2201552746280631,97.50726342842012,0.02369505940263922,86.51818206689289,-0.49041882634166895,59.92029661975767,-0.4438340990288001,-7.344446103457559,-0.5301929242303254,-8.273050548114647,0.15026018702715982,93.53440575593434,-0.8463335614317467,42.61258878611352,-1.4505954436975423,4.838516123035165,-0.6950758817857869,-9.908322591213235,-0.8382326051766188,-11.09876030203303,-0.1867130862880649,75.30502678111388,-1.3707233018483933,14.205234967490224,-1.1647578115672343,26.753519015388733,-0.8947480000074356,-8.046324179393578,-0.7324899605074048,-6.460122762558407,-1.3659455425932114,-9.72034355334227,-1.2769988648215314,-10.365039993158195,-1.4649088326566173,-9.91331964952903,-1.571530338055446,-7.631002578299048,-0.9115571505679309,-6.893592024945729,-1.0938185411110237,-6.3368774682849915,-0.0,0.0,-1.258140037102313,-4.462744616053803,-0.0,0.0,-1.4088457235850271,-1.2405114224954863,-1.4582480239190303,0.0,-0.0,0.0,-1.414061829718987,5.301221475579666,0.0,18.14387447130033,-0.0,0.0,-0.0,206.87965569858306,0.0,241.7123674039781,-1.2468010782158647,18.31804759969802,-0.9262507958617539,33.47699013454353,-0.5710021342686749,51.74319332398159
2 2 6,-0.0,-0.0,0.0,-0.0,0.0,-0.0,-1.621356871687406,99.82997627311762,-1.546494996261662,96.89771840060965,-1.1752143630611123,82.19863595176162,-0.3929184241462555,49.84723302221152,-0.18870733406340667,-6.6886436505715245,-0.21119659887921016,-8.30518134809149,-1.4090843614404753,91.48990712000676,0.016342778240985626,31.131861083544663,0.311338520060787,-2.1264904964328317,-0.21105302153284144,-11.987838718183367,-0.19117798009370277,-15.784767919247587,-0.8249277143004433,68.01796960319062,0.37399723854478695,4.966776265891657,0.2879831107890102,15.70300459672528,-0.06955981419495458,-14.169738756302273,-0.04981381022409343,-9.314822793843161,-0.008690304849857085,-15.621490155273024,-0.06701502884305356,-17.66776297323529,-0.009343415736024886,-14.339163311012962,0.0945640997696836,-10.4509963397105,-0.013742705909172688,-10.564116883921349,-0.0,-10.328008105987205,0.0,0.0,0.0,-8.631502477849066,0.0,0.0,0.0,-5.513098067041824,0.13932985335334508,-0.2886743818266324,0.0,0.0,0.2689382455360123,0.0,0.0,0.0,0.0,0.0,0.0,0.0,-0.0,0.0,0.2841350329151098,6.852436729931278,0.07718848354258007,21.40851715813967,-0.09796342427127068,40.77367130259686
2 3 1,0.0,0.0,0.0,0.0,0.0,-0.0,0.6241161939843582,32.46423729104389,0.6380663586724613,31.529787381041235,0.69663703027506,27.090039525020348,0.7381757205581297,19.12690248446269,-0.06174766901879666,1.2969859752640476,-0.06286672397985908,1.5879983545589158,0.6619054570185863,29.84728550453611,0.6796912000968052,16.071989630178553,0.23005012129806446,13.952091504618874,0.00028810087302033697,1.5705002438358646,0.025293931855791745,2.2700235123852273,0.7320576016991153,23.251843672259344,0.39211009868228863,14.36347197490106,0.5532620032885572,14.711797984336762,-0.03213483958607088,3.946241095869034,-0.0,0.0,-0.25321841205634044,11.50000715036952,-0.1785600186393814,8.58266000434473,-0.2848889088590253,13.711321859741867,-0.237926946247793,15.812406161321803,-0.0,0.3055121275100872,-0.0,3.075054714093817,0.0,0.0,-0.0,6.040050677997708,0.0,-0.0,0.0,8.123342397964334,0.04647628493679939,9.165521187665695,0.0,-0.0,0.21228825433032447,9.958548726120586,0.0,-0.0,0.0,-0.0,0.0,-0.0,0.0,-0.0,0.39686735527201084,10.017413541014143,0.5574502701418611,10.890206091805073,0.6302951750283059,13.20989084794369
2 3 2,0.0,-0.0,0.0,-0.0,-0.0,-0.0,-3.22143715292081,-40.86213579012171,-3.1303072926248214,-41.00116374800542,-2.6725973723184255,-41.828431302375954,-1.6584013031649145,-44.264894811733306,-0.2848326209595121,2.4322459415460305,-0.3040994703397563,3.5551753795930625,-2.9620937529165228,-41.280312477948925,-1.0654413737475517,-45.41015487468129,-0.04373629977649009,-28.545150937031575,-0.08459615978251034,5.961998671370249,0.08874687686447448,8.110425051259293,-2.229387071684268,-42.82092457896369,-0.2372917106669455,-38.85662791648996,-0.5730465700439451,-44.33182580060485,0.06200634894817794,9.424310468809512,-0.0,2.061994596303281,0.0786846124517043,10.456757100657818,-0.01501877687437923,11.885980967218407,0.1393831401797955,8.337521342311161,0.1891082502626769,5.253015938277141,-0.0,2.9686827863273284,0.0,1.6343654375177128,-0.0,-36.15640547336947,0.0,0.0,-0.0,-47.51031893774601,0.0,-6.816772787130317,0.0,-21.87028418687314,-0.0,-119.74988656591304,-0.007191146234869092,-34.92937996339883,-0.0,-0.0,-0.0,-0.0,-0.0,-0.0,-0.0,-0.0,-0.31532177245107657,-43.57677516542602,-0.7828102396543665,-47.032980701753274,-1.4134664883254195,-45.608558976166556
2 3 3,0.0,-0.0,3.6204324010430544,-0.0,6.182778584481452,-0.0,2.583925025785966,12.278994771574682,2.5948732631625933,11.121454345775035,2.646186093147657,5.360198491707057,2.723855371826267,-7.042649071666927,-0.34986192860217336,-0.4524486748218879,-0.3444230090825771,-0.5216442773423176,2.614492891629949,8.99369720567026,2.7183381106112385,-13.975450404264793,2.1131563010586683,-22.119779133000833,0.030503490134119224,-0.571689921453371,0.4248487037109934,-5.106211085901551,2.688105542346131,-0.12720386060428454,2.427987957326752,-22.048386842473718,2.6295730790756062,-19.29994669490335,0.6011165077612827,-10.15296830241212,0.03443961251214479,-0.6536107417504801,1.1771412446403442,-20.875867982156063,0.8967923319179109,-19.70890012053277,1.371165746999064,-20.71119307807704,1.5775455737118351,-19.28740582642979,0.33011991015373826,-4.468523244086445,0.7014022056845785,-8.604684153521195,5.882733493955333,-0.0,1.1602858740314579,-12.528016960353057,2.4865481143161294,-0.0,1.6082561777422426,-16.076298371253795,2.023919209544447,-19.310706446962524,3.2362478158168875,-0.0,2.3358636467359255,-20.813500198429836,1.2672630274660763,0.0,1.5212626647921104,-0.0,1.7385777025149458,-0.0,0.0,-0.0,2.5850695065735834,-19.335675376625076,2.6700464532507757,-14.551276042832551,2.7106079972823585,-6.6849503830453685
2 3 4,-0.0,-0.0,-0.0,-0.0,-0.0,-0.0,-3.8398091889266475,-92.41077413017801,-3.75370729911637,-91.95974552110727,-3.3130710138852293,-89.26212778497988,-2.2767864239291375,-79.47464970147655,-0.3527854738850777,-2.3730714649573073,-0.43279231827279696,-2.698683195228429,-3.593404419930405,-91.05676495665878,-1.6189978739040878,-69.20366425065951,-0.3820227435654814,-19.55007509011744,-0.48728556769470693,-3.1546004966954317,-0.5686167786029176,-1.8884317208240387,-2.871643007898387,-85.78749417641062,-0.6107521879259958,-37.25141594490785,-1.031948135993105,-54.720041337350395,-0.5530152944334967,3.8812479691254946,-0.4233412805596513,-0.0,-0.5491177690832668,16.094448520080455,-0.7198110736055858,11.146616188424435,-0.4370579227025414,18.30407301632458,-0.2938156727240611,19.042015036154513,-0.4474482741761566,0.0,-0.4034568151048818,0.8640745504420777,-0.0,-0.0,-0.29137671126841524,0.7707185236338991,-0.0,-57.01946399155484,-0.21238209985089407,-0.0,-0.21431522016385554,-9.009553708814156,-4.039660301443385,-1.4043643182021286,-0.4080579695323154,-27.22237892424249,-6.548047998273657,-0.0,-6.180331772763922,-0.0,-8.864242445831994,-0.0,-6.7212958612926865,-78.42653429778149,-0.7947144633769864,-46.83218476925245,-1.339086034784883,-63.63826055660956,-2.096568098767723,-77.18554873455442
2 3 5,-0.0,-0.0,-0.0,-0.0,0.0,-0.0,1.650126162149186,0.6215310067403523,1.6399671982915944,0.42328021150451667,1.5816457249347422,-0.4580352805524295,1.3907834426700243,-1.5341353412644523,-0.25918798456442,-4.98698471897585,-0.31751779033067157,-5.930982511378324,1.6200179469781768,0.07638941500837625,1.2094521006253915,-1.3229536305067264,0.37223133772586603,2.83529998193631,-0.4002653045200962,-7.012409335615501,-0.4660856801635059,-6.777150404900946,1.5109590568277993,-1.100216556874207,0.6826411086613967,1.2694572602567329,0.969220599988248,-0.30134996682072773,-0.351657881618412,-2.2289913220065336,-0.28094720266167916,-0.8704575444233245,-0.33818274602624293,4.782574344567871,-0.39474126303892876,1.5450222181817592,-0.33360704962633675,5.971597230378536,-0.22358521143037288,8.027317388964576,-0.27882031422453635,-0.0,-0.227494651273805,-0.0,0.0,-0.0,-0.1209331447094936,0.0,0.0,-0.0,-0.0,0.0,0.08377060350700355,0.0,0.0,-0.0,0.4435817974351427,0.0,0.0,-0.0,0.0,-0.0,0.0,0.0,0.406781392101961,-0.0,0.7624892286763187,-0.0,1.0657686878933985,-0.0,1.2309465441020537,-0.0
2 3 6,-0.0,0.0,-0.0,0.0,0.0,0.0,1.656883512596017,47.93976917066139,1.601259820684696,46.94992596976399,1.3196377073705705,41.937601041839926,0.6768243689760445,30.422401593119627,-0.18279684313277336,-1.4900534085866342,-0.22246290538477595,-1.5112273174566677,1.4982186203791183,45.116369134356525,0.28247677519504205,23.189304162559306,-0.3747283900833949,10.186520907088195,-0.27095502765526713,-0.4525259748984907,-0.29760415709093524,1.5968482945836924,1.0425449043813808,36.99528461567188,-0.281927757305682,12.252429443442264,-0.05740210809086955,16.72098734937176,-0.21283018759445396,5.257239520731041,-0.13003006604664305,0.0,-0.21661111774032946,11.701616619755418,-0.24559800013666952,9.380527953052407,-0.23813857426058452,12.71109052804834,-0.20977919668242007,14.659488356237725,-0.1229543720024316,0.0,-0.11764745072770762,2.7757381794166274,0.0,0.0,-0.15695223067708883,5.2505257341236575,0.0,0.0,-0.22960143156685495,6.663224341088396,-0.2670930296254446,7.417913164495135,0.0,0.0,-0.2225270312071277,8.420803268638007,0.0,0.0,0.0,0.0,0.0,0.0,0.0,0.0,-0.039484234878016625,11.677021331222612,0.0,17.562749516027434,0.39689754191248244,24.170819916235512
3 1 1,0.0,0.0,0.0,0.0,0.0,0.0,-0.002069520692269844,5.228800004102092,-0.004816286822133641,5.0618789390926375,-0.017594629212910582,4.226732283912743,-0.03789440525207034,2.4212468313453304,0.007927713628306474,0.5502746656491342,0.009303282625494097,0.5803761253356747,-0.009717887717184896,4.754242267852236,-0.04183589196555201,1.4459643916308613,-0.009674111767869661,0.5431755030031864,0.0112810100144696,0.562384122052495,0.012907048088565163,0.874445904142652,-0.02805741482149744,3.4266069991291896,-0.024627867879430738,0.5044068744103696,-0.03686781454822984,0.7722933588926902,0.013279202237730396,1.0747460245205287,0.0,0.0,0.012787560259211883,1.1813065931995959,0.01113081820709431,1.0823189115197396,0.014034241459684075,1.2073601847195552,0.01608359635600404,1.0637047784615292,0.0,0.0,0.0,0.0,-0.0,0.0,0.0,0.0,-0.0,-0.0,0.0,0.0,-0.0,0.0,-0.0,-0.0,-0.0,0.0,-0.0,0.0,-0.0,-0.0,-0.0,0.0,-0.0,0.0,-0.0,0.0,-0.0,0.0,-0.0,0.0
3 1 2,0.0,0.0,0.0,0.0,0.0,0.0,-0.31058526332136016,7.465374681128027,-0.2989086160327776,6.2953012286908585,-0.23802940100636052,0.6590431646341246,-0.08031387414367043,-9.814072143475594,0.21212133509452843,1.3758004490511127,0.22240543804291654,1.6362898426144814,-0.27700128878835745,4.174978811274535,0.04322455708892704,-13.725189613111269,0.43765043138179766,-6.6213792020048325,0.17917260366259224,3.1754304794992683,0.164471076980428,5.20755863286429,-0.17421035015297456,-4.331320362808159,0.3305365696597788,-11.492418528312085,0.18776752876393926,-14.324155054961393,0.2470265731367103,5.63860328213373,0.13302486287831844,0.0,0.5164360785433851,4.464864673433414,0.4131754542271405,3.873385877602263,0.5920929808858226,4.360098149352749,0.6432401653839962,3.5359729977231393,0.19517243208710616,0.0,0.27430957624739855,0.0,0.0,-0.0,0.3504622979203103,0.0,-0.0,-0.0,0.4002053567513849,-0.0,0.3699357952607948,-0.8457744091800794,-0.0,-0.0,0.2734208233550073,-7.545054261298442,-0.0,-0.0,-0.0,-0.0,-0.0,-0.0,-0.0,-0.0,0.12408833097276062,-11.608619400109802,0.0,-12.30328677275386,-0.0,-8.405573299766559
3 1 3,-0.0,-0.0,-0.0,-0.7279026446551675,-0.0,-18.729402043054563,-4.3061821157650755,-215.65510033730345,-4.256526429745578,-212.4563192902368,-3.9950835146616557,-196.30095707388458,-3.322945049992094,-159.41159627909855,-1.0410709833879002,2.856914091123188,-1.1350148608184656,3.2847685832276725,-4.162867455190843,-206.53814919817276,-2.8419747443681143,-135.99546414188535,-1.6430621350193133,-74.92976777014032,-1.064037088051142,-5.057197873542503,-1.064053390340506,-14.348646667665802,-3.7195754513768695,-180.44131205884605,-1.9499599632112423,-92.95372461729909,-2.358955541193219,-113.3443027520528,-1.2039689666455227,-19.868426740238448,-1.1842869890318857,-6.484269278196625,-1.1487031207767837,-32.61421715898347,-1.2749743183103917,-24.67672580403738,-1.0900835027106563,-37.33754322056744,-1.131995952497809,-44.799980022226535,-1.2238181336519933,-14.567918633688963,-1.2309380039340914,-25.340583302078183,-0.17223520806656054,-46.88248866722145,-1.2593281072057367,-38.9945190460405,-4.080957201536987,-171.55763829887624,-1.3926046736764115,-53.619814029711705,-1.591817214798065,-68.82439904439924,-4.459021775843308,-305.88379633436904,-1.8326210291940181,-84.9797655645633,-3.4366065049106744,-558.8129525033071,-3.5880533824151457,-448.70405318667326,-0.2639080274608449,-439.8672633664333,-0.0,-364.8600296391451,-2.2155922802807133,-104.61103225020747,-2.6516432739934475,-124.84389895381234,-3.125225343633011,-151.34758972162726
3 1 4,0.0,0.0,0.0,-0.0,0.0,-0.0,-2.1851129212936047,-40.756680093713996,-2.187305628362811,-40.63509195679885,-2.180752816355922,-39.76848101132638,-2.024414833297698,-35.63294354270817,-0.6124730847551589,0.01019582994976115,-0.6437629541271477,1.180073094563697,-2.18845006404163,-40.36885756135404,-1.7835475421247367,-30.646517831087916,-0.5035319316013893,-3.9703060662581637,-0.4846772990410355,3.2077448596957074,-0.205385628701921,7.916218398510518,-2.141053389888381,-38.423416728120614,-0.9548694249845654,-13.895097167609892,-1.4110435860156778,-23.213984502548104,-0.057255664880634785,13.249586021933363,-0.2862725703267248,2.1793736050730277,0.31820349510904367,25.18725417455573,0.12335983743685662,22.66563184006394,0.41159978282889875,26.46740694977558,0.50893431502072,26.876451706804176,-0.12247954811544823,6.2031924889983125,-0.0,9.526890665911361,-0.0,-0.0,0.0,9.449484211888015,-0.0,-0.0,-0.0,4.344051405599171,-0.25554534123027706,-0.0,-0.0,-0.0,-0.6881403099367821,-7.080132108059873,-1.1367643298792192,-0.0,-0.0,-0.0,-1.033742884807541,-0.0,-0.0,-0.0,-1.1645906708799654,-16.959026183804255,-1.55054656633308,-24.95783218579606,-1.9183214111769453,-31.261151827981976
3 1 5,0.0,-0.0,0.0,-0.0,0.0,-0.0,3.872959726612595,-75.48793158749399,3.81554106757542,-73.84443640533155,3.516065756650895,-65.43607229043266,2.7662836716649974,-45.76416083197883,-0.22809210269765823,-5.6543220006976735,-0.2426344642211488,-6.9848275013942525,3.707713717933616,-70.78469179494698,2.2439711388658625,-33.450960186949224,0.9143729827490766,-8.5971292387924,-0.17856226566920225,-9.485596690911606,-0.07943535363492332,-10.295067110898263,3.205423047219778,-57.029218718718674,1.274634533588273,-14.322242795005673,1.7240656500407026,-22.545013512917848,0.11431019347171789,-6.061810825964757,-0.0,-3.5901256347162254,0.30242971387632706,2.0504011063569485,0.21017464867664962,-2.395363010888666,0.3318627406492715,3.8509809366666143,0.5335746171626217,5.2911816285605315,0.0,-2.430877146122161,0.04574909009281962,-0.4825847972397074,1.0935670081750002,-0.0,0.25179862986048096,-0.0,3.3761527043716186,-0.0,0.4757322857245894,-0.7163472673233088,0.7720911173560479,-4.446748621150639,9.059978346109066,-0.0,1.1104077896158002,-9.685601959579529,13.081791970361124,-53.348416904733156,9.390014960114257,-0.0,11.162462590395053,-53.67792643279123,10.484995608683825,-16.097829804791303,1.5454479083180273,-16.38552526721393,2.082580559344304,-26.804669914203284,2.6200913065912643,-38.73456346084501
3 1 6,-1.3476050966061779,-0.0,-1.312718590623754,-43.362103945574326,-2.5755944345346693,-0.0,-3.3269176723480984,-92.52216132314628,-3.3138007652516563,-91.7103355338685,-3.2409196750409417,-87.50157409297927,-3.0238457362411886,-77.17511383924528,-0.294819308786144,-4.660933093138652,-0.36611656972029405,-6.27731879578195,-3.288427016490681,-90.18986218251929,-2.8374974362998753,-70.12568794001312,-2.0137063655075336,-51.04008561079925,-0.5180002685281806,-11.217541670327703,-0.6974501837858307,-18.489936611463683,-3.157220679840693,-83.18601286798395,-2.3320622157896302,-56.76407729683055,-2.605696865674673,-63.08868758374519,-0.7142499292392404,-22.661703388590805,-0.5327718465810228,-12.65195803864279,-1.0902935904378912,-37.21930655522633,-1.038267407777491,-34.2857349770582,-1.1789566090615724,-39.70885898733535,-1.2469262051880492,-43.35466439368184,-0.6872833250606617,-19.423643900265336,-0.8790579348197888,-27.22785192777548,-3.6020493095431485,-0.0,-1.1618814032896667,-35.55484565820246,-5.539623962434649,-0.0,-1.5345746227726416,-43.2917078009349,-1.9336844145423553,-49.73631521523835,-7.830999756143203,-0.0,-2.2801368053329742,-54.72835181817733,-6.501076570747827,-25.557784790938726,-7.2099017617478065,-35.56094977873399,-5.936852741548192,-122.72338671762611,-1.2775405022758772,-190.61197555038237,-2.5593441398769805,-60.76304890907721,-2.7854925651261038,-67.887103507883,-2.93264008843181,-75.2824858236086
3 2 1,0.0,0.0,0.0,-0.0,0.0,-0.0,0.43719698096511617,-11.259177517359468,0.43244964813610526,-11.334302695746972,0.40682108722381244,-11.621999670654017,0.33755933817989037,-11.529816053897212,0.013250992981710317,0.8282070305792543,0.013419276080871621,0.9684419259015832,0.42338658565496695,-11.458202401699014,0.28775906320020334,-10.714624022492487,0.17679721023713532,-5.017629874847836,0.003631979071879045,1.2323722434739277,0.0017570723527102954,1.4095092920970653,0.378851157531537,-11.729167130354453,0.20566779927496454,-7.176773371328756,0.24112429622927684,-9.191028822554582,0.009584297864395,1.3310379336190838,0.0,0.0,0.07151495230114356,-0.2529853108605081,0.0391661199794373,0.3395396632625961,0.10230276871907652,-0.8680052036058122,0.12945676159906486,-1.4831531694079954,0.0,0.0,0.0,0.0,0.0,-0.0,0.0,-0.0,0.0,-0.0,0.0,-0.0,0.0276803402077223,-0.0,0.0,-0.0,0.06173841124796001,-2.314580196910847,0.0,-0.0,0.0,-0.0,0.0,-0.0,0.0,-0.0,0.09568660137905406,-4.553831128042838,0.1442191537085388,-6.341270271292039,0.19470187024462673,-7.338290319934866
3 2 2,0.0,-0.0,0.0,-0.0,0.0,-0.0,-1.1883409271480418,-4.5791312771359465,-1.170570906758229,-3.717123077562484,-1.0813463773689933,0.4255680537965564,-0.8777377888693656,8.048269369593116,-0.19198735676376044,1.7391088754701587,-0.19529390193664617,1.462225482130513,-1.1377917301626808,-2.1566692376922973,-0.7405102259228897,10.804614770463639,-0.2503370645734001,5.017034223398495,-0.06580369395049011,-1.7004664064249335,0.053206090582416356,-5.34850913792293,-0.9942399095997744,4.0753929432184215,-0.4164914073767933,8.774119561102875,-0.5864396236345494,11.064393832447047,0.010173157256570598,-5.184456859001249,-0.0,-0.0,-0.03274540663803,-3.2669135113843177,-0.06193713693564327,-3.4686214283415313,-0.008380263452423094,-2.7851303615229903,0.009071385676911665,-2.374550219374925,-0.0,-0.0,-0.0,-0.0,-0.0,0.0,-0.0,-0.0,-0.0,0.0,-0.0,-0.0,-0.06741856976455021,0.0,-0.0,0.0,-0.2653947303356142,4.247639782792453,-0.0,0.0,-0.0,0.0,-0.0,0.0,-0.0,0.0,-0.45279415244088395,7.461052469143016,-0.5975888243948448,8.277182017105732,-0.7496891904170521,5.63792325882551
3 2 3,0.0,-0.0,0.0,-0.0,0.0,-0.0,-2.132552629136862,-14.71031521639288,-2.0763954081205105,-14.936209289861873,-1.7935381858735833,-16.133254067255177,-1.1561336963233306,-19.115389430527298,-0.4544555000081822,4.59943406530484,-0.4830386323855737,4.760789117592756,-1.9726156036789297,-15.364002434944357,-0.764030016543065,-20.86739761658234,0.06725032119914191,-18.952954747389345,-0.27463139478069676,1.1463169706576402,-0.06499142962368806,-4.350979181358546,-1.517609852131575,-17.389231475572863,-0.11886797879788502,-21.119376970296884,-0.40493786767037127,-21.773593198513954,-0.03782981051009632,-6.475589988123024,-0.14609831547736468,-0.0,0.11770342634199965,-12.433271934903182,-0.03352118396641747,-10.249617953731754,0.21917087414849742,-13.094486281702917,0.28796328537752885,-13.766522919457888,-0.037982748613141736,-0.0,-0.0,-3.8562061484848345,-0.0,-0.0,0.0,-8.380845135440007,-0.0,-0.0,0.03745524890140997,-11.891060478590475,0.023896863930725157,-14.90920427071121,-0.0,0.0,-0.0,-17.151608818065583,-0.0,0.0,-0.0,0.0,-0.0,0.0,0.0,0.0,-0.13784260973184911,-18.2738517376389,-0.48141419109129385,-17.298713778253035,-0.9048354100264275,-15.709192134636503
3 2 4,0.0,-0.0,0.0,-0.0,0.0,-0.0,-2.952496327409842,-83.24826328662306,-2.900680933361363,-81.83387382602805,-2.628940406241018,-74.72159895441334,-1.9443087198338003,-58.89941602961706,-0.27851124723085685,-2.372077637775454,-0.32975716800543026,-3.449060316025085,-2.8031058582334585,-79.22164770159652,-1.4741704050660276,-49.50025741535709,-0.3993885623223804,-26.75830950444264,-0.3372202258208345,-7.143718349444174,-0.30309981650922596,-11.271539665789977,-2.3453181238773055,-67.82081270490606,-0.6602956474061137,-33.78892085178457,-1.0241793322332493,-41.117300647088015,-0.2102778439828845,-10.310677489368206,-0.17625423953651873,-3.663609179476726,-0.1139691740342734,-9.85096426597642,-0.20586601257953777,-11.268306167485845,-0.08682981004035262,-9.30241069041866,-0.027446825520173922,-9.974214665498204,-0.1343016948211928,-4.981080465170683,-0.06746477092313873,-6.575609232708788,-0.0,-30.84191561964741,-0.023779575739450366,-9.894472833534511,-0.0,-32.82211867222523,-0.060740150573979745,-15.157798326648969,-0.1784080756629021,-21.872945304377073,-0.0,-67.02919886713623,-0.4343105605481642,-29.47399235130863,-7.029791511110836,-218.28727436968774,-4.6070653074918475,-186.65726596797884,-4.083151002730666,-233.46944884611813,-4.022254699859745,-155.26812381062436,-0.7850988270066868,-37.61434562522881,-1.2238876953994073,-45.62457978522443,-1.7273569642168625,-55.07299033478318
3 2 5,0.0,-0.0,0.0,-0.0,0.0,-0.0,0.7509206601367562,-78.7153636143442,0.726817958974306,-76.62065734382487,0.6078853307183012,-66.11839468775722,0.35753956997574693,-43.29178745125703,-0.21709760519062382,-5.055633737189755,-0.23548931333201517,-6.528115424771569,0.6826906880474922,-72.75621222942758,0.21829371749105758,-30.82506958252264,-0.014502062284256332,-14.793061449252068,-0.19286693846495903,-9.819172357891011,-0.13281268793797124,-12.97064870027803,0.4962500771484545,-56.02386504256159,0.025664983317853943,-16.98789872534546,0.10353534190196557,-21.796582532512698,-0.0228982237697632,-11.581217561829325,-0.03525826400060897,-6.369182279355568,-0.06084739231793081,-11.23659419714994,-0.05672406983222563,-12.655530555817679,-0.09733467502427275,-11.012058291439322,-0.0006285809233828145,-10.91897614737373,-0.0,-7.4757031594545325,-0.0,-8.233979463770162,0.0,-0.0,-0.0,-9.366071686624672,0.0,-0.0,-0.0,-10.863897316587398,0.0,-11.816677265829936,0.0,-0.0,0.0,-13.396830619794773,0.0,-0.0,0.0,-0.0,0.0,-0.0,0.0,-0.0,0.0,-17.219616472801142,0.10241912795000756,-25.12025123832472,0.225657514152711,-37.05767177459577
3 2 6,-0.0,-0.0,-0.0,-0.0,-0.0,-0.0,-2.4831150566568225,47.71489907984755,-2.470680274503329,45.829833631414125,-2.401499077963596,36.39273986580719,-2.19720667202883,15.595497741772057,-0.23306136019181634,-2.2953139470195323,-0.3081840006716051,-3.277412495693297,-2.4466035353714504,42.3557856655505,-2.02768666766638,3.3577836774096976,-1.4174262884165356,-18.411272003969522,-0.49235133075388027,-6.236262724526788,-0.7388037976050021,-11.323510426517592,-2.3222078895535674,27.295246083837455,-1.6225238913591036,-14.299637066368188,-1.8301133279351758,-7.038618054899652,-0.776814202496692,-14.12270242850339,-0.5061431872141404,-5.240345479576542,-1.0992904083201014,-23.780049481027213,-1.0817656759515704,-21.895020180415962,-1.1332590593851675,-24.780648449669386,-1.1283202309302405,-25.352926383670034,-0.6499057868640872,-9.180101325195148,-0.7909389235867277,-13.350990303534978,-0.0,-0.0,-0.9465647569051,-16.665386981062262,-0.0,0.0,-1.099844050130664,-17.969680562586372,-1.25517773555862,-16.388248633613816,-0.0,0.0,-1.4508645500955166,-12.567588334153255,-0.0,0.0,-0.0,0.0,-0.0,0.0,-4.5450231920054085,-0.0,-1.7004977606958813,-6.2847172198075265,-1.9109037516127263,-0.0,-2.091560021308142,6.798175145427588
3 3 1,0.0,0.0,-0.0,0.0,-0.0,0.0,-0.8822953369665367,11.47603505451296,-0.8804079103298235,11.431031618324305,-0.8685348201330866,11.190414506849956,-0.8200281273063809,10.512634471103073,-0.04059739130968125,0.7307161233748332,-0.03715201176021186,0.7981113776190526,-0.8765380504618953,11.345643183423615,-0.764080072309274,9.927565569307935,-0.45095862695841515,7.301182642860195,0.013764933801058093,0.42802376163269756,0.07903381722843117,-0.017038179682528184,-0.8521056750928473,10.926056699435062,-0.5750854902526192,8.338760197266243,-0.6809849414649467,9.189773014213333,0.09918675577562208,0.052023882516987995,0.0,0.0,0.02867837952175042,1.9224989105354962,0.09970905830474676,0.744970883011261,-0.05481723831768506,3.2417355203864426,-0.13987756528011605,4.581225556897582,0.0,0.0,-0.0,0.0,-0.0,0.0,-0.0,0.0,-0.0,0.0,-0.12072229246800914,0.6877987272783507,-0.2903869919892493,2.538824684775974,-0.0,0.0,-0.44593944747804404,3.9239623155254315,-0.0,0.0,-0.0,0.0,-0.0,0.0,-0.0,-0.0,-0.5769761101038369,5.0556702713557256,-0.6885362011814379,6.043974069303098,-0.7480580994886169,6.671163488656058
3 3 2,0.0,-0.0,0.0,-0.0,0.0,-0.0,3.014466879310367,-33.636934236975755,2.9683058569967042,-32.86300768675399,2.72870295913273,-28.942428250087637,2.1317340311325634,-19.986702438488617,-0.08496739025299775,0.9183968026077042,-0.07805256626960307,0.8648307884318402,2.881827272768179,-31.428900010491514,1.7063584217495629,-14.461547957745216,0.42612450179656447,-3.0054851708852275,0.015348384241270762,-0.18028463424081909,0.09048903893562198,-1.6218954202491631,2.481535889765239,-25.08294725932798,0.8145064233176675,-5.681886221030411,1.253593088453431,-9.51556490032504,0.0745892525930647,-1.7881589756017129,-0.0,-0.0,-0.16218232350372247,-0.2526074005958072,-0.015268761581879349,-1.504059220191684,-0.28390917728433673,1.1536792504580131,-0.30783331755633525,1.5578197061464647,-0.0,-0.0,-0.0,-0.0,0.0,-0.0,-0.0,-0.0,0.0,-0.0,0.0,-0.0,0.16696434979271604,-0.0,0.0,-0.0,0.5506813458921276,-0.15504148613729818,1.3407707922487369,-0.0,1.987786886578796,-0.0,0.0,-0.0,2.2124958608193985,-0.0,1.0002012343678697,-3.571167531809122,1.4599565110387531,-8.464532156306674,1.9317329704754336,-13.782440955281585
3 3 3,0.0,-0.0,0.0,-0.0,0.0,-0.0,2.2643065976178005,-30.11211216419941,2.2497583535812455,-29.15898381285515,2.171386922308611,-24.46893067414554,1.9563648654294732,-14.925297348393014,-0.06649479210284914,-0.11208063031045226,-0.04662044573083565,-0.5069628695521662,2.2220229691665905,-27.41546583008267,1.7880253853594907,-10.307802170017258,1.1393395106535613,-6.4623412370086895,0.09964258437643965,-2.210274900352841,0.2917309089317272,-4.466704127321953,2.085637468967928,-20.12087200873977,1.3794503720049,-6.591288058736565,1.5943429566408711,-7.5379092169356685,0.40939405234619514,-5.002700010401591,0.04591824456558865,-0.0,0.5729671141766107,-5.775028196214578,0.5730048671972818,-6.236813955510337,0.5583705125808418,-5.0831223672044255,0.6455907773240998,-5.078935841750023,0.17338449946659532,-0.0,0.32516860544541004,-0.06466521618383177,0.0,-0.0,0.5109703012987346,-1.0708522883514477,0.0,-0.0,0.7435554158368102,-2.0005797769278786,1.0417895697996085,-2.7939387852269215,0.0,-0.0,1.2935532582218112,-3.294436939025856,0.0,-0.0,0.0,-0.0,0.0,-0.0,0.0,-0.0,1.4984323323939852,-3.311117689245394,1.6762876120026033,-5.5407566614538615,1.817339975335117,-7.882620486597486
3 3 4,0.0,0.0,0.0,0.0,0.0,0.0,-0.40666109189475763,-32.57908094683411,-0.3877335092663693,-31.74044400164026,-0.2990527311940464,-27.431963529284737,-0.1517479383144584,-17.182767824847367,-0.09999147007978838,-0.009265369968945414,-0.09418066656161748,-0.002720902115548728,-0.3538563526518063,-30.17629645439243,-0.11110090101823289,-10.577786271229789,-0.11900700560961593,4.146216124794775,0.0005427577763583441,0.24217546428943024,0.10804528247668362,1.3492180055917233,-0.22504247591480234,-23.08654779102438,-0.1311468620153835,0.4025784597268428,-0.11409285594831131,-4.501202908069102,0.20317818742081536,3.980511558798777,0.0,0.0,0.21118755892179372,11.143667123528308,0.2692321277052181,8.329126372602149,0.12440254499168663,12.855504610329954,0.06508420965432,14.008996308296357,0.0,0.0,0.0,2.0378917638182017,-0.0,-0.0,0.0,3.8052278599424683,0.0,-0.0,-0.0,3.810384506130805,-0.0,1.670242141374958,0.0,-0.0,-0.0,0.0,0.0,-0.0,0.0,-0.0,-0.0,-0.0,0.0,-0.0,-0.0,-0.0,-0.0,-3.2734197287688205,-0.011997013208285404,-11.09470992624135
3 3 5,-0.0,0.0,-0.0,0.0,-0.0,0.0,-1.3799880927209618,25.903289476064497,-1.3774326678254412,25.45536096886922,-1.3582043955386194,23.25078231208778,-1.2648221275465263,18.588912626546392,-0.09301178375287299,-0.7706550276302349,-0.10933785456600346,-0.9448565503498666,-1.3716565624795825,24.63641804996907,-1.1576398424580634,15.840893648442647,-0.6049405172647228,8.790930535932741,-0.10837794849250271,-0.7748987792113492,-0.11567419768041753,-0.2795594675022265,-1.32755622693918,21.18409487893355,-0.8171229305912812,10.809777360751525,-1.0058733004022566,13.20441620477538,-0.06194889056020979,1.3829652869914715,-0.0,0.0,-0.07282272232993453,5.28747737760364,-0.07621968835235413,3.509166438458735,-0.11155482514276392,6.305350892043338,-0.14287373942847023,7.73859198744757,-0.0,0.0,-0.0,0.0,-0.0,0.0,-0.03552402154894394,0.5481818557894147,-0.0,0.0,-0.16695628468353674,2.5865593088854038,-0.3584754539856836,4.627528675208298,-0.0,0.0,-0.5943912415107543,6.483339392391458,-0.0,0.0,-0.0,0.0,-0.0,0.0,-0.0,0.0,-0.8315632520525599,8.593177667665655,-0.996553473783585,11.742812292279377,-1.162746976100519,13.516381189075847
3 3 6,0.0,0.0,0.0,0.0,0.0,0.0,1.1370698357448141,34.80904046664144,1.1276351942955052,33.7561571316159,1.0767188969232289,28.429512533249017,0.9282453899434128,16.275507761201304,-0.036160243588953894,-0.9694284085237626,-0.034207247822418636,-1.11343851669206,1.1096590941660864,31.806427534023292,0.7931349817523844,8.724689280045387,0.28956943572148436,-6.41165591903142,0.006342601890303213,-0.9826365117555255,0.06313047069407254,-1.6520413456690963,1.0197746943429602,23.193757613150463,0.4338360669972809,-3.2726989679774365,0.6177223546453938,1.8962625746706425,0.12808416857755536,-2.586295600442018,0.0,-0.0,0.20284482830183154,-7.700134510985664,0.18842781054146054,-5.8751490581164045,0.18999475208280733,-9.199295972907757,0.21406058085379312,-9.98644911252948,0.0,-0.0,0.007675293876304329,-0.0,0.0,0.0,0.05514010107375395,-1.7804670940067393,0.0,0.0,0.10632660689222184,-2.827908416550098,0.18571808372461168,-2.1445474694731175,0.0,0.0,0.29766001725440333,-0.0,0.0,0.0,0.0,0.0,0.0,0.0,0.0,-0.0,0.46282559846055765,-0.0,0.6587791382901075,0.6813360196160436,0.7963021674541757,9.147164850499532
-6 0 1,-0.0,-0.0,-0.0,-0.0,-0.0,-0.0,-0.01741496538412856,-0.3659972336891716,-0.017058152327575543,-0.35849836195660995,-0.015288531655531687,-0.32130757481686084,-0.011500276191069692,-0.24169265799568923,-0.00043337221433038147,-0.009107857989038856,-0.0005127598324487988,-0.010776287869869599,-0.016403385322675032,-0.34473761611424764,-0.009336528873790323,-0.19621880748500425,-0.004917193057134139,-0.1033409493921168,-0.000739874772023852,-0.015549391794021459,-0.001127414969788331,-0.023694032750610498,-0.013611563878111164,-0.2860640039004836,-0.006029599800398068,-0.12671956553009842,-0.007475818150220151,-0.15711364922019858,-0.0013247469072140926,-0.027841209711534875,-0.0,-0.0,-0.001817739872941028,-0.03820207220562405,-0.0013993180202927942,-0.02940841472733129,-0.002232907279603971,-0.046927333439564095,-0.003053729134239249,-0.06417792920715137,-0.0,-0.0,-0.0,-0.0,-0.0,-0.0,-0.0,-0.0,-0.0,-0.0,-0.0,-0.0,-0.0,-0.0,-0.0,-0.0,-0.0,-0.0,-0.0,-0.0,-0.0,-0.0,-0.0,-0.0,-0.0,-0.0,-0.0,-0.0,-0.0,-0.0,-0.0,-0.0
-6 0 2,-0.0,-0.0,-0.0,-0.0,-0.0,-0.0,-0.22590399762915014,-6.490217046502795,-0.22127547876025458,-6.3572397978563115,-0.19832025747303786,-5.697736778573252,-0.14917964567243272,-4.285928046850705,-0.00562163136814808,-0.16150934962472516,-0.00665143417852583,-0.1910955624611275,-0.2127819514600226,-6.113220939193187,-0.12111187992893979,-3.4795417340918084,-0.0637850000972878,-1.8325416959738692,-0.009597530920013827,-0.27573685917532265,-0.014624637089100712,-0.4201655124776356,-0.17656691392865018,-5.072763681275579,-0.07821495299986259,-2.2471139359138967,-0.09697505383630704,-2.786091233883996,-0.017184393743283437,-0.49370726670169607,-0.0,-0.0,-0.023579415456175472,-0.6774361044795171,-0.018151717661566216,-0.5214984622972477,-0.028964897125634395,-0.8321608782842297,-0.03961245996675692,-1.1380651322169455,-0.0,-0.0,-0.0,-0.0,-0.0,-0.0,-0.0,-0.0,-0.0,-0.0,-0.0,-0.0,-0.0,-0.0,-0.0,-0.0,-0.0,-0.0,-0.0,-0.0,-0.0,-0.0,-0.0,-0.0,-0.0,-0.0,-0.0,-0.0,-0.024576882047149903,-0.08805511875513723,-0.05539188392100228,-0.9644151433820721
-6 0 3,-0.0,-0.0,-0.0,-0.0,-0.0,-0.0,-0.2267616845541191,-6.403178049993399,-0.22211559264465106,-6.271984132504849,-0.19907321755155022,-5.6213255756769,-0.14974603419546717,-4.228450327132476,-0.005642974946712684,-0.1593433801945046,-0.006676687596734827,-0.18853281827632742,-0.213589818073947,-6.031237761716201,-0.12157170391153257,-3.4328782991592113,-0.06402717182141283,-1.807965847564433,-0.009633969747429333,-0.27203900757015864,-0.014680162268581284,-0.4145307572280226,-0.1772372833556992,-5.004733866989869,-0.07851191074841546,-2.216978342508802,-0.09734323782860675,-2.7487275242509637,-0.017249637519320227,-0.4870862577654436,-0.0,-0.0,-0.023668939132371638,-0.6683511450227445,-0.01822063406440743,-0.5145047512218986,-0.02907486779374319,-0.821000935980102,-0.03976285610554114,-1.122802769439129,-0.0,-0.0,-0.0,-0.0,-0.0,-0.0,-0.0,-0.0,-0.0,-0.0,-0.0,-0.0,-0.0,-0.0,-0.0,-0.0,-0.0,-0.0,-0.0,-0.0,-0.0,-0.0,-0.0,-0.0,-0.0,-0.0,-0.0,-0.0,-0.025258183005028807,-0.018928079176225708,-0.05618879224933655,-0.8835020869759227
-6 0 4,-0.0,-0.0,-0.0,-0.0,-0.0,-0.0,-0.0191071677395068,-0.3911260305732993,-0.018715683359674613,-0.38311229805141345,-0.016774109645904485,-0.34336804971039947,-0.012617751536485216,-0.2582868973836202,-0.00047548274775203916,-0.009733189254931445,-0.000562584415907575,-0.011516170918485252,-0.01799729301453328,-0.36840676094994423,-0.01024375411385218,-0.2096908835125623,-0.005394993930669914,-0.110436177137179,-0.0008117679859514981,-0.016616988683006484,-0.0012369652459607561,-0.0253208279325151,-0.014934191856224351,-0.30570471040915753,-0.006615492609207252,-0.1354199324464098,-0.008202239179670561,-0.16790082632310374,-0.0014534718163494724,-0.029752743568765394,-0.0,-0.0,-0.0019943686302545,-0.04082496665575854,-0.0015352889623895696,-0.03142755042657787,-0.0024498776194549314,-0.050149290661563255,-0.0033504582703394186,-0.06858428531873896,-0.0,-0.0,-0.0,-0.0,-0.0,-0.0,-0.0,-0.0,-0.0,-0.0,-0.0,-0.0,-0.0,-0.0,-0.0,-0.0,-0.0,-0.0,-0.0,-0.0,-0.0,-0.0,-0.0,-0.0,-0.0,-0.0,-0.0,-0.0,-0.0,-0.0,-0.0,-0.0
-6 0 5,-0.0,-0.0,-0.0,-0.0,-0.0,-0.0,-6.149214192218902e-05,-0.0009542211777562889,-6.023223708578638e-05,-0.0009346702589027182,-5.398371674058183e-05,-0.0008377071306613891,-4.06074086331591e-05,-0.0006301366008781337,-1.5302347791643719e-06,-2.3745837883896584e-05,-1.8105519990108902e-06,-2.8095737225600812e-05,-5.792025858320473e-05,-0.0008987934983814748,-3.296722938599508e-05,-0.0005115780239347063,-1.736258020952853e-05,-0.0002694286004444088,-2.6124935354394686e-06,-4.054008496601409e-05,-3.980895729520489e-06,-6.177464132498046e-05,-4.806235322974412e-05,-0.0007458207483268066,-2.1290481978103226e-05,-0.0003303808934457343,-2.639707059634891e-05,-0.0004096237829158267,-4.677673657831752e-06,-7.258708393316099e-05,-0.0,-0.0,-6.41842896491665e-06,-9.959973184862866e-05,-4.940983826275168e-06,-7.667307169018557e-05,-7.884382673630403e-06,-0.0001223480705914083,-1.0782699889010421e-05,-0.00016732350290389513,-0.0,-0.0,-0.0,-0.0,-0.0,-0.0,-0.0,-0.0,-0.0,-0.0,-0.0,-0.0,-0.0,-0.0,-0.0,-0.0,-0.0,-0.0,-0.0,-0.0,-0.0,-0.0,-0.0,-0.0,-0.0,-0.0,-0.0,-0.0,-0.0,-0.0,-0.0,-0.0
-6 0 6,-0.0,-0.0,-0.0,-0.0,-0.0,-0.0,-1.7939286127144875e-07,-2.3451587895127106e-06,-1.7571730328197422e-07,-2.2971091231865964e-06,-1.5748830835027186e-07,-2.058805952229435e-06,-1.1846520540363085e-07,-1.5486665173558376e-06,-4.4641996012879825e-09,-5.835938430826444e-08,-5.28197739467753e-09,-6.904999243192802e-08,-1.6897249938002165e-07,-2.2089359593154366e-06,-9.617628241392886e-08,-1.2572889046258781e-06,-5.0652373546910505e-08,-6.621660315316233e-07,-7.621505378178012e-09,-9.963406682001137e-08,-1.1613585948032781e-08,-1.5182155505384686e-07,-1.4021373781763893e-07,-1.8329797368910156e-06,-6.211135863071899e-08,-8.119665274807088e-07,-7.700896204681896e-08,-1.0067192358455977e-06,-1.364631699826549e-08,-1.7839494852882647e-07,-0.0,-0.0,-1.8724674420040964e-08,-2.447830670947201e-07,-1.4414479612908234e-08,-1.88436949613689e-07,-2.300134493560739e-08,-3.0069092975071695e-07,-3.145669226758419e-08,-4.1122560751564614e-07,-0.0,-0.0,-0.0,-0.0,-0.0,-0.0,-0.0,-0.0,-0.0,-0.0,-0.0,-0.0,-0.0,-0.0,-0.0,-0.0,-0.0,-0.0,-0.0,-0.0,-0.0,-0.0,-0.0,-0.0,-0.0,-0.0,-0.0,-0.0,-0.0,-0.0,-0.0,-0.0
-5 0 1,-0.0,-0.0,-0.0,-0.0,-0.0,-0.0,-0.25323905054984835,-6.910512788279801,-0.24805046718650584,-6.76892415253195,-0.22231759612204835,-6.066712806438292,-0.16723082472169076,-4.563477671885917,-0.006301865416955173,-0.17196842848419458,-0.007456277418028924,-0.2034705956224871,-0.23852919792211275,-6.509103035412051,-0.13576677617658203,-3.7048711127082274,-0.07150317406279852,-1.9512140710158796,-0.010758860592617915,-0.29359312298468176,-0.016394261500231492,-0.44737473744971257,-0.19793203356768937,-5.401267483075246,-0.08767919401321102,-2.392633324831913,-0.10870932262492167,-2.9665139028661778,-0.01926375629247524,-0.5256789342734143,-0.0,-0.0,-0.026432594576944225,-0.7213057482832114,-0.020348129270425935,-0.5552698418175819,-0.032469735482109886,-0.8860502430173761,-0.04440568496885673,-1.2117643514431202,-0.0,-0.0,-0.0,-0.0,-0.0,-0.0,-0.0,-0.0,-0.0,-0.0,-0.0,-0.0,-0.0,-0.0,-0.0,-0.0,-0.0,-0.0,-0.0,-0.0,-0.0,-0.0,-0.0,-0.0,-0.0,-0.0,-0.011998745659308923,-0.0,-0.04629391773263954,-0.42184987137961377,-0.08083414363056954,-1.3548836553022827
-5 0 2,-0.0,-0.0,-0.0,-0.0,-0.0,-0.0,-0.19427565143468425,-8.04030979645969,-0.19029516181135064,-7.875572890538386,-0.17055385304211662,-7.058557288634347,-0.12829331551442838,-5.309558835260168,-0.004834558518816115,-0.20008347898122195,-0.00572018079170674,-0.2367359229910641,-0.18299079550288158,-7.573273721531821,-0.10415525894455398,-4.310579028614101,-0.054854595649984045,-2.270217289343038,-0.008253800690641744,-0.34159254678038714,-0.012577072239974656,-0.5205158566967787,-0.15184614962685372,-6.284318572005616,-0.06726424102917582,-2.7838040027374933,-0.08339777938719874,-3.4515080899642,-0.0147784427191372,-0.6116219757525597,-0.0,-0.0,-0.0202781108181967,-0.8392317403710118,-0.015610333638930676,-0.6460506890916067,-0.02490958246369305,-1.0309102475246947,-0.03406640230247528,-1.4098752269777663,-0.0,-0.0,-0.0,-0.0,-0.0,-0.0,-0.0,-0.0,-0.0,-0.0,-0.0,-0.0,-0.0,-0.0,-0.0,-0.0,-0.0,-0.0,-0.0,-0.0,-0.0,-0.0,-0.0,-0.0,-0.0,-0.0,-0.0,-0.23082815961195768,-0.0,-1.3191275828048972,-0.025945387541165876,-2.4046366880943135
-5 0 3,-0.0,-0.0,-0.0,-0.0,-0.0,-0.0,-0.18836452462170983,-7.551152440164216,-0.18450514733935922,-7.3964378183867705,-0.16536449736976,-6.629127912158228,-0.1243897998053706,-4.986535241804261,-0.004687459856279519,-0.18791077567817882,-0.005546135748989242,-0.2223333537913715,-0.17742302728367026,-7.112529963404782,-0.10098617965277026,-4.048331491502034,-0.05318556266120262,-2.132101530674101,-0.008002666478963125,-0.3208106974060128,-0.012194396035327234,-0.4888486489874711,-0.14722600376772124,-5.901992425797373,-0.0652176260480102,-2.614442592431709,-0.08086027740875891,-3.241524816277068,-0.014328786530283974,-0.5744120427667598,-0.0,-0.0,-0.01966111901459846,-0.788174456531042,-0.015135365926553289,-0.6067461778092095,-0.02415167121895512,-0.9681916030914748,-0.03302988113996905,-1.324101064514699,-0.0,-0.0,-0.0,-0.0,-0.0,-0.0,-0.0,-0.0,-0.0,-0.0,-0.0,-0.0,-0.0,-0.0,-0.0,-0.0,-0.0,-0.0,-0.0,-0.0,-0.0,-0.0,-0.0,-0.0,-0.0,-0.0,-0.0,-0.0,-0.0,-0.9306394192660611,-0.020442006278138965,-1.9500535054297763
-5 0 4,-0.0,-0.0,-0.0,-0.0,-0.0,-0.0,-0.3531539054083333,-9.3540408574561,-0.34591817902915695,-9.162387079463953,-0.31003246592902267,-8.211876773908989,-0.23321134211682865,-6.177104059094775,-0.00878825117422936,-0.23277573683994224,-0.010398133638028894,-0.2754169369271141,-0.3326403160065941,-8.810694315174256,-0.18933322932365468,-5.014897855142849,-0.09971457843701928,-2.6411551068801513,-0.01500374301584628,-0.397406408468635,-0.022862577720621207,-0.6055645508384914,-0.27602563865276936,-7.311132801088633,-0.12227280793222423,-3.2386583402821376,-0.15160032291989875,-4.015460661426426,-0.02686422474239551,-0.7115567801910571,-0.0,-0.0,-0.036861510831977695,-0.9763564075305957,-0.02837643445590955,-0.751610907382138,-0.04528059107860805,-1.1993538582259933,-0.061925840564612984,-1.6402390966169214,-0.0,-0.0,-0.0,-0.0,-0.0,-0.0,-0.0,-0.0,-0.0,-0.0,-0.0,-0.0,-0.0,-0.0,-0.0,-0.0,-0.036001277432617544,-0.0,-0.0,-0.0,-0.0,-0.0,-0.0,-0.0,-0.0,-0.0,-0.07784876036493506,-1.096369413423227,-0.1256743707257554,-2.362481277078313,-0.17383376892996782,-3.625183362652469
-5 0 5,-0.0,-0.0,-0.0,-0.0,-0.0,-0.0,-0.2536765458120113,-7.0416893621399135,-0.2484789986627366,-6.897413065909553,-0.22270167154322715,-6.181872220062638,-0.16751973235005413,-4.65010241077655,-0.006312752506670284,-0.17523276355624928,-0.007469158867539483,-0.20733291039315088,-0.23894128047317217,-6.632659978470738,-0.1360013265794817,-3.775197630297864,-0.07162670279904267,-1.9882523610162401,-0.010777447578018948,-0.2991661594816749,-0.01642258419263394,-0.4558668837040036,-0.19827398054122336,-5.503795296081177,-0.08783066840820562,-2.4380507130447358,-0.10889712862679256,-3.0228247935350083,-0.0192970363181708,-0.5356574646171209,-0.0,-0.0,-0.026478259472895217,-0.7349977013501198,-0.020383282656644845,-0.5658100719928318,-0.032525830130254646,-0.902869405170446,-0.0444824001387517,-1.2347662763100735,-0.0,-0.0,-0.0,-0.0,-0.0,-0.0,-0.0,-0.0,-0.0,-0.0,-0.0,-0.0,-0.0,-0.0,-0.0,-0.0,-0.0,-0.0,-0.0,-0.0,-0.0,-0.0,-0.0,-0.0,-0.0,-0.0,-0.012287281715466829,-0.0,-0.046641006116268174,-0.5260225417992728,-0.08123278859720298,-1.4765359125193878
-5 0 6,-0.0,-0.0,-0.0,-0.0,-0.0,-0.0,-0.029134268883971266,-0.6509739128100783,-0.028537340477762584,-0.6376361893956103,-0.025576863477392166,-0.5714875139512213,-0.019239322697472205,-0.42988197939917056,-0.0007250076207817375,-0.016199515752292337,-0.0008578186922540877,-0.019167036344800506,-0.027441951681037823,-0.6131609045037162,-0.015619493731516262,-0.3490007932243555,-0.008226190607964352,-0.1838053842680857,-0.0012377693594645349,-0.027656625477578165,-0.001886102564611627,-0.04214293385346808,-0.022771389618589544,-0.5088022170445295,-0.010087185243999104,-0.22538730845375202,-0.01250662813919141,-0.2794471585421951,-0.0022162279250442524,-0.04951923007886937,-0.0,-0.0,-0.0030409777482328145,-0.06794737810031702,-0.0023409812513639204,-0.05230670901969384,-0.0037355297379027316,-0.08346639552155742,-0.005108719066236318,-0.11414883459886542,-0.0,-0.0,-0.0,-0.0,-0.0,-0.0,-0.0,-0.0,-0.0,-0.0,-0.0,-0.0,-0.0,-0.0,-0.0,-0.0,-0.0,-0.0,-0.0,-0.0,-0.0,-0.0,-0.0,-0.0,-0.0,-0.0,-0.0,-0.0,-0.0,-0.0,-0.0,-0.0
-4 0 1,0.0,0.0,0.0,0.0,0.0,0.0,0.14967015702352543,4.714853948003692,0.14660358381913624,4.61825189274371,0.13139485971232492,4.139152289154551,0.09883729914846699,3.1135360539972194,0.0037245487394178267,0.11732935728674418,0.004406833028098413,0.138822424683212,0.14097629267754166,4.440983047817309,0.08024131611932012,2.5277322722306135,0.0422600355925475,1.331260016149917,0.0063587363433680625,0.20031056123052693,0.00968938908788629,0.3052315525237529,0.11698242620851398,3.6851371377232423,0.05182043885869917,1.6324283050081794,0.06424973301655296,2.023971334002563,0.011385327116404408,0.358656365247584,0.0,0.0,0.01562227694457291,0.4921271921786593,0.012026216716683498,0.37884543247516383,0.019190367352775694,0.6045278569638557,0.026244790554992754,0.8267536884008734,0.0,0.0,0.0,0.0,0.0,0.0,0.0,0.0,0.0,0.0,0.0,0.0,0.0,0.0,0.0,0.0,0.0,0.0,0.0,0.0,0.0,0.0,0.0,0.0,0.0,0.0,0.0,0.0,0.0,0.0,0.0,0.0
-4 0 2,0.0,0.0,0.0,0.0,0.0,0.0,0.1259793989999421,3.4014773299499743,0.12339822278578505,3.3317848846235334,0.11059683364692777,2.986143967986752,0.08319269380832023,2.246224892742987,0.003135003136691421,0.08464591975695038,0.0037092910665261778,0.10015184683473967,0.11866165558953126,3.2038963086520815,0.06754020294164188,1.8236034700111643,0.03557084452599643,0.9604222771566612,0.0053522345327043684,0.14451175805004177,0.00815569007371754,0.22020580440982257,0.09846569309730342,2.658599941792413,0.04361796548597217,1.177696686576056,0.054079870779181624,1.4601709162153953,0.0095831840900449,0.25874852309019175,0.0,0.0,0.013149482165496756,0.3550395210770871,0.010122629549808682,0.273313694195126,0.016152792205000426,0.43612969213106695,0.02209059579243745,0.5964519706360784,0.0,0.0,0.0,0.0,0.0,0.0,0.0,0.0,0.0,0.0,0.0,0.0,0.0,0.0,0.0,0.0,0.0,0.0,0.0,0.0,0.0,0.0,0.0,0.0,0.0,0.0,0.0,0.0,0.0,0.0,0.0,0.0
-4 0 3,-0.0,-0.0,-0.0,-0.0,-0.0,-0.0,-0.0014912576862125965,-0.11699289000411904,-0.0014607034932303566,-0.11459583725342078,-0.0013091694321135214,-0.10270761169185146,-0.00098477802770313,-0.07725829582555507,-3.711001608996268e-05,-0.0029113734471274645,-4.390804256304972e-05,-0.003444695602489404,-0.0014046352606959312,-0.110197144376749,-0.0007994945805792292,-0.06272234664027106,-0.00042106325102003245,-0.03303346367754487,-6.335608003108142e-05,-0.004970442714695104,-9.654146317053508e-05,-0.007573918904808875,-0.0011655693139135536,-0.09144182376768965,-0.0005163195475153968,-0.040506558046892634,-0.0006401604040742857,-0.050222182545168956,-0.0001134391578791092,-0.008899585257875077,-0.0,-0.0,-0.00015565454752662777,-0.012211488011621604,-0.00011982474309820996,-0.009400550366760813,-0.0001912056710916113,-0.01500056244672095,-0.000261493315811922,-0.020514803723355415,-0.0,-0.0,-0.0,-0.0,-0.0,-0.0,-0.0,-0.0,-0.0,-0.0,-0.0,-0.0,-0.0,-0.0,-0.0,-0.0,-0.0,-0.0,-0.0,-0.0,-0.0,-0.0,-0.0,-0.0,-0.0,-0.0,-0.0,-0.0,-0.0,-0.0,-0.0,-0.0
-4 0 4,-0.0,-0.0,-0.0,-0.0,-0.0,-0.0,-0.05332420225640135,-2.3838662581551278,-0.052231649318415146,-2.335023519325389,-0.04681311367669774,-2.0927870912436086,-0.03521356718721746,-1.5742276695158448,-0.0013269752250164562,-0.059322621445214246,-0.0015700581891122973,-0.07018968089514434,-0.05022676860633785,-2.2453950339677236,-0.028588225302616028,-1.278040791904427,-0.01505632605800979,-0.6730952577384807,-0.002265478633897553,-0.10127855355344635,-0.0034521173341336454,-0.15432741014040624,-0.0416782789544802,-1.8632335542466572,-0.018462488565989924,-0.8253682506568536,-0.022890774129113407,-1.0233354041952507,-0.004056342947612544,-0.18133940453198694,-0.0,-0.0,-0.005565875469529853,-0.24882327662600406,-0.004284677889921282,-0.19154715151168514,-0.006837108014346551,-0.30565391340301107,-0.009350444654850945,-0.4180129953799785,-0.0,-0.0,-0.0,-0.0,-0.0,-0.0,-0.0,-0.0,-0.0,-0.0,-0.0,-0.0,-0.0,-0.0,-0.0,-0.0,-0.0,-0.0,-0.0,-0.0,-0.0,-0.0,-0.0,-0.0,-0.0,-0.0,-0.0,-0.0,-0.0,-0.0,-0.0,-0.0
-4 0 5,-0.0,-0.0,-0.0,-0.0,-0.0,-0.0,-0.15929244903457035,-7.370661438086923,-0.15602872588771644,-7.219644873969139,-0.13984223315032798,-6.47067555018499,-0.1051915475364076,-4.867344859962703,-0.003963999918549113,-0.1834192487924445,-0.004690148253281316,-0.21701904314289816,-0.15003965628826213,-6.942523110732664,-0.08540002905452003,-3.951566472727446,-0.04497693260766005,-2.081139092178616,-0.006767539401599067,-0.3131425375177365,-0.010312319758010592,-0.4771639712883992,-0.1245032245261232,-5.7609203794275095,-0.055151974047511244,-2.551951023479713,-0.06838034732879539,-3.1640444492755595,-0.012117289615368659,-0.5606821907970407,-0.0,-0.0,-0.016626632880502524,-0.7693351603311204,-0.012799381997841384,-0.5922434609713317,-0.0204241157642149,-0.945049457037673,-0.027932067721737223,-1.2924518123138427,-0.0,-0.0,-0.0,-0.0,-0.0,-0.0,-0.0,-0.0,-0.0,-0.0,-0.0,-0.0,-0.0,-0.0,-0.0,-0.0,-0.0,-0.0,-0.0,-0.0,-0.0,-0.0,-0.0,-0.0,-0.0,-0.0,-0.0,-0.0,-0.0,-0.7872887765428647,-0.0,-1.7821571413434951
-4 0 6,-0.0,-0.0,-0.0,-0.0,-0.0,-0.0,-0.2884911198352525,-8.725485341330536,-0.28258026121530755,-8.546709959015615,-0.2532652532264421,-7.660070284858904,-0.19051014363772772,-5.762026459029475,-0.007179114782025223,-0.21713410391994983,-0.008494226374087779,-0.256909979604819,-0.2717335863980797,-8.218649593851003,-0.15466615125337624,-4.677916035446848,-0.08145675286794381,-2.463679656786361,-0.012256544690783156,-0.37070222853259144,-0.018676419962894947,-0.5648729455098452,-0.22548510544179062,-6.819852837564872,-0.09988455102877009,-3.021032974341196,-0.12384217265268128,-3.7456371715586267,-0.02194536195339128,-0.6637429053062652,-0.0,-0.0,-0.030112136311902737,-0.9107490176324939,-0.023180684760236606,-0.7011055494288837,-0.03698967568252054,-1.1187618985732275,-0.050587165588804925,-1.530021347127236,-0.0,-0.0,-0.0,-0.0,-0.0,-0.0,-0.0,-0.0,-0.0,-0.0,-0.0,-0.0,-0.0,-0.0,-0.0,-0.0,-0.0010468310829755305,-0.0,-0.0,-0.0,-0.0,-0.0,-0.0,-0.0,-0.0,-0.0,-0.03523228411577821,-0.682254081808324,-0.07430036532589043,-1.8632795717130881,-0.11363666410432384,-3.040933321898566
-3 0 1,0.0,0.0,0.0,0.0,0.0,0.0,0.08985187651645159,5.188066836525549,0.08801091261042637,5.081769181335886,0.07888061952064765,4.554584078216016,0.05933525410086765,3.426030440011616,0.002235968078533345,0.1291052817761086,0.0026455655886502556,0.15275553084098928,0.0846326662129351,4.886708501693571,0.04817147900992348,2.781431645136667,0.02537007761036547,1.4648737833128833,0.003817356807043206,0.22041500992113097,0.0058168562735440195,0.33586654275477235,0.07022836564960747,4.055001063260012,0.03110949948845382,1.7962692472805988,0.03857121013316565,2.2271100381514617,0.006834983182397415,0.3946534112764268,0.0,0.0,0.009378562345658118,0.5415202237972991,0.007219730111044677,0.4168687823778244,0.011520603385322284,0.6652021379788423,0.015755603702458106,0.9097319747484129,0.0,0.0,0.0,0.0,0.0,0.0,0.0,0.0,0.0,0.0,0.0,0.0,0.0,0.0,0.0,0.0,0.0,0.0,0.0,0.0,0.0,0.0,0.0,0.0,0.0,0.0,0.0,0.0,0.0,0.0,0.0,0.0
-3 0 2,0.0,0.0,0.0,0.0,0.0,0.0,0.3239020528356438,9.663584444682519,0.31726566402022804,9.465588466688336,0.284352376180002,8.483623907922299,0.21389437097929367,6.381516566829221,0.00806031747794733,0.2404787432409965,0.009536852854912379,0.28453102440422556,0.3050876107000874,9.102257497956437,0.17365069650589335,5.180850676528873,0.09145518755072851,2.7285561177014137,0.013760978113584779,0.41055736719745994,0.02096886298981001,0.6256038714080916,0.2531623454412234,7.553072547602973,0.11214491157738525,3.345831906843224,0.13904321898274274,4.148340142759217,0.024639052290357816,0.7351035918430555,0.0,0.0,0.03380825992932418,1.0086659590286111,0.02602600518263536,0.7764831887859676,0.04152998502739029,1.2390428334278916,0.05679650309759147,1.6945178304404018,0.0,0.0,0.0,0.0,0.0,0.0,0.0,0.0,0.0,0.0,0.0,0.0,0.0,0.0,0.0,0.0,0.02018853289390314,0.1584640949213486,0.0,0.0,0.0,0.0,0.0,0.0,0.0,0.0,0.05857037706324125,1.3003148442291161,0.1024333875360894,2.6083086577771777,0.14659398300873833,3.9124602455699087
-3 0 3,0.0,0.0,0.0,0.0,0.0,0.0,0.004346025063454976,0.07167767321029839,0.0042569798972693085,0.07020907829204012,0.0038153588188536256,0.0629255557906088,0.002869973465958998,0.04733360190327573,0.00010815103353586524,0.001783702193603348,0.00012796276272741876,0.002110451034208099,0.004093578262453864,0.06751414468919087,0.002329995357219842,0.03842790673267512,0.00122711953752305,0.02023851034366242,0.00018464086675499308,0.003045225813311224,0.0002813542035564376,0.004640289543758411,0.0033968599111315256,0.056023380237409236,0.0015047283343448579,0.024817028030138674,0.0018656421264149525,0.030769469736612466,0.00033059975340140533,0.005452481461041777,0.0,0.0,0.0004536295578194446,0.007481574710032999,0.0003492094904465984,0.005759406209744106,0.0005572374556870546,0.009190348345005267,0.0007620792267839785,0.012568741546638524,0.0,0.0,0.0,0.0,0.0,0.0,0.0,0.0,0.0,0.0,0.0,0.0,0.0,0.0,0.0,0.0,0.0,0.0,0.0,0.0,0.0,0.0,0.0,0.0,0.0,0.0,0.0,0.0,0.0,0.0,0.0,0.0
-3 0 4,-0.0,-0.0,-0.0,-0.0,-0.0,-0.0,-7.260900425832218e-07,-0.00046079079599306523,-7.112132741422724e-07,-0.00045134971076991415,-6.374316776372634e-07,-0.0004045264814329197,-4.794862260767249e-07,-0.0003042912405127512,-1.806878409556354e-08,-1.146680014561318e-05,-2.1378728028769158e-08,-1.3567354636414402e-05,-6.83913776728193e-07,-0.0004340249212728836,-3.892721287708217e-07,-0.00024703962808257743,-2.050147581400494e-07,-0.00013010633399899768,-3.0847934111580337e-08,-1.9576696112572756e-05,-4.700582317370673e-08,-2.9830805280653653e-05,-5.675131002493538e-07,-0.00036015479880433595,-2.51394836524959e-07,-0.00015954002952410019,-3.1169267347409044e-07,-0.0001978062040409691,-5.52332730530549e-08,-3.5052104233342934e-05,-0.0,-0.0,-7.578785215110639e-08,-4.80964380052222e-05,-5.8342400259253024e-08,-3.702521654196342e-05,-9.30976149518865e-08,-5.9081548544743786e-05,-1.2732051245638197e-07,-8.080006175583509e-05,-0.0,-0.0,-0.0,-0.0,-0.0,-0.0,-0.0,-0.0,-0.0,-0.0,-0.0,-0.0,-0.0,-0.0,-0.0,-0.0,-0.0,-0.0,-0.0,-0.0,-0.0,-0.0,-0.0,-0.0,-0.0,-0.0,-0.0,-0.0,-0.0,-0.0,-0.0,-0.0
-3 0 5,-0.0,-0.0,-0.0,-0.0,-0.0,-0.0,-0.03915094407376787,-2.0053214206302883,-0.03834878525726924,-1.9642346398251744,-0.034370464403062184,-1.7604640229008455,-0.025854008897416132,-1.3242489824375012,-0.0009742730434501365,-0.04990251575778148,-0.0011527459906278794,-0.0590439459951776,-0.03687679000348762,-1.8888386644966464,-0.020989643775807892,-1.0750949503470284,-0.011054443470512336,-0.5662114365057659,-0.0016633277863128564,-0.08519607683375394,-0.002534564924851291,-0.12982106705283705,-0.03060043843866162,-1.56736232378217,-0.01355526809072663,-0.6943043164809254,-0.01680654149170299,-0.8608353759368287,-0.0029781909370606087,-0.15254370544837453,-0.0,-0.0,-0.004086498625545976,-0.20931151018333335,-0.0031458357995834845,-0.16113051840599601,-0.00501984506413986,-0.25711775471870757,-0.006865151662029504,-0.3516348330656864,-0.0,-0.0,-0.0,-0.0,-0.0,-0.0,-0.0,-0.0,-0.0,-0.0,-0.0,-0.0,-0.0,-0.0,-0.0,-0.0,-0.0,-0.0,-0.0,-0.0,-0.0,-0.0,-0.0,-0.0,-0.0,-0.0,-0.0,-0.0,-0.0,-0.0,-0.0,-0.0
-3 0 6,-0.0,-0.0,-0.0,-0.0,-0.0,-0.0,-0.3150904278928164,-8.90966116855595,-0.3086345793632811,-8.727112230657887,-0.27661668426769614,-7.821757540768449,-0.20807546073173222,-5.883650179438437,-0.0078410397860834,-0.22171732784892467,-0.00927740661257855,-0.2623327848890195,-0.29678782508077045,-8.392127231874573,-0.1689265992200786,-4.776656566410604,-0.08896718599372118,-2.5156825220777326,-0.013386616244242462,-0.3785269382104468,-0.020398413514340033,-0.5767961724647674,-0.24627516575790562,-6.963804948969435,-0.1090940544080178,-3.084800343760637,-0.13526060418980396,-3.8246993437555568,-0.023968756792602776,-0.6777530599128789,-0.0,-0.0,-0.03288851982931935,-0.9299729286420811,-0.025317978189839996,-0.7159043473738818,-0.04040017850489724,-1.142376504532393,-0.055251377097374176,-1.5623167365819535,-0.0,-0.0,-0.0,-0.0,-0.0,-0.0,-0.0,-0.0,-0.0,-0.0,-0.0,-0.0,-0.0,-0.0,-0.0,-0.0,-0.015425163487059204,-0.0,-0.0,-0.0,-0.0,-0.0,-0.0,-0.0,-0.0,-0.0,-0.05276310925194639,-0.8036019010347962,-0.09543238823063811,-2.009544759163533,-0.1383878835031683,-3.2118605133622102
-2 0 1,0.0,0.0,0.0,0.0,0.0,0.0,0.06772648623125702,3.6694880111012957,0.06633884669085378,3.5943043283120684,0.05945682381936684,3.221429522245557,0.04472436665420964,2.4232104214197148,0.0016853767239529112,0.09131537788062807,0.0019941137387464855,0.10804305470856554,0.0637924696201023,3.4563391000413977,0.03630959236903103,1.9672896277415741,0.019122875098214975,1.0360962869250714,0.002877359641839753,0.15589819134134825,0.004384496480129138,0.2375563559227498,0.05293512638370949,2.8680775046839253,0.023449004856123303,1.270490276108386,0.029073321930326766,1.5752213381031088,0.005151916825117776,0.2791359492563749,0.0,0.0,0.0070691575757563735,0.3830139494355171,0.005441922538696569,0.2948487456576907,0.00868373613108616,0.47049341251490473,0.011875897517001698,0.6434478737152193,0.0,0.0,0.0,0.0,0.0,0.0,0.0,0.0,0.0,0.0,0.0,0.0,0.0,0.0,0.0,0.0,0.0,0.0,0.0,0.0,0.0,0.0,0.0,0.0,0.0,0.0,0.0,0.0,0.0,0.0,0.0,0.0
-2 0 2,0.0,0.0,0.0,0.0,0.0,0.0,0.3354153541858616,10.564244482701753,0.32854307077317435,10.347794993374514,0.2944598595008073,9.274309918396874,0.2214973803725361,6.976283134721473,0.00834682651143322,0.2628917096997761,0.00987584626322834,0.31104972714072154,0.31593214091981536,9.950601053197095,0.17982321928259234,5.663713447998945,0.09470601947690505,2.9828614917346314,0.014250120700080972,0.4488219072411506,0.021714214359026603,0.6839110564730949,0.26216115958295333,8.257029826273975,0.11613117270348913,3.6576682766367914,0.14398559729383348,4.5349714400880385,0.025514862837154838,0.8036163091238321,0.0,0.0,0.03500999570495485,1.102675084338972,0.026951115838732557,0.8488525443120206,0.043006194358280216,1.354523416419712,0.058815370375758944,1.8524493414987562,0.0,0.0,0.0,0.0,0.0,0.0,0.0,0.0,0.0,0.0,0.0,0.0,0.0,0.0,0.0,0.0,0.026411891768890014,0.6454290293794176,0.0,0.0,0.0,0.0,0.0,0.0,0.0,0.0,0.06615864263031125,1.8937133936078299,0.11157975508098522,3.323599031671569,0.15730159764814738,4.749042881809174
-2 0 3,0.0,0.0,0.0,0.0,0.0,0.0,0.16907125706113552,3.4478783831933564,0.1656071771346704,3.3772352324667114,0.14842701140109393,3.026879275563532,0.11164915400557923,2.276866637706876,0.00420734600592328,0.08580061210044898,0.004978071878430768,0.10151806237187812,0.15925044439596658,3.2476020719964533,0.09064265351442774,1.848480049655471,0.04773802261700893,0.9735238212493075,0.007182992042458965,0.14648310671097,0.010945383006352356,0.2232097289590043,0.13214635600352972,2.6948670767710183,0.05853769992319083,1.1937621667652696,0.07257815013345324,1.4800897520198206,0.01286115820216693,0.262278225872815,0.0,0.0,0.017647325650637063,0.35988277185402084,0.013585123570490578,0.2770420869040317,0.021677932303423582,0.4420791297143805,0.029646790106202577,0.6045884351666275,0.0,0.0,0.0,0.0,0.0,0.0,0.0,0.0,0.0,0.0,0.0,0.0,0.0,0.0,0.0,0.0,0.0,0.0,0.0,0.0,0.0,0.0,0.0,0.0,0.0,0.0,0.0,0.0,0.0,0.0,0.0024689602871038065,0.0
-2 0 4,0.0,-0.0,0.0,-0.0,0.0,-0.0,3.2258662362386986e-05,-0.0007215175936361384,3.1597718647372475e-05,-0.0007067345095321232,2.831975658946399e-05,-0.0006334175421550019,2.1302570435196936e-05,-0.0004764667296493046,8.027582961528433e-07,-1.7954998493272542e-05,9.498121841249721e-07,-2.124409852453117e-05,3.0384859059585595e-05,-0.0006796069268268074,1.7294546726505046e-05,-0.0003868207428118647,9.108377025275439e-06,-0.00020372370681030118,1.3705092105963904e-06,-3.065367362654963e-05,2.088370436030149e-06,-4.67098106765339e-05,2.5213420393486638e-05,-0.0005639392670805926,1.1168946928750403e-05,-0.00024981171323699714,1.3847853743673913e-05,-0.00030972983311951165,2.4538988308516964e-06,-5.4885449358466155e-05,0.0,-0.0,3.3670958012522683e-06,-7.531058891315158e-05,2.592030851543829e-06,-5.797499727754205e-05,4.136132368365599e-06,-9.251134594047266e-05,5.65658414557553e-06,-0.00012651872960717486,0.0,-0.0,0.0,-0.0,0.0,-0.0,0.0,-0.0,0.0,-0.0,0.0,-0.0,0.0,-0.0,0.0,-0.0,0.0,-0.0,0.0,-0.0,0.0,-0.0,0.0,-0.0,0.0,-0.0,0.0,-0.0,0.0,-0.0,0.0,-0.0
-2 0 5,-0.0,-0.0,-0.0,-0.0,-0.0,-0.0,-0.06494455851376953,-2.570533936680167,-0.06361391754385388,-2.5178665870363943,-0.05701458009197072,-2.256661933900236,-0.042887272155942326,-1.6974969274002287,-0.001616148324789203,-0.06396785520835656,-0.0019122036827205588,-0.07568585533206502,-0.061172135253468075,-2.421219779558435,-0.03481814246452585,-1.3781172567098523,-0.01833738541413295,-0.7258017083451066,-0.0027591694479253428,-0.10920912952914168,-0.0042043992543015826,-0.16641195527171987,-0.0507607673772093,-2.00913330048089,-0.022485815413015274,-0.8899983760891511,-0.027879108490089476,-1.1034672671301469,-0.004940297102738459,-0.1955391129062712,-0.0,-0.0,-0.006778785426046249,-0.2683072821786962,-0.005218390564881681,-0.20654617336471545,-0.008327043682109427,-0.3295880188721614,-0.011388084102914668,-0.45074533309982423,-0.0,-0.0,-0.0,-0.0,-0.0,-0.0,-0.0,-0.0,-0.0,-0.0,-0.0,-0.0,-0.0,-0.0,-0.0,-0.0,-0.0,-0.0,-0.0,-0.0,-0.0,-0.0,-0.0,-0.0,-0.0,-0.0,-0.0,-0.0,-0.0,-0.0,-0.0,-0.0
-2 0 6,-0.0,-0.0,-0.0,-0.0,-0.0,-0.0,-0.3266289443931419,-8.56684232107818,-0.3199366846362653,-8.391317355844688,-0.28674630387256045,-7.5207981827582735,-0.21569512138922012,-5.657263773118523,-0.008128176299739122,-0.21318626506650712,-0.009617142446495667,-0.25223895289362586,-0.307656105782573,-8.06922164308838,-0.17511264036858282,-4.592864178808573,-0.09222513752986014,-2.418886093288462,-0.013876830096344184,-0.36396228011159953,-0.021145397269098018,-0.5546026686565853,-0.25529368809995734,-6.695857207579331,-0.11308904579919557,-2.966105852630123,-0.14021380674732167,-3.677535608101649,-0.024846485442099595,-0.651675017383735,-0.0,-0.0,-0.03409288751277996,-0.8941901708523959,-0.026245114920244648,-0.6883583499865518,-0.041879620865023205,-1.098421051091401,-0.05727466587376513,-1.5022031573001207,-0.0,-0.0,-0.0,-0.0,-0.0,-0.0,-0.0,-0.0,-0.0,-0.0,-0.0,-0.0,-0.0,-0.0,-0.0,-0.0,-0.021662145419987615,-0.0,-0.0,-0.0,-0.0,-0.0,-0.0,-0.0,-0.0,-0.0,-0.060368000270955534,-0.577744265967554,-0.10459876956879899,-1.7372739432180375,-0.1491175333484443,-2.8931263956960027
-1 0 1,0.0,0.0,0.0,0.0,0.0,0.0,1.6981710161937332e-05,0.004033989467555886,1.6633774017665667e-05,0.003951337559827543,1.4908178549264148e-05,0.003541423959936038,1.1214168547068097e-05,0.0026639153168250933,4.225906382049227e-07,0.00010038601338440792,5.000032251149246e-07,0.00011877530146395295,1.5995296521123876e-05,0.0037996678238727995,9.104251645413206e-06,0.002162706517621152,4.794861515064731e-06,0.0011390148969515524,7.214679247131466e-07,0.00017138403504233447,1.0993667702965007e-06,0.00026115355462238515,1.3272930926376692e-05,0.0031529724067845006,5.879593438420085e-06,0.001396691957283498,7.289832293671353e-06,0.0017316928867878013,1.2917894190438743e-06,0.00030686337601045405,0.0,0.0,1.7725175440322003e-06,0.00042105989535203486,1.3645053275067002e-06,0.00032413697248958115,2.1773562797473253e-06,0.0005172289607971577,2.977757458994208e-06,0.000707363517099871,0.0,0.0,0.0,0.0,0.0,0.0,0.0,0.0,0.0,0.0,0.0,0.0,0.0,0.0,0.0,0.0,0.0,0.0,0.0,0.0,0.0,0.0,0.0,0.0,0.0,0.0,0.0,0.0,0.0,0.0,0.0,0.0
-1 0 2,0.0,0.0,0.0,0.0,0.0,0.0,0.08635501400008713,3.815911749813855,0.08458569687459164,3.7377280092806386,0.07581073726149577,3.3499743637109582,0.05702603993630544,2.5199038916035903,0.0021489484940266246,0.09495913935110598,0.002542605255486363,0.11235430139052584,0.08133892534058046,3.594257548543038,0.046296737537197576,2.0457904707891323,0.024382722900898705,1.0774396818452356,0.0036687926095253717,0.16211900360879997,0.005590475395874633,0.24703557746098853,0.06749521249859135,2.982522525319698,0.029898777499313,1.3211867045100991,0.03707009269238756,1.6380774632429302,0.006568978760262383,0.2902743231045922,0.0,0.0,0.009013566706219089,0.3982973716147818,0.006938752077169586,0.30661410789986104,0.011072243621387264,0.4892675314905344,0.015142425857477526,0.669123402031703,0.0,0.0,0.0,0.0,0.0,0.0,0.0,0.0,0.0,0.0,0.0,0.0,0.0,0.0,0.0,0.0,0.0,0.0,0.0,0.0,0.0,0.0,0.0,0.0,0.0,0.0,0.0,0.0,0.0,0.0,0.0,0.0
-1 0 3,0.0,0.0,0.0,0.0,0.0,0.0,0.2926191874924735,5.688616619402079,0.2866237494084905,5.572063262059375,0.25688926807008444,4.99401482251435,0.19323618512826835,3.7565772210983193,0.007281841935485191,0.1415614861384492,0.008615771679149535,0.16749353445677392,0.27562186770819824,5.358182936502843,0.15687929506529158,3.0497869015218093,0.08262233116085081,1.6062062443784462,0.012431925637538803,0.24168086651765797,0.018943663978050522,0.3682712766081975,0.22871160950711814,4.446231547703464,0.10131381576590784,1.9695750681277784,0.12561425100233536,2.441983801571484,0.02225938180591754,0.4327299599313381,0.0,0.0,0.03054301590386377,0.593766626741968,0.02351238105329968,0.45708869185126616,0.03751896713496907,0.7293814934547831,0.05131102579724697,0.9975038089950807,0.0,0.0,0.0,0.0,0.0,0.0,0.0,0.0,0.0,0.0,0.0,0.0,0.0,0.0,0.0,0.0,0.003277677546251659,0.0,0.0,0.0,0.0,0.0,0.0,0.0,0.0,0.0,0.03795355404761574,0.0,0.07757849305426325,0.0,0.1174588169052462,0.21890181554705218
-1 0 4,0.0,-0.0,0.0,-0.0,0.0,-0.0,9.600101446688229e-05,-0.012250785169287088,9.40340616393253e-05,-0.01199978035790736,8.42789242623309e-05,-0.010754917551341205,6.33959446165887e-05,-0.008090019698383223,2.3889896591693767e-06,-0.0003048613522331967,2.8266185437161877e-06,-0.00036070761050692804,9.042462025811084e-05,-0.011539175944631627,5.146816107369831e-05,-0.0065679033484553045,2.7106314104109775e-05,-0.0034590637678648885,4.07860292145492e-06,-0.0005204745851806376,6.214940910733552e-06,-0.0007930948059249487,7.503454138188229e-05,-0.009575232635302326,3.32385212889983e-05,-0.004241600840549092,4.1210884464068005e-05,-0.005258962053778847,7.302744748509393e-06,-0.0009319105382057268,0.0,-0.0,1.0020397284181717e-05,-0.0012787128877868891,7.713822367532647e-06,-0.000984368563014342,1.2309031877136529e-05,-0.0015707678299662809,1.6833860322296117e-05,-0.002148185699114447,0.0,-0.0,0.0,-0.0,0.0,-0.0,0.0,-0.0,0.0,-0.0,0.0,-0.0,0.0,-0.0,0.0,-0.0,0.0,-0.0,0.0,-0.0,0.0,-0.0,0.0,-0.0,0.0,-0.0,0.0,-0.0,0.0,-0.0,0.0,-0.0
-1 0 5,-0.0,-0.0,-0.0,-0.0,-0.0,-0.0,-0.004576277076097231,-0.5534040542233424,-0.004482514305104651,-0.5420654274881884,-0.004017496182114721,-0.4858313074227519,-0.0030220243991953546,-0.3654500211999481,-0.00011388086545753771,-0.013771485335064393,-0.00013474221826001724,-0.016294225332119234,-0.004310455666536131,-0.5212585693009276,-0.002453438299359823,-0.2966915418527208,-0.0012921322190290092,-0.156256100037782,-0.00019442312308476907,-0.02351137021660292,-0.00029626032367501974,-0.035826428667011107,-0.0035768252403190312,-0.43254146467220517,-0.0015844487046611992,-0.19160560479354177,-0.0019644836766143253,-0.2375628077181677,-0.00034811489827247334,-0.04209714421484038,-0.0,-0.0,-0.0004776628105404744,-0.057763227949093374,-0.0003677105774939853,-0.04446682772528314,-0.0005867598454151972,-0.07095621001715167,-0.0008024541149168991,-0.09703987611299537,-0.0,-0.0,-0.0,-0.0,-0.0,-0.0,-0.0,-0.0,-0.0,-0.0,-0.0,-0.0,-0.0,-0.0,-0.0,-0.0,-0.0,-0.0,-0.0,-0.0,-0.0,-0.0,-0.0,-0.0,-0.0,-0.0,-0.0,-0.0,-0.0,-0.0,-0.0,-0.0
-1 0 6,-0.0,-0.0,-0.0,-0.0,-0.0,-0.0,-0.32893403847915503,-10.259875518685538,-0.3221945499366719,-10.049662207149932,-0.2887699371744738,-9.007105566353534,-0.2172173304807014,-6.775287779693878,-0.008185538672058608,-0.25531747403523863,-0.009685012788540675,-0.3020879993652644,-0.30982730426984373,-9.66391191618787,-0.17634844974380437,-5.500534850847502,-0.0928759911138767,-2.896921558828901,-0.013974762014310369,-0.4358907923698074,-0.021294625104010062,-0.6642067321289548,-0.2570953532026293,-8.019134573263772,-0.11388714068680243,-3.5522863247236347,-0.14120332718713188,-4.404313297773853,-0.025021832690510802,-0.7804631282337966,-0.0,-0.0,-0.034333488704835456,-1.0709056498454506,-0.0264303326121482,-0.824396051475469,-0.042175174789553065,-1.3154979196445815,-0.05767886610111879,-1.7990779822986054,-0.0,-0.0,-0.0,-0.0,-0.0,-0.0,-0.0,-0.0,-0.0,-0.0,-0.0,-0.0,-0.0,-0.0,-0.0,-0.0,-0.02290791836103863,-0.48085865628876007,-0.0,-0.0,-0.0,-0.0,-0.0,-0.0,-0.0,-0.0,-0.06188746780069005,-1.6931888638205919,-0.1064294497717602,-3.081863963840984,-0.1512547849247724,-4.465962249799342
1 0 1,-0.0,-0.0,-0.0,-0.0,-0.0,-0.0,-0.0001080562234282261,-0.010490129981727407,-0.00010584227292585303,-0.010275199015178952,-9.4862146207034e-05,-0.009209245080811097,-7.135681215427917e-05,-0.006927340331094364,-2.688984088475241e-06,-0.00026104736693521814,-3.181567680324146e-06,-0.0003088675270465274,-0.00010177958039593043,-0.009880791628333814,-5.7931211907536906e-05,-0.0056239791066982035,-3.0510156058400707e-05,-0.0029619349322161067,-4.590768451804064e-06,-0.00044567315280480635,-6.995374448622296e-06,-0.000679113010882202,-8.445691135057922e-05,-0.008199101817687404,-3.741240759561831e-05,-0.0036320075434441317,-4.63858904414009e-05,-0.004503155899869769,-8.219777911372553e-06,-0.000797978459505425,-0.0,-0.0,-1.127869631161715e-05,-0.0010949391583343776,-8.682476095284384e-06,-0.0008428973354160601,-1.3854723370239583e-05,-0.0013450206235573925,-1.8947751565407528e-05,-0.001839453300111202,-0.0,-0.0,-0.0,-0.0,-0.0,-0.0,-0.0,-0.0,-0.0,-0.0,-0.0,-0.0,-0.0,-0.0,-0.0,-0.0,-0.0,-0.0,-0.0,-0.0,-0.0,-0.0,-0.0,-0.0,-0.0,-0.0,-0.0,-0.0,-0.0,-0.0,-0.0,-0.0
1 0 2,0.0,-0.0,0.0,-0.0,0.0,-0.0,0.2614068905500865,-2.1449504169921645,0.2560509573303626,-2.1010027950727346,0.2294881116899268,-1.8830437859851972,0.17262460035174812,-1.4164554259775437,0.006505122490921304,-0.053377189752437985,0.007696768293411748,-0.06315513078367908,0.24622259402268548,-2.020357055663225,0.14014572682716578,-1.1499529892460967,0.07380940007330536,-0.605636305653709,0.01110587125986914,-0.09112821448504742,0.01692303344344171,-0.13886040863306012,0.20431602994420564,-1.676496563287943,0.09050715291802762,-0.7426481948650099,0.11221557630817754,-0.9207746845874482,0.019885079421190513,-0.16316520695628914,0.0,-0.0,0.02728513766943677,-0.22388571050514577,0.021004427198506682,-0.1723499131308708,0.033516997362503506,-0.2750206672736973,0.04583792272657652,-0.37611889747637095,0.0,-0.0,0.0,-0.0,0.0,-0.0,0.0,-0.0,0.0,-0.0,0.0,-0.0,0.0,-0.0,0.0,-0.0,0.0,-0.0,0.0,-0.0,0.0,-0.0,0.0,-0.0,0.0,-0.0,0.017382885483551675,-0.0,0.052780544122700154,-0.0,0.08840151608746177,-0.0
1 0 3,0.0,-0.0,0.0,-0.0,0.0,-0.0,0.1294372217253462,-0.0552617163010001,0.1267851986120736,-0.05412946587909023,0.11363244302257067,-0.04851404986293222,0.0854761273658825,-0.03649303838601003,0.0032210512142050304,-0.0013751903511038856,0.003811101926450813,-0.0016271056396792148,0.12191862436846425,-0.05205173861004587,0.06939401436211166,-0.029626967293872403,0.03654717617656941,-0.015603391779821878,0.005499140124775708,-0.002347793914486453,0.008379543582323866,-0.003577548668039514,0.10116833268732621,-0.04319264292828565,0.044815170691668973,-0.0191333158710633,0.05556422939377746,-0.023722501459109625,0.009846218776599512,-0.004203728582992864,0.0,-0.0,0.013510402908253845,-0.005768109379018996,0.010400470679199941,-0.0044403599861744456,0.016596146375670872,-0.007085531661427832,0.02269692797654988,-0.009690189406303692,0.0,-0.0,0.0,-0.0,0.0,-0.0,0.0,-0.0,0.0,-0.0,0.0,-0.0,0.0,-0.0,0.0,-0.0,0.0,-0.0,0.0,-0.0,0.0,-0.0,0.0,-0.0,0.0,-0.0,0.0,-0.0,0.0,-0.0,0.0,-0.0
1 0 4,-0.0,-0.0,-0.0,-0.0,-0.0,-0.0,-0.15207589347536773,-4.16258960045705,-0.14896002943647452,-4.077302820624085,-0.13350684656315026,-3.6543215258741744,-0.10042596918190418,-2.7488386579831245,-0.003784415601638545,-0.10358623360473357,-0.004477666646928735,-0.12256175645509472,-0.14324228753506454,-3.9207979832498325,-0.08153108198160694,-2.2316517510753195,-0.04293930599690183,-1.175325717369515,-0.006460944052059718,-0.17684761144996838,-0.009845132336830344,-0.269478906510921,-0.11886275353997085,-3.2534864695522097,-0.05265337924703085,-1.4412173019263708,-0.06528245675930122,-1.7868977744495032,-0.011568330174627812,-0.3166459178972959,-0.0,-0.0,-0.015873382989049275,-0.43448292457338517,-0.012219521170346448,-0.33447018185356003,-0.019498825412705163,-0.5337177775463857,-0.026666638507615588,-0.729913660832297,-0.0,-0.0,-0.0,-0.0,-0.0,-0.0,-0.0,-0.0,-0.0,-0.0,-0.0,-0.0,-0.0,-0.0,-0.0,-0.0,-0.0,-0.0,-0.0,-0.0,-0.0,-0.0,-0.0,-0.0,-0.0,-0.0,-0.0,-0.0,-0.0,-0.0,-0.0,-0.0
1 0 5,-0.0,-0.0,-0.0,-0.0,-0.0,-0.0,-0.31949218243031846,-8.757207808016087,-0.3129461469003455,-8.577782468032586,-0.2804809677791531,-7.687919317309787,-0.21098223612806483,-5.782974943295676,-0.007950577650143393,-0.21792351896203016,-0.009407010253432602,-0.2578440042407434,-0.3009338956690178,-8.248529403138654,-0.1712864723193488,-4.694923116404208,-0.09021004099650745,-2.4726366365736143,-0.013573624777598919,-0.37204995747085257,-0.020683375548398192,-0.5669266035580258,-0.24971558391214324,-6.844647166588067,-0.11061807801043692,-3.0320162737377974,-0.13715016961462315,-3.759254849629565,-0.024303595856663505,-0.6661560160247734,-0.0,-0.0,-0.0333479663201524,-0.9140601463824207,-0.025671665625293983,-0.7036544961710738,-0.04096456146708078,-1.1228292811506118,-0.05602322853528691,-1.5355839089004495,-0.0,-0.0,-0.0,-0.0,-0.0,-0.0,-0.0,-0.0,-0.0,-0.0,-0.0,-0.0,-0.0,-0.0,-0.0,-0.0,-0.01780388434211212,-0.0,-0.0,-0.0,-0.0,-0.0,-0.0,-0.0,-0.0,-0.0,-0.055664915898640095,-0.7031705105044324,-0.09892754739589882,-1.88845434166877,-0.14245969857509633,-3.069751272081164
1 0 6,-0.0,-0.0,-0.0,-0.0,-0.0,-0.0,-0.23589094307953293,-6.279245530968058,-0.2310578029292751,-6.150590851424823,-0.2070877587739246,-5.512525690148816,-0.15577469932032695,-4.146609326222686,-0.0058701569648841835,-0.1562593137600974,-0.006945486125392209,-0.1848837947905669,-0.22218878694925445,-5.91450408934065,-0.12646609123523656,-3.3664354715819482,-0.066604858635471,-1.772972948717793,-0.01002182627893833,-0.2667737347293764,-0.015271174797035662,-0.4065075786508153,-0.1843727259384166,-4.907868018446406,-0.08167274249102602,-2.1740690701964347,-0.10126220493976393,-2.695526328917177,-0.017944095230256703,-0.4776587787173544,-0.0,-0.0,-0.024621833201696364,-0.6554153121676477,-0.018954183381603644,-0.5045465914812833,-0.0302454005722557,-0.8051105900731533,-0.04136367942721513,-1.101071095807882,-0.0,-0.0,-0.0,-0.0,-0.0,-0.0,-0.0,-0.0,-0.0,-0.0,-0.0,-0.0,-0.0,-0.0,-0.0,-0.0,-0.0,-0.0,-0.0,-0.0,-0.0,-0.0,-0.0,-0.0,-0.0,-0.0,-0.0005664122977973064,-0.0,-0.03250835596179242,-0.0,-0.06464791998727262,-0.7674784956767801
2 0 1,-0.0,0.0,-0.0,0.0,-0.0,0.0,-0.0011194509744558703,0.054880258616556404,-0.0010965146828786913,0.053755823833628855,-0.0009827617386700183,0.04817916961739477,-0.0007392489795206575,0.03624113614965494,-2.7857588972090866e-05,0.001365697759086943,-3.296070255871829e-05,0.001615874139986432,-0.001054425620654919,0.05169243859168763,-0.0006001611898307515,0.02942245981387571,-0.0003160819696152326,0.015495685503285353,-4.7559872572141884e-05,0.0023315876854708185,-7.247133478059667e-05,0.003552853752241716,-0.0008749646129705671,0.0428944950121644,-0.00038758856094460735,0.01900124341916637,-0.0004805528881926976,0.023558751017004005,-8.515602434327926e-05,0.004174711305234714,-0.0,0.0,-0.00011684609341375091,0.005728293575337584,-8.994952828433739e-05,0.004409709301545023,-0.0001435334595784127,0.007036622024132115,-0.00019629668963705899,0.009623300473780934,-0.0,0.0,-0.0,0.0,-0.0,0.0,-0.0,0.0,-0.0,0.0,-0.0,0.0,-0.0,0.0,-0.0,0.0,-0.0,0.0,-0.0,0.0,-0.0,0.0,-0.0,0.0,-0.0,0.0,-0.0,0.0,-0.0,0.0,-0.0,0.0
2 0 2,0.0,-0.0,0.0,-0.0,0.0,-0.0,0.10644175392444802,-7.714315156599285,0.10426088208664007,-7.556257514248295,0.09344480959045383,-6.772367838290582,0.07029066905344772,-5.094282587934423,0.002648807940639837,-0.19197108737894564,0.0031340318343439167,-0.2271374567738205,0.1002588903010586,-7.266215075545057,0.05706566088257675,-4.135806452233821,0.03005430340180184,-2.178171250523723,0.004522177717932383,-0.3277426651109392,0.00689085646385013,-0.4994115232144779,0.08319503948949787,-6.029520657309458,0.03685342830493302,-2.670934572791653,0.0456928382214797,-3.3115665746187855,0.008096966097811862,-0.5868237415098995,0.0,-0.0,0.011110181156637896,-0.8052050603191896,0.008552751101865291,-0.6198565414712354,0.013647719759944145,-0.9891119557451679,0.018664652951584208,-1.352711786948491,0.0,-0.0,0.0,-0.0,0.0,-0.0,0.0,-0.0,0.0,-0.0,0.0,-0.0,0.0,-0.0,0.0,-0.0,0.0,-0.0,0.0,-0.0,0.0,-0.0,0.0,-0.0,0.0,-0.0,0.0,-0.01607028789874585,0.0,-1.0601956441670086,0.0,-2.1007139708070532
2 0 3,-0.0,-0.0,-0.0,-0.0,-0.0,-0.0,-0.18092164067244898,-6.96609899915022,-0.17721475971225156,-6.823371464451645,-0.1588304179526152,-6.115511728845451,-0.11947476155025077,-4.600184995921568,-0.004502243346975695,-0.17335169389757885,-0.005326990212803624,-0.20510725556086146,-0.1704124768381927,-6.561460419731972,-0.09699589317422945,-3.734672048359196,-0.051084031221254135,-1.9669090852829492,-0.007686455568192206,-0.29595470305034777,-0.011712556502620411,-0.4509732933392486,-0.1414086341618613,-5.44471375146085,-0.06264066935674112,-2.411878990762126,-0.07766522960415191,-2.9903757018971286,-0.013762610412499508,-0.5299073469811106,-0.0,-0.0,-0.01888424541044106,-0.7271077277678768,-0.01453731928084243,-0.559736275418516,-0.023197361555687086,-0.8931773806349613,-0.031724765048303794,-1.2215114412508137,-0.0,-0.0,-0.0,-0.0,-0.0,-0.0,-0.0,-0.0,-0.0,-0.0,-0.0,-0.0,-0.0,-0.0,-0.0,-0.0,-0.0,-0.0,-0.0,-0.0,-0.0,-0.0,-0.0,-0.0,-0.0,-0.0,-0.0,-0.0,-0.0,-0.46596728356410344,-0.01348604024831505,-1.4055220639331725
2 0 4,-0.0,-0.0,-0.0,-0.0,-0.0,-0.0,-0.33700836878481955,-7.304647359568188,-0.3301034462944396,-7.154983349682482,-0.2958583609383174,-6.41272204256193,-0.22254935535269418,-4.823751311613976,-0.008386468752975669,-0.1817764854131548,-0.009922750398885974,-0.2150753489067111,-0.31743262235718694,-6.880343580496503,-0.180677267882258,-3.916174938115006,-0.09515581424554974,-2.0624997230265385,-0.014317799922361187,-0.31033792951438527,-0.021817343390083607,-0.4728903331445857,-0.2634062622572453,-5.709323673560307,-0.11668272364235359,-2.529094907152156,-0.1446694394485419,-3.13570622203968,-0.02563604258782145,-0.5556605358915431,-0.0,-0.0,-0.03517627143911978,-0.7624447405081602,-0.02707911689907017,-0.5869391329048242,-0.04321044706944382,-0.9365852819314068,-0.05909470685359885,-1.2808761869596668,-0.0,-0.0,-0.0,-0.0,-0.0,-0.0,-0.0,-0.0,-0.0,-0.0,-0.0,-0.0,-0.0,-0.0,-0.0,-0.0,-0.027272272754143904,-0.0,-0.0,-0.0,-0.0,-0.0,-0.0,-0.0,-0.0,-0.0,-0.06720944053528666,-0.0,-0.11284311028540941,-0.7348378865809221,-0.15875367074188693,-1.7200048566790247
2 0 5,-0.0,-0.0,-0.0,-0.0,-0.0,-0.0,-0.05217850529462532,-0.7414305389546699,-0.0511094263989813,-0.7262394609943732,-0.045807310685913566,-0.6508990408626993,-0.03445698621211533,-0.48961659046668454,-0.0012984645034431024,-0.018450533053128552,-0.0015363247093608651,-0.021830407958967252,-0.0491476215444575,-0.6983631923584586,-0.027973993087490035,-0.39749649121720554,-0.014732833416952973,-0.20934621563002076,-0.002216803700602824,-0.03149967507145053,-0.0033779468791797405,-0.04799894058001043,-0.04078280043722832,-0.5795032559387933,-0.0180658128322364,-0.25670619097321934,-0.022398954481323393,-0.31827797288051807,-0.003969190405345614,-0.05640021623525188,-0.0,-0.0,-0.005446289871523113,-0.07738906302405493,-0.0041926194580469926,-0.05957503165066354,-0.006690209353927658,-0.09506453852968265,-0.009149545708800015,-0.13001048166791296,-0.0,-0.0,-0.0,-0.0,-0.0,-0.0,-0.0,-0.0,-0.0,-0.0,-0.0,-0.0,-0.0,-0.0,-0.0,-0.0,-0.0,-0.0,-0.0,-0.0,-0.0,-0.0,-0.0,-0.0,-0.0,-0.0,-0.0,-0.0,-0.0,-0.0,-0.0,-0.0
2 0 6,-0.0,-0.0,-0.0,-0.0,-0.0,-0.0,-0.0013776218365763656,-0.01721314642333433,-0.001349395914362878,-0.016860468410330523,-0.0012094089533502333,-0.015111355559987959,-0.0009097366120472287,-0.011367001519628567,-3.4282182746748054e-05,-0.00042834994021130905,-4.056219042183595e-05,-0.0005068175492320805,-0.0012976001568678489,-0.016213289384709707,-0.0007385720138198778,-0.00922832948819459,-0.0003889776626454463,-0.004860208574482232,-5.852826117018567e-05,-0.00073130049384907,-8.918487329747901e-05,-0.0011143495566469474,-0.001076751358089383,-0.013453821866222454,-0.0004769753007040232,-0.005959723832293621,-0.0005913793167457716,-0.00738918221285911,-0.00010479494084888539,-0.001309394649071049,-0.0,-0.0,-0.0001437934607932852,-0.0017966744063116471,-0.00011069393585054359,-0.0013831015706790904,-0.00017663554073074533,-0.002207030511159158,-0.00024156717199974736,-0.003018340006163181,-0.0,-0.0,-0.0,-0.0,-0.0,-0.0,-0.0,-0.0,-0.0,-0.0,-0.0,-0.0,-0.0,-0.0,-0.0,-0.0,-0.0,-0.0,-0.0,-0.0,-0.0,-0.0,-0.0,-0.0,-0.0,-0.0,-0.0,-0.0,-0.0,-0.0,-0.0,-0.0
3 0 1,-0.0,-0.0,-0.0,-0.0,-0.0,-0.0,-0.003320068494454717,-0.2531866867849632,-0.00325204402461848,-0.24799917629627705,-0.0029146754619601175,-0.22227162617267487,-0.002192465148067177,-0.16719624539607625,-8.262005714244342e-05,-0.006300562342258301,-9.775487503906534e-05,-0.0074547356386043505,-0.0031272162540068966,-0.23847987580211932,-0.001779958482701811,-0.13573870286193532,-0.0009374361297910466,-0.07148838892051089,-0.00014105310382511426,-0.010756635918163952,-0.0002149355361212598,-0.016390871559964378,-0.0025949706700629255,-0.1978911059680697,-0.0011495104291000464,-0.08766106405777699,-0.0014252240968241612,-0.10868684414303512,-0.00025255579742789836,-0.019259773009474002,-0.0,-0.0,-0.00034654222676582235,-0.02642712895004061,-0.00026677237481797773,-0.02034392176508797,-0.0004256916362755492,-0.03246302151919234,-0.000582176861426678,-0.04439650293771965,-0.0,-0.0,-0.0,-0.0,-0.0,-0.0,-0.0,-0.0,-0.0,-0.0,-0.0,-0.0,-0.0,-0.0,-0.0,-0.0,-0.0,-0.0,-0.0,-0.0,-0.0,-0.0,-0.0,-0.0,-0.0,-0.0,-0.0,-0.0,-0.0,-0.0,-0.0,-0.0
3 0 2,-0.0,-0.0,-0.0,-0.0,-0.0,-0.0,-0.046297952431307604,-1.1559163220494637,-0.04534935945080036,-1.1322328965075514,-0.04064479576729094,-1.0147745281713234,-0.030573660544068154,-0.76332950793284,-0.0011521266750495155,-0.028765030823647182,-0.0013631798747665254,-0.03403437483482394,-0.04360865133121368,-1.0887728119532798,-0.02482130513255135,-0.6197110289025346,-0.013072433119059238,-0.32637812295565877,-0.001966968423118629,-0.0491091027969788,-0.002997249979559243,-0.07483203879859145,-0.036186551224433,-0.9034659850467976,-0.016029783498339157,-0.4002139924468808,-0.019874577150720996,-0.49620656888520814,-0.003521859960147663,-0.08792992342258064,-0.0,-0.0,-0.004832489316723731,-0.12065227475488287,-0.003720108407383389,-0.09287957246636373,-0.0059362182315241055,-0.14820896356587576,-0.008118385714619761,-0.20269091965018343,-0.0,-0.0,-0.0,-0.0,-0.0,-0.0,-0.0,-0.0,-0.0,-0.0,-0.0,-0.0,-0.0,-0.0,-0.0,-0.0,-0.0,-0.0,-0.0,-0.0,-0.0,-0.0,-0.0,-0.0,-0.0,-0.0,-0.0,-0.0,-0.0,-0.0,-0.0,-0.0
3 0 3,-0.0,-0.0,-0.0,-0.0,-0.0,-0.0,-0.17573209851054156,-0.7335734284216592,-0.17213154543329182,-0.7185433338203943,-0.1542745386918763,-0.6440013135083618,-0.11604775685338659,-0.48442801046090767,-0.004373101351659623,-0.018255008496241825,-0.005174191243024979,-0.021599066087675905,-0.16552437870808578,-0.690962476436664,-0.09421367057615535,-0.39328412916319466,-0.04961874087324735,-0.20712772546883643,-0.007465977879074966,-0.03116586574503777,-0.011376594449832514,-0.04749028472920576,-0.13735247998200112,-0.5733621261944342,-0.060843889306169706,-0.25398581622330896,-0.07543748624494447,-0.3149051077478374,-0.013367844774026897,-0.05580253012743272,-0.0,-0.0,-0.018342571195078868,-0.07656895326288508,-0.014120331953905545,-0.058943701291184626,-0.022531970254841015,-0.09405711767532929,-0.03081477437398282,-0.12863273058909308,-0.0,-0.0,-0.0,-0.0,-0.0,-0.0,-0.0,-0.0,-0.0,-0.0,-0.0,-0.0,-0.0,-0.0,-0.0,-0.0,-0.0,-0.0,-0.0,-0.0,-0.0,-0.0,-0.0,-0.0,-0.0,-0.0,-0.0,-0.0,-0.0,-0.0,-0.008652743965225036,-0.0
3 0 4,-0.0,-0.0,-0.0,-0.0,-0.0,-0.0,-0.03166786968472214,-0.2615405398283624,-0.031019030647291362,-0.2561818682852232,-0.027801101952196258,-0.229605441881322,-0.020912430184272326,-0.17271285798413546,-0.0007880563932042946,-0.006508448359356445,-0.0009324171019224262,-0.007700703413581333,-0.029828383653301788,-0.24634848003860924,-0.016977810357998176,-0.14021737901355036,-0.008941564080848527,-0.07384713654241304,-0.0013454093847822654,-0.01111154934920865,-0.002050123532051361,-0.016931685668335996,-0.024751655922907543,-0.20442049042680727,-0.010964396225791723,-0.09055342643300976,-0.013594240915552579,-0.11227294867029604,-0.002408957554467965,-0.019895246048808893,-0.0,-0.0,-0.0033054300222429274,-0.02729908771853266,-0.0025445597930674863,-0.021015166114109755,-0.004060382274030249,-0.033534133569196635,-0.005552988142236667,-0.04586135824228608,-0.0,-0.0,-0.0,-0.0,-0.0,-0.0,-0.0,-0.0,-0.0,-0.0,-0.0,-0.0,-0.0,-0.0,-0.0,-0.0,-0.0,-0.0,-0.0,-0.0,-0.0,-0.0,-0.0,-0.0,-0.0,-0.0,-0.0,-0.0,-0.0,-0.0,-0.0,-0.0
3 0 5,-0.0,-0.0,-0.0,-0.0,-0.0,-0.0,-1.3918464942747766e-05,-8.247963982361669e-05,-1.3633291248215249e-05,-8.078972475690758e-05,-1.2218967260626304e-05,-7.240856106033056e-05,-9.191301129039253e-06,-5.44668689939522e-05,-3.4636164007627866e-07,-2.052509629454066e-06,-4.098101600874903e-07,-2.428500164286217e-06,-1.3109985493517549e-05,-7.768865934900269e-05,-7.461981517071248e-06,-4.421906801002566e-05,-3.9299405811520034e-06,-2.3288493737991255e-05,-5.913259572610279e-07,-3.504147344830424e-06,-9.01057532231962e-07,-5.339590322966834e-06,-1.0878693725462275e-05,-6.446621404863266e-05,-4.819003172818475e-06,-2.855700306304511e-05,-5.9748561393654104e-06,-3.5406489465604474e-05,-1.0587700279253548e-06,-6.274181162831874e-06,-0.0,-0.0,-1.4527820261774525e-06,-8.609062763331186e-06,-1.118369079673888e-06,-6.627360076043093e-06,-1.7845939401004063e-06,-1.0575351952701176e-05,-2.440614779417969e-06,-1.4462875667871542e-05,-0.0,-0.0,-0.0,-0.0,-0.0,-0.0,-0.0,-0.0,-0.0,-0.0,-0.0,-0.0,-0.0,-0.0,-0.0,-0.0,-0.0,-0.0,-0.0,-0.0,-0.0,-0.0,-0.0,-0.0,-0.0,-0.0,-0.0,-0.0,-0.0,-0.0,-0.0,-0.0
3 0 6,-0.0,-0.0,-0.0,-0.0,-0.0,-0.0,-1.1753530368061618e-11,-6.34209994403064e-11,-1.1512713748366304e-11,-6.212157448247292e-11,-1.0318379458860745e-11,-5.567705339525148e-11,-7.761648815909919e-12,-4.18811633436788e-11,-2.9248714364074715e-13,-1.578234487192282e-12,-3.4606662311839693e-13,-1.8673445699974994e-12,-1.1070805096448073e-11,-5.973707489057757e-11,-6.301314600968984e-12,-3.4001330431509834e-11,-3.318661659547127e-12,-1.7907201722525146e-11,-4.993487158734406e-13,-2.694441043516872e-12,-7.609033835284598e-13,-4.1057666547590866e-12,-9.186577513613342e-12,-4.956995124906361e-11,-4.069435844289693e-12,-2.195831212589303e-11,-5.045502745288151e-12,-2.7225081891523364e-11,-8.940846370057654e-13,-4.8244007959695875e-12,-0.0,-0.0,-1.2268104085535588e-12,-6.619759323178483e-12,-9.444134101510435e-13,-5.0959703579244775e-12,-1.5070109495485749e-12,-8.131696400561403e-12,-2.0609916427296744e-12,-1.112092671111135e-11,-0.0,-0.0,-0.0,-0.0,-0.0,-0.0,-0.0,-0.0,-0.0,-0.0,-0.0,-0.0,-0.0,-0.0,-0.0,-0.0,-0.0,-0.0,-0.0,-0.0,-0.0,-0.0,-0.0,-0.0,-0.0,-0.0,-0.0,-0.0,-0.0,-0.0,-0.0,-0.0
