,Lasso 0.00048828125 electronic_coef,Lasso 0.000244140625 electronic_coef,Lasso 0.0001220703125 electronic_coef,Lasso 6.103515625e-05 electronic_coef,Ridge 9.5367431640625e-07 electronic_coef,Ridge 1.9073486328125e-06 electronic_coef,Ridge 7.62939453125e-06 electronic_coef,ElasticNet 0.000244140625 0.5 electronic_coef,PLS 1 electronic_coef,ElasticNet 0.00048828125 0.5 electronic_coef,ElasticNet 0.0001220703125 0.5 electronic_coef,PLS 3 electronic_coef,PLS 4 electronic_coef,PLS 2 electronic_coef,PLS 5 electronic_coef,ElasticNet 6.103515625e-05 0.5 electronic_coef,Ridge 1.52587890625e-05 electronic_coef,Ridge 6.103515625e-05 electronic_coef,PLS 8 electronic_coef,PLS 6 electronic_coef,PLS 7 electronic_coef,PLS 9 electronic_coef,Ridge 3.814697265625e-06 electronic_coef,Ridge 0.00048828125 electronic_coef,Ridge 0.000244140625 electronic_coef,Ridge 3.0517578125e-05 electronic_coef,Ridge 0.0001220703125 electronic_coef,ElasticNet 3.0517578125e-05 0.5 electronic_coef,Lasso 3.0517578125e-05 electronic_coef,ElasticNet 1.52587890625e-05 0.5 electronic_coef,ElasticNet 7.62939453125e-06 0.5 electronic_coef,Lasso 1.52587890625e-05 electronic_coef,ElasticNet 3.814697265625e-06 0.5 electronic_coef,ElasticNet 1.9073486328125e-06 0.5 electronic_coef,Lasso 7.62939453125e-06 electronic_coef,Lasso 3.814697265625e-06 electronic_coef,Lasso 1.9073486328125e-06 electronic_coef,Lasso 9.5367431640625e-07 electronic_coef,ElasticNet 9.5367431640625e-07 0.5 electronic_coef
-6 1 1,-0.0,-0.0,-0.0,-0.0,-23.415426263987168,-20.526489653235704,-12.790512764864308,-0.0650625422973768,-0.015477261997163082,-0.0,-0.18826191153919775,-0.1651680945802847,-0.21793288101058889,-0.011997517398312122,-0.28740726424043905,-0.34575353578645907,-9.325511345283413,-4.639994681605554,-0.6764610753234676,-0.4913980424436883,-0.6164224942399283,-0.7504800862748282,-16.766351501048263,-1.3198852922880444,-2.0662015771561584,-6.6438716148477495,-3.149018491519662,-0.5958653243917794,-0.0,-0.9914571550734284,-1.6142512177756636,-5.8253050808064994,-2.570618293848894,-3.960932124394542,-17.69395491931895,-26.28560485291387,-35.4260859561559,-46.19369255019302,-5.773913703962081
-6 1 2,0.0,-0.0,-0.0,-0.0,0.09544241138306728,0.2779972429135242,0.6307821341671864,-0.2386581476920915,-0.20260783815719577,-0.15897647048829833,-0.2445742644579245,-0.32200289533813486,-0.5338416136986667,-0.05810473078986403,-0.4636085328088374,-0.09324372453986417,0.683083110431185,0.6916555704095599,0.16426931751847,0.036917086656147215,0.17227127305999843,0.42112337982800363,0.4808394874341251,0.4380301185036258,0.6482767713022705,0.6792041781258794,0.7137204947250226,0.0,-0.0,0.22445668834623528,0.4989686088071945,0.0,0.6488776093576765,0.6207923970716528,-0.0,-0.0,-0.0,-0.0,0.5729651191570224
-6 1 3,-0.0,-0.0,-0.0,-3.6928495584906416,-1.0540614690125498,-1.8185846973085644,-3.5373392861567647,-0.8679450220722748,-0.41173815922512097,-0.6574343808972374,-1.0245560411612054,-0.9941258166629527,-1.3455839123479323,-0.32253146212043177,-1.447357470972894,-1.1254149139238279,-3.9747239521764968,-3.676535645298869,-1.5202080424421887,-1.3383351777766634,-1.1514376544141471,-1.3221613801655692,-2.734206050516246,-1.8951083518028131,-2.4897591291774113,-3.9913713865958944,-3.1357924460829043,-1.3122507640039558,-6.189799976326512,-1.6667201268438823,-2.220706672585663,-4.983086127816032,-2.894945287025774,-3.5230578941593746,-1.4570696823033404,-0.3232216071810572,-0.0,0.6951671678351191,-3.9398923776363866
-6 1 4,0.0,0.0,0.0,1.4460235984654375,-2.9173376887084532,-1.9978623380514169,0.44753834103866874,0.2067097711397945,0.10269981934836718,0.17768607504987322,0.23917614036974782,0.4550806160539146,0.3456278430281279,0.31473447083610684,0.26442527618201295,0.3180536321000383,1.4018721688729991,1.8149372073764354,0.5534020400088449,0.5343847897198237,0.5902791206090816,0.4759557784872111,-0.7960642089380684,0.6936871920100385,1.0290798691495457,1.855789747373284,1.459325913512331,0.4295717421034005,2.2821384295993004,0.5840232346595595,0.8881901122191024,1.6791710131964943,1.2868539789692912,1.733964254148574,0.0,0.0,-0.6801312988156599,-0.0,1.9198092701039327
-6 1 5,0.0,0.0,0.0,0.0,3.6853807635968967,2.7817599693187836,0.5850820130350759,0.42813520407385863,0.24909456555614046,0.4376940256295156,0.3326090019909766,0.806099284686883,0.6387084624231305,0.5321422123097198,0.280181525245712,0.18156868944643537,-0.19257011049744086,-0.7839294561966809,0.08928799824978524,0.33454466176966974,0.22697508856352305,-0.3256926419575047,1.6609602810161668,-0.3755310120530067,-0.6116698003183781,-0.620212418367625,-0.7646630631325994,0.0,-0.0,-0.08656329124279463,-0.3341925675263834,0.0,-0.5765135617562116,-0.6846158851855157,0.0,0.0,0.0,-0.0,-0.6226777738718655
-6 1 6,0.0,-0.0,0.0,0.0,6.012515294219393,4.675128003822527,1.2224427180571262,-0.0,0.042195953615915896,0.0,-0.16848939191388368,0.09159470877767716,-0.15769752961192457,0.1795849282017197,-0.5068093725646211,-0.45222102800749847,-0.09389885661800625,-1.0155918688806884,-1.1281034585359708,-0.6455947588372976,-0.8712287255499888,-1.9239551758025046,2.957716865692639,-1.014118023036387,-1.0128638927810731,-0.7987194713684838,-1.0186310398250304,-0.728006240704156,0.0,-0.8775695279414165,-0.8874522429843881,-0.0,-0.9120847555313235,-0.8990573362565164,-0.17790814303286903,0.0,0.5431628371927708,4.6204883151456055,-0.802602199688671
-6 2 1,-0.0,-0.0,-0.0,-0.0,-3.5199925147480973,-2.771888064689598,-1.2911163745988554,-0.20066616429357714,-0.013569469619851865,-0.036302708690427225,-0.4550862864312326,-0.19938061781053942,-0.30518904806750513,-0.015834741216701344,-0.5093903537529271,-0.7860715297577093,-1.1621938936457012,-1.9457555804471796,-1.4719120937984285,-0.9702041345475059,-1.2814180980505472,-1.5805981233530115,-1.9221038108835349,-1.8207491572839622,-2.132692848953781,-1.4916392503211287,-2.1989111085158584,-1.1555863405521623,-0.0,-1.5698881384965626,-1.967181374945405,-0.0,-2.158961011201613,-2.0544263696500833,-0.0,-0.0,0.0,0.0,-1.6298843841671946
-6 2 2,-0.0,-0.0,-0.0,-0.0,-6.696034605573227,-6.077477261051725,-4.443948095345077,-0.0,0.011095603504767253,0.0,-0.02315851881954391,0.05665051777491311,0.02749945697023282,0.06366032267456763,-0.005311361841961326,-0.24269179821104123,-3.731803338916586,-2.692607307959508,-0.4031499507997132,-0.09105944560564656,-0.26163971002041553,-0.6896290208001736,-5.27763080740129,-1.2209527735624526,-1.7117818326789056,-3.1729424114220457,-2.212555190958167,-0.5369269715868984,-0.0,-0.9326521353570982,-1.427506935922104,-0.0,-1.9876368627354093,-2.5286641601794537,-0.0,-0.0,0.0,0.0,-2.9635453047394362
-6 2 3,0.0,0.0,0.0,0.0,-8.35872114658245,-7.0990178564745285,-3.6738958685326315,0.820464240669951,0.20942710541974505,0.5979238584192643,1.069326378015938,0.9734043806672327,1.0758595565811258,0.4400969022111245,1.218805132556732,1.3390099386088732,-2.087215764329808,0.11763289162818544,2.0326575259952975,1.8417759104038034,1.9632591289128531,2.168779215502846,-5.447565485112004,1.5250864865381237,1.269593675998445,-0.8275300536140754,0.8036516343289858,1.5485028500568923,-0.0,1.5582673565305754,1.3537455785727104,-0.0,0.9748889455040392,0.3284516634898677,-2.1511141163931655,-3.125979867189226,-5.735418207179844,-1.8718889218318506,-0.27719777886932456
-6 2 4,0.0,-0.0,-0.0,-0.0,2.801939253961836,2.666608665849996,2.105759916269439,0.4536230954516941,0.25573127655172,0.3918150844737107,0.5320775829505145,0.62536362902186,0.5013508184443595,0.45527692445002726,0.30381014242389126,0.6213079711929697,1.6676279441151807,0.8163674444030973,0.41046660424821085,0.42490962768497853,0.34134480447279725,0.7781383403263523,2.442137760902114,0.7087500183595928,0.6192138136298002,1.198328778059428,0.6209564677808761,0.6736992757307197,-0.0,0.6385698916880369,0.5659787108175116,0.0,0.5501423937585197,0.6614491128197553,0.0,0.001988499106095952,4.958518144898785,4.970600285806439,0.9112204225440479
-6 2 5,0.0,0.0,0.0,0.0,5.697719481978059,5.063669345627052,3.350187317485398,0.3800145637443515,0.19084954129226644,0.3165771316588404,0.4411726829054169,0.5311642116854111,0.440506632820392,0.36914091617449346,0.33293951192143384,0.4728127576811714,2.5191005502443726,1.1637401342244584,0.4904691808870435,0.47600506040714224,0.42131511055092125,0.433832633199658,4.238899294867862,0.4106538235189101,0.45892652348324714,1.7849614767178101,0.7043197689085354,0.4252309887018138,0.0,0.3672895794926498,0.37398573387844014,0.0,0.5415202793008431,0.9669062350984561,0.0,0.0,0.0,2.648959381770359,1.4882745600747462
-6 2 6,0.0,0.0,0.0,0.0,-2.2023237132062947,-1.8898505461500565,-1.109993912896055,0.3831807112188354,0.23947562272452447,0.34653347372767995,0.4297762614865244,0.6578780284191768,0.48889078613268927,0.44186419812634475,0.1899682694088763,0.516076409006376,-0.7761120195051752,-0.11634453199884583,0.5514853882059955,0.44876700730252084,0.48829856867471383,0.6744763055373323,-1.499406636213743,0.648528435177913,0.5165079959982243,-0.46325640429983245,0.24012432224719493,0.5830785206794736,-0.0,0.6124720939452735,0.5334236872203463,-0.0,0.28308160196708343,0.0,-0.0,-0.0,-0.0,0.0,-0.2835025239365341
-6 3 1,-0.0,-0.0,-0.0,-0.0,3.022259828593251,2.3007468503527733,0.5727294913199916,-0.1792631253149197,-0.0013266758318633274,-0.014370045163300557,-0.44297404476160074,-0.1505627599700121,-0.2893528049215401,-0.012817789660883412,-0.5552622100141232,-0.7894303197816781,-0.06543595474914933,-0.8959707576904702,-1.6414806519173164,-1.0122813550498746,-1.3124793240308776,-1.9474194493200048,1.416245473298901,-1.4915762608444771,-1.4644454600459178,-0.518137521938686,-1.2361815625861012,-1.1331175761906234,-0.0,-1.400171379290653,-1.4584638267864918,-0.0,-1.2672013354423741,-0.9486259537440541,-0.0,-0.0,0.0,0.0,-0.5749650249493883
-6 3 2,-0.0,-0.0,-0.0,-0.0,5.967748920203055,4.982911938702461,2.6278895440246215,-0.0,0.019236172763766175,-0.0,-0.12499504922391932,-0.06384189260041541,-0.1453348215883229,0.02805687494689855,-0.270744017671994,-0.24997695408182444,1.7728526085502834,0.7682659224883469,-0.6267956111698753,-0.5347709709608754,-0.7135163334898131,-0.31376038362231456,3.7758294126149154,-0.22375682325032617,0.03466470451647966,1.2006461465123663,0.38033258185907054,-0.2701179023786171,-0.0,-0.17632992064160466,-0.0,-0.0,0.10347646612666785,0.4849343015005376,-0.0,0.0,0.0,0.0,0.8645469287599798
-6 3 3,-0.0,-0.0,-0.0,-0.0,8.09545954913154,7.295135251711205,5.02260042670002,-0.0,0.0067996436637167085,-0.0,-0.0,-0.013921546677718897,-0.034045098250359576,0.02994500682958512,-0.02914804594379636,-0.0,3.840346837239506,1.8574618044338886,0.19014080999361377,-0.05878573732699888,-0.11285008121398829,0.7037831445152792,6.225634097222881,0.342264337779103,0.6588953415150667,2.7667357681726545,1.1526903018943413,0.0,-0.0,0.11182697333742611,0.37617989011545233,-0.0,0.8369789563754131,1.4740719271990916,-0.0,0.0,3.5311043007338285,1.5566043497484077,2.277472382194716
-6 3 4,0.0,0.0,0.0,0.0,-9.36702630386856,-7.998472482706651,-4.0541913641852085,0.43422139933218284,0.09277212446811535,0.24731809219269726,0.7041328832695606,0.41843899901548925,0.5390339907624574,0.18884933332028075,0.8003870240856312,1.0590528968359068,-2.0481678562469243,0.8932677661333464,2.065431689702284,1.3021094143724505,1.5195704134729933,2.613208444727659,-6.147247674894352,1.9474204020360801,1.9817864984277016,-0.359001137538763,1.6624091856942849,1.4952824055134475,0.0,1.8446764719646593,1.9856878474357247,-0.0,1.8032454552432888,1.184462536823751,-0.0,-0.0,-0.0,-0.19665246713600115,0.09582234438587052
-6 3 5,0.0,0.0,0.0,0.0,-9.461974399363418,-8.158215909642593,-4.573952798447798,0.28809998812594956,0.16858716731650503,0.2344090733792842,0.31961138564701636,0.4555602931119061,0.44917289814353617,0.28106252593404263,0.4421845240727054,0.3517463003526935,-2.9235158485038504,-0.7681626434448087,0.40563832248002885,0.4432747597702811,0.347836036346835,0.36362011801473915,-6.434964725113974,0.3776494409394162,0.18380759823704848,-1.6580875460140634,-0.1789054075561694,0.39726736769245624,-0.0,0.37343556209764883,0.22322695601623835,-0.0,0.0,-0.38875642427552526,-0.0,-0.0,-0.0,-0.0,-1.2084204804843917
-6 3 6,0.0,0.0,0.0,-0.0,-2.3919197642697667,-2.261888201948829,-1.8359362083757387,0.1553982725946763,0.10170788409804549,0.10086170519955402,0.17303881709449015,0.2813136172422305,0.32604117660099374,0.15773760212427007,0.36149433498903827,0.1306308139636141,-1.5864779640469777,-1.127031236519182,0.07835689018592751,0.3679996480374302,0.2882196671698482,-0.32042142399076423,-2.072331073004885,-0.2630731353716662,-0.5698041095540498,-1.3534469615345663,-0.8691019479675994,0.0,-0.0,-0.0,-0.3087693678705984,-0.0,-0.6496107575022962,-0.9470417227770009,-0.8206862598618572,-2.4111498489766894,-0.0,-0.0,-1.1891479782408902
-5 1 1,-1.1192660195139135,-1.0400137160776612,-1.4537858230643668,-3.3822986068504535,-22.16682083131272,-19.824766303118295,-13.407177605825757,-0.6467086626224695,-0.22591630294996,-0.3702050783126845,-1.0483130810519683,-0.4281615111510881,-0.6923297101626729,-0.14286239192150046,-0.8902617197562838,-1.5760195096188336,-10.466110481076461,-6.533157276277799,-2.6120273516354,-1.2201824233886513,-1.5409389790852044,-3.7240670455885487,-16.73463195196347,-3.345567969745355,-4.231775695113318,-8.200361448657118,-5.263356863410465,-2.2187727171862366,-5.13951692770808,-2.941570658650289,-3.7602517331054535,-6.550325720401411,-4.747759716561279,-5.910634465588729,-9.397734846349477,-14.45956645030389,-19.609033469383217,-32.49664193874872,-7.412403755473556
-5 1 2,-0.0,-0.0,-0.0,-0.0,-1.0713229100472546,-1.0162733897879006,-0.6913753351830593,-0.0,-0.08531961205575522,-0.0,0.0,-0.16616442055706393,-0.2689668675972471,0.026565729204794584,-0.1266490841524977,0.20067444028994874,-0.38889665660337414,0.3358888947510321,0.7235725123409931,0.5094022993637628,0.7753562338440259,0.8574517395267965,-0.8996324745738796,0.7210445445910424,0.7443885731289454,-0.025777890692451916,0.6142352375308515,0.4377702197181593,-0.0,0.5937726280955417,0.6508135429465007,-0.0,0.5637964326276356,0.31621373916609996,0.0,-0.0,0.0,-0.4410441865482457,0.0
-5 1 3,0.0,0.0,-0.0,-0.0,-1.3960775415121849,-1.592202368841273,-2.2070195413637026,0.0,0.03344811365234086,0.0,-0.0,0.3019534953773084,0.10215372637625142,0.2867106334905535,-0.09554849009405923,-0.22437753149756892,-2.4501370191930345,-2.287561797520019,-0.7325243184769663,-0.29563115304021814,-0.3938409617352784,-0.7785185820212039,-1.8786871875871138,-1.1676138164612726,-1.5613547806434223,-2.481281859943665,-1.9530989972378099,-0.5480049637051875,-0.0,-0.9131012880868752,-1.2766469363082378,-0.0,-1.701072005013375,-2.086399249695125,-1.483127129255745,-5.250666621863487,-3.7614638030119187,-3.6433780608624806,-2.3879242605550566
-5 1 4,0.0,0.0,-0.0,-0.0,-8.559858874317719,-7.411398831732767,-4.308788591964711,0.19145020480832406,0.12105943342859969,0.19951194071844874,0.0855661639975151,0.3323932347505353,0.22246710139408218,0.34540682931800826,0.05915115860722365,0.0,-2.9763960173596544,-1.6316951140351934,-1.5194836790704818,-0.7400235462889037,-1.1027881073807644,-1.5898247038126985,-5.90402953165439,-0.8008221833192622,-1.124420645064385,-2.0997444327353927,-1.3721979962598014,-0.15844981918534448,-0.0,-0.5556413029883089,-0.9602365727115836,-0.0,-1.1974915135419686,-1.4447037664371207,-0.0,-0.0,-5.120266699110678,-7.358600518607528,-1.8006311152877845
-5 1 5,-0.0,-1.7276943306168697,-1.9790271281527994,-4.062001466599463,-10.328612992285969,-9.456227219679727,-7.272401421737777,-0.2676151261772222,-0.1822313678196798,-0.09896795776602284,-0.6186273855361215,-0.29929724784636047,-0.41474879245065593,-0.059110967751591886,-0.4148190349727747,-1.1861712862121938,-6.426049165412279,-5.343849846966404,-2.4581089348447884,-1.3320691687007733,-1.776231898884527,-3.2393054408561923,-8.358474511233709,-3.2393342963413185,-4.090870562535834,-5.835005913832909,-4.792068815375823,-1.9700996282528576,-6.825644037338406,-2.900234665597709,-3.8573592910725734,-6.9968866744262606,-4.672704392841877,-5.28263680899536,-6.576326510769886,-6.32846363842575,-3.074808640950808,-0.0,-5.723563587788329
-5 1 6,0.0,-0.0,-0.0,0.0,-15.807673980965092,-13.13610594359443,-6.12917242717081,0.3815848559728957,0.26288529047614057,0.3790925009775812,0.35406756005864554,0.624214117750883,0.4255961832969178,0.49708375430179497,0.07516994004638658,0.37088180447161473,-3.1752246750841877,0.14009977716868455,0.180516718294521,-0.18643663906920424,-0.2690135370030886,0.8080595636107653,-9.691979809632414,0.8865959858699538,0.9792068549099062,-1.1177739487086125,0.7840027474903276,0.5005078795865086,0.0,0.7058566459780089,0.916587280670481,-0.0,0.8926183906525548,0.45903105348795126,-0.0,-0.0,-3.2463997213746056,-7.152461166397829,-0.37827961066621923
-5 2 1,0.0,0.0,0.0,0.0,-12.368930476021761,-10.964299204611915,-6.74935318719881,-0.07227629511209825,-0.21875558315481472,-0.1347545039633786,-0.0,-0.4224664458823465,-0.38909525935966677,-0.2288767564458645,-0.06637974601328848,0.05481794165540374,-4.470519330077063,-0.93484744153501,1.0158398127648045,0.516253149875632,0.8139670085421744,1.0322243183442361,-9.022309505281264,0.5735346702155429,0.4712423767879915,-2.4653979382728792,0.023865497006149157,0.2921737535193827,-0.0,0.436537526757895,0.44697163841729076,-0.0,0.18168764186000882,-0.3828241014090992,0.0,-0.0,0.0,-3.091259996117317,-1.745718351375752
-5 2 2,-0.0,-0.0,-0.0,-0.0,0.21887884167822566,0.20637126230024286,-0.015498750859854948,-0.5813667820619721,-0.3210932651907026,-0.43347296906654403,-0.7201895326346067,-0.6404696399864026,-0.8771400672174327,-0.19558176351490875,-0.8065193482276671,-0.8530946387257997,-0.2762399649303994,-0.9331279206834155,-1.3347821072197057,-0.3864226257510536,-0.3953406683860333,-2.050630568926188,0.142226619093086,-1.309793843546,-1.3346931973217866,-0.6018528086210245,-1.2002506031204394,-1.0000361821684174,0.0,-1.1691687730509654,-1.2847081320503186,-0.0,-1.2362839648417268,-1.0187463763728466,-0.0,-0.0,0.0,8.156811415560515,-0.6946229506302988
-5 2 3,-0.0,-0.0,-0.0,-0.0,-3.5219817237785636,-3.0351155052821435,-1.690042076053446,-0.3941297691201841,-0.23612567139224785,-0.2676017431490506,-0.5420257608771575,-0.4890322439610315,-0.6261080002135515,-0.11348062519259568,-0.5952619049905327,-0.6604584767692326,-1.0733328366693424,-0.40834190241767404,-0.8174558047974531,-0.6495828174504443,-0.6302886966936536,-0.6090632136042328,-2.38976718952888,-0.6861891930017407,-0.52963568074979,-0.6327621782466368,-0.3964267146674701,-0.7229638845153933,-0.0,-0.689029783379871,-0.594527597664268,-0.0,-0.4231867268904288,-0.3910694963374969,-0.0,0.0,2.6614716006912125,0.733271721153728,-0.49552241111143613
-5 2 4,0.0,0.0,0.2938803920477276,2.5805091585062807,19.701306226336072,17.32232232365729,10.936317185718707,0.0,-0.13553571649730478,0.0,0.13827511968198913,0.023288270685770964,0.01383400291487299,0.08962608676178095,0.2619428270328855,0.44765576790257094,8.146875210553,4.668192140832824,1.105176991203157,0.3080346808684616,0.6211747953277043,1.9375412140143378,14.214386432879829,1.942491417162239,2.710067339826334,6.106442189217819,3.591051714466151,0.9428772081426233,6.334295430404287,1.5949472516918313,2.3733611282951985,9.766770512949893,3.2297547382687952,4.255267617286886,13.725874001683389,17.0053344635603,24.573691651846293,27.303585766379936,5.522322664568906
-5 2 5,0.0,-0.0,0.0,0.07596787001104725,9.61479223102064,8.723365080941687,6.1641284807985,0.5373078553792009,0.2364286127298764,0.4770228540348926,0.53758609729666,0.8169069988378623,0.7864108290434091,0.5010878098454615,0.6188495188631363,0.5789313765810574,4.908187784102074,3.1486808341672456,0.9795268925743713,0.5621415531566619,0.5360865443730787,1.2997075470533512,7.51680541594598,1.4082397848412536,1.959219325439265,3.9035230830053487,2.536105746583347,0.7690417878094536,0.08540259904505552,1.130834724642277,1.683193526330516,0.0,2.2719733893788154,2.873941633366508,0.0,0.7459997485853191,0.04019212553148665,0.0,3.509877269314003
-5 2 6,0.0,-0.0,0.0,0.0,-1.8127508911837744,-1.6390032346254078,-0.8315701553782505,0.12152451073236732,0.09977521430903839,0.11434659456224658,0.10845870638009404,0.31347241763404016,0.19905239931765242,0.2678217756209992,0.030347290216776956,0.1399159400757062,-0.2538046352238861,0.5854363251961534,0.18048395715401766,0.12063209787794343,0.04984214991943466,0.04203247586492169,-1.3201482785087444,0.5162756197311855,0.6682542134536906,0.2554201805011754,0.7137924058196234,0.23090476362730855,0.0,0.3859705812961422,0.5655638778984079,-0.0,0.649090145066045,0.6154539800987181,0.0,0.0,-0.0,-0.0,0.38951820368785656
-5 3 1,-0.0,-0.0,-0.0,-0.0,6.965665370496841,5.655207979845911,2.007179661988107,-0.3124764437330231,0.0006669079722785807,-0.09557257486065283,-0.6493844404674817,-0.27348741603006704,-0.46626314654587475,-0.024155580991546344,-0.7976787632758466,-1.1053628977018508,0.23101766833965287,-2.3007575868528383,-2.356669835105327,-1.4528925631814473,-1.9209940428839443,-2.762679351057993,3.9170198329987485,-2.523081657070656,-2.9026809229128485,-1.2366578695536543,-2.8678325527443747,-1.6410746793887585,-0.0,-2.249348001373094,-2.7448692421885594,-0.0,-2.8826391224164882,-2.533563981381383,-0.0,0.0,0.18730243260028803,0.0,-1.7056460370214177
-5 3 2,-0.0,-0.0,-0.0,-0.0,9.536249928362171,7.904065083601354,3.6206433178714996,0.0,0.018864838616593414,0.0,-0.0,0.07942425726057793,0.11829096931396979,0.06645241619364987,0.15680498608775198,-0.04498282037050887,1.85476431146809,0.03315974092724294,-0.6755108452450909,-0.04246968623124239,-0.41663730561124435,-0.8939264917544492,5.7954299590900415,-0.44921721992844243,-0.4307191495279078,0.6902317150687617,-0.2935874694808457,-0.2174913237032605,-0.0,-0.36435352344654964,-0.43257707407910145,0.0,-0.3306613947550036,-0.06895252341178824,0.0,0.0,4.072429769019511,0.797351160125257,0.29415450728491893
-5 3 3,0.0,0.0,0.0,0.5315597941936043,2.6876844468633694,3.1143923927356894,4.206150610629529,0.7754971578154359,0.13315789480954784,0.5151354073103414,1.0785516772515753,0.7874150146541253,0.9927635844003879,0.3114460196471065,1.324726524825885,1.4303952274378857,4.562870862105946,4.355464395868947,2.1887973765076536,1.8605314956867127,1.9487898218351851,2.554971286207539,3.6634108268637187,2.681433794680796,3.2700235115005643,4.6144121172202235,3.8661285777627814,1.8986780026558587,1.0385718901604366,2.4492520315509623,3.0324574738959806,1.74997336854895,3.637660710138312,4.17040149858373,7.169426017780639,6.014889164837235,0.003076901615056471,-0.0,4.6107620608970725
-5 3 4,3.4654681767888076,4.129114605711788,4.475170642336863,3.1139678703954177,10.300442378711011,9.19014152133008,5.963567188648962,1.3157915681689196,0.372451954995108,0.9975073859103917,1.6615918472426334,1.4105391474188715,1.573679589355152,0.6788481739319913,1.7418046847677435,2.0005064325427115,4.368076532357837,2.399673776615219,2.786219696657267,2.35949142402336,2.512709280835809,3.082751842833188,7.6764089758381395,2.267025912282335,2.153052392252504,3.1419345237284126,2.120897861538719,2.244303184536854,1.0866417749528483,2.338581653877157,2.2069496188951696,2.753360645385998,2.0919534388017187,2.202598420733757,4.040664690026727,3.6067944400391574,3.8341541395715364,11.877548816272986,2.7765005740205964
-5 3 5,1.6336582852602175,0.0,0.0,0.0,-4.750431534445699,-4.301384611645847,-2.95396578439871,0.8417414185648153,0.3466122912458663,0.7047539831784708,0.9509132103884091,1.0775684587004892,1.0108641255143223,0.6217249235833413,0.8243096037687468,1.0070697831851874,-2.2023469404862213,-0.8475411113967387,1.011518605615177,1.1378243102532848,1.0997201417986848,0.8030142113295794,-3.6822172574506986,0.587303803263546,0.18320248526762659,-1.4878893409742304,-0.2951515283069276,0.9410925986226916,0.0,0.6963402106571828,0.26977858080454586,-0.0,-0.0,-0.5252047860874763,-0.0,-2.0404647755898027,-0.0,-7.197587706488091,-1.1517286736747214
-5 3 6,0.0,0.0,0.0,0.0,0.09251546479727064,0.10857599127851224,0.0023835545148724363,0.6524453906204222,0.28768464901708946,0.5532627190994096,0.6893262033790896,0.9550202215133256,0.9473925045654742,0.5057442521615262,0.7762553526434844,0.6371797353790728,-0.1744559699133393,-0.5051900336681617,0.7250213704324627,0.99612901912416,0.9955819657530777,0.2948472658626956,0.09254129728249168,0.03304074023914193,-0.2810093966745309,-0.3783806512531671,-0.47754783346459356,0.4219902196246096,0.0,0.07602187505405295,-0.043858366568135146,-0.0,-0.38533971229900255,-0.5238021710394318,-0.0,-0.0,-0.0,-6.912249490415333,-0.449168624245126
-4 1 1,-0.0,-0.0,-0.2625161161199293,-0.0,-17.60649230926107,-16.285165809836844,-12.061735717673097,-0.0,-0.11700541323098809,0.0,-0.12214740576836297,0.280207236735215,0.14178438413058542,-0.03254001228304464,-0.08651683024802,-0.5479637145028106,-9.587693454720496,-5.434963783610583,-2.3328067317995376,-0.6892248014886198,-1.4925942968260393,-2.950341830288409,-14.392605228917137,-2.215291584742652,-3.044899356235391,-7.297455609806016,-4.06061053752375,-1.1265204793744472,-1.2190561769051524,-1.8262970232244249,-2.6398212957030327,-8.113778933311767,-3.6199726680358744,-4.830183742733211,-15.867607281415896,-20.872094345033453,-26.565027502401275,-28.570098752941234,-6.493654285136717
-4 1 2,-5.545572484276897,-8.932400799137923,-11.819930770379282,-14.124689607530161,4.029027513823696,1.8068808932493488,-3.842626238527911,-0.47886886892136116,-0.0850692967480057,-0.11884218140135584,-1.2110598289726184,-0.019623320428999075,-0.17304525353993674,-0.1011016485650112,-0.7269508806078181,-2.273635200084202,-5.9670361560153715,-7.38962199989279,-4.782031910076339,-2.3614291353228913,-3.4171872346600987,-6.180702839577166,-1.02013275273594,-5.280750929867547,-6.329842288792477,-7.1061492243173126,-7.069812875272855,-3.586729326518043,-13.404819327525892,-4.906240473756391,-6.031270862226315,-10.200265175267038,-6.955356281231335,-7.449875468441834,-3.1516822251700454,1.8669074759919835,4.769537291741299,8.367794833512255,-7.351196024876431
-4 1 3,0.0,-0.0,-0.9405628866403593,-4.996342401078441,-0.7315635837664737,-1.185208134129284,-2.2046188429496314,0.0,-0.1541955769373726,-0.0,0.1759956618771861,-0.3899640110526881,-0.11646391318297171,-0.24553802042198664,0.058099201687253084,0.40383780388576496,-2.4035367380880754,-1.8548873152588983,0.6623593731920598,0.08180417878859406,0.17892470567061838,0.42563232155756064,-1.7336332462872637,0.029906850636630008,-0.583026279923403,-2.264483015487897,-1.2631907819967483,0.4180096377378179,-6.537120087274802,0.19320616663033086,-0.23104984765400072,-5.14101564024009,-1.0317620170962511,-1.705873870448803,-1.2678826869450066,-0.0,-0.0,4.207894621162674,-2.1733714671160946
-4 1 4,0.0,0.0,-0.0,-0.0,-3.6083545480320316,-3.1171493352113777,-1.7823674645678942,0.22011664652172028,-0.5104624584005462,-0.0,0.6387944228272197,-0.0902179952103746,0.5579401047975977,-0.4433167082236225,1.6805613259587708,0.9824632820575024,-1.2346587990393318,-0.5975629078323814,2.924219787012542,2.4570212417463138,2.8689388365418282,2.25712452364115,-2.4663513050483346,0.7476042937177708,0.24879282467200428,-0.8779539999419509,-0.23667345232029297,1.0340172664925393,-0.0,0.8263238959039291,0.3374601275277235,-0.0,-0.03664878541100867,-0.46549676537533446,-2.4524807304166667,-1.8482422168717556,-2.855175307655734,-4.784672519413113,-0.7598770560434868
-4 1 5,-0.0,-0.0,-0.12454204084585935,-0.7675505690557678,-7.721698826863511,-6.7757557998243225,-4.389554544561629,0.0,-0.15158114552734114,0.0,-0.0,0.07060599898957551,0.36691916292556265,-0.027733706758738718,0.49888505731636207,-0.20879316693657207,-3.4855077388255427,-2.596657255709398,-1.6860916200318485,-0.3933662536177496,-1.1112007741731578,-2.0494202808029662,-5.578240079381501,-1.4695796387063573,-1.9394056607993067,-2.932305993278049,-2.3045517136691807,-0.6943381075119709,-2.32462823681786,-1.2206704020515549,-1.7101380752824253,-3.7548038859809356,-2.1575381933644846,-2.4581322169894144,-5.45508103120996,-6.8465911518775595,-6.648442524922185,-7.0785578128403195,-2.798013638187505
-4 1 6,-0.0,-0.41988229567026375,-0.0,-0.04262922962561065,6.715665222592055,5.5384310092666516,2.122468088360074,-0.9064597352169921,-0.42550557767268,-0.7065302468004514,-1.1200136017376234,-1.1791567750208438,-1.2009832248714503,-0.4147041314298542,-1.029418482710661,-1.3086306704716568,0.42227614432892513,-1.7510972209320395,-1.6400317642542706,-1.4051255837395364,-1.6494386167494288,-1.29934154381432,3.936035850253524,-1.8678637553876953,-2.0810267265109355,-0.9091651925710846,-2.1041078310607437,-1.4687635157722176,-0.0,-1.6789532616780325,-1.8965766683211784,0.0,-2.016182424087947,-1.8500601884181318,1.3621454121683185,3.025273666989706,5.075259329124076,4.051661215822492,-1.1986219996842378
-4 2 1,-0.0,-0.2613080620701133,-0.12450553644141694,-0.0,10.767406167368694,9.218869889135993,4.781116393299155,-0.5584039912418883,-0.06452209245778728,-0.3328697970819102,-0.7987029981880321,-0.7808711560826674,-0.8624453060324831,-0.19037942936812852,-1.3561919884860871,-1.073154349539455,2.5812581471852947,-0.4669971357736322,-2.038225749975363,-1.927212564679588,-1.967301093341296,-2.1771525349467935,7.127524478287504,-1.5951054458835814,-1.5678455710371666,0.8004350597915587,-1.2322553272993868,-1.34067781677335,-0.0,-1.572050289286615,-1.6363483205293599,0.0,-1.4227842023829562,-0.7881216947825898,0.01158768602253077,7.279202362127273,13.435753930871257,12.749302389912271,0.19283836622317518
-4 2 2,-0.0,-0.0,-0.0,-0.0,7.0663434581115245,5.879646589023771,2.7406486168950144,-1.1985830418686036,-0.32474402142024905,-0.9379951889337288,-1.3086982628930317,-1.7938533550327433,-1.9941304612393793,-0.4836876309416567,-2.3827758502194976,-1.2251591120900953,1.430740273912084,0.09600785143538226,-2.031758331132411,-2.6210106360357406,-2.500605748981509,-1.6438871362798164,4.3403285103001,-0.6579948306653995,-0.40287923014757177,0.5717052706922546,-0.1753822623413339,-1.0135887349323602,0.0,-0.6908108126652874,-0.41807716374932863,0.9972899535312494,-0.20875487499576284,-0.036369377557678544,2.792520224264935,4.431528592784225,8.391435498137854,4.457996753524394,0.27529342198273155
-4 2 3,-0.0,-0.0,0.0,2.024716619678086,7.054733919072637,6.2193174844075925,3.8061862842318033,-0.42035528101356767,-0.2806199743277959,-0.3200505014984407,-0.49703828114587145,-0.7722019950480135,-0.7512521935248914,-0.26885832192866027,-0.8884466549089786,-0.4714053578795235,2.637313179586917,1.164643700942271,-1.0573626004244088,-1.3623679877380188,-1.4587523412937675,-0.9686366178099618,5.082615778746331,0.051950076980966854,0.4213626151714212,1.7502450622660577,0.7709322094185168,-0.3085051958045996,2.413527894434804,-0.0,0.26485046924660327,1.6718909832291025,0.6153471881340005,1.0045242327312287,2.1812287915581883,0.0,1.2455157119245326,7.531582461855563,1.5212010983425583
-4 2 4,-0.0,0.0,-0.0,-0.0,-14.9138479080516,-14.265311417201135,-11.940256878288519,0.21758090642999003,-0.09867909833542564,0.1233847916748142,0.17596204043608402,0.41273296224993156,0.639117851242501,0.05822959260440191,0.738015558321389,0.0,-10.316787670140792,-6.643279814605597,-0.39551464646120443,0.4368905133189809,-0.10590340742399533,-0.8000835650965432,-13.277594539078988,-1.832276637627743,-3.192447066240526,-8.511663465071928,-4.831663767768551,-0.37024340541502243,-1.5675733048787166,-1.2421706498834715,-2.5234417899557635,-4.008672352321148,-4.108610426992931,-5.858460140899794,-6.844168348131003,-15.529715105262614,-17.422672211508036,-20.678778958299613,-7.799999636403868
-4 2 5,-7.6499739159937405,-8.369956185190699,-8.415145523372217,-8.763759151819151,-6.78420604084105,-6.472041546449638,-5.413564300849397,-1.2781027195798251,-0.3505281698102573,-0.8026529994453868,-1.890904569519404,-1.212185724986362,-1.5343434455497649,-0.2702598222248242,-2.090704842806594,-2.5416716661789276,-4.795375531525731,-3.9145026992282523,-4.556881193773609,-3.4852748326037375,-4.134915639499494,-4.477707351633846,-6.005391979869432,-3.588984166511575,-3.6989045577155912,-4.268449231806186,-3.7519183246845103,-3.1505160427128804,-7.146521305917776,-3.579220906431474,-3.728382396998021,-6.633617095673466,-3.7715088862901496,-3.875635419940791,-8.4694872333888,-6.485123808121009,-10.574533639615609,-10.204026014428154,-4.119860061522652
-4 2 6,0.0,0.0,0.0,0.5322383301791362,19.422651950036116,16.60291720245271,9.161507200933327,0.0,-0.06724489435959988,0.0,0.09338958912708258,-0.10400574391105037,-0.03292554869307568,0.10042339166613493,0.06912169254830898,0.38341840425373647,6.096592755267692,3.0205922414550748,1.1555311383699656,0.5225875708008855,0.8122131145860074,1.7063900092889102,12.946631839118396,1.4567588820241022,1.9111893348266025,4.117547299798943,2.3893081083886303,0.794089396082424,3.31199095442902,1.2657462116166818,1.7046491972265088,3.6868361325948964,2.1553925108386305,2.7209306968614393,8.458746398300043,11.328170518850655,14.685793486702348,22.181611225472643,3.523162687050136
-4 3 1,-0.0,-0.0,0.0,0.0,6.518859440886273,7.15006057194031,8.186632803568884,-0.29863466424163315,-0.15269085330167936,-0.20436963914488537,-0.362271918295269,-0.4350376405501472,-0.5524299935886658,-0.19486379008078633,-0.6131989750200327,-0.32206690132784216,7.886966386224954,5.294349394105494,-0.6220414180221615,-0.7209384533487722,-0.7976197136340056,-0.24505445059368444,7.822116953350061,0.8207319730635394,2.0188799792502548,6.84520853464992,3.5814526398388353,-0.04546369529604406,6.42336948411215,0.3181829255106683,1.3631350124993513,13.499499535066212,2.838127206612082,4.570496494496823,13.267772359454293,0.0,0.15924994847802032,0.0,6.2602594486092356
-4 3 2,-0.0,0.0,0.0,0.0,7.324435530556103,6.261109850576063,3.699667593466481,-0.4765188318161211,-0.5449842208948846,-0.5510750196852762,-0.2846453394528712,-0.9512313816256116,-0.8647981823730567,-0.59957610089546,-0.23836652139335063,-0.032173162641405226,2.780893192829258,1.7418635842132049,0.984032271271796,0.5883480521335891,0.7698739351430023,1.0412435746306599,4.950142212974726,0.5985925848280075,0.9354169247442063,2.187923049010857,1.3248140333243756,0.040478991478527876,0.0,0.38707361031483767,0.7102289254602213,0.0,1.1112260186951615,1.527341370530984,0.0,0.0,1.0669458888308043,0.9000219949927805,2.0122913622004885
-4 3 3,-0.0,0.0,0.0,0.0,6.287358115375245,5.337052661279579,2.9485499328251317,-0.46201079817203505,-0.44064680470039197,-0.4641022480959384,-0.3629817098952598,-0.8686749713810675,-0.7473676435716633,-0.36598471939957394,-0.2534423330495089,-0.19069279935680056,2.054674049375394,1.156128366293935,0.6556321419844232,0.40582146323821733,0.5380993966084369,0.5340506220284557,4.135431003062792,0.2875045564973136,0.5760469023160978,1.505608041164793,0.8649169192372711,-0.0,0.0,0.12269870973642034,0.41147016985167245,1.425667069096156,0.7255243934681841,1.010364475859552,0.0,9.415225106327707,12.15006115661237,11.244346790305965,1.333667906003716
-4 3 4,-0.0,0.0,0.0,0.0,1.437747731531122,1.9782409200534334,3.0360957204862666,-0.0,-0.019758294854923513,-0.0,-0.0,-0.3710010117344919,-0.3548841340956706,0.15294234024493164,-0.3909176308282909,0.0,3.073128503253118,2.0455993535447865,-0.45588754469026443,-0.36080190685285907,-0.5312459042783044,-0.20340425316977492,2.591651248186414,0.5427222775233203,0.9006569391300948,2.6779128133066097,1.4092768702669816,0.1333100630025231,0.0,0.397545770172562,0.69240484737509,0.8483894450612812,1.1271160134289988,1.7380102439145917,2.5067559467250695,2.3995935972742704,0.0,-0.0,2.4178365651111684
-4 3 5,0.0,0.0,0.0,0.0,-2.9346744414095816,-2.9170107375053895,-2.558983960974308,0.40446373490340615,0.23386780342573096,0.3677749792092858,0.40112935248640536,0.5423039137465749,0.5059458607687161,0.4980349420274156,0.24954090803881915,0.34830229361837256,-2.1154424081880236,-1.034520125018744,0.3581995874095148,0.469052649236074,0.3747397238580559,-0.11405140377093488,-2.8172967685628634,-0.03102201276548657,-0.2876808578367271,-1.5646441716711461,-0.6074849647674427,0.2040796069813259,0.0,0.0,-0.013665376980842261,-0.0,-0.3465956633116575,-0.7606880021295234,-1.4576692476164472,-0.0,-0.5460280065617968,-4.351720788233719,-1.2797145466273023
-4 3 6,0.0,0.0,0.0,0.0,-7.499319401491596,-6.697513794350214,-4.322584896488727,0.9153273738949572,0.31651888381578897,0.7305203038697743,1.0642797310562073,1.148082477313763,1.208836998683109,0.6108074221743334,1.0640323689786828,1.1677443679492219,-3.052148367787802,-0.9926903919019912,1.7301130524735908,1.6736199749055476,1.7849998084957095,1.391515899610854,-5.597875426525277,0.8071857795624362,0.3565288860700973,-1.9237069601476717,-0.243040091930381,1.1273418978974066,0.0,0.8725246853740386,0.41836380477886426,-0.0,-0.0,-0.6503729221332948,-3.1971408141482875,-4.5399191417418505,-5.539189230305113,-2.648620520253193,-1.5705098763779215
-3 1 1,-0.0,-0.0,-0.004052208964493411,-0.011964628604038808,-2.7334233032806847,-3.2911513436131887,-4.288657164022015,-0.1064124723856975,0.2043143019002249,-0.0,-0.33623738533064684,-0.24401478560446002,-0.23487486828336618,0.0453570252368609,-0.8865926546388994,-0.632390948232437,-4.233023345913081,-2.9878707417633854,-1.9327884607687782,-1.786302355061491,-2.0105283228298427,-1.793822460097386,-3.89739595637876,-1.3231175533281632,-1.691264151963257,-3.730252007441642,-2.2546636270431937,-0.9271585326764296,-0.41512135518170007,-1.1723605345196937,-1.5362910191748917,-0.0,-1.959971325973033,-2.631283747105556,-0.5088210235523056,-0.0,-0.010341815921760625,-0.0,-3.3517983720927966
-3 1 2,1.710176899440204,1.571466244292887,3.6499864172595164,5.593731550578413,22.915322604306702,20.700989696694474,14.390339410898651,2.1605464556655076,0.7842799734001603,1.711611458214832,2.532015441815057,2.3170828386643194,2.732880222276366,1.0075529842823598,2.8735084358412566,2.8287981498456567,11.274660294683668,6.7174375725547835,2.934315805185905,2.9854028949437907,2.884795033571516,3.094630246733881,17.719680994451295,3.5393728983306816,4.204320728406015,8.702719042738025,5.242379316861211,3.087631896008201,7.108024030141291,3.4198010864692967,3.933410468108429,7.852486102601853,4.801773229852392,6.096743731876948,7.727016711468543,13.803382710669185,19.20339352692602,22.368956994430516,7.8505317317674885
-3 1 3,0.0,0.0,0.0,0.0,-4.942398241965915,-4.482545016112376,-2.7248128480997953,-0.0,0.08816235546148861,-0.0,-0.0,-0.42193885256644076,-0.4188849882558439,-0.09506523537004023,-0.4702794068591482,0.03764672533125389,-1.558103919961793,0.19632277542588306,0.2505533910707544,-0.21641951101608287,-0.24358829768479157,-0.09285805859150231,-3.7462611724646853,0.5150138225795451,0.5908816375616722,-0.5106176257529329,0.5264379763987203,0.21207679774624263,0.0,0.3982919733315497,0.545413336854392,-0.0,0.5457626983472247,0.358612813857523,-2.458594923061701,-2.9049243172648427,-0.7680655964644291,-6.86267431979979,-0.11473971011540861
-3 1 4,-0.0,-0.1417103983662909,-0.7790244475905596,-1.0790952118529138,-4.9178140262200944,-4.301172125349882,-2.965787577866871,-0.7217442918847827,-0.5862824986356907,-0.6066332067659693,-0.945917998376321,-0.62181633350397,-0.5810964845187251,-0.8212280363716283,-0.9293177320070214,-1.3164489182353951,-2.6432318896074745,-2.5426228585065687,-2.527701227690798,-1.466121692408027,-2.1699952564294427,-2.754206439567128,-3.5772355537136606,-2.1844358782067395,-2.353805412951474,-2.5632549522508112,-2.4718575659186874,-1.7128832198745105,-0.2647198149340884,-2.0570065962995314,-2.2781513225709817,-0.720575431869287,-2.3889294105572696,-2.4556408361246036,-0.0,0.0,0.0,-0.577983902595258,-2.5203823512697925
-3 1 5,0.0,-0.0,-0.0,-0.09767433280299993,-5.573529272962657,-5.13681980491423,-3.53506497032773,0.23873947416993987,-0.13001848443173003,0.030888326560160502,0.48005681469512534,-0.06293336266570795,0.24237523736039882,-0.06742957998466233,0.6400452146772433,0.7152637380358939,-2.4171313645506416,-0.288392813293099,0.7678276946975819,0.4835276309469622,0.5382740431091578,0.7752506307886349,-4.4623083669834305,0.9799591012789775,0.7815991909944487,-1.2662286560782208,0.38814581745181026,0.8684978930312007,-0.8533910065668272,0.8824920146259222,0.7277938932077189,-0.2560638120958724,0.40126226071980536,-0.01126228590871234,-1.6365022610725521,-5.051833728048509,-8.023627983127824,-7.206441810413831,-0.9054058045342025
-3 1 6,4.602485302076928,5.1884874186322785,5.385614052141575,6.952151594138275,12.692508182695187,12.092876228792598,10.177633082069933,1.3093569292556322,-0.058936782421909965,0.7224139145046904,2.0138275146428586,0.8999832831618482,1.570579707364298,0.15150860231382046,2.7040564710694657,2.841827997525302,9.081897635299047,7.211158963581384,4.742364503396457,3.6886314292757563,4.105038239208531,5.3516447157020535,11.231714598477087,4.825334422964746,5.636271894698828,8.080825463425173,6.420409961816661,3.722330927028991,8.29033009990963,4.562293308073876,5.36902666169975,8.49600171445939,6.121308801679275,6.885743357632415,11.282749544088052,6.794534019455134,6.038702615821735,4.574048863064606,7.770699521790153
-3 2 1,0.0,0.0,0.0,0.0,-0.3152643711576159,-0.5058363250251047,-0.8007009110227798,0.6805766813899472,0.24369568240011905,0.459787140479756,0.9627419739360282,0.5947099304958556,0.6642285339868795,0.3292643133817232,0.728630887917656,1.263332728107047,-0.6495531796751901,0.43060808582151894,1.132233203641663,0.893313601261303,1.0824858230052972,1.3026703540163556,-0.7072263912939175,1.730712496703078,1.5494681092022569,-0.20834617386587267,1.0814157957983697,1.5370280322538368,-0.0,1.7006604247105843,1.6265547449290143,-0.0,1.2017210289311935,0.5867727836986008,-0.0,-0.23365131709426099,-0.0,-1.5824882125966455,-0.0
-3 2 2,-0.0,-1.0348276190384287,-1.383364589868673,-0.6341657992576397,-13.3194052631469,-12.27269587352536,-9.318538449311614,-0.9303374562505365,-0.24273367198670792,-0.5711736002956278,-1.440695836563594,-0.8351956956605618,-1.1766422379327988,-0.33420775340970016,-1.7188738075722108,-2.077988276614655,-7.9026512070761825,-5.891224597944646,-4.037298640284856,-2.782772425976928,-3.4132370344150114,-4.681402146630122,-10.869007377266113,-3.791444943512303,-4.463957377538827,-6.771564028820608,-5.148820550649282,-2.7908095448902586,-5.2633298917460944,-3.499917991851538,-4.193337347784421,-6.857596613321616,-4.907961589527096,-5.656693795356405,-7.498444095153073,-15.26610074290979,-20.253549994217924,-22.941284526621416,-6.421210379859558
-3 2 3,-2.3776902877924693,-4.921449391650607,-5.862599197679287,-5.137759449700676,2.9344811975225267,1.3483953217041482,-2.7109903097146817,-1.2516137347659457,-0.3225229054565352,-0.9037289987485967,-1.6289060411124325,-1.250120452082436,-1.6281199170483596,-0.5272242216867841,-1.767344777863005,-2.1064263762629816,-4.199426172310123,-4.944682894318511,-2.842877894762886,-1.8816088880594695,-2.5028876121798036,-3.58440285249394,-0.6816192256523986,-3.5334287515321288,-4.101955876543572,-4.901940749468335,-4.605140205921576,-2.6609879626079067,-4.157644753121302,-3.3055454783812794,-3.897407419301957,-0.6913664432472236,-4.3964918760816465,-4.80713562025712,-0.0,0.0,0.08326509195727837,0.0,-4.915035148814054
-3 2 4,-0.6056673246647489,-2.6994074636046856,-1.692354246978361,-0.0,10.245795694645773,8.241658477083176,3.0380996060283145,-0.4856329431161916,-0.2918286103327783,-0.26886609584310694,-0.792934990576887,-0.39525218263141454,-0.5008479227208684,-0.21918266696047808,-0.8943442020416645,-1.05929808863976,0.9814226309647068,-0.827567904197873,-1.7695768175267779,-1.8187969561892947,-2.112964541819753,-1.5169516588831495,5.663588965641622,-1.2010510198693336,-1.1230160690391313,-0.25579551090339775,-1.034622429561689,-1.1848362257382787,-0.0,-1.1577148602728018,-1.0614724889319211,0.0,-0.9384702804492354,-0.8166079437759303,0.0,5.055885946428595,12.17894606449479,15.771959616229651,-0.41800507469193054
-3 2 5,-0.0,-0.0,-0.0,-0.0,-2.6306535983675032,-2.7075248323158454,-2.796224187447591,-0.7315799074712903,-0.32929961636784316,-0.4882753200480507,-1.0249187878422343,-0.8961666828985417,-1.0000308618159426,-0.2927625517078591,-1.4400628721218598,-1.3328060857226054,-2.7640702696430903,-2.6089584200626743,-2.5263580187706203,-2.268487732540412,-2.494345463046285,-2.6563578995562427,-2.775319811285878,-2.0173462532265325,-2.244671024320413,-2.702894602792864,-2.454347100431334,-1.5997122243517663,-0.0,-1.8371641090175448,-2.0595344446218466,-0.0,-2.268536666605245,-2.5288466494386337,-1.387794551558459,-5.284648853200322,-3.431675332846886,-4.009906529710771,-2.629674020464303
-3 2 6,-0.0,-0.0,-0.0,-0.0,5.893863692950408,5.780333383012197,5.300119730883608,-0.057062304371862396,-0.18220270824827617,-0.01504504941868039,-0.060259400132702166,-0.22332677198561593,-0.18895401149758423,0.029383188297572242,-0.0675942706122351,-0.0,4.865936610503366,3.62694159121016,0.21668144501608455,-0.18676616775741184,-0.11104881703791271,1.2844832196941733,5.593630720475591,1.3810858377022257,2.142865136897304,4.29293134330614,2.904956038475067,0.3137369579239995,0.0,0.9575806434868798,1.7518650936732059,0.5258619723036027,2.5704597335206616,3.3405028169853246,0.8406981183151716,1.317329864723942,1.6430393032737287,2.2979065282009787,4.048053040788271
-3 3 1,-0.0,-0.0,-0.0,-0.0,3.9174678081158594,2.928188533199693,0.3965481736370567,-1.0992593104400132,-0.5612239044704684,-0.9509659210455056,-1.1325001263722168,-1.3966438067348321,-1.6778380918007962,-0.7331698221982034,-1.5290631134867372,-1.021682105326115,-0.5596010944138237,-1.2001454263566669,-1.549112505212447,-1.316280640335532,-1.5175893688106705,-1.0545987998530801,1.6643846147308314,-0.877730910949676,-0.9534817005778359,-1.069508846070218,-1.1053916268873285,-0.8782634534429717,-0.0,-0.7614447275738714,-0.7668845808926836,-0.0,-0.9197569594456602,-1.0921543635560411,0.0,2.770245587220277,9.371620139966632,13.593833468054004,-1.0961411809023593
-3 3 2,0.0,0.0,0.0,-0.0,11.082087216259614,9.073817606999818,3.5878331463888307,-0.9703332051051602,-0.6214091973437766,-0.9202166490749856,-0.8707351715753237,-1.409334380621953,-1.5512733036242212,-0.7652114018190584,-1.1029583116117199,-0.6482897729483942,1.2042628328732805,-1.0609600336303804,-0.007814376438306887,-0.28909143223284123,-0.23630911393916065,0.2737287896754985,6.420254929343562,-0.6332385605508281,-0.9072282162206647,-0.34947924565945593,-1.147516982337557,-0.4764020716776754,-0.0,-0.5204651253135142,-0.7070877284547554,-0.0,-1.0324206553456514,-1.1159430666669024,0.14994747582153467,7.400325547500311,11.566408043582898,11.180471192344248,-0.7097314905643417
-3 3 3,0.0,0.0,0.770975873275677,1.7100739376421195,1.2402135374690093,1.3470352005093824,1.6153923127701153,-0.1464901546493413,-0.40474060587762584,-0.2048393106695661,-0.03055199549372643,-0.504587361408171,-0.3944871845573574,-0.294604849236435,-0.0779166991265883,0.0,1.7230622639212307,1.782667996266395,0.802733801321268,0.2880821127238937,0.37729568715721323,1.2248834250468252,1.4813899338755976,0.9459615717361491,1.339825119503804,1.790553662002503,1.6390647886721406,0.29200642912160163,1.1126196162213753,0.7211007503115823,1.1232459956946224,1.6039373243622135,1.4552262654651344,1.6983194702876203,0.0,0.0,0.0,-2.1737692195414327,1.7524289496888035
-3 3 4,-0.0,-0.0,-0.0,-2.1906104102770194,-13.375282320015398,-12.737496965411161,-10.352426791874828,-0.023428896756437983,-0.36971549471056603,-0.0,-0.19668936464321388,0.1266277609972254,0.18247470344780178,-0.13623074260179055,0.15217393139146473,-0.43244014798879316,-8.664139621703393,-5.087162244167525,-1.0255846238810145,-0.4230252041487485,-0.9374299779008202,-0.8902767033489929,-11.73899263489274,-1.4844372314665366,-2.3121686370121473,-6.849039596701641,-3.530490084878299,-0.7351347402075249,-3.7666802697225465,-1.1249651322040182,-1.8499654274809272,-8.061900388756435,-2.916096127222463,-4.375141269564763,-7.898116023478709,-8.310396726937274,-6.999675719996452,-7.590621900560242,-6.11207916664417
-3 3 5,0.0,-0.0,-5.19507466621897,-6.965865619506704,-4.86560252979296,-4.4077864546297345,-3.7196640805152397,0.09875754019747864,0.11388206185087468,0.2331545647045103,-0.0,0.5838921262408502,0.5563972836880552,0.41492889817445505,0.14333532924711953,-0.6356251027399057,-3.8814500942664374,-4.611485172670269,-1.9024120685299506,-0.6885009905222748,-1.4036781682707846,-2.5751432744274805,-3.9459012182888493,-3.0560931298742644,-3.964945191057909,-4.293637653922622,-4.530825690434547,-1.524486964419047,-5.863698145017932,-2.5966027348891187,-3.6405902732913127,-3.848780558905958,-4.38998926073368,-4.673766265796544,-0.0,-0.0,-0.0,-0.0,-4.421913640663605
-3 3 6,-0.0,-0.0,0.0,0.0,-0.8116584743874572,-0.13645586019301062,1.320439052292607,-0.1561410759082337,0.03270239393568384,-0.014346466949771482,-0.2781922015143066,-0.33105947814256975,-0.35027659017228086,0.15844274194840938,-0.837633417301102,-0.31067748720784355,1.633381926978941,1.2645781143762642,-0.4894792061311408,-0.6128935104988735,-0.598940626649066,-0.5564986779542379,0.6567019080439399,-0.06621879059721003,0.3391001745072475,1.576927346938112,0.8151275401837229,-0.2458643056615802,0.0,-0.05633052487604375,0.05646628262886603,0.0,0.5095268677912498,0.9820726310814569,0.33038456354459483,1.824675956699174,0.0,-0.0,1.3498584913490732
-2 1 1,10.871717929906476,9.750352314946738,7.182099767153667,3.9901871101276756,16.793945188979027,14.635501066100156,8.953210466082728,2.1755849847450173,0.7890949320295998,1.6876021203843317,2.6599767409854875,2.151300357060279,2.6156936610494936,1.0623498513562835,2.936422973255088,3.102589940719746,6.590776607237749,4.228704821696864,3.9024435937441346,3.2885795565922873,3.7424962757874924,3.852919196072776,11.843753206898986,3.6982833515642985,3.799332922502733,5.042362510327229,3.905240580861841,3.460424813376071,3.9317442247671184,3.685282272106904,3.8226292292019166,7.01656041188433,3.9031156388386936,4.08138518638494,6.456930522227294,8.122908645344234,19.903060940903963,26.411892111272504,4.640651079538644
-2 1 2,0.0,0.0,0.0,0.0,2.268999678906035,1.8056780143756566,0.7237551627527713,0.5597224048684222,0.171402142568207,0.37689322551016435,0.7343133205293871,0.6645257609483731,0.8793647336207852,0.23228808475013055,1.0381529931671092,0.8699301878587778,0.4221592214066627,0.4823797089794415,1.4192470153407217,1.2709221090987952,1.4562528515829387,1.3379137085574082,1.2387382846188038,0.9686680379741426,0.8426827403728361,0.36876143778463427,0.6645199100466184,0.9463121729776335,-0.0,0.9337626758340487,0.8054785333420956,-0.0,0.6197625717594131,0.423835950501831,-0.0,-0.0,-0.0,-0.0,0.20416036192995662
-2 1 3,-2.2089889762517134,-4.8938985361680585,-6.392887642963473,-8.11964948895833,-4.359134501930078,-4.877335395997487,-5.838269099741359,-0.8128953917881776,-0.1729459184419339,-0.4571622248220901,-1.3843330058593584,-0.3508302155222285,-0.6465880050574236,-0.44508860388807775,-1.408582156978031,-2.210185058544536,-5.875780852889658,-5.227889746832596,-4.742010736603009,-2.6219390907708093,-3.599694117491108,-5.314799272824588,-5.446470299449663,-3.936223294839837,-4.443967637787392,-5.608901156432187,-4.84777358781819,-3.062245060661029,-8.866367075417488,-3.798612326193252,-4.3678862120951445,-6.0884733821343415,-4.771660938914015,-5.092201877719358,-3.7107455652787227,-2.7826530642386733,-1.1281604078726872,0.0,-5.483588432735342
-2 1 4,-0.0,-0.0,-0.5157828657736815,-1.2677811544955915,1.2607538419297848,0.9222731652628057,-0.34999158828460036,-0.8410389011868855,0.06636753667750817,-0.588791523173196,-1.0367542670029095,-1.1007727386677224,-1.4194993786368577,-0.24620534471623673,-1.3576563165101867,-1.2250643433784028,-1.1878954897429166,-2.3730065370317,-1.065224911788142,-0.9519388355624052,-1.2507478278259805,-1.0302346642104936,0.386726869356001,-1.9953050673236634,-2.300823201060806,-1.9262211006735512,-2.4708030016672837,-1.4910208448804099,-0.201616643905828,-1.7860501206421857,-2.121013316149164,-0.0,-2.367007900355358,-2.404670262749557,0.0,0.0,0.0,0.0,-2.0989939846999293
-2 1 5,2.593896168719989,4.514770448411159,6.430127555619188,7.390713559207622,-4.356125262814411,-3.4039208834554,-0.378151201549151,0.8627622158432794,-0.6601085846410751,0.28237745559120697,1.5452200742746225,0.8174194239072294,1.1394847699868222,-0.5749502843210904,1.8002434097319318,2.2786963904516306,1.2981787898036365,3.667548841351608,3.5677927998477257,2.215432129910805,2.8455560387107246,3.5987940484415972,-2.0374658423617085,3.903731586655837,4.206773471723934,2.7039026095140466,4.152971475782662,3.0507773845418154,7.051255270756594,3.7383055568566905,4.202193198123528,4.211724585632597,4.31250256184288,4.009000933962613,0.18628866702593103,0.0,-0.0,-0.9279639108065368,3.2272758730343067
-2 1 6,-0.0,-0.0,-0.3736154646959965,-0.8573777172340507,-20.315272982810214,-17.9048223335089,-11.111483047320238,-0.33435398721200443,-0.2722550045302561,-0.19815425914399393,-0.5653237516479921,-0.4981745780566389,-0.4915582736714629,-0.1827485004606493,-0.4578102910137561,-0.90569007900629,-7.889983696297985,-3.91057009016214,-1.0347122540061509,-0.8501168246278589,-0.8673964112789816,-2.280491593859849,-14.6745514834353,-2.138633189934607,-2.5583408536698626,-5.459102339313728,-3.0537412307756138,-1.3429814623115817,-0.6539678128500405,-1.8475100348200286,-2.3340866539587948,-0.4085172825201004,-2.7603070799848686,-3.4755441482080274,-4.142370141282031,-6.56205841151653,-10.47683338528747,-10.949519735785062,-4.688055451965487
-2 2 1,0.0,0.0,0.0,0.0,-2.8753611701015918,-2.803794109418916,-2.1978281497577767,-0.053965241041201546,-0.023288543886996117,-0.0,-0.12398997766316104,-0.10238002658100058,-0.2812314146994021,-0.056482544443300246,-0.4331338156368783,-0.11352534354011164,-1.5826064909637507,-0.34139445427387927,-0.1493511100170897,-0.4072739333594047,-0.373556937733067,0.5169774467077394,-2.605345506421057,-0.017559499534399198,0.05378306958692868,-0.8985103537305607,-0.026831895360471755,-0.05803086867969224,-0.0,-0.0,-0.0,-0.0,-0.0,-0.14452041780517108,-0.0,0.0,-0.0,-0.23697428190835035,-0.587722750419631
-2 2 2,0.0,-0.0,-0.0,-1.0176375421133868,-9.106839011758154,-8.675415132426581,-7.133493256280673,0.8675523612635223,0.39767245840884563,0.7311704343602495,0.8598341151009542,1.3367328581444708,1.509404572022381,0.5650309816016369,1.7556566189382454,0.632605269228979,-6.095805756957544,-3.891158939893981,2.289666088701557,2.167428403750418,2.382634831864038,2.1087347309146915,-8.016714857409996,-0.7688597574918126,-1.728052895557576,-4.996662703838881,-2.792695783160545,0.1773252910963212,-3.8407280716528276,-0.3573229410504325,-1.2995895241686999,-6.674168967181964,-2.3802492627272525,-3.4670494845280824,-8.922114223787682,-11.608751089810102,-6.224994699892777,-6.460503615775327,-4.612630226525019
-2 2 3,-0.0,-0.0,-0.0,-0.0,5.188684034560847,4.644049633771064,3.0471649310140525,-0.0,-0.09329936109567004,-0.0,-0.0,-0.24655875951157266,-0.18853035438324214,-0.0941387778582808,-0.10142647018831806,0.0,2.17212240480036,0.7653949742773679,0.6400017606535846,0.12337745790029214,0.2265102432304154,0.5066687608671346,3.904700844689559,0.22576872737105075,0.25075954407763,1.3768481916929383,0.3983463093373405,0.07191008489812042,-0.0,0.09170542291097632,0.08294042104413597,-0.0,0.18214558037929435,0.4789569739813713,0.0,0.0,-0.0,-0.0,1.021533213516266
-2 2 4,0.0,0.0,0.0,0.0,6.405807475307669,5.470093413965147,3.1654493175921687,-0.0,-0.15489383647591806,0.0,-0.10319215993510944,0.3607645519611395,-0.0017350550002272235,-0.0875709159747576,-0.4833928147747532,-0.307943763216903,2.3279215679078265,1.3199155613012528,-1.3164976319614718,-1.3284648054958974,-1.6040932549057643,-0.8930206850721175,4.299348963108712,-0.20474530959684883,0.25543712925662587,1.7805633007074209,0.8042327949848318,-0.4075788852712116,0.29005233006799425,-0.29661942540654374,0.0,0.0,0.4873025807436048,0.9987725159955547,0.0,5.510704962075111,6.640546204371834,8.952928860482187,1.5215472816055073
-2 2 5,0.0,0.0,0.0,0.44857085568697774,19.38945049040227,16.809040385241577,9.62696319466342,0.8630819328207485,-0.0038689181730467968,0.7346707724683686,0.7500576445636756,1.588418416201649,1.6087077110213603,0.26550235696655095,1.1189293946546415,0.4556723152234764,6.340854955647408,2.301106614478104,-1.029911786835557,-0.056244507649987466,-0.7893025395055504,-1.029184866317867,13.368197319319135,0.1679499394083388,0.5142497484885215,3.9226948229668084,1.2166857762858752,0.1537503353459428,1.0487848501748946,0.054947983743103,0.22558197484480919,1.289441036519361,0.8269101171787236,1.7567399581125722,0.128971184447669,6.033073795323516,14.928252908400404,19.5266017054506,3.1458844461191884
-2 2 6,0.0,-0.0,-0.0,-0.0,-2.947256463840104,-3.321725955658682,-3.6870199614084287,-0.0,-0.28729895884725726,-0.0,-0.0,-0.19035083538431932,-0.014496490709286321,-0.09147210560742786,0.14975518779872687,0.0,-3.275188740496103,-1.585395100920402,-0.0205064914394981,-0.11400445235348416,-0.08222360197547991,0.08727062956614001,-3.6500774509181735,0.08351867052920425,-0.18377116804779453,-2.4996894513917054,-0.7564120753451669,0.0,-0.0,0.008682308602286087,0.0,-0.0,-0.33755451872971065,-1.1251669074233297,-5.257927501437833,-0.0,-0.0,1.0176698625726506,-2.0941354658784337
-2 3 1,0.0,0.0,0.0,0.0,4.351744049100982,3.9934549427626935,3.069262511410336,0.0,-0.184904618427625,-0.0,0.0,0.16862037213279182,0.06632485691057886,-0.18084605855704244,0.3352551929651988,0.04794521963176536,2.657089893685023,1.9680581822899645,0.10907827212045658,0.7077268033553776,0.24745821199258414,0.1786858632941664,3.53850967071615,0.7268943240596739,1.1502729387074475,2.3053900448330045,1.5872463090246873,0.19438988940988866,0.0,0.4716596793958791,0.8611389999523962,0.0,1.3822359972401388,1.7887533198746108,1.1906521622357107,3.7141385254816206,1.760708531682352,0.11985101034268351,2.087735381359243
-2 3 2,-0.0,-0.0,-0.0,-0.0,-8.07246863871314,-6.3833722252380225,-2.1184739099924252,-0.5280114688201132,-0.2471186615517166,-0.34771782469147855,-0.7029021985362233,-0.5522991529222161,-0.8793825681517473,-0.22589375637262596,-1.0380602079396553,-0.8269849487703199,-0.6113533490153514,0.06758072747737241,-1.2018238161337575,-1.2305142585942062,-1.4824388008014353,-1.3053985943954332,-4.235464413539622,-0.8270080378360894,-0.5721238154431967,0.05512617783596543,-0.23058838380943655,-0.8927184024043286,0.0,-0.8135830448576963,-0.5640360939928508,0.0,-0.24934977404754544,-0.0,1.4107970947870636,0.0,-0.607022426468919,-3.30275977439841,0.0
-2 3 3,0.0,0.0,0.0,0.0,0.9074817730913101,1.1876519642423806,1.8807956704379496,-0.2414588859904784,-0.18402327836644103,-0.1656779675673947,-0.2934453747872815,-0.4060070331351233,-0.5794035274200716,-0.13563997842232978,-0.5919662503265998,-0.2542028775773239,2.0555748869863204,1.5892257891207795,0.3252228070885649,-0.4518291266656518,-0.3210206952559419,0.8910918071325689,1.543799084484453,0.08458476134871237,0.5221245957105345,1.9580879656272556,1.0617025082787128,-0.169035144754553,0.0,-0.0,0.2918670678398151,1.9407125503816136,0.8019078517728416,1.3263057256529251,5.092517141075788,4.528228961297622,0.0,0.0,1.8082629536738104
-2 3 4,-0.0,-0.0,-0.0,-0.0,-2.7636444264388556,-1.6385213935757492,0.9647551015481788,-0.8383140164018866,-0.5972986415538027,-0.6426017083428602,-1.0364919410543647,-0.8720063799749467,-0.8831975537451251,-0.49030740470758105,-1.1035560309989434,-1.143061513311122,1.677666484583953,1.3612263519020267,-1.4499030425559174,-1.5954925918725233,-1.6619635630981686,-1.1868360440248662,-0.26983611381240874,-0.6388754081703246,-0.03355351420689881,1.7621778238006596,0.6910771368016133,-1.0878003402735397,0.0,-0.7616007144899315,-0.25711645368777236,2.6795807859981027,0.2849602045134243,1.053111812664511,5.129799687936814,0.4549104049544822,0.0,0.0,1.6204777544132836
-2 3 5,0.0,-0.0,-0.0,-0.0,8.231373805623154,7.034014047399897,3.8123427196042368,0.502836983580297,-0.03175936079514128,0.38927104836070636,0.5072883086980027,0.763430404198391,1.0228781061038972,0.2750006470287814,0.9500967811040797,0.4632782695522083,2.389361006618798,0.6802212390190486,0.38122603198311766,0.5769760067789241,0.42600737502602504,0.3742042265333873,5.46904269479507,0.2951090300680801,0.23448949682502976,1.3492280572603654,0.3309327321469597,0.3582287250996557,0.0,0.22055453292045585,0.14439552643067277,1.2606318900306897,0.19150374112097462,0.43810125535500005,4.055652409589267,8.632981689311919,8.580177756761325,4.862195491061133,0.9755128125710227
-2 3 6,1.510170593644498,3.284485357865657,7.518947418082693,8.363442224137367,6.577033305496686,6.361028826426416,5.691694630778485,0.8141640925339683,0.2680699909409209,0.5909704753686055,1.095708833892349,0.842570603592424,1.118107360578191,0.5158590332656926,1.0483209327216807,1.492926612857656,5.270238170815404,4.313952941112345,2.315885783737954,1.66795049342272,1.9147594299441448,2.7749170696944225,6.0604963030266195,2.7138291471571594,3.2665501195488047,4.80560579468048,3.8023608366070527,1.955156629994045,6.690442694276569,2.4448310354717253,3.021620770803032,3.82293068554734,3.5384148406774525,4.079994291373581,2.546272120425142,0.0,-0.0,-0.5464952699186957,4.519100457341804
-1 1 1,0.0,0.0,0.0,0.0,2.292200770913425,2.0454145493425466,1.3686354584258573,0.0,0.03128868360157,0.0,0.0,0.06297241725723816,0.09918666174571385,0.03613663355631486,0.12839076151657167,0.039871698356813014,1.0654863427057406,0.6997814405739073,0.33289107172794236,0.1815523118587821,0.27290333231605096,0.4257602193887641,1.7190795974493376,0.3996654664557784,0.49894566427576464,0.845941291857105,0.5942602244375838,0.12710132126859175,0.0,0.232144366665039,0.34043598616166326,0.0,0.4435405935900263,0.5488143638509715,0.0,0.0,0.0,0.0,0.6766463313097811
-1 1 2,0.0,0.0,0.0,0.0,2.081688371953867,2.4835159347506073,3.2680037842092866,0.809121184494011,0.33741772509321954,0.5895451095675768,1.0426970106535571,0.8936385061203251,1.211680170284206,0.4218131926234528,1.4402676225299793,1.2756989025794838,3.354707563261651,2.943514638060315,2.1759441455311657,1.692731334594764,2.200610869741754,2.4321895590191986,2.933819073938715,2.048331784793436,2.3467329543676074,3.2100332838841377,2.6452180402861947,1.5656490774844847,0.0,1.8696185913035015,2.1843086297308787,0.0,2.4888372147440814,2.7908098995882096,-0.0,-0.0,-0.0,0.0,3.059626899064362
-1 1 3,0.0,-0.0,-0.0,-0.0,-26.50116161621775,-23.197248465070246,-13.842035930259593,1.1958990915594196,1.1752102086891805,1.163319187725448,1.1103307436389869,1.3300878223383905,1.4765907227574377,1.340461233667664,1.7887867958225312,0.8673483488903196,-9.325704266273403,-3.2954253177931334,0.9146067447273808,1.9128761109779973,1.4615587611976544,0.3388473278988373,-18.761238871073736,-0.07816556643628646,-0.7172923075553209,-5.7755578770257365,-1.7024469207989008,0.4843508775977437,-2.7665248657157355,0.03235483752942212,-0.33531790028299835,-11.305427014652828,-1.189641941271708,-2.5741543857240425,-22.216850421772556,-31.76253712437557,-35.698615578733914,-35.086464248873384,-4.6747396646068085
-1 1 4,0.0,-0.0,-0.0,-1.4554464930300917,-10.80025328972409,-9.945456265197384,-7.388065739503768,0.9816807949795984,0.7465877939456729,0.9951548389414471,0.8133231322517449,1.5736466188703606,1.2367917659410963,0.9117578438300233,0.7193885475325374,0.47318255511668356,-6.002238789168954,-3.6040696100272727,-1.0844459250256737,0.06761804247168605,-0.7351012842430421,-1.6313421342165337,-8.765634538731224,-0.8042500512968489,-1.631278176412375,-4.7331688478993055,-2.577075270766375,0.0,-4.355888238747539,-0.4517979505955872,-1.2668365235190095,-7.626548064114566,-2.177144733870703,-3.17367794545266,-10.38757022731827,-10.444113254935779,-7.238887777807658,-1.9563609335623569,-4.315834225214954
-1 1 5,0.0,0.0,0.0,0.017712967442410424,2.6822168089242693,3.2867954148065808,4.3541626573166905,0.559145983810904,-0.30446340868504146,0.27952865732883475,0.8482972466707779,0.7830063092060743,0.7012951231714413,-0.1801480544602335,0.6661741691068495,1.1434063444653615,4.350533714656492,3.514270951242273,1.622421113707323,0.6164670018323007,0.9928819669831628,1.4371290541060322,3.9353809261436536,2.048641872254445,2.5180697226464797,4.0012356740951125,3.012482618773856,1.45991311998917,0.31013184535164384,1.8104913683874952,2.2715873246699174,0.0,2.7745238036350393,3.261170236402273,-0.0,-0.0,-0.0,-1.0629768111732931,3.7227587515921834
-1 1 6,0.0,0.726082727949464,1.8163644019572482,2.8976794688150016,-3.2030151383480976,-1.6229122688004718,2.161732217455366,0.5929849767852473,0.07281895315862348,0.37885953245083165,0.894065787307281,0.4638551699810091,0.6497892591920923,0.30227057872482505,0.7124236264335632,1.3177330840924366,3.367300695576137,3.7136690982416676,1.5514939879314815,0.9145741258631868,1.3209815733808339,1.4983046683008676,0.32882057894327915,2.4395291502410266,2.91780916172232,3.8117405333921544,3.359616632905374,1.781816138615135,3.8854379571261433,2.2704260774730676,2.7480633894935065,0.0,3.20430723298603,3.6079866132778875,0.0,-1.3569590261758475,-7.000694127083996,-7.9544743090597665,3.7960555092278834
-1 2 1,-0.0,-0.0,-0.0,-0.0,-12.68033689679651,-11.20788746404733,-7.070259896241989,-0.20309385154023268,-0.10042201999554538,-0.0992005988685352,-0.35580097566500624,-0.21826388881301306,-0.31000512280164144,-0.16084680593257358,-0.41832528072142633,-0.552484627475317,-5.121982352380331,-2.6609868142986315,-0.8998355037104705,-0.6145032620661507,-0.8489767065856237,-0.8972455699006148,-9.23675036494628,-1.283476613194995,-1.6227047057742008,-3.645333073754003,-2.042553651075151,-0.7958976575232474,-0.0,-1.0730768080678192,-1.4104093853747284,-0.0,-1.8027452658573384,-2.3252944897942367,-0.1448923828584249,-8.508321386585354,-4.960922168632406,-4.407761880987215,-3.1654281690657675
-1 2 2,0.0,0.0,1.0098360095426622,1.0470835132098641,1.151375645669704,1.5373961858435152,2.3914983090302506,0.39274182563108695,0.05664717438174548,0.2095752400983644,0.611096912929612,0.4816764962376551,0.5912364421393321,0.09521302293831999,0.8059580956186958,0.8984605059266708,2.5981484655316054,2.5141420559511283,1.4295991147950557,1.2218199180370302,1.3772479493211527,1.4919512328845184,1.9965280905924818,1.7506975291157607,2.0860199199435976,2.613707116248382,2.3421004755310086,1.206927178663444,1.9200565772855842,1.550893265447962,1.9475504287404322,2.1139882239276586,2.2385943424094172,2.444562941439996,0.0,-0.0,-0.0,-1.5792016480725515,2.5744914852818948
-1 2 3,-0.44803582094607397,-0.0,-0.0,-0.0,18.849603905742892,16.13287900451479,8.366955613854866,-1.4720267892488945,-0.4658187247065195,-1.122076311360374,-1.7790603407438643,-1.6477305388422858,-1.927778142447536,-0.673457165330317,-2.220836284349931,-2.0469882155489842,4.638855707515508,-0.08730372683936609,-2.9352566923417056,-2.6026937858092953,-2.7755656155682162,-2.9472024361216755,12.459624167710889,-2.160591011227031,-1.864401513214109,1.797839857193999,-1.2273316123067557,-2.223664022178622,-0.0,-2.189058433684135,-1.993606599598572,-0.0,-1.506087979786196,-0.5584980323013964,0.0,14.423706523846054,27.659025548969154,34.33203574950378,0.8366988981195512
-1 2 4,0.0,-0.0,-0.0,-0.0,13.365046361925454,10.726193730802317,3.6203425549194113,-0.5789022924998153,-0.23585179117001745,-0.3413719309297006,-0.9500550553246192,-0.38832569846367077,-0.710657290121831,-0.2860554057934807,-0.9636817921996987,-1.3591472023651254,0.6035011437059937,-2.3851095827948128,-2.3131435776961897,-1.6233940087584173,-2.234817838238105,-2.128256727150786,7.265393328105796,-2.31729488408844,-2.6124492183830808,-1.3721599487537994,-2.70843199271581,-1.7753832142297732,-0.0,-2.1849115659277523,-2.5277974211678544,-0.0,-2.728510451460041,-2.5478285422775033,0.0,6.078363473247518,6.99144116843488,8.498151197560034,-1.8402134134272374
-1 2 5,-0.0,-0.0,-1.8395581886207542,-5.666367298526951,0.28419774666044767,-0.6768792404385148,-3.2711118980137446,0.25450670813820436,-0.3022061417549362,0.1861258189620983,0.09249395523488696,0.8695745514600824,0.9263246295603526,-0.16882925978028543,0.602854808898654,-0.10398520019651934,-4.3140391893394945,-4.804860267803623,-0.9485229578832889,-0.23097128331001526,-0.6780029482358932,-2.0091032692495863,-1.943188346468051,-2.3930760722411266,-3.4430491802586576,-4.8377363605012365,-4.299177340070379,-0.8786150610945246,-6.341964837930742,-1.9409032034751366,-3.0498272041819265,-5.596814719401346,-4.039449726400025,-4.713286324758828,-2.3307785901469598,-0.3221078892250319,-0.21469552756585206,-0.9365773044310699,-4.937764144707176
-1 2 6,0.0,0.0,0.0,0.0,16.543481046773323,13.869482065000852,6.581146945570501,-0.10842474708512442,-0.5010404609134063,-0.1816160372381871,-0.0065461381594938885,-0.30073303859543765,-0.16394563995198078,-0.350882351950243,0.09283525936404631,0.0,3.4589779958902205,0.45244531010412586,0.7190621036279231,0.40458134490548275,0.7458616269265224,0.42464834417994696,10.336763831350686,0.1042162117726112,0.059840722025279,1.4466071226623523,0.10378057710855465,0.016084683634585244,0.0,0.05684962375284357,0.03186786256969705,0.0,0.0016763158508787542,0.23045441998605318,0.0,0.0,4.53932868321324,5.871685585345352,0.8546010942196071
-1 3 1,0.0,0.0,0.0,0.0,2.1549445921893016,2.1383248301517246,2.2167511094034715,0.43496052275989483,0.0007224021391558783,0.2415000062693557,0.6356574118375019,0.6006367007694972,0.6112707765846651,0.0850334488079265,0.8385613457638034,0.8619168572396155,2.3594242689316918,2.5061688855165603,0.6711395474767115,1.1757239963703567,0.8969817112253506,0.47145966351739027,2.1464321620916085,1.5524119397002596,1.9438931674999578,2.500383810406864,2.303374486176809,1.0805841243601775,0.0,1.3511164013417152,1.7073695327718985,0.0,2.0883792571506983,2.34003488114717,0.0,0.0,-0.0,-0.0,2.3891461768993545
-1 3 2,0.0,-0.0,-0.0,-2.402994589460685,-3.907882144224938,-3.126639510827706,-1.1884893877009763,-0.0,-0.05705997619132816,-0.0,-0.0,-0.1341204032049659,-0.3182495819994963,-0.006285040577303738,-0.1417959582603288,0.0,-0.46123754449461085,0.23400497694484493,0.1263543073106781,0.09352037195878488,-0.10594803467492227,0.0022010110255494086,-2.1478975371477875,0.37214420732121284,0.3914930211730866,-0.011203117618455842,0.351353021149139,0.10140160286885064,-3.6336920197937084,0.1916559862476223,0.2503409144479425,-0.05486731685681439,0.19844121421690247,0.11162588689180121,0.0,0.0,-0.0,-0.0,0.0
-1 3 3,0.0,0.0,0.0,0.0,-15.272505108930163,-13.00904010867326,-6.9213849787320125,-0.09474361230612287,-0.41847704478503767,-0.1669870002550325,-0.0,-0.343765323130716,-0.4539767025601993,-0.40477765462211446,-0.3595546115339428,0.0,-4.276078556719585,-1.1791610590269181,0.8573303460627282,-0.12254816727002682,0.15024766029337044,1.472686808036942,-10.04765917032565,0.26013679441108795,0.04812981264859022,-2.397917042762644,-0.4082879538161539,0.1266367204180787,0.0,0.18239367914103813,0.10535619739308272,0.0,-0.1106835305481783,-0.7478314130432928,-0.2591152767134307,-10.072610376364212,-13.281286078545671,-18.697018270806055,-1.8455390432139356
-1 3 4,-2.874449104059719,-4.89249690164333,-5.979240687093122,-4.868711029654351,-12.716707160854549,-11.512987044785895,-8.243226137732925,-1.6154629300438657,-0.947350260012981,-1.2751316767094636,-2.0477325692474238,-1.4938177384872229,-1.729983082524636,-1.0286383029471915,-2.147399685314121,-2.568014360654119,-6.805437217579124,-5.119534372996732,-4.082309442873474,-3.06455138099394,-3.486596852077958,-4.761178566057608,-9.929293470198129,-3.771065711702971,-4.213623606190136,-5.785905800839765,-4.639987552987909,-3.1401975277720195,-6.59059758282211,-3.650747030492694,-4.108520822137258,-9.31814788233576,-4.512054505017358,-4.961687954955984,-12.32579617953089,-20.50297882905311,-26.55488270639699,-25.652996901984572,-5.53327444972769
-1 3 5,0.0,0.0,0.0,0.0,-11.343486675306805,-9.463616567891624,-4.462390276540033,-0.03623605805994094,-0.3552924878248795,-0.03213572391176631,-0.11445081004083578,-0.11062981152330097,0.08641808386608472,-0.23587730279986877,-0.058265581649526596,-0.1998561800764306,-2.3710353305475147,-0.3570270709460652,-0.6106845763788883,-0.34748963399192706,-0.4670821594304993,-0.6193060712994896,-7.015818973642742,-0.37415779042675995,-0.24994745857386796,-1.0209270506608454,-0.17655446096307562,-0.28777809271787114,0.0,-0.3011130553242555,-0.19195225293732412,0.0,-0.07803675697687075,-0.11280411940091005,-1.0408860831099644,-0.0,-0.3625456679178366,-0.1409626556196512,-0.6041802658455953
-1 3 6,0.0,0.0,0.0,0.0,-2.1731944055176844,-1.7582005894513637,-0.8333202317227929,0.3321926183047609,-0.02029288066405678,0.1039971873541181,0.6323354094380779,0.1227997312825928,0.5844402811251181,0.04435469279554622,0.7535843142662381,0.9413232533049718,-0.5238747494189093,0.10892133139918334,1.7307234921360912,1.3420765221561524,1.430862433876159,2.052138738420347,-1.268397185212218,1.2166513778315313,0.9696891111292738,-0.2523986475336182,0.558433812483813,1.1664574866216737,0.0,1.2243376955022292,1.047213887205422,-0.0,0.6722071417360743,0.24873557585614633,-0.0,-0.0,-2.082822073198104,-1.5951066725182992,-0.0
1 1 1,-0.0,0.0,0.0,0.0,-0.9906136560124768,-0.6476995098216706,0.1581272945815147,-0.0,-0.017152962939026233,-0.0,-0.0,-0.07703349135495827,-0.08241454265871685,-0.02601661641248223,-0.05680871804749563,-0.0,0.4122998620778759,0.47818819710103977,0.015382125223595555,-0.01472413890053271,0.007713267022537546,0.023302258932770003,-0.2293303702218423,0.15714857544734182,0.26159287229955247,0.5074577261982806,0.37902434431546383,0.0,0.0,0.0,0.08297368889684768,0.0,0.1999323268880766,0.319580527625191,0.0,-0.0,-0.0,-0.0,0.3860008940022621
1 1 2,0.0,-0.0,-0.3705224309952563,-1.1380918623669452,11.50676847736292,9.406581496724675,3.706112537874863,0.2562871699170276,0.690789179549148,0.36979556011778586,0.08725396574926358,0.2913181675599234,0.18792752763470952,0.7993150797943734,0.18209709273468636,0.0,1.2363076607635515,-1.2241969703483706,-0.4874117116826438,-0.028463836673485864,-0.405054249707604,-0.6726559262545881,6.6425551046835345,-0.8864965507702066,-1.2448498741210474,-0.4048459020382649,-1.42436206701632,-0.1926860309065303,-0.0,-0.6034030677560178,-1.0572707593599384,-0.0,-1.368135019062625,-1.352057995912014,0.0,3.3217593845989604,10.768508004426792,12.841674632405981,-0.7863990926046353
1 1 3,0.0,0.0,0.0,0.0,11.895616333627984,10.382391279305484,6.216727500039614,0.3491696147088011,0.690749817086728,0.39721488585358844,0.2876405246911596,0.30109539171408456,0.385321370312801,0.7157499713915678,0.3929318205024659,0.21798844592641783,4.30459079468095,1.8146375642789256,0.5047093921578851,0.1952719709735839,0.2753414132137396,0.9394210678617158,8.380228130338233,0.3701071746303755,0.6094017253505151,2.8504034959753834,1.0840958023055063,0.17353957713835516,0.0,0.22998088879381035,0.3786984413789095,1.2976281981110402,0.7832617107275944,1.433086143057145,0.16931841422729735,9.81876848472739,11.443633760255231,11.786977359573275,2.3734781303810695
1 1 4,0.0,-0.0,-0.0,-0.6744761751152408,-0.8534756951600393,-0.37379342453642067,0.2814825681321254,-0.1591458770387016,-0.15550483366648388,-0.07676880583711844,-0.2860731928715352,-0.10811350634389462,-0.5021146809521672,-0.17399207169554068,-0.3750000332271895,-0.47114038292763083,0.027499594832076098,-1.0359487334405146,-1.4027299376962923,-0.6410927658106169,-1.0962066530331427,-2.273022787496669,0.09327114172072824,-1.1997954086030596,-1.3393145053279152,-0.5200981643397791,-1.311379894536629,-0.7118972727864055,-0.0,-0.9692903876427214,-1.2107551675048747,-0.0,-1.259470959244555,-1.107168779010566,-0.0,0.0,0.0,0.0,-0.6663767524782286
1 1 5,0.0,0.0,0.0,0.0,-3.9291234417238985,-4.131638672828507,-4.2381827353513595,0.017682768307380112,-0.48283033528793945,0.0,0.09524888465186325,0.6351040562879581,0.3962919365532567,-0.374865096750416,-0.04451876899875803,0.1460870925722344,-3.8592490788613953,-2.273249590282353,0.13531371017718455,-0.25810586982481043,0.06475349265010001,0.14367005879690867,-4.288333415994019,-0.10131038862336027,-0.6035135206465303,-3.163874739990015,-1.3617808727310707,0.1441719997232847,-0.0,0.0,-0.2837464317581875,-0.0,-0.9574663339042535,-1.8355808298572236,-3.0415251801188825,-3.9976594250701822,-7.615479676768854,-7.792481472422864,-2.7744464341838637
1 1 6,0.0,0.0,0.0,0.0,20.178845518392357,17.054612993218484,9.309017961561354,-0.14034169402363394,-0.5411863270369274,-0.2564630612214256,-0.0,-0.3962179915829135,-0.23236326651230607,-0.45287400923088095,-0.027019264509041813,0.06208614230060481,6.373492091387076,3.15410625615745,1.10538839534025,0.884665031353192,1.2182276383702624,0.6752592578321372,13.144121090860235,0.8017990349212556,1.3579322721595124,4.451198567112544,2.151546214012754,0.29412190802304616,0.0,0.6119788201975137,1.0505216354516576,1.747031567912116,1.735649772544008,2.6731740033306126,7.723711945819421,13.750634142729957,23.77078598907431,31.839931926179393,3.8530018710449006
1 2 1,-0.0,-0.0,-0.0,-0.0,7.048369177661257,5.817327367934186,2.555111846349733,-0.0,-0.028863585500140752,-0.0,-0.0,-0.04293526793799022,-0.04583591498623115,-0.03992636336490054,-0.09108149323386219,-0.02761727739339465,1.1672217666801172,-0.3116296525011348,-0.23757625489265807,-0.12051448391375731,-0.17343710347632496,-0.26681928860927884,4.220764605687336,-0.4470287419331816,-0.5398502155966317,0.21971384315466547,-0.5272155258880701,-0.1352747560519905,-0.0,-0.2752226411332592,-0.40732749389893735,-0.0,-0.44339823085762914,-0.30973153127468045,-0.0,0.0,0.0,25.771731638919732,-0.0
1 2 2,-0.0,0.0,0.0,0.0,10.652111258362211,9.809539943005495,7.2709943153943275,0.10375548097861875,0.03442518844652274,0.05874177297907391,0.12687668626773443,0.39230967705545394,0.47735455019649586,0.029914623210858703,0.3826518487354539,0.16619692505279599,5.891300184700054,3.506565783096151,0.40699445166718207,0.18063583993173768,0.23715819989091186,0.7509893146830174,8.640749193618644,1.048989412477046,1.7089179297094648,4.6250494996131035,2.535277784164653,0.36038340248275863,3.231110974795719,0.7582097694307974,1.3576676905143976,7.81208447029758,2.191803966751904,3.123989247655802,9.056781268940005,12.510848293851868,29.532652574573394,35.97154775805638,4.2063994429559175
1 2 3,0.0,0.0,-0.0,-0.0,3.92643566703735,3.2508818227567415,1.399137187175347,0.771202422257715,0.31777514974324095,0.569613752091306,0.98826886470218,0.8571711094159334,0.8934740050446578,0.4408343494735165,1.2299921518610626,1.1230482133436575,0.5675819339054492,-0.2109714716826922,2.0062384790954186,1.7625597815655458,1.7592926473717287,1.39939814385125,2.3589691525667384,0.7151018081919569,0.2833309716056099,0.006161146471999536,-0.08419027978957824,1.0821337918720484,-0.0,0.8308846723672436,0.44428667899562296,0.0,0.0,-0.12840686775340107,0.0,0.0,-0.0,3.911314067681851,-0.03148955639686409
1 2 4,-0.0,-0.0,-0.0,0.0,-8.401673929240202,-7.385443462586543,-4.449559580106639,-0.6757161447081192,-0.08651604992966062,-0.4212581584089829,-0.8929511287964321,-0.9092582023226652,-1.2569407141197073,-0.15686622642259948,-1.920761837643746,-1.0528673865336664,-3.080991551733519,-1.690535525710254,-2.2631624898707803,-2.407463082921282,-2.540931234165565,-2.060461406791253,-5.998587802961089,-1.4320226411656432,-1.4879392155612814,-2.1526586053256067,-1.533300034229348,-1.2400933248465915,-0.0,-1.3567536602773331,-1.4079180401075282,-0.0,-1.4532759215666031,-1.5245203844444564,-0.0,-0.0,-0.04366311418038555,-1.5025322534053736,-1.8317417741630502
1 2 5,-0.0,-1.4870203413006906,-3.147444939976362,-1.263754547115665,15.227711639949943,12.780861319540152,5.988020149815587,-0.9122802871357406,-0.7770581975462258,-0.7392121127775079,-1.101887757944721,-0.6085693103107844,-0.8145073568282062,-0.7782576369005484,-1.390465293323868,-1.3295144444917792,2.8293737983221106,-1.119733303944345,-1.0225276159768673,-1.3691483483310678,-1.2140473723582363,-1.2403645104793124,9.52877372562671,-2.093505441237246,-2.2128941610897686,0.4416352130160913,-1.9528365554281444,-1.646848526968372,0.0,-2.013069701606331,-2.2017317480921434,2.1050139556442145,-2.0978532585245913,-1.513778340887363,3.1937090663333696,6.831112161038189,7.924885430817341,4.320086472438569,-0.210681559130246
1 2 6,0.0,0.19691824165220953,0.0,0.02151389258414623,-5.371711659510486,-3.554913400614676,1.068585041975081,0.3253735668408737,-0.3448677822346605,0.016116097250604887,0.7339076503864189,0.3638381754780504,0.7404050295010649,-0.17635125593814355,1.0444787246555314,1.2982352819630112,2.845589935625303,4.1718346352408995,2.458108597425731,1.888434391526336,2.3416680585600558,3.1918650295414657,-1.2456733765927082,2.886062517634052,3.49928903505566,3.8561415447804905,3.9836213025540306,1.9191793742879657,2.2806036545766823,2.595637764329996,3.2336083541538394,2.4928679058263534,3.8032619564818297,4.187944820537809,0.0,-0.0,-1.1843546181333149,-4.140990528445522,4.127362515026182
1 3 1,0.0,0.0,0.0,0.0,-2.761177341276982,-1.9775156292181226,-0.06141884558664066,0.0,-0.08756014027309524,0.0,0.0,0.12277242821280074,0.13704157799438488,-0.07570060451968935,0.125008028692432,-0.0,0.6029693824923158,0.8922793966696293,0.03590183953890859,0.08569864923771019,0.009574845733508227,0.05489493232064294,-1.0012741158566287,0.12107526811713454,0.36602149643218346,0.9061848708914988,0.6650474604203912,-0.0,0.0,0.0,0.15570204152178713,0.0,0.46739656469872926,0.7692882080070612,0.0,-0.0,-3.7097417156216714,-5.569416058314776,0.8819312869456545
1 3 2,0.6413598289081239,2.9447402870374604,2.793520020044661,4.240078037287519,9.926503857575936,9.693732495851748,8.76770899149249,0.09733796820479891,-0.5644404379331467,-0.0,0.4923749990447204,0.23433680877464652,0.39439618204919047,-0.5696929588587991,0.7690926552425024,0.9958316338379756,8.006436034362716,5.955699624311923,1.7914973321850947,1.3148422528508117,1.4883377946423175,2.415905990533913,9.32076717947373,2.7648447194998265,3.740719406685715,7.047028639628069,4.826160024192409,1.6166279161430042,2.9931595286962347,2.391244198087832,3.335868698090073,3.7788297779314464,4.334765521333829,5.454761017696035,3.652941778086819,10.82258895964908,15.862536229423862,20.657520569618875,6.6157733413211135
1 3 3,0.0,0.10075100631627353,4.152377815710934,8.182014025417592,15.218854986759979,14.466355804433453,12.268177769059943,-0.3865008449720076,-1.0140117772107884,-0.695922657263194,0.0,-0.901071225809235,-0.7223726687658095,-1.1718245912936953,-0.23177030650412636,0.8254643200532864,11.1116985567104,8.84970534488817,2.0912641324021486,0.6972645716448019,1.3031663486322742,3.200591877776314,13.440539735504212,4.245097741858128,5.907639872966924,10.01102452832565,7.486805270161638,2.0622946455392985,11.114233830660519,3.5719533633079705,5.252601383918609,10.802224799817564,6.922913113036508,8.387106012588607,9.176104749786848,7.9756443759599565,6.265735687511037,1.6382663951286542,9.658949076546243
1 3 4,-0.0,-0.0,0.0,0.0,2.488571478141615,1.5558312247705606,-0.6858736014584156,-0.3131961337503356,-0.8496453103793212,-0.42213784279557287,-0.22248892843799298,-0.23866337105015867,-0.07928333212813252,-0.9280952598491785,-0.030728212548003866,-0.1602310731501025,-1.3843492261896517,-1.4002532588804146,-0.12075084819647885,-0.05157516497785603,-0.12315509811298526,0.0920066578901669,0.4002062127113076,-0.3612763518940569,-0.6378073870152587,-1.5856432233620328,-1.0240210403389844,-0.1196412029843655,0.0,-0.20377225216280623,-0.46657185348794183,0.0,-0.8645357000280425,-1.2803796506281535,-0.0,0.0,0.0,1.032721403923285,-1.5284062340434257
1 3 5,-0.0,-0.0,-0.0,0.0,-8.567624860857533,-6.676435238723347,-2.0464447548615,-0.3599298412347049,-0.37407424132268313,-0.3095808519435934,-0.4843374166781761,-0.5578412296782357,-0.27013958126521703,-0.4292691718754708,-0.2953591311008143,-0.6986029644656512,-0.5115196059799938,-0.004100436349076685,-1.282303452000384,-0.3802168791920594,-0.7715293602371214,-1.853472225282774,-4.311361230922719,-1.0958077853874344,-0.8702906780917299,0.09132260616835254,-0.43212963890304823,-0.9341353260556551,1.4722774628750763,-1.0731569272669275,-0.9058407613202187,1.4524144157454963,-0.5038318319815085,-0.026386315970266493,-0.0,0.0,0.31440414254188415,-11.256919087293092,0.02465698211744048
1 3 6,-0.0,-0.0,-0.0,0.0,7.9578550439343365,6.631048787708427,3.30913743395528,-0.6182356587770941,-0.30490322698935,-0.512778634696803,-0.6983008139640897,-1.0119421960280588,-0.751825808296132,-0.420782041383167,-0.8086402609670171,-0.7726059934099568,2.0470195676833534,0.6153231762240275,-0.9185803352680022,-0.67721208205418,-0.8530006510305582,-1.0969930751220807,4.958909089555707,-0.6575266057764747,-0.3472094567304287,1.215591307110905,0.09636165479516065,-0.7940077364604872,0.0,-0.714894307553358,-0.3987052717227833,0.20274925690438114,-0.0,0.33321062480854424,0.0,0.28260340680028007,0.0,-0.0,0.9060315217073053
2 1 1,0.0,0.0,0.0,0.0,-1.3190860769479122,-0.5987182559471702,1.0593362593222282,-0.0,-0.06192901260471739,-0.0,-0.0,-0.24522247422637491,-0.2622514559352311,-0.08893356816091162,-0.19503739734801787,0.0,1.5553959960686126,1.5713539667696912,0.08713531597464816,-0.0766664978594311,0.007117041939375757,0.14590742327412584,0.27042894021595804,0.5758115974747808,0.9054284548264088,1.7054061275506573,1.2640712047714446,0.07613284914835357,0.0,0.344395183354381,0.6743351288803598,0.0,1.033702286488864,1.3985680725706024,0.0,-0.0,-0.0,-0.0,1.6254448359335576
2 1 2,-0.0,0.0,0.0,0.0,3.9970980168734846,3.762953998639515,3.02884367222914,-0.15994309320422992,-0.4074748964598911,-0.1694087700162803,-0.1734500147537173,-0.1103997650912971,-0.12786824213113818,-0.43917203177890163,-0.18875944338522962,-0.18189763010609836,2.561528736273898,1.4722250943239068,-0.6378681441320572,-0.2778654391177157,-0.36152666908455744,-0.7241320943406389,3.434581304621192,0.0498566169900496,0.4254786148711815,2.036069399299476,0.9167418017155834,-0.118237677983798,0.0,-0.0,0.08979331204285476,0.0,0.5746231363606236,1.1383644668550763,-0.0,0.0,0.09718213480494589,0.0,1.7341737591134438
2 1 3,0.0,0.0,0.0,0.0,-8.348749575832567,-7.019345629509775,-2.9695840969294056,0.0,0.028350659627825972,0.0,0.0,0.17213043483617538,0.035861449010467665,0.06722972500764353,0.1351642436958877,0.0,-0.8763810650117375,1.477727244168783,-0.4718743917399383,0.09347081860468644,-0.32060740708890967,-0.30480290775050767,-5.15612892745124,0.6478071159096632,1.1449324756202328,0.6893613836824268,1.5344944296971732,0.03448647123233393,0.0,0.34557031963461354,0.8288445481930248,-0.0,1.358412544710341,1.54164208518264,-0.0,-0.0,0.0,-0.0,1.0219006092337162
2 1 4,-0.0,-0.0,-0.0,0.0,-13.609253304930807,-12.182845733042473,-8.165935456042604,-1.8341420586051664,-0.8318409832537895,-1.4814722746299702,-2.1247358047011096,-1.9994661079279588,-2.370546961225555,-1.1115346805562942,-2.95915773060115,-2.354995567661342,-6.214719756822475,-3.7097951533173714,-2.9234765234955593,-3.3244801742629,-3.3077102094193513,-2.488414840000791,-10.277040384934983,-2.877824072688158,-3.026875441277108,-4.688800958977733,-3.226531778082671,-2.617083768021545,0.0,-2.8221431211977124,-2.9389086220410614,-1.949628645332411,-3.072187080726988,-3.4246400326519515,-9.06254425754704,-20.40153736328491,-23.190935208366355,-22.97561762140317,-4.216575499161257
2 1 5,0.0,-0.0,-0.0,-0.6991885899637956,0.21782390684322178,-0.012392584044565055,-0.8043151081423617,-0.5531457269991019,-0.8480155446211733,-0.5513468769920744,-0.5997383182448319,-0.3383746163124941,-0.3913404711471694,-0.8449013850868129,-0.5718931876458807,-0.7234358025973048,-1.280117890806435,-1.8436660144220731,-1.1118799455750012,-0.5160361900421958,-0.4572067830350496,-1.4635500273859172,-0.3576422063656831,-1.36323427321145,-1.6294729059734343,-1.661694442596433,-1.812681807403938,-0.9567576877246161,-0.41417072186980153,-1.2376165813853488,-1.511758645924387,-0.0,-1.736745971835992,-1.8654018073034324,-0.08778472968963687,0.0,0.0,0.014908919307522918,-1.7455847489527496
2 1 6,-0.0,-0.0,-0.0,-0.0,-26.528774355198717,-23.567231055185385,-15.096951288836216,-1.1526229813345474,-0.4795609673981026,-0.923640713764018,-1.342888073773703,-1.4596118478624138,-1.3615467721079442,-0.6134288645574294,-1.6271364906102292,-1.4801068240050834,-10.972302175775022,-5.380188482691208,-1.793667228334076,-1.761588011909483,-1.801570008572429,-1.5117528501233986,-19.565871828301677,-2.0958873366201565,-2.7432915077000137,-7.710838943319967,-3.7937135613377424,-1.6076119815130534,-2.209173309200758,-1.850685647031507,-2.3544410444790684,-6.374168699069107,-3.2544875956207795,-4.630303344359908,-14.806026800212598,-26.79952992256535,-33.18226840120367,-37.16269488261351,-6.634209877588524
2 2 1,-0.0,-0.0,-0.0,-0.0,1.4708320340285805,1.0609988087837896,0.0933215585015999,0.0,0.016510208763489888,-0.0,0.0,-0.02969919108772643,-0.025363048455593014,0.01818447034311053,-0.007906134242619768,0.0,-0.20572587739151832,-0.2945259941375884,0.033628198074754145,0.03351217237393824,0.056294240908406255,-0.030753481207080834,0.5585557449519037,-0.08088456172081342,-0.1492383719302212,-0.31345565331025144,-0.2253032070395474,-0.0,-0.0,-0.0,-0.0,-0.0,-0.029213343378604737,-0.11435495361864802,-0.0,0.0,0.0,0.0,-0.17183349049357213
2 2 2,0.0,0.0,0.0,0.0,-14.275677281475206,-11.994243982458185,-5.785549311353509,0.20647981301779803,0.4964598175108585,0.24012508665743082,0.1781823604371143,0.173751736587611,0.22007412202125273,0.5727418594628315,0.30781965224361885,0.20320103212705956,-3.005348149691064,0.16464734041517035,0.11273811731977153,0.32805617299227885,0.25177674369396547,0.005586080250554819,-8.99423464139697,0.5947190350126453,0.7325809904916443,-1.0110762060076801,0.669196008199038,0.26565103659580214,0.0,0.42119436241184965,0.6172633687214444,0.0,0.6798330142016189,0.40673211187152314,-0.0,-0.0,-5.114952262418241,-5.160309760416091,-0.23370453015914522
2 2 3,-13.197684908902826,-13.03401905593015,-14.46347854625971,-16.946978205359766,-24.047552176543505,-21.796255022847774,-15.772589892109243,-2.753767473203924,-1.0139738917751524,-2.1631493810078726,-3.3308258716718435,-2.9028886116464885,-3.4410148937461758,-1.3959436988036504,-4.068078507745351,-3.9417379867031905,-13.175423643703267,-9.785903149747051,-4.958625385974671,-4.699555513525712,-4.857061464794065,-5.328120794406057,-18.857236490205153,-5.9088727892184645,-7.125404984271236,-11.263831526788335,-8.439751413570173,-4.7033587435988355,-18.437982482967655,-5.632253878271257,-6.767601853323046,-23.400246328308725,-8.078970926465855,-9.451573070885168,-26.515477649802445,-25.227713722501935,-20.731923876156607,-14.543666695532329,-10.806799339864423
2 2 4,-0.0,-0.5070160934666278,-1.6263222962360724,-2.7669965612640257,-7.19367589976952,-6.30616151451945,-4.358858855161019,-1.7151189280461876,-1.2771877690165607,-1.5364943859132394,-1.8612848339650494,-1.679444900539577,-1.9340040393096516,-1.498925176582577,-2.1295418126576684,-2.027082211465193,-3.877612656245646,-3.8501386989406003,-1.7307443831087623,-2.0936616713015117,-1.8099256286912764,-2.046112593670152,-5.257572384528549,-2.9921931625449156,-3.4741676632133625,-3.7927488679574126,-3.783019575152118,-2.31736870648115,-4.90507584804141,-2.7729465411564562,-3.3162308165273635,-5.531934951728377,-3.7303105882394068,-3.86410999237165,-3.522042148360878,-0.0,0.0,0.0,-3.801877387004649
2 2 5,-5.440120839928377,-5.138866209876292,-2.8732214645079397,-3.312418311245372,-2.604577577963139,-2.6449256399926493,-3.2078072940646547,-1.5050807472024912,-0.5849352572133732,-1.1470948823399785,-1.9156807854276585,-1.6698185045002327,-1.6894345829259594,-0.7772331118196587,-2.0891666364000465,-2.3997639019075927,-3.759847626521076,-4.511701192891431,-3.1899639018413435,-2.5683813526231782,-2.798871401716309,-3.9309049845453887,-2.8186184260807234,-3.694951492280019,-4.1648494633365365,-4.2604097708395114,-4.462915323800375,-2.9536108960153538,-4.277608547467603,-3.535796232212386,-4.0348464389097956,-6.067602614107344,-4.416491922174558,-4.599880460859106,-2.431427174469659,0.0,0.0,1.827892445771371,-4.416959069427559
2 2 6,-0.0,0.0,0.0,0.0,-1.6618579613405757,-1.453791222373953,-0.6675860506072201,-0.1078132180743824,-0.24870007336066838,-0.15823397360700325,-0.014108611562379844,-0.4877349208826282,-0.17045499524092506,-0.312811721132086,-0.028870321901730216,-0.0,-0.1499390755035494,0.4954125465884922,0.5133704726584063,0.39171535220065357,0.3538718339362733,0.658436279344672,-1.1239484543342764,0.2605105294416131,0.36966084242338026,0.28359711262023396,0.4827783377868008,0.0,0.0,0.07532098955815979,0.22002272917976057,0.8486774956440308,0.3559121235162609,0.4715170679688256,0.0,1.9267700496615472,0.0,4.070098338964247,0.3621827726991706
2 3 1,0.0,0.0,0.0,0.0,-10.479306658190984,-8.423871145319103,-3.3378798448272535,0.0,-0.0813781292128534,0.0,-0.0,0.21971571691744404,0.22455557603319645,-0.08112636183331319,0.09912814755525838,-0.056037997171551,-1.5122353590511903,-0.18724914513132487,-0.5254155085961415,-0.23983764770668603,-0.5095705084563807,-0.2699801119160151,-5.8469520145022695,-0.27280529611286897,-0.20539392981455598,-0.5395307789593,-0.1439614839376792,-0.16489248079485214,0.0,-0.2138800619001177,-0.19750353373635096,0.0,-0.12932564184356765,-0.08641732175040343,-0.0,-0.43715232894429173,-7.087481284165259,-0.6396385311522811,-0.25260197416022445
2 3 2,-0.0,0.0,0.0,-0.0,-14.971948782032054,-12.336323878363936,-5.637633737521348,0.03321638030984742,-0.375384952999973,0.0,0.0831914424265507,0.5365715974600379,0.6516724423283091,-0.4111910761761196,0.5528024382009051,0.04242848240235278,-3.086430951711272,-0.8174202475499415,0.11244095095708578,0.4181663750686438,0.12861021346147009,0.3669879551931732,-8.984887069772979,0.009031728784829898,-0.1593295881124496,-1.5773053703073383,-0.41513503633751064,0.00014486121577485182,-0.0,0.0,-0.002238993894235818,-0.0,-0.2203236452314828,-0.5620524058420199,-0.0,-0.0,-9.308674833205528,-27.198214929453425,-1.1624138776054795
2 3 3,0.0,0.0,0.43386375537318334,0.008662951776119218,-4.281072815342649,-3.1715463181933687,0.03364104946343341,0.7479707103017122,-0.4610880003223901,0.2840319012932376,1.2567453547779763,1.0546052128748247,1.443231420354581,-0.460612520192733,1.7723054915237206,1.7713856933841607,1.6013559845791365,3.4087750853912695,3.268004041216801,2.4509393862552646,2.6811489892785434,4.010909913286963,-1.6640759708804551,2.9736534364545406,3.335489871004806,2.7716870606356587,3.5398712320317456,2.3188521448607515,0.0,2.7606727505121813,3.169286830658318,0.0,3.4459180370464604,3.404280244345939,0.0,-0.0,-1.4805047169292365,-0.0,3.0379660739075165
2 3 4,-0.0,-0.0,-1.1689104479909809,-3.9118643904339483,-11.6252116706188,-10.692776413600182,-7.672459047879072,-0.7074953121423497,-0.4649409821364794,-0.608801973091788,-0.7726838250228394,-0.9513083379652085,-0.7946760784811675,-0.6299439242422165,-0.9279430621051774,-0.8348906097055339,-5.896596773855094,-2.9486476971055064,-0.429546840533519,-0.8530117498191101,-0.8173683683692564,-0.1360249448652137,-9.345373956081813,-1.084868141671877,-1.394571654454273,-4.267235058491379,-1.9947617436851384,-0.8891453693515342,-7.650808199533189,-1.0168268049137832,-1.2464687207174483,-11.78586131381113,-1.7349616195422597,-2.561781128205415,-13.69995639052598,-8.41538686122641,-15.52404880166337,-12.050306623162513,-3.7942714375994315
2 3 5,-0.0,-0.0,-0.0,-0.0,6.092957703722036,5.625187717453791,4.0000303390919285,-0.586072799996309,-0.34158752279185983,-0.5269383153903778,-0.588006377105813,-1.0369135583755058,-0.7509723556194554,-0.47843560042405453,-0.6613803723294508,-0.538328562502129,3.0021345962392076,1.4318827874099458,-0.32509541935547737,-0.3173189203247409,-0.37636930505918076,-0.37277071358359837,4.918851256119389,-0.029013447733845114,0.42246170030651287,2.1116876143118968,0.9063002802698878,-0.4091643031701571,0.0,-0.14470333788417894,0.05213042650661029,2.374361380111971,0.5642893796170114,1.137553693885212,5.76147783564704,1.7140901820578607,8.458334604806721,17.6091166180259,1.8221464940664005
2 3 6,-0.0,-0.0,0.0,0.0,0.9983269213981415,0.8425127121502929,0.3496984807964055,-0.3638758129310117,-0.24091055349202264,-0.3309314500071653,-0.3430039400070381,-0.7261732119257053,-0.5313806412644037,-0.3381365182733015,-0.48139867255862195,-0.2895307949931875,0.11630198187162684,0.005642491502614886,-0.3923288411615658,-0.17447388996436422,-0.23129167604329243,-0.5840744200817669,0.6169837130311586,-0.12099973507170649,-0.0035749373316062705,-3.38216011722564e-05,0.037119510160111405,-0.19345637967358958,0.0,-0.08447622486944745,-0.0,0.0,0.0,0.0,0.0,0.0,0.0,0.0,0.0
3 1 1,0.0,-0.0,-0.0,-0.0,0.5109202254725075,0.4293561457283669,0.20615267216577235,0.0,0.010448046286742172,0.0,0.0,0.02404360068759605,0.02701149105968782,0.013470201719717488,0.025397424526735466,0.0,0.10338664022077541,-0.013355316275082341,0.046839932565916544,0.025036704135556528,0.0325565241645177,0.05762406460400474,0.3220073654683246,-0.0012041867081865275,-0.016432088785000257,0.028222550050295715,-0.024576817032371204,0.0,0.0,0.0,-0.0,-0.0,-0.0,-0.0,0.0,0.0,0.0,0.0,0.0
3 1 2,0.0,0.0,0.0,0.0,1.4781209518326834,1.6841602002017435,2.0472615651769797,0.27146304670428134,0.27955771756939946,0.1705365652198318,0.4710181517757934,0.15399657257461968,0.22535248224439813,0.30638874953853257,0.40915004451834003,0.7572775978563401,2.0716502794899396,1.9143390029301977,1.6919614122172526,0.7857888701419895,1.1689323166942724,2.0541127241320463,1.9025291683845706,1.515066149157516,1.6874564125105889,2.0096870963227134,1.8094704909611397,1.0878401062046403,0.0,1.3848549656940548,1.589267377786897,0.0,1.7246780371811976,1.823672239701334,0.0,0.0,-0.0,-0.0,1.8962979126764619
3 1 3,-0.96504631432398,-0.0,-0.0,-1.1194367641128529,10.563887691506498,8.557406889476761,3.3333158922365222,-1.6103089287954822,-1.3720422220327555,-1.4947351187874671,-1.6937000159295055,-1.4468887739425542,-1.6200448127190283,-1.5835311198875301,-1.7187996182412646,-1.7673404329585103,1.2439825926238517,-0.8334379625651371,-1.7255887918123984,-1.5586240148256674,-1.5441893392447783,-1.9122819669810898,5.972651410069219,-1.7413304932161002,-1.5749485259987055,-0.08146783064480397,-1.2825864313748951,-1.802294610781511,-0.1400844600566419,-1.7949705353447796,-1.6610940553411233,-0.0,-1.436851653423369,-1.0276446956013319,0.0,1.6977943999135923,7.254637761457667,13.690631234874477,-0.3596716308757201
3 1 4,-0.0,-0.0,-0.0,-0.0,-21.080038189397428,-18.860421058313477,-12.515738255949891,-0.37979194905006647,-0.8071869695263771,-0.4987792780883939,-0.2700536887384264,-0.46809336380949546,-0.15187552444932856,-0.9012442993150644,0.06704587247164456,-0.223777504578058,-9.373808057240748,-4.763443378725475,0.10668080290298013,0.5164989284010939,0.42819346106972894,-0.15578588260511111,-15.866924163290538,-1.0502426529238098,-1.9476500552910614,-6.7813475643794625,-3.186012655040651,-0.3208917824041626,-3.0241574312400266,-0.7015775148619136,-1.4772358129791794,-7.038410537147209,-2.6206606540348063,-4.028915084103435,-13.300331857473097,-12.72816719922646,-16.474235166614623,-17.816653788849532,-5.877163541615732
3 1 5,0.0,0.0,1.4635567182149647,1.9021524767063474,9.04149980481781,8.305277968933394,5.881687510479821,-0.0,-0.3006058188222631,-0.03730868934519849,0.0650860464986903,-0.3271263216965768,0.15328860100577987,-0.35873329847167695,0.46610735989918417,0.36731556067491267,4.446666750766023,2.2933590569071,0.8907271123989748,1.1450775181092463,0.983173123120226,0.941181803752724,7.23140840634124,1.1415652851967826,1.4114283148440259,3.1878164011898193,1.750755850621953,0.6912166120990655,0.8157127927957039,0.9844937224891112,1.3097435055169648,0.43313348917521816,1.6316606306134906,2.1314505832126116,4.304283274108343,11.96056140327485,10.855882848456853,20.42761934352932,2.8466587909543377
3 1 6,-2.4174160157915767,-3.4223829935055257,-6.300441300947966,-7.721617549500553,-1.1020973652543502,-2.292188597902876,-5.10676244307868,-1.095433348168761,-0.3885465505999842,-0.8360549545159023,-1.392939353183057,-1.372241803716725,-1.228093798883528,-0.5488849427352985,-1.431473075929529,-1.7985675740025964,-5.930395146303565,-5.766078709117316,-2.6515715428374262,-1.5872237043613668,-2.03857204437457,-3.4251960809117,-3.7563948161005865,-3.3973545652441857,-4.2702478019915135,-6.10302639453001,-5.1063179445569675,-2.348813418534796,-4.735937923082515,-3.0890007392919028,-3.900782008740735,-0.8656839760122621,-4.7678332191780175,-5.485312147595566,-0.0,0.0,7.794242016146161,5.184154245661012,-5.967232532676603
3 2 1,0.0,0.0,0.0,-0.0,1.6201527779907061,1.4119193264313552,0.8161363776152151,0.0,0.01746367168509595,0.0,0.0,-0.01478622743951818,-0.0216224297767188,0.01878587852101225,-0.0071380079711918926,0.0,0.5463925502787844,0.2749088975031296,0.19679392659756553,0.018949302426587978,0.0954410777005311,0.27466617969970736,1.1287512756660796,0.18528618468032948,0.21545751354147294,0.3672766121709863,0.23625980154864148,0.0,0.0,0.02248570471360381,0.05761895802325921,0.0,0.07611432270988161,0.1019710453411842,0.0,0.0,-0.0,-0.0,0.1747263515637169
3 2 2,-0.0,-0.0,-0.0,-0.0,-2.0811912424201537,-1.9856873747359973,-1.7279842360842688,0.0,-0.25302286182170697,-0.0,-0.0,0.30732253222677336,0.31222122571936867,-0.2584472052553543,0.20373142835393696,-0.010511942986913396,-1.6045200617943447,-1.3118826078466987,-0.2713888360616977,0.0038760172466062045,-0.14289375966649867,-0.2837276338643214,-1.860916255932603,-0.5864487012006265,-0.8375083870471762,-1.4771451422028166,-1.0925756069405144,-0.18163915755083745,-0.0,-0.4235129202351324,-0.6846616843642641,-0.0,-0.947840771674576,-1.2040048849584855,-0.0,0.0,0.0,0.0,-1.3870386932079333
3 2 3,-0.0,0.0,0.0,-0.0,-15.3254232196214,-13.526377368172081,-8.388356737235945,-0.0,-0.598933352284113,-0.10143270852065711,-0.0,0.15155313137398074,0.3391550929047024,-0.6651510170292052,0.3727383363641918,0.0,-5.866076818736214,-2.332280231550511,0.2630480373057072,0.43814126295957767,0.3049352884689558,0.31839094560647063,-11.099804651514749,-0.15070941536949845,-0.5743152826631894,-3.831052262069431,-1.2813003348204652,0.0,-0.0,-0.0,-0.27450126598378893,-2.0108063015539477,-0.8875448497847442,-1.8334167607797223,-4.9525991192171235,-17.333360807969473,-16.928148281874467,-11.592526619320031,-3.1716499089079817
3 2 4,0.0,0.0,0.0,0.0,3.3325999969279727,3.4334820410885927,3.7844987747402814,-0.2688104464708233,-0.367053924861297,-0.3164387830798443,-0.1281096756567871,-0.6480136887624441,-0.4140997806266828,-0.4809489469049571,-0.33371787803531694,-0.0,3.8677784829093786,3.1600659011463197,0.08613005517962735,-0.004915326404063231,-0.006961189731350606,0.3729445455045471,3.595532702439416,1.093050585656781,1.7440699917870957,3.6737721823295098,2.4610332914677073,0.19939003409178416,1.005273014445639,0.7053818881351852,1.368056374940308,4.785899063761352,2.097357157305026,2.88778119451191,6.99776832010705,0.0,0.7516797050797385,0.0,3.5300178974441137
3 2 5,0.0,0.0,0.0,0.0,5.28315417416976,4.8702303499113535,3.3960828613087646,-0.09798183497843962,-0.28611601454340885,-0.1336571687519669,-0.08558764434693883,-0.35999175095966357,-0.04179951860122942,-0.3464398554015811,0.04991453659068925,-0.10027418196896547,2.389860529249464,0.5112189616310882,-0.4933204319843461,0.23775628896846723,-0.1285999953928496,-0.7414132579295362,4.242916432501678,-0.35438146299379725,-0.29886562026541175,1.3652108976284052,-0.042500428106021344,-0.16555677553782933,0.0,-0.24392101882815653,-0.2259805021831663,0.0,-0.044949580335858774,0.20114101500579917,0.0,0.0,0.0,0.0,0.98750017744902
3 2 6,-0.0,-0.0,-0.0,-0.0,-5.413946344464143,-5.129625549619017,-4.2326227340375375,-0.9787846235342557,-0.307154873788669,-0.76333376934925,-1.1564314856737556,-1.3788030506819908,-1.2789988631750036,-0.4688337736534781,-1.422486831094247,-1.3273367949351538,-3.6281338390199487,-2.4176376054661013,-1.8164472830621154,-1.4149081846768297,-1.6131980290630925,-2.0661349017144155,-4.734088409215882,-1.718281779664628,-1.8378372728676116,-2.977621868933317,-2.043442493080939,-1.4920645308920786,-0.0,-1.6406105786624892,-1.746166387188421,-0.0,-1.9065893798753841,-2.1867851918494186,-3.1268355127472613,-0.9455281485275847,-6.86133216171981,-13.0337231111238,-2.6904022052397356
3 3 1,0.0,0.0,0.0,0.0,5.051964703307382,4.79656182526471,3.8128599317198035,0.0,-0.05350387809292557,0.0,0.0643455994693255,0.13072093060914206,0.21209936721841324,-0.0503383192654178,0.29550141504911964,0.13781243610224497,3.095147146799596,1.648966885082126,0.24170493369815482,0.44699755351876763,0.3810612553563805,0.20909489945176557,4.390444686871121,0.5135272285523781,0.7422350116415964,2.3340742609601266,1.1134650496711633,0.22063419782240565,0.0,0.3143838352081873,0.5096573913859765,0.0,0.8478328854257434,1.3462245214609445,0.0,0.0,3.1504287564491102,8.839375331862165,1.9936705373110835
3 3 2,0.0,0.0,0.0,0.0,2.0577535972309553,2.0542633360097997,1.822404109994272,0.0,-0.11197972932034968,0.0,0.0,0.270961269736884,0.34892562913856257,-0.10226820223450263,0.34020472078165925,-0.0,1.5057435313331562,0.644745271963552,-0.546674539173429,0.21990019075838513,-0.17053866865715409,-0.6576598093493277,1.9953594654073066,-0.1689435711025034,-0.022806434085689956,1.0854991381324701,0.2580628756849435,-0.02703030492193807,0.0,-0.10532007560653592,-0.0,0.0,0.0,0.36020452213415466,-0.0,0.0,0.0,0.0,0.8494368003910231
3 3 3,0.0,1.3362971690067755,1.1197660679532693,0.7304502919961396,18.391715245799137,16.481046437072862,10.971094208128894,0.4311394855327545,-0.08763443008804507,0.1812521028096967,0.7108454958896916,0.5050607083649707,0.7647530784195141,-0.056933870429901695,1.0546875281203578,1.0506830060326708,8.236566221719638,4.50735013784574,1.554086461571125,1.5039000238200553,1.482599782967408,1.957117159521311,13.890031811883658,2.203800820790528,2.783271376781429,6.048973610872819,3.4923823763557205,1.4543377046499746,3.6953349362358123,1.921430144925577,2.4692007497716055,14.228398782752194,3.116881294433444,4.051611314021697,21.523197982945785,22.55056334163572,33.71213520666815,25.109850457285773,5.392038592113122
3 3 4,0.0,0.0,0.0,-0.0,9.506606455797387,8.241692632159486,4.4791695960500615,0.10759959412830654,-0.13178017731906863,0.0,0.24346174427371506,0.17955509875169162,0.4305388613654562,-0.13255458568930273,0.6381301513796728,0.3500381443420435,2.5735885966245493,0.2129965239995863,0.4666248683268972,0.9396843672307243,0.7156350201514466,0.2905864198248577,6.49317538881826,0.19801286759735298,-0.03601707175726058,1.1007755342442849,-0.11182209967048518,0.33991008636392267,-0.0,0.17571753860489628,0.0,0.0,-0.0,0.0,0.0,6.458402078864095,0.0,2.5896105471365867,0.6035527694012738
3 3 5,-0.0,-0.0,-0.0,-0.0,-9.226570562595674,-8.834343481423884,-7.218425512324075,-0.0,-0.1225815496655453,-0.0,-0.0,-0.2448647268988573,-0.06355657344752906,-0.16405519374698202,0.056628065757546114,0.0,-5.937843311091198,-3.1213352718078613,0.21438027838315657,0.3791476656496543,0.31881255063351077,-0.01663348628192011,-8.187573814516808,-0.46993610145310877,-1.0855278559241466,-4.495683737424371,-1.9703334451244299,0.0,-0.4140204363917484,-0.11739997339005798,-0.6719018009855119,-5.826300862321255,-1.4654921051085883,-2.52767667558359,-5.588651759057306,-10.73498434376161,-1.2624591327186407,-5.876302336359401,-3.919545378961348
3 3 6,0.0,0.0,0.0,0.0,-0.37950654364536457,-0.17231676385528946,0.4251085456824858,0.014510975614131113,-0.04765609814767855,0.0,0.15466708760814865,0.04876039439268456,0.19393573511652581,-0.051882867139503595,0.3373014118235812,0.30784432761478137,0.605806890100117,0.573965896521883,0.6515945071198793,0.687167840878488,0.7164499706399797,0.6017166846973221,0.11988422371186588,0.6750696784522577,0.6797792430095073,0.6120675654007358,0.6128241696967366,0.45310349331634686,0.0,0.5493111048262181,0.567658781887909,0.0,0.5234595749417342,0.4658753602593425,-0.0,-0.0,-0.0,0.0,0.44739301551319866
-6 0 1,-0.0,-0.0,-0.0,-0.0,0.0043951542287217794,8.883126296802239e-05,-0.012241643854870187,-0.0,-0.0005711473909128864,-0.0,-0.0,-0.0016432695932710904,-0.0019815710224189735,-0.0007316059879301771,-0.0019460862560726417,-0.0,-0.018554867831258388,-0.027280205827898425,-0.0071993198248998715,-0.002407516393107973,-0.003948218595362372,-0.014139781452429457,-0.005705379429734533,-0.01863586723450094,-0.024745228499906048,-0.023858216800141288,-0.027802855681024596,-0.0,-0.0,-0.0,-0.0,-0.0,-0.0,-0.0,-0.0,-0.0,0.0,0.0,-0.0
-6 0 2,-0.0,-0.0,-0.0,-0.0,0.05701320034605384,0.001152304180702608,-0.1587965421331141,-0.0,-0.007408827752265808,-0.0,-0.0,-0.02131621637564011,-0.025704605531889118,-0.009490269645524253,-0.025244303119810917,-0.0,-0.24069062017096488,-0.3538742349889933,-0.09338836413294756,-0.031229897135280384,-0.05121562659085006,-0.1834188633310433,-0.07400922096249384,-0.2417413307864878,-0.3209909360755975,-0.3094847697123094,-0.36065396084989526,-0.0,-0.0,-0.0902359288878078,-0.19568354683306607,-0.0,-0.2700594971577863,-0.2982953070702957,-0.0,-0.0,0.0,0.0,-0.2725467236515691
-6 0 3,-0.0,-0.0,-0.0,-0.0,0.05722966166148271,0.0011566791197906634,-0.15939944300847378,-0.0,-0.007436956757326165,-0.0,-0.0,-0.021397147391766746,-0.025802197891066306,-0.009526301235380214,-0.02534014785449047,-0.0,-0.24160444728358735,-0.3552177849377273,-0.09374293058463364,-0.03134846730102411,-0.05141007632942076,-0.18411524746998165,-0.07429021086002932,-0.24265914711916087,-0.3222096384084245,-0.3106597867250453,-0.3620232513002884,-0.0,-0.0,-0.0911666003774553,-0.1970146490563647,-0.0,-0.271672782885069,-0.3000161058226178,-0.0,-0.0,0.0,0.0,-0.2741690881818636
-6 0 4,-0.0,-0.0,-0.0,-0.0,0.004822228883999126,9.746294664410415e-05,-0.013431157477664532,-0.0,-0.0006266454604670045,-0.0,-0.0,-0.0018029451720000074,-0.002174119160042186,-0.0008026957287752879,-0.00213518635898164,-0.0,-0.02035783386393297,-0.029931008028128175,-0.00789887366816618,-0.0026414534019487687,-0.004331864767447756,-0.015513736034052764,-0.006259767928153387,-0.020446703933463276,-0.027149708384205808,-0.026176506258305726,-0.030504443472439285,-0.0,-0.0,-0.0,-0.0,-0.0,-0.0,-0.0,-0.0,-0.0,0.0,0.0,-0.0
-6 0 5,-0.0,-0.0,-0.0,-0.0,1.5519264129504497e-05,3.136626751228116e-07,-4.322517356081662e-05,-0.0,-2.0167181298282353e-06,-0.0,-0.0,-5.802375417750517e-06,-6.996915804985514e-06,-2.5832965066888056e-06,-6.871619300507073e-06,-0.0,-6.551713086188799e-05,-9.632624880004036e-05,-2.54207566108306e-05,-8.500926442260635e-06,-1.3941136996293703e-05,-4.992748642578122e-05,-2.0145661726833774e-05,-6.580313928567407e-05,-8.73752585348226e-05,-8.424322535959238e-05,-9.817172240479044e-05,-0.0,-0.0,-0.0,-0.0,-0.0,-0.0,-0.0,-0.0,-0.0,0.0,0.0,-0.0
-6 0 6,-0.0,-0.0,-0.0,-0.0,4.527481252063149e-08,9.150574854839106e-10,-1.2610208917168636e-07,-0.0,-5.883432002509977e-09,-0.0,-0.0,-1.692744301667885e-08,-2.0412311347360057e-08,-7.536328014624248e-09,-2.0046780114537797e-08,-0.0,-1.9113508165779028e-07,-2.8101544112174176e-07,-7.41607321122838e-08,-2.4800006476680638e-08,-4.067089512521812e-08,-1.4565494656773977e-07,-5.877154033691813e-08,-1.919694625703245e-07,-2.54902450019201e-07,-2.4576527614074636e-07,-2.8639929635930975e-07,-0.0,-0.0,-0.0,-0.0,-0.0,-0.0,-0.0,-0.0,-0.0,0.0,0.0,-0.0
-5 0 1,-0.0,-0.0,-0.0,-0.0,0.06391196648119837,0.0012917364001003187,-0.17801139414276462,-0.0,-0.008305317857859186,-0.0,-0.0,-0.02389554170326764,-0.02881493894738417,-0.010638620386169252,-0.02829893857986589,-0.0,-0.2698148982224305,-0.39669406572335436,-0.1046886328424117,-0.03500880720265449,-0.05741286912715014,-0.2056130891456705,-0.08296455594045427,-0.27099274793500827,-0.3598317902294715,-0.3469333436508897,-0.4042941584973724,-0.003935128034497691,-0.0,-0.11989811385693941,-0.2381054044127948,-0.0,-0.32148056624375904,-0.3531337718714217,-0.0,-0.0,0.0,0.0,-0.32426783967890244
-5 0 2,-0.0,-0.0,-0.0,-0.0,0.0490309014176406,0.0009909724825871002,-0.1365637704168949,-0.0,-0.006371533275394663,-0.0,-0.0,-0.018331777507091772,-0.02210575747657757,-0.008161556842839703,-0.02170990104241985,-0.0,-0.20699202988295642,-0.30432904353156953,-0.08031325460708333,-0.026857464559590767,-0.044045033837369386,-0.1577387719253431,-0.06364734473741182,-0.20789563270292574,-0.2760496665184685,-0.2661544544407554,-0.310159554155545,-0.0,-0.0,-0.05591474903395396,-0.1465990685657669,-0.0,-0.21056128997403073,-0.23484465606162777,-0.0,-0.0,0.0,0.0,-0.2126993538790423
-5 0 3,-0.0,-0.0,-0.0,-0.0,0.04753906302258798,0.0009608206649533304,-0.13240861376689345,-0.0,-0.006177669860675361,-0.0,-0.0,-0.017774005801005983,-0.021433156794114592,-0.007913229287981162,-0.021049344883111255,-0.0,-0.20069398826591667,-0.2950693779177799,-0.07786960390129852,-0.02604028609325022,-0.04270489790900283,-0.1529393342331368,-0.06171077922715058,-0.20157009762070935,-0.26765044318080505,-0.2580563077073946,-0.30072248654913214,-0.0,-0.0,-0.049500348932064876,-0.13742550798724776,-0.0,-0.1994414693398779,-0.22298615564056073,-0.0,-0.0,0.0,0.0,-0.2015142703113891
-5 0 4,-0.0,-0.0,-0.0,-0.0,0.08912827826575191,0.0018013878723010484,-0.24824535912688872,-0.0,-0.01158216092973067,-0.0,-0.0,-0.03332346988362896,-0.040183803411347536,-0.014836062326780948,-0.03946421634692936,-0.0,-0.37626971368638457,-0.5532087498287951,-0.14599327970896525,-0.04882144740497339,-0.08006497777071508,-0.286737236130065,-0.11569802081165284,-0.3779122811540708,-0.501802552701468,-0.4838150552241377,-0.5638074408236572,-0.06660342247106465,-0.0,-0.22831916167548402,-0.3931653275850413,-0.0,-0.5094347657991866,-0.5535785273845383,-0.0,-0.0,0.0,0.0,-0.5133195622202317
-5 0 5,-0.0,-0.0,-0.0,-0.0,0.06402238066285926,0.001293968001244693,-0.17831892626065632,-0.0,-0.008319666107884925,-0.0,-0.0,-0.023936823591899345,-0.0288647195765629,-0.010656999644837269,-0.02834782776787245,-0.0,-0.2702810298848933,-0.39737939357427354,-0.10486949270889528,-0.035069288345874236,-0.05751205548160762,-0.20596830589500129,-0.08310788533642456,-0.27146091444820863,-0.36045343488916826,-0.34753270498084277,-0.4049926162529149,-0.0042094726709003116,-0.0,-0.1203726491162275,-0.2387846063715894,-0.0,-0.32230267224509485,-0.3540123324069137,-0.0,-0.0,0.0,0.0,-0.3250926768114057
-5 0 6,-0.0,-0.0,-0.0,-0.0,0.0073528486713389605,0.00014860976427617676,-0.02047958958188014,-0.0,-0.0009554978314455803,-0.0,-0.0,-0.002749098670207304,-0.003315058152940975,-0.0012239361433877358,-0.0032556941116571986,-0.0,-0.03104126230392052,-0.045638267677776595,-0.012044061813151489,-0.004027641077214016,-0.0066051502045944895,-0.023655068253601565,-0.009544782589258201,-0.031176769802296625,-0.04139739154282832,-0.039913470283488545,-0.04651263182477761,-0.0,-0.0,-0.0,-0.0,-0.0,-0.0,-0.0,-0.0,-0.0,0.0,0.0,-0.0
-4 0 1,0.0,0.0,0.0,0.0,-0.03777345570579886,-0.0007634461960595673,0.10520886591335475,0.0,0.0049086356358431634,0.0,0.0,0.014122819806522174,0.017030297766139173,0.0062876715903584564,0.01672532957160926,0.0,0.15946686775422317,0.23445540084832991,0.0618734120274143,0.020691017676186613,0.03393233831343958,0.12152210834666262,0.049033978322196345,0.16016300427443544,0.21266894038958684,0.20504565906475067,0.2389472320900393,0.0,0.0,0.007511585152472589,0.07737512717768158,0.0,0.12665105643480393,0.14535996949293795,0.0,0.0,-0.0,-0.0,0.12829706494414025
-4 0 2,0.0,0.0,0.0,0.0,-0.0317944294480796,-0.0006426030069124519,0.088555727880653,0.0,0.004131665120228485,0.0,0.0,0.011887368776732736,0.0143346323678343,0.0052924183672625,0.01407793650658163,0.0,0.1342254231544808,0.19734428745551796,0.05207968920660814,0.017415909914048205,0.028561308896855833,0.10228680505968912,0.041272563899532294,0.1348113706952752,0.17900632850958698,0.17258970933306414,0.2011251226700542,0.0,0.0,0.0,0.040608994943996814,0.0,0.08208517811734693,0.09783277690340185,0.0,0.0,-0.0,-0.0,0.08347058307970714
-4 0 3,-0.0,-0.0,-0.0,-0.0,0.00037636064046641944,7.606693482018916e-06,-0.0010482619452743668,-0.0,-4.8907816804238366e-05,-0.0,-0.0,-0.00014071451521335221,-0.0001696835424462899,-6.264801730667527e-05,-0.00016664495296935344,-0.0,-0.0015888684622503211,-0.0023360262696468692,-0.0006164836270170908,-0.0002061575918593045,-0.0003380891777452284,-0.0012108010155173151,-0.0004885562928023363,-0.0015958045071978566,-0.002118954094000252,-0.0020429985588695187,-0.0023807812027449625,-0.0,-0.0,-0.0,-0.0,-0.0,-0.0,-0.0,-0.0,-0.0,0.0,0.0,-0.0
-4 0 4,-0.0,-0.0,-0.0,-0.0,0.01345785580797269,0.00027199917592230297,-0.03748361701958073,-0.0,-0.001748839479118994,-0.0,-0.0,-0.005031651698443317,-0.006067522481623406,-0.0022401598172533655,-0.005958868986429126,-0.0,-0.05681455594373712,-0.08353132958213498,-0.02204414295312658,-0.007371756891270762,-0.012089349722363703,-0.04329566837484649,-0.01746973364287855,-0.05706257415484938,-0.07576929039505441,-0.07305328205172706,-0.08513167077504817,-0.0,-0.0,-0.0,-0.0,-0.0,-0.0,-0.0,-0.0,-0.0,0.0,0.0,-0.0
-4 0 5,-0.0,-0.0,-0.0,-0.0,0.040201910571456126,0.0008125281398438044,-0.11197274222712146,-0.0,-0.0052242117426850926,-0.0,-0.0,-0.015030775666930372,-0.018125175338259844,-0.006691905896750418,-0.017800600743361237,-0.0,-0.1697189901420993,-0.2495285348343831,-0.06585125270111584,-0.022021242873015025,-0.03611384780312469,-0.12933476275662376,-0.05218637200750035,-0.1704598812681077,-0.22634142317976966,-0.218228041219986,-0.2543091458350746,-0.0,-0.0,-0.017953065244980568,-0.09230817010476537,-0.0,-0.14475193599240674,-0.16466381952759468,-0.0,-0.0,0.0,0.0,-0.14650356029680023
-4 0 6,-0.0,-0.0,-0.0,-0.0,0.07280881341562541,0.0014715521946073017,-0.20279141912819584,-0.0,-0.009461457244446114,-0.0,-0.0,-0.027221913721749216,-0.03282611424606872,-0.012119566480936457,-0.03223828419561823,-0.0,-0.30737440362145707,-0.4519157491865675,-0.11926178390399528,-0.039882198152540405,-0.06540501108136168,-0.23423540015501618,-0.09451361311743961,-0.3087162155649208,-0.40992207122175245,-0.3952281000924547,-0.4605738106919619,-0.026045745902962002,-0.0,-0.1581510715566457,-0.29281416217959777,-0.0,-0.3877935261361334,-0.4238561475556223,-0.0,-0.0,0.0,0.0,-0.39096510141808266
-3 0 1,0.0,0.0,0.0,0.0,-0.022676637381649937,-0.000458321650083635,0.063160313428393,0.0,0.00294681405957708,0.0,0.0,0.00847838932326549,0.010223843165214417,0.0037746943181471222,0.010040760811983235,0.0,0.09573316147230082,0.14075122352098599,0.03714462714343861,0.012421492715800493,0.02037068933905377,0.07295368489168431,0.029436696352392006,0.0961510749287748,0.12767210077668467,0.12309559637613351,0.14344781630934908,0.0,0.0,0.0,0.0,0.0,0.014123784017037911,0.025355671408835486,0.0,0.0,-0.0,-0.0,0.015111562846359824
-3 0 2,0.0,0.0,0.0,0.0,-0.08174575405758014,-0.0016521783303426948,0.2276831154823285,0.0,0.010622806781861598,0.0,0.0,0.030563276060714,0.03685536593636177,0.01360718647040202,0.03619538250197349,0.0,0.34510317121364625,0.5073862895810372,0.13390060898028613,0.04477755107534244,0.073433169683313,0.2629866978238867,0.10611471620732954,0.3466096842850207,0.4602380844415165,0.44374049721663006,0.5171070875618415,0.0482560496693795,0.0,0.19657662195058542,0.347769207372848,0.0,0.45440622829884764,0.494896340383992,0.0,0.0,-0.0,-0.0,0.45796594962714765
-3 0 3,0.0,0.0,0.0,0.0,-0.0010968411371740897,-2.2168456081413198e-05,0.0030549868941825435,0.0,0.00014253378178382932,0.0,0.0,0.00041008929279172325,0.0004945147543214541,0.0001825773344927837,0.00048565928544681863,0.0,0.004630495603352509,0.00680796404983436,0.00179664005691096,0.0006008123676583205,0.0009853052586071796,0.0035286802602570483,0.0014238168983525378,0.004650709564669816,0.006175342924283022,0.005953983019527269,0.006938394935626847,0.0,0.0,0.0,0.0,0.0,0.0,0.0,0.0,0.0,-0.0,-0.0,0.0
-3 0 4,-0.0,-0.0,-0.0,-0.0,1.8324915672820414e-07,3.70368209689096e-09,-5.103964040015867e-07,-0.0,-2.381310695955686e-08,-0.0,-0.0,-6.851358372732273e-08,-8.261853849914315e-08,-3.050317994972828e-08,-8.113905605751018e-08,-0.0,-7.736165118078767e-07,-1.1374059824035074e-06,-3.0016450351350243e-07,-1.0037767183762023e-07,-1.6461486685739887e-07,-5.895363149138814e-07,-2.3787696970473655e-07,-7.76993656628572e-07,-1.0317140240544562e-06,-9.94731443345971e-07,-1.1591970595456047e-06,-0.0,-0.0,-0.0,-0.0,-0.0,-0.0,-0.0,-0.0,-0.0,0.0,0.0,-0.0
-3 0 5,-0.0,-0.0,-0.0,-0.0,0.009880837177034751,0.00019970340059548966,-0.02752069288462668,-0.0,-0.001284008269111342,-0.0,-0.0,-0.003694268379247718,-0.0044548108230883145,-0.0016447385616736529,-0.0043750367855262245,-0.0,-0.04171358235485247,-0.06132919527145947,-0.016184939884560524,-0.005412387425653568,-0.008876071930577514,-0.031787935298676295,-0.012826381565864926,-0.04189567878952284,-0.055630260280354095,-0.05363615092186423,-0.06250417522224101,-0.0,-0.0,-0.0,-0.0,-0.0,-0.0,-0.0,-0.0,-0.0,0.0,0.0,-0.0
-3 0 6,-0.0,-0.0,-0.0,-0.0,0.07952189372968801,0.001607231484040878,-0.22148908799197864,-0.0,-0.010333817600155533,-0.0,-0.0,-0.029731814440408184,-0.035852730544215415,-0.013237008440795214,-0.035210701693447075,-0.0,-0.33571477838102026,-0.49358304984921136,-0.13025789682202396,-0.04355939582600098,-0.07143544986663526,-0.25583225058933123,-0.103227908075218,-0.33718030737081767,-0.447717492648411,-0.43166871564196757,-0.5030393974345891,-0.04272920900515986,-0.0,-0.18701472184092707,-0.33409438713302103,-0.0,-0.4378298568664361,-0.4772192831366245,-0.0,-0.0,0.0,0.0,-0.44129175344418153
-2 0 1,0.0,0.0,0.0,0.0,-0.017092675511549513,-0.0003454631792602894,0.04760753212523855,0.0,0.002221181900363312,0.0,0.0,0.006390645805379927,0.0077062939607348575,0.0028452024896596004,0.007568294344521753,0.0,0.0721595462855063,0.10609222835853907,0.027998024930894542,0.009362787823738864,0.0153545508956625,0.05498935500174508,0.02218811768320655,0.07247455150357274,0.09623374725829567,0.09278417475866661,0.1081248042092943,0.0,0.0,0.0,0.0,0.0,0.0,0.0,0.0,0.0,-0.0,-0.0,0.0
-2 0 2,0.0,0.0,0.0,0.0,-0.08465145808855548,-0.0017109060439678611,0.23577625443577216,0.0,0.011000401102718747,0.0,0.0,0.03164966685217792,0.03816541300362505,0.014090862436610983,0.037481970044668335,0.0,0.35737007959633155,0.525421653055191,0.13866018999766855,0.046369197175581245,0.07604339769596062,0.2723347247247273,0.10988663026187791,0.358930142618461,0.47659753543181615,0.4595135311354455,0.5354879828890285,0.05547730006290932,0.0,0.20906988832490125,0.36563719345407447,0.0,0.4760634814075928,0.5179947274533869,0.0,0.0,-0.0,-0.0,0.4797474996634238
-2 0 3,0.0,0.0,0.0,0.0,-0.04266986663693222,-0.0008624084495751857,0.11884663962202845,0.0,0.00554492100436992,0.0,0.0,0.01595350031978181,0.019237862167766816,0.007102715470542329,0.018893362255170788,0.0,0.18013787335420883,0.26484684812596887,0.06989379685418673,0.023373105487135833,0.03833084168392507,0.1372744976519288,0.055390042467444806,0.1809242470635646,0.240236302310256,0.23162484774808742,0.2699209361716099,0.0,0.0,0.028564173379656964,0.10748435943335082,0.0,0.16314634212483461,0.18428255862424067,0.0,0.0,-0.0,-0.0,0.16500317585448335
-2 0 4,0.0,0.0,0.0,0.0,-8.141376865679482e-06,-1.645468512915587e-07,2.2675845008267726e-05,0.0,1.0579665498163157e-06,0.0,0.0,3.0439152654314447e-06,3.670568912962691e-06,1.3551925040545312e-06,3.6048386016284086e-06,0.0,3.437016401380757e-05,5.05325695209605e-05,1.3335681257336322e-05,4.459570073447384e-06,7.313494330385998e-06,2.619186577123872e-05,1.0568376371327714e-05,3.4520203496696105e-05,4.5836896809802594e-05,4.419383807824313e-05,5.150070151398266e-05,0.0,0.0,0.0,0.0,0.0,0.0,0.0,0.0,0.0,-0.0,-0.0,0.0
-2 0 5,-0.0,-0.0,-0.0,-0.0,0.016390578142888832,0.00033127296141148555,-0.04565200895328262,-0.0,-0.0021299448107392764,-0.0,-0.0,-0.006128144150740321,-0.007389750847966952,-0.002728333180349479,-0.007257419692923308,-0.0,-0.06919552654871498,-0.10173439249395794,-0.02684798030397849,-0.008978202701887487,-0.014723848594344797,-0.052730616665257864,-0.02127672034050344,-0.0694975926377042,-0.09228085757284224,-0.08897297943658874,-0.10368347842205862,-0.0,-0.0,-0.0,-0.0,-0.0,-0.0,-0.0,-0.0,-0.0,0.0,0.0,-0.0
-2 0 6,-0.0,-0.0,-0.0,-0.0,0.08243396150995477,0.0016660878165625274,-0.22959995163683317,-0.0,-0.010712238886032583,-0.0,-0.0,-0.03082058452396643,-0.03716564673063437,-0.013721743700226899,-0.036500106976860125,-0.0,-0.3480085523799887,-0.5116579123674198,-0.13502790174356316,-0.04515452777222911,-0.07405139450991315,-0.2652007504973785,-0.10700808295576109,-0.349527748599678,-0.46411277228592945,-0.4474762939026549,-0.5214605485512053,-0.04996627270456404,-0.0,-0.1995353159243248,-0.35200154678567996,-0.0,-0.45953439624411707,-0.5003684012218709,-0.0,-0.0,0.0,0.0,-0.4631205167510683
-1 0 1,0.0,0.0,0.0,0.0,-4.285810139892007e-06,-8.662128966484182e-08,1.1937092222906489e-05,0.0,5.569381987442118e-07,0.0,0.0,1.602387793218728e-06,1.9322728484249982e-06,7.13404854142912e-07,1.8976708837373934e-06,0.0,1.8093253742017236e-05,2.6601519917436596e-05,7.0202127843997885e-06,2.3476214104411904e-06,3.849993517846444e-06,1.3788007330587628e-05,5.563439128505587e-06,1.817223801553227e-05,2.4129608587065436e-05,2.326466425537125e-05,2.7111167116049838e-05,0.0,0.0,0.0,0.0,0.0,0.0,0.0,0.0,0.0,-0.0,-0.0,0.0
-1 0 2,0.0,0.0,0.0,0.0,-0.021794106194418007,-0.00044048465145041975,0.06070223529900481,0.0,0.0028321297143286623,0.0,0.0,0.008148426689505208,0.00982595081923674,0.00362779046278417,0.009649993679671016,0.0,0.09200741063765619,0.13527345614711422,0.03569902957354876,0.011938072068851353,0.01957790122216674,0.07011446754844175,0.028291076649486473,0.09240905970480758,0.12270334774780663,0.1183049521115319,0.137865102721674,0.0,0.0,0.0,0.0,0.0,0.00754514019427304,0.018340958256570724,0.0,0.0,-0.0,-0.0,0.008493227803557471
-1 0 3,0.0,0.0,0.0,0.0,-0.07385064689733993,-0.0014926088809411482,0.2056931954426388,0.0,0.009596842817711866,0.0,0.0,0.02761143663554491,0.033295828601951905,0.012292987383590451,0.03269958719304924,0.0,0.3117726753428603,0.4583822871828539,0.12096832070539738,0.040452879192519726,0.06634090231787303,0.23758711365007398,0.09586602420621076,0.3131336874977171,0.4157877146604756,0.40088348504207905,0.46716423833759024,0.02863475493433082,0.0,0.16263009581301996,0.2992211766356482,0.0,0.3955568697154502,0.4321398173811297,0.0,0.0,-0.0,-0.0,0.39876873132983753
-1 0 4,0.0,0.0,0.0,0.0,-2.4228544552849945e-05,-4.89687528697392e-07,6.748277719121177e-05,0.0,3.1484833721071347e-06,0.0,0.0,9.058619670894039e-06,1.0923526070500877e-05,4.033020765884067e-06,1.0727914222172266e-05,0.0,0.00010228479332626938,0.0001503837289697061,3.968667128628401e-05,1.3271574820048382e-05,2.1764785753593017e-05,7.794637163105449e-05,3.1451237547229006e-05,0.0001027313072705109,0.00013640951829687836,0.000131519814462094,0.00015326486683041107,0.0,0.0,0.0,0.0,0.0,0.0,0.0,0.0,0.0,-0.0,-0.0,0.0
-1 0 5,-0.0,-0.0,-0.0,-0.0,0.0011549516808768412,2.334293886864752e-05,-0.0032168398220214006,-0.0,-0.00015008520858097457,-0.0,-0.0,-0.0004318157862310568,-0.0005207141010351353,-0.00019225026507096172,-0.000511389470224822,-0.0,-0.004875818839329303,-0.007168649366090755,-0.0018918258837429338,-0.0006326433522600781,-0.0010375066416063255,-0.0037156294195537206,-0.0014992505881479443,-0.004897103734478981,-0.006502512030837118,-0.006269424498457471,-0.007305990468351381,-0.0,-0.0,-0.0,-0.0,-0.0,-0.0,-0.0,-0.0,-0.0,0.0,0.0,-0.0
-1 0 6,-0.0,-0.0,-0.0,-0.0,0.08301571655776989,0.0016778457738368658,-0.23122029024965965,-0.0,-0.010787837570497092,-0.0,-0.0,-0.031038092336220055,-0.03742793307712093,-0.013818581138537659,-0.036757696459284984,-0.0,-0.3504645271787424,-0.5152687975878073,-0.13598082408280698,-0.04547319345299989,-0.07457399189289454,-0.26707233197254,-0.10776326311787197,-0.35199444470859614,-0.46738812073561176,-0.4506342349743579,-0.525140613184754,-0.05141198666385067,-0.0,-0.20203645428379272,-0.3555791097643499,-0.0,-0.4638697209327633,-0.504993658301803,-0.0,-0.0,0.0,0.0,-0.4674790593746022
1 0 1,-0.0,-0.0,-0.0,-0.0,2.7271014145862365e-05,5.511794360172628e-07,-7.595684368779559e-05,-0.0,-3.5438502874761547e-06,-0.0,-0.0,-1.0196144661024632e-05,-1.2295234381145897e-05,-4.539462373279201e-06,-1.2075058816277294e-05,-0.0,-0.00011512908006598311,-0.0001692679802162521,-4.467027607414138e-05,-1.4938136455779688e-05,-2.4497871874771e-05,-8.773439109115178e-05,-3.540068790283441e-05,-0.00011563166444793697,-0.00015353897527727736,-0.00014803525291555604,-0.00017251091340953886,-0.0,-0.0,-0.0,-0.0,-0.0,-0.0,-0.0,-0.0,-0.0,0.0,0.0,-0.0
1 0 2,0.0,0.0,0.0,0.0,-0.06597334964933757,-0.0013333993909210263,0.18375288062528172,0.0,0.008573193239901657,0.0,0.0,0.024666256018171018,0.029744320930249153,0.010981752888636113,0.029211677756525428,0.0,0.27851736695138957,0.40948882881710763,0.10806520529853128,0.03613796297546916,0.059264633805492545,0.2122448262748774,0.08564045137262041,0.279733206413083,0.37143761675271947,0.3581231504185876,0.4173340510118463,0.00905782776877578,0.0,0.12876043752877137,0.2507823132413404,0.0,0.3368415477178983,0.36952359112086236,0.0,0.0,-0.0,-0.0,0.3397093574644926
1 0 3,0.0,0.0,0.0,0.0,-0.032667107850735545,-0.000660240869121303,0.09098636345092241,0.0,0.004245069102624783,0.0,0.0,0.012213647630479807,0.014728082550604529,0.005437682153627087,0.014464341023238172,0.0,0.13790957883544855,0.2027608997533166,0.05350914778713902,0.01789393353983494,0.029345246141792836,0.10509432471649056,0.042405393636143124,0.13851160918611935,0.183919609217585,0.1773268697246852,0.20664550953758098,0.0,0.0,0.0,0.04597566099457962,0.0,0.0885883805923326,0.10477115195142223,0.0,0.0,-0.0,-0.0,0.09000832559269661
1 0 4,-0.0,-0.0,-0.0,-0.0,0.038380610673166254,0.0007757175157361557,-0.10689994988639397,-0.0,-0.004987535023087769,-0.0,-0.0,-0.014349824194618124,-0.017304035757309242,-0.00638873703348324,-0.016994165629642996,-0.0,-0.16203007249888818,-0.2382239403846616,-0.06286793976543764,-0.021023596571266474,-0.034477752742075825,-0.12347540465882151,-0.04982213029166353,-0.16273739843077364,-0.2160872933347868,-0.20834147852611842,-0.2427879714714744,-0.0,-0.0,-0.010121736734146137,-0.08110913315526012,-0.0,-0.13117479078202063,-0.15018803488732801,-0.0,-0.0,0.0,0.0,-0.13284297408307663
1 0 5,-0.0,-0.0,-0.0,-0.0,0.0806327997603672,0.00162968420824772,-0.2245832492605258,-0.0,-0.010478179105566537,-0.0,-0.0,-0.030147162345441205,-0.03635358650613795,-0.013421926981027878,-0.03570258863201344,-0.0,-0.34040465124998553,-0.5004783130402816,-0.13207757535753586,-0.044167912465209,-0.07243338978404822,-0.2594061794370017,-0.10466998270695362,-0.34189065340656183,-0.4539720225557892,-0.4376990471264298,-0.5100667640385447,-0.045489831627752095,-0.0,-0.19179058980443078,-0.3409263382909019,-0.0,-0.4461073836755961,-0.48605266544753833,-0.0,-0.0,0.0,0.0,-0.44961099338546445
1 0 6,-0.0,-0.0,-0.0,-0.0,0.059533685719413657,0.0012032461698471154,-0.1658167472673157,-0.0,-0.007736363162837104,-0.0,-0.0,-0.022258580797634764,-0.026840975387955178,-0.009909823111837256,-0.02636032355697182,-0.0,-0.2513312645123382,-0.36951859152195166,-0.09751695197594497,-0.032610533522349196,-0.05347980816504983,-0.19152759182581508,-0.07728108007226984,-0.2524284257870415,-0.3351815613071035,-0.32316672109554734,-0.37659804095150223,-0.0,-0.0,-0.10107210488465349,-0.2111837227835444,-0.0,-0.28884191184045666,-0.31833509488035944,-0.0,-0.0,0.0,0.0,-0.29142831947817754
2 0 1,-0.0,-0.0,-0.0,-0.0,0.00028252480413831375,5.710160295944474e-06,-0.0007869048166334834,-0.0,-3.6713911811622746e-05,-0.0,-0.0,-0.00010563097352794854,-0.00012737731962545829,-4.70283470590527e-05,-0.0001250963242063722,-0.0,-0.0011927250164695904,-0.0017535982601050552,-0.0004627793059381332,-0.0001547575038385909,-0.0002537953453511481,-0.0009089189542656834,-0.0003667473590316528,-0.0011979317371773363,-0.001590647442951501,-0.0015336294650369212,-0.0017871947028470275,-0.0,-0.0,-0.0,-0.0,-0.0,-0.0,-0.0,-0.0,-0.0,0.0,0.0,-0.0
2 0 2,0.0,0.0,0.0,0.0,-0.026863557552630226,-0.0005429442565678298,0.07482197145326261,0.0,0.003490901572135517,0.0,0.0,0.010043803924979309,0.012111531117045157,0.00447163820422451,0.011894645198285586,0.0,0.11340893491499127,0.1667389450218399,0.044002856871813316,0.014714945555839054,0.024131848837925265,0.08642355036069363,0.03487176574343788,0.11390401017685935,0.1512449473595688,0.1458234561885032,0.16993342550618273,0.0,0.0,0.0,0.010288559190729568,0.0,0.045330468299567765,0.058638794746783914,0.0,0.0,-0.0,-0.0,0.04649750232734578
2 0 3,-0.0,-0.0,-0.0,-0.0,0.045660642816637266,0.0009228555718995236,-0.1271767265623964,-0.0,-0.005933570394800918,-0.0,-0.0,-0.017071698066807875,-0.020586264317915708,-0.007600552326262292,-0.020217618041299627,-0.0,-0.19276392783135554,-0.28341024443055257,-0.07479272715831185,-0.02501135122461267,-0.04101749100560596,-0.14689621269387396,-0.05927238925362156,-0.19360541930750208,-0.25707471937313126,-0.24785967883315105,-0.28883998068549677,-0.0,-0.0,-0.04142310472634365,-0.12587563058239454,-0.0,-0.18543711541921934,-0.20805775894696318,-0.0,-0.0,0.0,0.0,-0.187420563993693
2 0 4,-0.0,-0.0,-0.0,-0.0,0.08505349993570187,0.0017190317849975218,-0.23689604519882612,-0.0,-0.011052646175379651,-0.0,-0.0,-0.03179998311146203,-0.03834667501006361,-0.01415778528105832,-0.037659986121552434,-0.0,-0.35906736550445445,-0.5279170795569299,-0.13931873977544096,-0.04658942206129629,-0.0764045566028868,-0.27362814551443054,-0.11040852350275937,-0.3606348378569516,-0.47886107770051495,-0.4616959349949655,-0.5380312182050722,-0.0564762201693269,-0.0,-0.21079776706999961,-0.36811037720134115,-0.0,-0.47905675357106126,-0.5211939447412859,-0.0,-0.0,0.0,0.0,-0.48275017133274783
2 0 5,-0.0,-0.0,-0.0,-0.0,0.013168707093903304,0.0002661551385757835,-0.036678262896715164,-0.0,-0.001711264794584072,-0.0,-0.0,-0.0049235441634087945,-0.005937158748486276,-0.0021920288713054236,-0.005830839727584397,-0.0,-0.055593866999973686,-0.08173661749145619,-0.02157051359651821,-0.007213371034269653,-0.011829604041028214,-0.04236543944283897,-0.01709438774156636,-0.0558365564166753,-0.07414134957028344,-0.07148369601475293,-0.08330257455924531,-0.0,-0.0,-0.0,-0.0,-0.0,-0.0,-0.0,-0.0,-0.0,0.0,0.0,-0.0
2 0 6,-0.0,-0.0,-0.0,-0.0,0.000347681451386994,7.0270531658325625e-06,-0.000968382969364365,-0.0,-4.5180975113639754e-05,-0.0,-0.0,-0.00012999187911882817,-0.0001567534273538801,-5.787415378161955e-05,-0.00015394638249870807,-0.0,-0.001467794539656445,-0.0021580179130910905,-0.0005695067420758754,-0.00019044810494333795,-0.0003123263258108535,-0.0011185363429454236,-0.0004513276434944352,-0.001474202048611834,-0.0019574869303852034,-0.001887319309609551,-0.0021993624598454723,-0.0,-0.0,-0.0,-0.0,-0.0,-0.0,-0.0,-0.0,-0.0,0.0,0.0,-0.0
3 0 1,-0.0,-0.0,-0.0,-0.0,0.0008379122646059046,1.693519745790245e-05,-0.0023338028635951527,-0.0,-0.00010888614570477791,-0.0,-0.0,-0.0003132804162497489,-0.0003777757449379429,-0.00013947670508119957,-0.00037101076710531884,-0.0,-0.0035373847002576116,-0.005200822964252921,-0.001372511193960629,-0.00045897991470747945,-0.0007527064153471935,-0.0026956724795715297,-0.0010876995776767377,-0.0035528267962275707,-0.004717543315101574,-0.004548439355739955,-0.005300463317978632,-0.0,-0.0,-0.0,-0.0,-0.0,-0.0,-0.0,-0.0,-0.0,0.0,0.0,-0.0
3 0 2,-0.0,-0.0,-0.0,-0.0,0.011684584891283942,0.00023615927431326763,-0.032544597842859825,-0.0,-0.0015184040939782474,-0.0,-0.0,-0.004368657403730243,-0.005268036939012383,-0.001944985733851695,-0.005173700143727347,-0.0,-0.04932840056080234,-0.07252484537737844,-0.019139502114357096,-0.006400419236393666,-0.010496399658829312,-0.037590825742914516,-0.015167838672889112,-0.049543738715979245,-0.06578556929171958,-0.0634274350907094,-0.07391431802372193,-0.0,-0.0,-0.0,-0.0,-0.0,-0.0,-0.0,-0.0,-0.0,0.0,0.0,-0.0
3 0 3,-0.0,-0.0,-0.0,-0.0,0.0443509165165882,0.0008963844550009412,-0.12352879930474013,-0.0,-0.005763372326620599,-0.0,-0.0,-0.016582014817397992,-0.019995769525601663,-0.007382538679004184,-0.0196376974698926,-0.0,-0.18723470243268256,-0.27528092719065644,-0.07264737843413792,-0.024293927586268638,-0.03984094850821271,-0.14268265324147253,-0.05757222468555009,-0.18805205663327645,-0.2497008082700217,-0.24075009123069163,-0.2805549173164016,-0.0,-0.0,-0.03579168538970233,-0.11782195591477201,-0.0,-0.17567454971694382,-0.19764701745708196,-0.0,-0.0,0.0,0.0,-0.17760030025679474
3 0 4,-0.0,-0.0,-0.0,-0.0,0.007992273788052756,0.00016153330182122456,-0.022260554286034684,-0.0,-0.0010385907032971924,-0.0,-0.0,-0.0029881682902454564,-0.003603345256498526,-0.0013303731919817765,-0.0035388187454396757,-0.0,-0.033740700801682164,-0.04960710423907136,-0.013091448475765904,-0.004377896465430767,-0.007179553286892099,-0.02571218182346068,-0.010374824657842325,-0.033887992426434005,-0.04499742917478728,-0.04338446180463251,-0.050557505636631576,-0.0,-0.0,-0.0,-0.0,-0.0,-0.0,-0.0,-0.0,-0.0,0.0,0.0,-0.0
3 0 5,-0.0,-0.0,-0.0,-0.0,3.5127144212520524e-06,7.099611122783155e-08,-9.783820241807521e-06,-0.0,-4.5647492040425067e-07,-0.0,-0.0,-1.3133411247702887e-06,-1.5837198753343059e-06,-5.847173434057368e-07,-1.5553595848887596e-06,-0.0,-1.4829502771337905e-05,-2.1803005637472735e-05,-5.7538719362497315e-06,-1.9241458008927673e-06,-3.1555125659875577e-06,-1.1300858089739037e-05,-4.5598783475163365e-06,-1.4894239469318503e-05,-1.9776989949696627e-05,-1.9068068572325736e-05,-2.222072014322183e-05,-0.0,-0.0,-0.0,-0.0,-0.0,-0.0,-0.0,-0.0,-0.0,0.0,0.0,-0.0
3 0 6,-0.0,-0.0,-0.0,-0.0,2.966332551351256e-12,5.995308769774876e-14,-8.262005099036346e-12,-0.0,-3.8547295706093024e-13,-0.0,-0.0,-1.1090587113670857e-12,-1.3373816527765533e-12,-4.937680326617172e-13,-1.313432637107806e-12,-0.0,-1.2522861672112249e-11,-1.841167757573584e-11,-4.858891322773821e-12,-1.6248563470467503e-12,-2.664691323626157e-12,-9.543076717818025e-12,-3.850616346892871e-12,-1.2577528961125284e-11,-1.670079659781209e-11,-1.610214373115107e-11,-1.8764419070483795e-11,-0.0,-0.0,-0.0,-0.0,-0.0,-0.0,-0.0,-0.0,-0.0,0.0,0.0,-0.0
