,Lasso 0.00048828125 electrostatic_coef,Lasso 0.000244140625 electrostatic_coef,Lasso 0.0001220703125 electrostatic_coef,ElasticNet 6.103515625e-05 0.5 electrostatic_coef,Ridge 1.9073486328125e-06 electrostatic_coef,Ridge 7.62939453125e-06 electrostatic_coef,Ridge 9.5367431640625e-07 electrostatic_coef,PLS 1 electrostatic_coef,ElasticNet 0.00048828125 0.5 electrostatic_coef,ElasticNet 0.000244140625 0.5 electrostatic_coef,PLS 2 electrostatic_coef,Ridge 3.814697265625e-06 electrostatic_coef,PLS 4 electrostatic_coef,ElasticNet 0.0001220703125 0.5 electrostatic_coef,PLS 3 electrostatic_coef,ElasticNet 3.0517578125e-05 0.5 electrostatic_coef,PLS 5 electrostatic_coef,PLS 6 electrostatic_coef,PLS 7 electrostatic_coef,Ridge 6.103515625e-05 electrostatic_coef,PLS 8 electrostatic_coef,PLS 9 electrostatic_coef,Ridge 1.52587890625e-05 electrostatic_coef,Ridge 0.0001220703125 electrostatic_coef,Ridge 3.0517578125e-05 electrostatic_coef,Ridge 0.000244140625 electrostatic_coef,Ridge 0.00048828125 electrostatic_coef,Lasso 6.103515625e-05 electrostatic_coef,ElasticNet 1.52587890625e-05 0.5 electrostatic_coef,ElasticNet 7.62939453125e-06 0.5 electrostatic_coef,Lasso 3.0517578125e-05 electrostatic_coef,ElasticNet 3.814697265625e-06 0.5 electrostatic_coef,Lasso 1.52587890625e-05 electrostatic_coef,ElasticNet 1.9073486328125e-06 0.5 electrostatic_coef,Lasso 7.62939453125e-06 electrostatic_coef,Lasso 3.814697265625e-06 electrostatic_coef,ElasticNet 9.5367431640625e-07 0.5 electrostatic_coef,Lasso 1.9073486328125e-06 electrostatic_coef,Lasso 9.5367431640625e-07 electrostatic_coef
-6 1 1,-0.0,-0.0,-0.0,-8.633718082228535,93.65752466769666,65.47608649174644,97.41158875869093,1.5105500219418657,-0.0,-0.24241655569202716,1.4518880114725439,83.9301848400672,-10.395654842601925,-4.7866893328700675,-0.24173381992243234,-11.199139190613629,-19.527312741026268,-22.802971084560046,-25.322078234883065,-0.5654795360134743,-23.022516650593385,-22.225149875173205,40.315394642102746,-8.764193214907573,15.967401236922692,-12.726812605524149,-15.011234273665583,-0.0,-11.179643699921199,-8.10480104698792,-0.0,-6.251188864922325,-0.0,-1.3320296148249082,-0.0,0.0,3.042174350060867,0.0,17.29339282614968
-6 1 2,-0.0,0.0,0.0,-6.220533412083691,284.1922256618236,285.2939275343191,278.73715510708644,-11.429138532872816,-7.3752185325965955,-11.183124959252316,-9.19430507881472,288.23803834026023,-21.660451125393827,-11.876092544422315,-11.528503317422208,0.6754095579348092,-32.58442075861012,-25.242691558328303,-18.539535574523565,188.6390087165451,-13.997850855409455,-2.2392067000054894,268.8082253862151,135.6786640202946,235.5895945860752,85.26557015103127,43.530301884204256,22.699184015939167,27.34845076193003,66.69997642546413,78.81886527244092,115.03283424061073,282.31984556177935,166.88523597487753,363.0247122817127,247.75847733451596,219.97761010754854,266.3416423579882,328.9747328914684
-6 1 3,-66.62477276292718,-19.82478902240721,-24.542691434344306,-74.36080645480777,-184.47201765356178,-216.39423514248168,-169.34086469084627,-22.69672870171739,-22.760810151799006,-35.125988913106646,-21.735545485726373,-202.1268446999547,-44.62267562992348,-52.18051484212493,-26.65746257574056,-97.51306597384232,-74.55929588797176,-90.95802330043321,-117.13191702980461,-197.94102599624281,-132.06733809179042,-143.0639718520361,-220.96206532322006,-177.1024215918807,-213.87685977708156,-154.14043516866195,-130.5353569895884,-27.550369079819003,-122.64038627796047,-146.3563380522366,-163.49507452701928,-168.2388679833778,-158.66364194698235,-190.61558511246812,-276.8971400667271,-251.97277803914065,-209.93504491783577,-120.62639567116496,-45.07719423997989
-6 1 4,0.0,-0.0,-0.0,-0.0,-422.53224399891957,-377.2288104952972,-426.6465352820194,13.792528059937567,7.933291406444857,6.084191443991046,17.628184029120895,-408.80323532463603,13.817423805059923,0.3743024023731212,16.92314087373518,-13.005986908124664,-6.693759222996744,-17.966820000676183,-30.758469711430582,-175.0548430342099,-34.59167440065919,-39.541284683555105,-322.944147086284,-112.28177914516415,-250.6659433791727,-69.18067581117495,-41.99254504416636,-0.0,-29.764324567493347,-53.65779967929576,-115.96494673632631,-89.93631986608553,-249.99174931513028,-147.288548474326,-304.6567713033633,-308.21737150264784,-221.77080458044102,-175.20365046746258,-50.96226455872933
-6 1 5,0.0,0.0,-0.0,22.793807361814096,330.89791079539975,239.45778254713878,356.09400231209753,27.962272967991233,24.076524084870023,26.817230319649713,33.18869846620109,291.8196711962406,38.73635422338209,26.884339645937278,33.77388598902089,18.089045669058795,22.670055338209536,18.87903818245276,16.0928081545192,76.73092069828563,13.829321131611767,8.52857745690999,180.316692650374,43.74081799288453,123.63905000300194,25.526534625718455,19.438527130331977,-0.0,14.163369002347359,16.47860570123265,0.0,29.50377681807518,0.0,56.42651263038689,0.0,121.62928416846478,99.66651164025899,195.2870531969858,74.49672850007948
-6 1 6,0.0,0.0,-0.0,-0.0,218.53777984444784,120.29584702402069,255.9191555575259,13.110302648162673,5.6121523389686,4.416889596504753,14.062312870954484,170.40589546030998,11.720322071098877,0.7766313750385726,13.162375943941662,-1.2935174752121457,-1.3666642712331956,-5.549720092806028,-9.966089656283138,25.865887597225093,-12.3450070894492,-16.2491900612863,78.23768644582235,9.467380426908127,47.761984949589426,-1.6363559585052694,-6.806575007000717,0.0,-3.4265436466534505,-0.44123916633275745,0.0,0.3940136082508615,0.0,15.811837060995495,0.0,0.0,36.31568820162131,0.0,114.24613192043046
-6 2 1,-0.0,-0.0,0.0,-5.226394409278174,-179.27725681169497,-92.1337691094143,-208.44799485387037,0.8441505348691737,-0.0,-0.0,0.8078198621835126,-138.89969528070287,-7.714832691662279,-3.3339222194590685,-0.35725152535557037,-3.3733631440823033,-17.009555762188114,-20.38734447313513,-22.97263293284657,5.379438959631447,-19.97817845134525,-14.864276546108464,-47.83338485563916,11.740186268201994,-14.135723384950644,8.717622865094102,1.3533253064675967,-0.0,-0.0,2.1760607967644563,-0.0,7.6109714049122985,0.0,5.28898806107554,0.0,-0.0,-0.0,0.0,-0.0
-6 2 2,-0.0,-0.0,0.0,-10.67927096834407,-146.9184820289303,-25.290012586256346,-196.8192609950431,0.24144590082607723,-0.0,-3.1651876328924513,0.35190122220710873,-85.18476656074341,-13.308260129805085,-7.9951471831898555,-1.517253835234031,-8.468937252713715,-27.718307629917316,-32.1349205393666,-35.60871004329348,40.31634434724103,-32.5763266178069,-26.06439179537913,18.173225636454564,29.64628148170022,39.02321200124422,14.55601065017964,0.41996368888750013,0.0,-0.26350909826694763,5.797330425449254,0.0,21.528089362534736,0.0,35.84332613045808,0.0,-0.0,41.504952921660184,-0.0,-0.0
-6 2 3,0.0,0.0,0.0,13.221021964056744,-31.915363086613073,-48.2629588306539,-21.987828424812655,11.994383348692706,9.507143941082898,11.24416725570744,16.314374840652928,-42.08789631704991,18.959277818886537,12.634834153221732,17.2991530645066,14.595905854156653,9.932874243510673,10.919600390503756,12.822329695880105,-23.04485953843762,14.293341532053233,12.96017366884412,-47.20809672566362,-6.216657720258031,-38.20984260698398,7.129009620489422,14.488056543387518,0.0,14.208698616010727,9.148424533369882,0.0,0.0,0.0,-11.335219522241449,-0.0,0.0,-28.77906035140872,0.0,-0.0
-6 2 4,0.0,0.0,0.0,55.010590577324415,220.3123292957506,186.33367656023657,230.07975698914353,27.125146904733757,28.42117910531614,37.06714467000012,32.957211495424424,205.6205940896785,53.63968377892996,46.262165922390736,35.99110844217158,64.42656681198059,53.33144169833564,59.717952329157946,69.47688102062313,122.72213644033751,73.46906103689527,78.69771760612504,164.43636162570567,105.6509805716643,142.5879870975488,91.43031444989198,79.58364138793854,0.0,74.35789721159607,85.46699687561154,0.0,99.66237500172176,0.0,115.94127137609125,0.0,0.0,133.79601721016977,0.0,0.0
-6 2 5,0.0,0.0,0.0,42.44684013579132,24.44956309873477,60.30233578888118,11.220283205223229,26.871921986829193,24.865422743584883,30.606216599664076,31.67853849644719,41.68092029224517,45.09268399851296,36.384332677112646,33.380713261950746,51.43163481089263,36.5490563014228,40.40367771430412,48.24125509051948,94.09716366991441,54.054080294062466,62.889188911408645,77.04727689491155,90.87648407174235,89.12813028714568,81.27177878634731,68.97690825818452,99.62637177092127,62.8996184654025,76.42130770424843,246.94708524400173,89.19216472524108,244.37880457689587,95.89840150476789,179.61200487057852,0.0,94.16740237511732,0.0,0.0
-6 2 6,0.0,0.0,0.0,45.61129455431182,-16.593392633590742,24.263562035052097,-29.160750656408684,22.971861339305445,21.945935102128573,28.784956240700556,27.21265282207234,1.7784076067143335,44.46065060386372,36.933769082458014,29.357448444581244,56.166830840095855,41.25896305100597,49.47133447078874,60.941488358811526,75.17319048781943,64.78508383646539,72.91513555829656,46.48647042105841,79.56254360988545,64.10093803577428,77.73926909174585,70.81684994080422,0.0,66.99517759657948,75.14410057613937,0.0,79.7199627440517,1.2990642218007695,77.67841063690105,0.0,0.0,68.55839214304166,0.0,0.0
-6 3 1,-0.0,-0.0,-0.0,-2.9805876745602014,129.9161140284036,85.1742312157902,141.49083742248558,0.45135474363789607,-0.0,-0.0,0.27870569786038013,111.41553417554924,-3.4560439989769915,-0.148827816120489,-0.24013055427439592,-6.076689425067776,-8.379761033755205,-11.500783730577256,-14.893600942477953,-3.3247597215560716,-15.351044286979512,-14.448968767447433,53.15180558704517,-15.065546432715646,21.021710178311874,-16.571814009255565,-13.923058338668254,-0.0,-9.538610800649003,-12.417006844564087,-0.0,-13.741451765540054,0.0,-7.041461520371338,0.0,0.0,5.647096079284654,232.2781910395378,356.86377862190136
-6 3 2,-0.0,-0.0,-0.0,-17.84451268511967,-9.576679476451341,-31.109929247650967,-4.879495145638922,1.9122548470703828,-0.0,-0.2864490845255557,2.2436632906148395,-17.85865100493482,-6.588952011682955,-7.708212706876104,1.3469651297370295,-29.47795812278377,-22.154544288688808,-31.03760000487854,-40.99854376018389,-78.13910723287604,-43.34394025784173,-46.712455565259276,-49.00372493496357,-76.9229402011779,-67.1968322106401,-65.84870714768805,-51.25322484263292,-0.0,-42.98789488198883,-57.622494472323744,-0.0,-70.47630176301499,-0.0,-77.18103628533972,0.0,0.0,-68.2867552970989,0.0,0.0
-6 3 3,0.0,-0.0,-0.0,0.0,13.147583965419939,11.026720639066529,16.312686921739157,2.3459484376692465,0.0,0.0,3.0792889298492887,10.804520376355514,1.7831645166579573,0.0,3.0898455095914614,0.0,-3.0204195984104225,-4.533895657796576,-5.016002194622832,17.541197781827236,-1.731167226084676,1.8109438625367094,13.817455645395475,15.296698564781414,16.836914253822584,11.283595441335043,7.06622859571338,0.0,0.4450672084943573,5.174832190551501,0.0,10.634990895099932,0.0,13.674992776084524,0.0,0.0,14.755856026952245,0.0,0.0
-6 3 4,0.0,0.0,0.0,17.401753986813482,220.30889564069622,164.14223949225456,240.62065131577071,7.364082548480514,4.615800424286524,7.204356955084133,9.376478755841573,193.43168326896006,13.035718577121758,10.912316750972721,10.137208719561476,27.149808763759836,14.99959548371416,18.23765606011032,23.955530619264056,97.81694188396142,31.157026882040665,38.60187278967857,137.7058078569527,80.0045724055133,116.2361050065463,62.7238336478695,47.27809596599952,0.0,39.8563320632453,55.78586181475212,0.0,73.43523869281319,0.0,91.55269608227553,0.0,0.0,109.76164367312631,0.0,0.0
-6 3 5,0.0,0.0,0.0,0.9086978720843389,30.548029438604292,26.269287996732036,29.413325323107493,7.8129761729750875,2.4748950776288487,2.375784911419375,9.194622836157253,29.95435604326525,8.224281601223442,1.5005934030823562,9.185117102167242,1.3941230514531147,3.9810956858008444,1.1815233058667773,-1.475552737546246,11.254125823827405,0.19267686589761152,3.6793458889638395,20.31278932147601,9.361363110231382,14.761904043370425,8.088514044942853,6.92951352370805,0.0,2.534248606179711,4.105013152263773,0.0,4.8342379079216915,0.0,6.283650962740825,0.0,0.0,9.63478746261878,0.0,0.0
-6 3 6,0.0,0.0,-0.0,-0.0,-177.18095800055164,-123.33021218777004,-197.4905779147274,5.681543042723245,0.09027026106220831,0.0,6.462305138415644,-151.15373419171937,6.757956306995332,0.0,6.523982303247984,-4.484437250516972,1.456961295987191,-4.5055630120387775,-12.053411300550271,-56.19154492840965,-14.69193133110344,-15.807241205584244,-97.41037267565189,-41.20803529565408,-74.89245312377287,-29.30935380615342,-19.795129112368567,-0.0,-11.802595967869566,-21.236831865930338,-0.0,-33.157062697116174,-0.0,-46.718735224542364,-0.0,-0.0,-64.34113034944713,-0.0,-0.0
-5 1 1,-0.0,0.0,0.0,2.961776886820287,201.13828950396478,167.85938546466792,211.51015521926664,-13.845317534718303,-6.548991309776938,-5.667026475532172,-12.585853270450734,186.30525905791447,-17.90561323385863,-0.15833004192740469,-14.267792850626122,18.556403208692416,-10.33873748581529,3.8590459753817323,19.948136814277667,104.02581089607988,30.453211230054645,45.542182537402944,147.523647553984,80.92835734819512,126.34094055404405,59.50592291985302,41.7974536325989,80.00576209128576,34.46361111693146,51.34248691472934,122.67194960949803,70.76239351843603,192.9666562465668,94.66271736002888,149.92025654090122,142.42223954699216,118.13771575069642,162.51501668247855,226.1612619339873
-5 1 2,-0.0,-0.0,-62.90976517915716,-45.87976423165735,-170.6141126678908,-191.05490703257448,-158.0145758331094,-6.677107696251133,-7.482524847541451,-16.965639241635888,-5.683653655509727,-183.60941407639788,-28.856502125418103,-30.553249261111002,-9.395859727864297,-62.17102029430995,-56.907824070161865,-70.30728515982523,-87.19038599581978,-150.40409523922352,-90.61888530189944,-89.76518184922594,-187.834669550128,-125.87019703667866,-173.08061311481097,-104.14634914826244,-85.96052113235216,-134.69562371412295,-79.54856162890876,-95.95790225119126,-157.24567531733194,-116.40408675133966,-136.17015296062945,-140.77251584431988,-142.38357090199898,-278.2083990213379,-165.82563218439853,-137.39792452405905,-49.54677356443546
-5 1 3,0.0,-0.0,-0.0,-0.0,-332.4133624020826,-205.3055551517978,-378.7019574670623,2.716276018522058,0.0,0.0,7.517657040785424,-271.52988133606476,3.7853975997542655,0.0,6.788231732128071,-2.1152355799566838,-3.2217516036827023,0.1881042132666924,-0.6874819430589947,-65.97376939738854,-6.304835959586451,-10.354618011510535,-145.4629813786344,-43.93450447124938,-98.84641689872623,-28.835828491432164,-17.65767966011872,-0.0,-10.753539990306857,-21.212696846803887,-0.0,-34.55665247047756,-0.0,-55.04585597869442,-4.26952346076681,-2.137162173630044,-82.92409638819285,-240.6817005465935,-289.93394304277894
-5 1 4,-0.0,-0.0,-0.0,-4.969566960489982,-363.0685531166302,-235.09035478876817,-410.1916140237889,4.365874511454501,0.6765539953990186,0.0,8.583227487470463,-301.60356524553356,7.083299188670619,-0.0,7.321785379127169,-14.140799692536447,-1.3809783247760106,-6.232011436118815,-16.36683171247165,-85.34167167958742,-20.531134516311344,-24.258089294262717,-174.11109014200184,-58.40917049122964,-123.89270168421348,-41.243670330215394,-29.696261863770797,-0.0,-23.485023968750017,-33.623738721936064,-0.0,-47.8528673370271,-32.34722414399191,-69.67360648109062,-171.2085830661909,-348.25568554344284,-104.66175810146254,-529.438171980776,-553.0291049805338
-5 1 5,-0.0,-0.0,-11.776539173020812,-3.478113102029145,-102.47191291148516,-59.61152279208169,-118.5999976367704,4.933299577027379,2.075063255302071,0.7880619910119836,7.995047658973665,-81.51058219372356,9.110639628650096,0.0,7.0068962843668245,-12.431547091387678,3.7494914955870944,-4.919015023182812,-18.89143369775209,-27.51952874821727,-23.396945483367457,-33.598954790923884,-41.979777438928345,-26.6796748745398,-31.586376444766778,-26.146400898591644,-23.774506160073596,-0.0,-20.129108473566493,-24.158664362213425,-0.0,-24.96606515705092,-49.77112459227905,-25.682133724461227,-74.93440697634513,-0.0,-27.263450632108256,-0.0,-0.0
-5 1 6,0.0,0.0,-0.0,0.0,102.11112427531728,73.67542007014805,109.10803923584537,20.395427385368944,13.680585735425769,12.255692664475927,24.684176465849184,90.44420003695866,23.608971136645152,7.580762093004194,24.09223707762624,-0.0,4.010220556736262,-1.3058616975961115,-9.164921204895352,18.45875769345538,-13.972574169118495,-16.840180972702004,53.776413233495596,7.179331178116539,34.37517138906301,0.08472137177566688,-3.469104961571109,0.0,-0.5637529429575466,-0.0,0.0,1.1661382832715137,34.684508147444454,11.748297335691296,148.08018673575378,398.83408666360816,25.463213241197955,459.23482201446694,339.60893913609993
-5 2 1,-0.0,-0.0,0.0,-13.360296275339914,65.77486041185828,69.35180583726769,62.294746143331174,-6.71274016375073,-4.999667617560732,-9.276642879879336,-7.150921885731118,68.78070682652124,-20.611445010532858,-13.002297469015932,-9.1306507087863,-8.633569034327365,-29.906646822802788,-30.906044089622867,-31.529246207586446,50.1492326673645,-27.414841943880607,-19.129513642795267,66.33013919516817,36.82682744057578,59.869298971682994,20.550507911919755,4.249323293563253,0.0,-0.0,10.03458237495069,-0.0,26.844437155744227,0.0,41.73620505227948,0.0,0.0,52.82461477762927,0.0,0.0
-5 2 2,0.0,0.0,82.48047160657904,0.0,451.09275495075144,355.9045817790698,486.2894632597415,-16.570357370883805,-9.722472179804592,-11.03763176173607,-13.728336987768008,405.74937035019576,-22.308998690654832,-7.261534587573679,-16.072431791776285,17.834097608360143,-24.527792032230696,-12.602305189039333,-0.572482105290808,203.81547901898045,8.257616621780583,27.032642074801004,305.5981577426694,154.00196702549246,254.9069126918404,107.26114920934849,65.57125951979884,98.91689455555655,48.725213843492355,88.7755628506403,190.68521539585282,134.53795810905248,148.30464767729467,184.55999001464986,303.1777830505924,466.81200426549225,236.0524373684977,236.75182072526735,135.87644901702095
-5 2 3,-0.0,0.0,0.0,-0.0,100.90674328631073,81.83056853119533,109.50351036423103,-20.009320980721007,-8.419103713511673,-7.853075655675654,-15.836780855616162,90.57857063805143,-10.361796457042297,-4.402802796662137,-16.540576193919108,6.361632446243582,-9.343842041512588,-1.448129847461372,2.6689579388508466,74.67254394252649,4.168805629109675,15.949275575522448,77.95274091319536,64.29960882730795,77.66886521757496,48.239711346816236,30.97207092374248,0.0,20.942324809287467,37.77688393807764,0.0,56.59169917604171,0.0,70.30993522130979,-0.0,-0.0,76.1084897813618,-31.30422158768295,-0.0
-5 2 4,113.2098878785228,80.30188603151794,99.52408709017287,72.16258242739393,-108.48136252449271,-3.4355796577802646,-151.2038001354666,11.850908418540008,24.291817852335807,38.36769407674226,21.31565171737087,-55.57172582571691,59.74174523055276,54.946840887760104,26.481342361270965,87.55155329829394,80.08602795174147,93.44945715785502,108.24889702645177,79.0716551212496,117.61565208729722,121.21730816791002,37.289626286435904,88.90097035730426,63.57573183630114,95.24097556016956,96.65910282314407,0.3083214101042955,96.15653682136555,95.69088710614308,0.0,90.15672625137194,0.0,82.07584991495126,-0.0,-0.0,67.70994158384637,-0.0,-7.3460836680756465
-5 2 5,57.90217315021259,0.0,0.0,67.72796002704564,-409.2118971123285,-210.9771651884204,-483.3969316534214,27.044644051178853,34.83161308418795,46.56974505750946,35.10687281568276,-313.4773679653679,69.31872781363911,57.7443414128994,40.4940064296097,75.68436521573012,73.57529218700573,79.2008108113832,89.05815989863333,16.655401528343177,96.11736568672532,94.52771365845105,-117.51309724713609,54.680655798356746,-40.925716534599665,74.68214600762339,81.02040335473887,0.0,80.33118427858238,78.86001163914588,-0.0,64.78510332062828,-0.0,33.538681962007736,-0.0,-242.988802362191,-11.563298761752396,-583.1202698480741,-824.8589078949296
-5 2 6,0.0,0.0,0.0,36.95652232710192,115.19595437995582,95.77688252459457,121.67945709448801,26.29792844631975,26.716701131853295,32.69293538843248,31.876351371483672,106.48418077036615,51.73334737614238,36.680612947389214,34.555968400193706,34.62915178411196,41.109661876723905,42.988043970628766,46.43166919745287,51.83909313226968,43.57284128791327,34.812341722101806,82.6653959083761,40.73744068343465,67.13988359512098,35.38685824185006,34.444724925507415,0.0,32.36955504407877,33.207561798511854,24.01816958330058,38.96846741898623,52.310796096677585,48.93234290179293,0.0,25.65416382831078,61.55283285648821,27.060827365863663,126.68608135064596
-5 3 1,-0.0,-0.0,-0.0,-3.1506469602315255,-74.1704851928433,-50.45682994675109,-83.24701802289286,1.6715164530619877,0.0,-0.0,1.6555994775961094,-62.40278806080243,-2.2778337307381094,-0.0,1.2120219722817518,-7.867501040680669,-8.418756338002897,-11.57739026593518,-14.954386491969434,-35.50455527887732,-15.486947439653477,-14.961087718485386,-41.72919968547891,-32.08513825101467,-37.53414180638701,-26.273961356640413,-19.57603128703364,-0.0,-13.629756332354475,-19.701139362015798,-0.0,-26.71463617805848,0.0,-31.253817820308853,0.0,0.0,-32.14664992115933,0.0,0.0
-5 3 2,0.0,-0.0,-0.0,-0.0,364.47297313773544,236.46231581507976,405.72756008756846,5.371602549323423,0.3319778734736306,0.0,7.021641585386952,306.64366961290847,6.197992451930276,0.0,7.370139279524482,-2.6821938281462545,-3.2988060951341307,-8.510687175994862,-13.719229552532282,38.42854878859913,-12.329466081615532,-11.054013514629728,162.03720669513336,5.031427668186737,92.83832455760457,-8.949046005956218,-11.082215446656878,-0.0,-6.0555104343061785,-6.22459238137108,0.0,-0.0,0.0,19.452970462698005,181.46555328216039,268.07799542495616,68.65880097319557,524.4550325575949,502.2809562542792
-5 3 3,0.0,0.0,0.0,22.768023196247405,34.04700080956651,38.90880154619292,37.53346634253877,8.114803355719355,8.729582479036978,12.827891520880737,11.959198303903994,33.507756131114625,22.919044184071495,17.42174828111554,14.149818542448799,28.924107332419943,25.370344857811606,28.735692808284742,34.17691892306329,59.210104151354315,41.14163874011106,41.444524711075516,48.85791420254007,54.97928112221094,57.26268309231799,47.91984547226754,40.73149276430945,0.0,35.95537305446823,43.47203057137267,0.0,51.46324944695739,0.0,57.413927415990074,0.0,0.0,58.48987712459937,0.0,0.0
-5 3 4,94.45662633404847,203.99886278542095,268.2280913190167,51.28375597996177,110.28338944263226,174.79935040646046,83.97871847328922,10.911562718255507,13.847349310449097,22.278314229548776,14.593057887119434,143.10393300750263,32.71627786727215,34.35296780177809,17.382266697876272,72.90709520620298,49.896867570719444,61.55849655862373,77.6032359902859,186.9259251742018,92.06594862273056,103.83104228119011,195.7345119372292,162.90018407175947,199.71096845627238,134.5605777247286,106.91607256539864,397.14190894904425,97.86674771451037,126.04527276673468,443.38703893566776,154.92242696734155,406.71274870313965,182.72561902948493,111.28341861256888,0.0,200.06648553223422,0.0,-0.0
-5 3 5,0.0,0.0,0.0,28.907325275085146,-223.93195067798456,-117.9443517903965,-263.8025268261506,11.579347210105475,11.363757307311825,16.339944296077903,14.33785766061612,-172.60870386297967,25.88037424583609,22.039885977132084,16.19891454088216,36.125440952988136,35.30441730574393,38.11936645760511,42.38968664725555,4.154502985605574,49.49315305665311,54.35408175223038,-68.38931277152534,26.229516583466577,-27.54310857401289,38.490859941885475,42.17193747118459,0.0,40.8531262303659,40.06412733073148,0.0,29.70499461640573,0.0,10.721868528304887,-0.0,-0.0,-8.709937633721411,-0.0,-0.0
-5 3 6,0.0,0.0,0.0,12.73699748398137,-260.86112343910065,-148.31112968439035,-306.7970833923118,10.618151968825611,7.796639052214651,10.443695313818218,12.419287246577708,-204.2560295674241,19.94146267912876,12.29990916548576,13.52282783925663,11.81886530687635,23.434806348155288,22.576290890810615,20.92333498441796,-41.93517268982741,21.01641184944202,21.063787114514223,-102.69476349325325,-19.94561954707825,-68.54829541643268,-2.7559313747571235,8.410923611771752,-0.0,7.925797578812675,0.0,-0.0,-7.846635242472935,-0.0,-28.080460436317868,-0.0,-33.14473327673528,-53.995322385809985,-279.82796146393684,-424.4119505023599
-4 1 1,-0.0,-0.0,-0.0,-46.23556697405248,-24.29851497435539,-59.773649420486244,-6.620288429742134,-23.194525926108007,-22.48863920073612,-30.766127542233495,-22.37041638968146,-44.042454429814214,-43.16648946380244,-38.87272246285966,-24.616489640439642,-53.09319501164236,-65.19520453053393,-63.177632364309126,-56.62779619323144,-67.5150975658864,-57.5013244350461,-54.77680455587219,-67.50562136411243,-66.03877408028345,-68.73961765211115,-64.20678127233442,-61.38155828691148,-0.0,-58.67424791370212,-61.97091072671292,0.0,-61.82971762326595,0.0,-62.74496602487467,-0.0,-0.0,-66.75536743825555,8.980771525536552,0.0
-4 1 2,-101.78822896704074,-182.9654801756111,-211.3037319794854,-65.6366846551952,-107.5203410712259,-157.26628261389894,-92.57049620164383,6.318403390235727,-3.404554442693859,-17.42565757481769,7.105899159351669,-129.82679032639146,-50.07541422306449,-39.27986137932523,-0.9415451349083924,-93.36967123654183,-85.78307316982249,-103.40735251487699,-131.0391654959064,-197.13408700575528,-147.7577357103428,-160.9272970702855,-182.70254412386663,-183.2919893889538,-197.46061454597447,-160.63064797209918,-133.6237716180111,-255.4492973312353,-121.74893983396402,-149.62751892889182,-221.83742561470282,-175.28927174483348,-235.54638479863593,-192.94101018801877,-134.55574256371236,-149.85807602521191,-197.97596421768475,-196.8761045262385,-226.72011946466552
-4 1 3,0.0,33.66241418047804,93.26268281948742,24.701066147400393,-181.83276896427753,-97.56494756087966,-210.53326022134524,15.085916227284786,6.331844046769943,8.200479121181054,15.869762420123909,-142.78132115892117,-3.5972535313855287,13.884370224030384,12.579018701267291,37.78166825329634,6.7175179011704875,21.978517179672554,30.872469252292454,21.701843507574313,41.24469744167434,56.98271507736668,-52.22335534236757,44.35382312342528,-11.421160269574212,54.803145260880825,53.75440204745866,103.8090915658769,49.81179738028565,55.20984818479112,18.3645417191242,51.58499556089183,-0.0,33.014158630311435,-0.0,-0.0,2.4589032211733697,-66.88820044594554,-108.74453682180165
-4 1 4,-0.0,0.0,0.0,-20.846971701645142,-120.54254692939327,-92.7156340459441,-130.7305634499824,-29.525156836664557,-24.6225608374154,-27.956010335590914,-28.76613604616201,-107.33307085109377,-50.256248051672074,-26.55774845311447,-32.94567613598776,-14.515809084260171,-39.122847815096634,-27.548139741667505,-16.366670161345976,-46.77646582711234,-1.594313131969634,12.604677830456604,-77.87069253063348,-31.623962525768984,-62.631775819009555,-19.780781736768013,-13.574069512029494,-0.0,-10.968283324503666,-14.488669195814227,-0.0,-24.234222126038116,-55.86671563470777,-38.48006165023911,-167.08309514463383,-162.0165986121513,-54.08240817322771,-74.04215677439663,-135.23814187416505
-4 1 5,-0.0,-0.0,-0.0,-26.805695363405853,314.57232974823245,126.84200749811573,380.37251898444487,-13.94011367989756,-7.476796782023861,-12.254783822521508,-10.904841565355001,225.89771309673353,-16.883746816021432,-19.004244385341238,-11.73439335414791,-36.24034686819609,-29.43959996497722,-37.79362280982051,-48.11061240754287,-60.2599617356504,-45.51693616762018,-47.006790661651216,37.18732251129098,-69.46164429873821,-26.777328470619057,-64.44816119042758,-53.60268004025773,-9.92773312989069,-47.00946096103707,-57.20819635476509,-62.224379484588965,-67.38327764404033,-0.0,-64.29858756572803,-0.0,19.074090657505472,-41.22017711336635,183.71036321101676,253.60489289091404
-4 1 6,-50.27026591544571,-98.03576784530077,-78.68350975140089,-63.94200597858543,-83.77994840249318,-172.0496645149013,-47.75773171894117,-17.129253586697615,-15.463058171210655,-25.977061599104978,-16.135126330935673,-128.6083533899952,-33.30561422811831,-42.161730135668336,-19.70157796880403,-88.39672354221949,-62.40733441021423,-84.03949395391881,-112.09580470584777,-201.03432837923265,-120.81900408051486,-133.39198839329265,-201.99972119333958,-177.4817919655968,-211.43927909724837,-149.1500383924582,-121.80271551604659,-39.43755926940962,-112.9761021659572,-138.08368588776008,-18.47191991032145,-165.17116508698714,-39.81559091284916,-190.7995411785985,-9.90925039828292,-0.0,-206.54097140196987,-0.0,-0.0
-4 2 1,0.0,0.0,0.0,26.19023040603514,178.02297042609396,132.31324046780898,193.88169736489226,15.494993242690509,14.28899788444364,18.9292200373705,18.051996615809717,157.1484677205362,25.492750114959367,23.325577315641933,19.086946007084535,23.66980556987305,27.41132136236253,31.93341401939053,29.839919155400633,35.858510873026574,32.70275746013566,29.69766999736296,102.97627817750285,13.522881747350997,68.99003184818763,7.803484062299605,14.504438585893116,-0.0,17.02262083793211,8.645128384384794,0.0,7.8715096196844545,132.0270595801894,25.3589456227628,253.10174014609876,328.8930107242021,55.623010414881264,233.74282244789993,313.892039033547
-4 2 2,0.0,0.0,0.0,24.71560014820008,70.12531488275289,78.68031005848623,65.01927760715571,14.89363505622776,14.023860229900203,16.75717243897601,21.913722784246332,75.38288609664053,18.75660046476927,20.229815421348754,22.33767594366232,30.35621555056294,10.5562576950358,21.2954322316905,22.215721825331492,67.56594258304901,25.503609051349233,27.557263984308307,78.52975470293234,58.3580587522503,74.6853526639656,48.85364895254848,40.27666265435249,76.30679950691254,36.78258613095418,45.74860312690431,133.7634126750376,53.72472359347366,73.73292450035242,62.58838271974415,0.0,23.990806074489203,70.64953950781128,162.31092807458782,208.25995798357116
-4 2 3,-0.0,-0.0,-0.0,-28.02845680361681,497.17087258400704,364.4962369182577,531.7464070577219,-9.092065651586703,-10.667895809953714,-18.328230765921433,-6.356355832187677,441.74404398117565,-46.029720855940134,-24.850822076452648,-11.449042001223052,-27.262053703108858,-56.41991231241341,-47.55661756190022,-42.09751364634592,108.12650039250641,-37.0489824526438,-30.459832872896406,273.7632856363863,51.45471665635509,184.10833776105656,12.846567652028765,-11.719405299823563,0.0,-18.633435299696608,-0.0,0.0,31.074816257462345,92.54989557744514,81.22550409307011,176.42146531044315,218.58079762995723,151.58220723097702,336.7513124156437,334.7490068177506
-4 2 4,-269.9412205851022,-282.64986488438416,-304.9538165924068,-92.38729865560441,70.76896292565068,-33.84009669241343,118.19624125289708,-44.18998320995197,-49.16411849763532,-64.28972819023723,-46.473111189572634,15.567909540732128,-104.61175841262867,-79.22335922001258,-55.064617352958585,-104.72990254033718,-111.08513946555647,-113.51827401878676,-115.7240029472515,-104.58655778974524,-111.33364606079384,-115.2632844201355,-68.59875843736472,-112.6026380021231,-90.5251096717867,-114.54352541093317,-110.92952030945095,-255.2973535264188,-113.02141531359405,-118.68149300116066,-180.87191641178106,-116.72985648125143,-108.36497233059916,-110.9738190756037,-7.616535567708736,-0.0,-98.44349111896037,53.38820872778181,94.33670167233205
-4 2 5,-0.0,-0.0,-0.0,-30.948894381295972,-80.81071593086656,-62.08298036023968,-90.90177424342279,-28.891141376475947,-19.938968251636012,-24.378923060223933,-27.081606513936205,-69.99313939765227,-38.422745581083376,-28.58031313583163,-29.335119554034737,-30.51163482707043,-30.453737355202552,-36.04815936884988,-43.842226629686955,-54.90710072986352,-35.97828644604815,-36.42401186758692,-58.75959647548256,-48.7653157904363,-57.67166872169754,-41.115069514208926,-35.413905708356545,-0.0,-31.74581660316284,-36.45546807828067,-0.0,-45.587478661152915,-16.721378772356044,-53.366714641892436,-76.46186469242016,-93.02249765228358,-57.41560760163079,-23.95519808416637,-27.175776136264183
-4 2 6,95.90330497386319,174.64520025459584,180.25374178411957,40.177370088890896,17.89631642705036,27.935560117910384,19.246296897762058,2.7277182992456352,9.188289935015876,17.421267742929462,7.560709590504844,19.93074261193088,29.741722805796375,28.117333204884204,11.313097717179879,51.70400270715308,39.694413489089534,45.806459486847544,57.09525797617773,63.339911961152524,67.1167402880347,60.5982940100692,40.77963595503364,68.10433004010731,53.83264068544395,68.13748164031435,63.79814604934277,104.45893924058419,62.68164119615303,68.6964723316434,25.518936319000996,70.45451817037076,0.0,67.05460891736523,0.0,0.0,57.32076286414132,46.77215365598158,115.13043860562946
-4 3 1,-0.0,-0.0,-15.663204258960722,-24.46652903848353,-517.0602776422264,-398.95938697773175,-558.1369679790683,-0.7603579123414109,-0.0,-4.485236323654806,-0.9204064140669516,-461.8134625848211,-16.361830134082982,-12.271556267319454,-2.729553151010774,-44.01189343285633,-26.33057226432982,-29.521950858303974,-33.7043191314515,-228.0806728441095,-37.234329954352546,-49.05230938256411,-336.9538717059171,-178.47073666337351,-280.205112078086,-131.4708293678727,-89.93563290313679,-208.31285390065355,-73.408456535641,-112.7000224192723,-350.91434559749837,-159.69572411851726,-377.149278571537,-210.09901712668514,-456.0069831397587,-799.7152491762909,-262.1434376516338,-1222.2946922729566,-1372.8881375426324
-4 3 2,0.0,-0.0,-0.0,0.0,-249.54666453610687,-231.65243118916248,-251.00549686736997,7.503828211464242,3.5906990457293753,3.5803434142603185,10.042192540678297,-244.3511065747702,8.694514896250615,1.3525560692609568,11.08105426634844,-6.093025580818876,7.125214327195943,7.222391068154754,7.079043317525515,-135.73793848903148,4.927599331786446,-6.160577566011765,-208.2507860659954,-98.16782194643353,-174.5752320849135,-65.36328691464419,-38.12203961598707,-0.0,-25.694993962153074,-51.0418054223803,-0.0,-82.44810090453376,-0.0,-118.68973425886423,-280.47305228725287,-215.9786120535731,-159.20494405616697,-12.951873542935079,-0.0
-4 3 3,0.0,0.0,0.0,38.32892485583732,-170.43729249634816,-93.78637224863394,-192.21136887005653,5.232104930944851,10.672018479783441,18.023842457023726,11.141346708208463,-137.48320603178914,30.1470070602434,27.256759393082845,16.156218747445696,48.559114493137976,42.22591966331795,53.41062674002988,69.0713759074362,36.84138978956435,78.12259167320293,72.70447111864705,-44.30642854424526,56.54011054118168,2.084426866661647,63.08797382208354,60.665706764793626,4.293672598594368,57.21285283533697,63.29834986373983,18.891174882087874,58.69276567154518,-0.0,44.56865552825905,-0.0,-0.0,15.244145426227641,-0.0,-116.92380896848937
-4 3 4,0.0,0.0,0.0,17.37958295138133,-156.36987772054886,-70.16617383996943,-192.30266784681223,9.323115222737375,10.858506912780895,14.641446523407286,14.547015865435394,-112.37437135719455,24.315029682809385,16.89188238743948,17.404183732032585,15.4227824188589,33.80813095181191,31.382759220160818,29.487566657213307,-15.007632764847644,32.948074269253716,24.548976867763514,-39.41384198702168,-8.590506084967197,-22.718943851545255,0.09681267816235078,9.320960938245882,0.0,10.208559462574057,2.1722638992343355,0.0,-1.420460001172596,-0.0,-9.153901207473275,-0.0,-0.0,-16.20442272686247,-0.0,-0.0
-4 3 5,19.431608632104634,0.0,0.0,31.468507777774466,-73.00907600027863,-30.98243612872177,-90.35204574571024,9.53828266453765,14.805201917548645,21.585704261444008,14.394989558235348,-51.922947905727796,38.83513033735236,27.44640053349427,19.07577351322939,33.44242730297396,50.45016108083384,47.010160234125415,43.932071123008015,14.078259804662737,46.93747998042862,39.04870012444215,-12.861480422497811,23.052429549955477,2.1209375227971803,29.311673710895803,33.14497438867077,0.0,32.60770533249203,29.665861295821774,0.0,22.86004289223714,-0.0,14.511256922335333,-0.0,-0.0,2.7065175536262114,-0.0,-0.0
-4 3 6,0.0,0.0,0.0,24.945059289399985,3.731863622152372,-4.681528888690331,7.217131747199875,7.683499109654821,12.271630628401118,18.491377086491262,11.72333780169264,-0.712248532571843,37.23769143332916,23.472549279032528,16.27260685895215,23.26796832607447,46.04350838735715,42.68809056900796,38.30693346135634,5.374926021130776,35.85192310808645,22.87142332051173,-5.752118804161115,13.224349577433802,-2.1092407357502085,18.668864878528396,21.935786914104558,0.0,20.599316809949773,17.547278357857213,0.0,12.253430922507345,0.0,4.806929136141721,-0.0,-0.0,0.0,0.0,0.0
-3 1 1,-242.25628049553524,-264.9643764481876,-281.64283440989436,-124.86429921735622,-576.1944369780566,-462.2184547413331,-616.7033019923196,-19.81716896044711,-32.15577111498045,-52.59893298748086,-28.12639048675325,-522.1630503091269,-61.05515107745107,-83.59541798147684,-32.22577359931769,-169.51693467667894,-123.41133481144699,-169.1500995459019,-222.02687264009208,-329.70317224487616,-240.37453832316112,-247.05229437560212,-406.9697639992446,-300.03719078365003,-363.12625524195215,-267.4837510492938,-229.39425864417674,-282.23387829493663,-214.04591469900237,-255.31387840522856,-271.27759899188777,-289.82355116232276,-311.3163589578205,-319.8286020086166,-436.11683679038435,-574.6034196160597,-349.9108757367913,-644.7321480829369,-661.6867830865732
-3 1 2,148.2974250487385,193.62918627249988,189.89372349825626,82.63261797675938,336.5098088614966,276.38981321006554,359.2803525279788,53.17049019761199,52.259323916070336,62.99527469422731,57.02627024222807,307.51167304365805,79.57494019605741,72.31065045044566,61.96917787952888,96.11549607753196,75.42226444341534,80.4388155916089,74.77563586920597,192.1163020877397,81.71677902800933,99.57291251202898,246.43677621067118,167.00834985683719,218.41875085919233,142.87117427175892,120.59843393225898,210.75209069267626,113.26457706356605,134.13923817679026,223.73793316348957,156.96973855049063,177.1949277576962,182.72886665769897,221.44118562201302,319.277047551145,207.83138155886724,413.40211194758217,516.7752879664899
-3 1 3,39.7913125025873,53.55348182045206,62.381543417809354,42.91492338702491,282.74353332429837,169.9120724914209,324.46948749170406,54.81539522491273,45.64792875838185,49.09692831399919,57.20322293022165,228.26643709145083,51.666374777787716,48.37137955115992,58.30474097965909,35.12944161839387,43.329043272532765,42.333884960884824,24.48687062858457,57.16856323092274,14.53279040581604,8.704233667688799,118.81908405091767,42.62527977376041,81.32738080306072,34.5461837071975,31.891383007291854,45.97102096009425,30.561018066362934,30.88843142261756,39.45312647703167,36.893392417662376,151.37990137832816,49.41649561791692,61.17941834204842,6.508394209425779,69.28763443404466,59.896772991678105,59.44919334757615
-3 1 4,-0.0,-0.0,-0.0,-40.89299027334352,-168.16356801763322,-78.15895445173523,-202.18976122049028,-36.94809752841843,-30.54562857247254,-34.3070905782612,-37.24809989522902,-124.04138359272957,-49.33276933097766,-36.61876637526757,-37.68047380823348,-47.55967991408707,-43.999124739585625,-40.526647807662236,-37.45283811207299,-25.361640502380784,-41.74183235182368,-47.10203478099117,-42.10971358064613,-37.98717053232418,-24.249521162531842,-50.39569201395158,-54.54941065649725,0.0,-51.87689766240204,-51.13559666655266,0.0,-41.723402132392934,0.0,-27.29057950389184,0.0,0.0,-19.922204095217996,0.0,-0.0
-3 1 5,-0.0,-0.0,-0.0,4.404150193109496,219.52710360973913,127.16568197704467,255.20640988873348,-11.450435156301644,-0.0,0.0,-4.173880905648564,174.30264804502707,12.709050578397848,0.9473940318469256,-1.3110782722784684,6.088554009295011,21.956786561223886,24.373927492926303,29.997763063584777,25.514388062065557,33.793244643559746,37.553653569994616,85.29860937594017,10.013217325755782,51.18557094499586,5.134074305162463,7.3794944554498665,-0.0,5.437585785325311,3.0060497851047443,-0.0,3.8675024235355666,0.0,15.301331686102387,0.0,122.45013530600656,36.918711949781525,116.12686224369551,128.9674632863968
-3 1 6,-0.0,-0.0,-0.0,-26.572100922034544,-250.612855847082,-182.12571300140792,-270.0400739394353,-8.922090790943397,-5.431001320180474,-11.043929220682413,-6.0308677165500555,-220.90637146205842,-18.847402062259736,-18.71192500141625,-7.399478400822188,-32.45409615414692,-33.89012379648538,-44.92974329234859,-51.95038128586173,-74.47349163038355,-49.35504222679674,-44.84062379269124,-140.21365352874966,-56.38725745915498,-102.70872415300167,-46.10024210105993,-40.09680104859103,-0.0,-36.99856525055683,-42.89554205604433,-0.0,-51.13220172681106,-0.0,-66.56663150167346,-145.6293308761494,-248.51128782215525,-92.67047959804579,-340.46616551317396,-381.5738731095739
-3 2 1,101.97754616909063,63.56166596510472,45.95258140286964,36.667000462198416,338.7124658593807,267.07236913170726,358.83175993730504,13.337093496378591,18.50532456418682,24.98912014268178,15.96182738991929,307.790162567295,53.15295940984769,30.72282966706545,22.107324976576994,43.74813090125779,42.22625835786879,32.921565473268736,11.538029456910731,147.3774725150527,28.33846035876388,46.18623789826926,222.54264194792387,117.77338432801028,181.62600396871588,90.59943435536779,67.05330966474563,18.48937758896053,58.807694686089725,80.10546826351495,54.14555814582965,105.74668069965988,132.98034260171184,134.24284876677493,325.67275659684253,439.95479887992997,166.5280494010178,420.4280623445762,375.6649638061352
-3 2 2,45.115154890334715,25.47008813290257,0.0,54.60045670703029,-339.0424970016763,-243.22451019827815,-373.00224053606587,27.952550653939664,35.013433240653384,44.00939608930017,36.14098328174581,-294.0962567268024,70.76360864536636,50.29344431166457,46.77037145830857,51.8978373888289,62.963839099924336,60.85079317081113,49.714889054822095,-88.22802297322998,58.37852579924758,67.11429295983154,-191.28522990194335,-39.29841877634676,-139.60223122972457,2.3574443548051836,31.891186716547658,-22.55296627649546,39.81474243482123,15.928345904786237,-103.15524036484538,-19.305620519308476,-160.56164754744492,-66.72828867464979,-265.641267681813,-350.2760568376018,-118.88447369887506,-473.32190033719525,-528.7127039197829
-3 2 3,0.0,0.0,-0.0,8.417760405586261,-348.7291911889778,-234.80741433253462,-389.73164464743513,60.1469285690244,41.6396969806811,36.49251578763693,65.34901087320314,-294.5644575671483,24.90986513722277,24.34496767175966,66.74002098188866,-5.857077963342648,-9.719670967023857,-13.963191606108524,-21.955790084174726,-98.36340939031433,-26.946980255018296,-36.118734221970044,-178.90903095438617,-74.02805593141,-132.81595624190112,-55.31960808540537,-37.32636024034035,-0.0,-27.32072205161653,-44.983693313022385,-20.21543483692439,-63.99094930722104,-108.56491407571912,-85.89826999930283,-206.28238031724143,-143.74142591623203,-115.25008501161255,-245.03512355054235,-264.9781728895748
-3 2 4,0.0,0.0,0.0,-12.724774350427484,-118.2606970539126,-136.2012992828303,-107.52810556613157,-9.844987181821748,-7.51054954670995,-11.426814052232608,-5.8637303558110725,-129.56508271570837,-40.01587835814199,-13.277552048734572,-7.4023814393164376,-14.38946145626775,-23.67101640843355,-20.762570914645185,-16.534520023772494,-94.65193455155618,-14.838321281363891,-13.576229253457269,-132.99492093401076,-67.94900611118008,-118.23895561749254,-44.25698570723929,-27.827343017087284,0.0,-19.69537999556626,-33.49829568269731,-0.0,-54.392630103603764,-16.630746332430306,-81.28450673672893,-67.3265111638018,-96.42033432076076,-107.26305367065409,-79.27766116180993,-11.11796289488943
-3 2 5,-0.0,0.0,0.0,-9.036844361555858,262.36431816736206,175.14528623502622,289.89599518740044,-52.276735548147016,-29.747953821468936,-26.549571346916398,-47.639372626826436,223.0769169367561,-23.088944633200136,-18.422501674636937,-43.767928359807584,-0.0,5.350634068690004,8.18946251720361,11.595469979843243,48.9020678623664,15.885638373560116,14.250545585370526,125.6294394306199,26.6723603106769,82.03990231257069,13.037356160761568,4.857787414202761,0.0,0.4223708806421221,7.041215503917581,0.0,17.473796666565697,1.4380303594807031,36.092834926765,226.30962125383016,402.63434438889163,64.63578011730642,424.3758722971356,398.82568218548516
-3 2 6,0.0,0.0,0.0,27.051730993643712,100.27710832499494,97.52040630809614,99.35851003306333,-6.53986158010542,0.9375470911766736,7.698513141114058,-0.8404340744078964,99.73124397339113,16.94176220592033,16.61373762655162,1.9538121888139162,39.75649543301514,33.86263534132337,33.27255985277278,37.3836135259197,97.11994971461475,44.84703489109929,39.67862819449728,95.99019534896485,91.68969115679708,96.90730670610562,79.60905476521303,63.85669827034841,0.0,57.38013804852407,73.82124470179518,82.81869917647961,89.72544924265372,56.15490551356088,98.77463435105852,0.0,0.0,99.4224816155382,0.0,-1.795888741512495
-3 3 1,-0.0,-39.577063361338574,-168.25837418325625,-35.42254560295648,-37.72585528545111,-209.73349868903708,35.4423211843008,5.247403492966508,0.0,-0.3097603800715582,6.233055516456173,-126.65947676011457,-3.7332001357141658,-13.571928401445033,6.105532351415835,-66.70307448424023,-22.9643338779996,-35.525123644536045,-55.653703054777566,-267.00443094462304,-72.63199436718791,-93.5911457827,-264.6259931282964,-228.5713647136212,-282.33939458975004,-178.56490242844333,-127.92111843788518,-210.75689124576434,-107.6987981933431,-156.1584682450401,-251.44385292263013,-206.91236392966394,-282.9187428926217,-252.1288128030524,-204.9600380964463,-41.19701224594883,-276.4305121444923,-0.0,0.0
-3 3 2,0.0,0.0,-0.0,14.143909250052534,-26.977931767771732,-31.264425618046484,-19.329004276768178,29.45783533574474,25.17615085276574,26.086471741334396,33.4022912048722,-32.215801462198485,38.15226867158082,22.074869211824602,38.45530993912438,3.890223326213236,25.22849111355488,22.84755160025019,17.54408421457893,-19.038303772623703,13.60960911258815,6.840755427255661,-25.48857567207097,-17.958392454664114,-20.58421453102593,-14.107870860207095,-6.8744107116052335,0.0,-0.0,-8.219571772315474,0.0,-13.990774980932361,-0.0,-16.048255139773893,-0.0,-62.530942612401425,-17.861178042742555,-99.56758741741044,-6.411625939834952
-3 3 3,0.0,-0.0,-0.0,-10.049184069821242,502.2406750765123,434.64398952588033,510.6729818546962,12.08501330047572,3.427586345585782,0.0,16.10756669406493,479.8301631095231,-1.415124334535679,-1.0582576444020728,18.22127072448751,-14.92581050048183,-19.100385524222702,-26.88112181295907,-30.901545389641317,186.690922261657,-32.31277775273147,-38.11175194875027,364.6170315419658,104.33373057641396,277.6647013893653,40.87307118827018,1.6727684968470147,0.0,-7.53275122607693,15.907972154922462,33.84932153961172,72.32263941796805,196.77524842047367,149.95293822781255,391.1255636895,511.4951929919796,240.74739555219548,528.1282354556057,490.63168688941516
-3 3 4,0.0,-0.0,-0.0,-10.504513287757511,-309.54891162957705,-248.26159656642207,-327.1093937854787,2.309985943079888,0.0,-0.0,7.23750332615844,-283.29476683126484,-7.410070895549817,-3.004163708865962,8.961103617145943,-18.405729172297942,-12.731456111144666,-21.801355443593163,-27.724236049984775,-108.30084955599928,-26.91762893176969,-31.148588134397656,-205.5994114259206,-67.9210750938626,-157.22181554975467,-42.16652611052248,-29.10650490642703,-0.0,-24.795567036127636,-33.78281400540168,-4.3067423777075104,-53.73679747882601,-122.99152879557435,-88.7149864523868,-187.06063954221904,-290.1574803502938,-136.67962500926544,-418.2244734000515,-370.76032010538256
-3 3 5,0.0,0.0,-0.0,-0.0,-48.259722966191234,13.309456627941195,-74.86635558507177,9.172070181018858,7.465755290196553,7.2321996820169625,14.535379132741179,-15.682825825417368,18.05982693968693,3.303470690060921,16.800418807417138,-6.2888113599660995,15.983524365672913,2.6211829933926287,-8.532998228476464,3.806695338971765,-11.26433833899805,-20.62186480782782,27.058458607217904,-13.605292359004864,21.440202824453902,-22.43912759245915,-21.39244751862014,-0.0,-16.684695402514148,-21.005108382395445,0.0,-15.407749304472738,0.0,-0.0,0.0,-0.0,12.859323844244228,-0.0,-0.0
-3 3 6,0.0,0.0,-0.0,-11.021724615475115,47.04532026383169,-33.97997444736456,79.88861037046745,-8.680210300773103,-0.0,-0.0,-6.007213119680379,6.384651676445707,3.3726611038061143,-1.5835304391128548,-3.2787799584122155,-27.898634181879,-1.0783990763473938,-11.093568271013329,-17.684595823633508,-91.26478922374797,-25.588010293207613,-49.067617626591655,-65.87761040245731,-86.78181204148746,-85.11227486165427,-74.83986618639625,-57.870025845427016,-0.0,-47.02896912378253,-66.58633990438771,-0.0,-78.80248571386845,-0.0,-87.06103890822394,-0.0,0.0,-85.62509319914231,0.0,37.28758440089813
-2 1 1,0.0,0.0,-0.0,26.43884922881711,226.28860303715706,139.67975449688967,255.237696056446,24.758718706031644,21.548610668541738,26.40107965960779,26.35306067415023,186.5449926298048,42.023914836921094,28.62545563837462,29.068578270460552,19.86159153079608,45.74285384768617,43.04759678144151,40.439007269368005,19.568988210214197,37.336186896163944,34.197534037716075,91.79042592013245,4.995955273821543,49.63355737217566,4.104028232563255,11.161912909815475,-0.0,10.754371249098822,1.1760379523783848,-0.0,0.0,0.0,7.279756041782944,0.0,0.0,31.082536767548735,307.97403091910314,578.9144807662417
-2 1 2,0.0,0.0,0.0,23.59901732327818,295.0751394317422,223.6609868851055,317.31081986278434,3.19570936055671,3.194359024604278,8.353050721864639,4.290962538941684,263.17573771636876,20.043762688457065,15.213668048766618,6.972716714703051,32.825079317126225,28.024274339279277,32.609487560755205,38.861670749606276,111.16953791775317,44.72436373763742,50.54424631083084,181.60458162834354,86.36040723550981,142.88689673025178,66.80354761910853,51.5871417076983,0.0,43.78691977233754,57.218672762274856,0.0,74.78325685040319,0.0,97.62998900454348,0.0,0.0,126.51675667282447,0.0,259.6665060374484
-2 1 3,-152.26072998033922,-165.90611656962582,-170.85102966425885,-77.34725427473532,45.308017459426054,73.20150306707622,29.493522340040748,-31.38753649553701,-38.51286499906948,-51.22652380425866,-40.09087476766804,62.68930662737905,-83.07181201768189,-65.02429748163296,-46.45793671232041,-85.08016052237986,-111.36733513135535,-124.87204955845117,-134.2163444488514,3.232667670496693,-126.9934787036804,-124.44814883265867,67.01530499313708,-34.20216778405,41.12816361955904,-62.408266342631315,-78.77811770198919,-92.14366224442192,-84.59089603242315,-71.92417586583295,-0.0,-46.77890909202487,-0.0,-12.419250767791345,0.0,0.0,23.807111131112826,3.813461653530143,88.55995268182458
-2 1 4,0.0,0.0,28.58044869354286,22.75331962561977,234.6522010525306,225.38918466921723,229.7135647859667,2.8207880027696763,1.6410536129845312,6.155083482767396,4.049976145288848,235.2852872085117,6.906523135591507,13.29793430151283,6.068775225130088,33.44587828900186,15.246892914219709,33.82331971397344,57.219218133162094,129.83600702045686,65.88243331901751,62.64692814222929,201.84578733333595,95.84629809602296,167.6290651991089,69.86256127735896,51.84616267858377,115.02839197571427,45.73104289314914,62.14590782816222,160.85457434999213,84.44440899123737,219.6475623186061,115.49912742488928,221.30509202208899,172.1036003293212,152.50063903629453,125.82782760931002,259.90674984868593
-2 1 5,-0.0,-0.0,-0.0,-51.962401283574515,35.83703336078467,-35.177573721175584,60.157636426959634,-54.28093500081435,-46.13755956470018,-51.72019810467315,-53.58021288614035,2.3298901862779227,-74.51613414446047,-52.76043160353057,-57.185881618121826,-49.717368330140665,-57.509503615954834,-50.12503291208536,-46.81411419371469,-82.49065641252687,-39.534995306651986,-35.70315372856338,-66.57989312988389,-72.80821402453617,-82.72589889874531,-61.91019050693629,-54.39577112051862,-27.637610067956228,-50.38302737060628,-56.67711291313617,-81.57427517376506,-68.48620766454601,-28.52840218666905,-79.2860244582789,0.0,8.174379520701102,-80.8272494904952,17.127031931656283,-0.0
-2 1 6,-0.0,-0.0,-0.0,-15.147885932372201,244.51818452106568,149.97694170063585,280.72937148654734,-9.083676173791698,-0.8910452866617858,-3.2979001376641524,-4.489937791638817,198.75818976274778,-4.205640062695818,-7.2813034873770315,-5.20440592399916,-24.792099737043422,-5.715368775239448,-16.45910749977781,-31.19882271357671,15.35980528253142,-39.873310253603975,-44.82120155249596,102.49097712062151,-15.23054012339514,56.70387480061767,-31.35553334188523,-34.65397999334832,-0.0,-32.156012923098366,-32.46459379448484,-0.0,-21.58419330453137,-0.0,0.0,0.0,34.82551747846332,39.20092431654119,86.81728264925934,154.47736700237982
-2 2 1,-0.0,-0.0,-0.0,-18.69552851042251,-334.22782070830334,-178.53720507369914,-390.45749144531567,-27.79324765361117,-20.17178588634551,-21.23114513718575,-29.71621359090486,-260.06100968139424,-24.77287983075566,-20.540022451163132,-29.50827437097784,-14.777934003220793,-16.189809016108015,-13.15276671656277,-8.441995753747154,-10.92296480632229,-3.3780566131013376,3.2089758197829115,-103.60391001928478,2.354204030650219,-45.936429869021715,0.8529609561852303,-6.492218172961844,-0.0,-8.319888097810196,-0.35483142277955776,-0.18342897603395525,1.4227899114715095,-0.0,-1.716905153050806,-169.6501877068259,-338.90764028230717,-28.191482193057393,-500.3850633421507,-548.602749940137
-2 2 2,0.0,0.0,0.0,36.5719900459867,358.01962270337225,288.3800958982779,384.57272293047686,-16.389506701577407,-0.0,5.8636874829708745,-18.22835587300121,324.3653715667871,30.29615727803592,20.26470890636352,-7.083590796490485,54.84391379177085,47.59766553636755,46.765588879432414,51.93561420433414,178.54534544846268,54.98197732930615,67.91769132469139,253.01586298120858,140.29477527485835,216.9331400379592,107.33375540152988,82.20918235474332,0.0,73.45460218718186,95.90103827333489,108.02105079625855,126.28890414516464,158.03296936585437,162.77651524101347,250.5346325350733,379.6799745365878,202.83070856511748,289.2613862050999,246.37916910050222
-2 2 3,0.0,0.0,0.0,22.57199582606727,-145.818610072377,-48.13409062930346,-189.76872800549964,36.60045561173915,29.37301478685467,29.432180220238827,43.45868297738295,-94.2302547180171,29.82573965988588,25.96601699659685,48.678742947047205,19.684599286611114,24.923933043604695,19.87875358597341,14.90654662646975,5.612112646218686,5.309072630447886,3.077431853462789,-17.60552682077783,11.079518989206617,-2.0383533758619907,15.671131016693861,18.456131895925303,0.0,18.841149219431987,17.282903945468522,-0.0,11.767924317775693,0.0,6.4382914625482215,-5.182776662226752,-110.2692560628308,1.1141847254252895,-62.143753626907404,-15.027770246224154
-2 2 4,0.0,24.74039701596567,25.033350214145273,7.908448869754628,121.45932456704277,53.61258521019977,152.4737629614288,2.433735767646587,2.0652824677262585,2.9004140908691705,10.138862832123987,84.98644318891131,-0.8926916845160966,4.889691958491628,14.384591890276367,11.910848970665505,7.932272948780341,8.64111796553163,6.533615588528376,38.74377603088218,10.48044978378937,16.54544467568264,36.9353860146487,38.87766568665649,34.981494945243874,32.7147660317444,23.52286290720008,30.7455720194623,18.358451512916638,28.723457460119835,55.8836196037572,37.665455725667,0.0,39.31096760552779,0.0,0.0,35.32224825149038,7.70775799226557,52.971636680210125
-2 2 5,0.0,11.69162586858682,21.051590588340144,4.16022493366348,74.01024454318818,61.771376289158965,85.10091572388478,-23.211472464146166,-5.160094198976443,-1.8135203040291934,-15.885783367361174,64.6578738203795,-4.256467414580524,0.0,-11.641678835509424,14.588723599568398,14.425884803714341,18.413922802844134,18.00086343455577,66.06454561756723,24.93968572837831,32.25327333977379,64.77375045593666,59.220414606009264,67.72901438260666,48.4011466283701,35.42861408485624,57.38903667843886,28.295610703569825,41.23159984802879,45.687973906725546,53.195613760196956,20.28826375457325,60.97821206747447,0.0,-0.0,65.29608869735266,-0.0,4.7657741479184725
-2 2 6,0.0,0.0,0.0,10.490648177146255,-186.4877601574314,-75.12187580677619,-226.47587320647966,-2.8340926243572095,0.25863336979323254,3.8853612982831214,3.835741968605809,-133.4955634484527,10.066585096127868,8.232754727829512,5.628741516798256,11.698164710642274,19.05919552433874,12.975988421398274,10.683519134092215,33.165711475663606,9.084208543266588,1.9345169275552088,-22.359270747744628,34.048763521387485,15.262193294000792,26.29605471966898,18.43642177854272,-0.0,14.682835528292818,20.048694963302104,-0.0,28.25652055645578,-0.0,33.41931103401712,-0.0,-79.44554902942596,22.608767056273617,-130.18465965051513,-170.36153906251522
-2 3 1,0.0,0.0,0.0,7.753193681240479,-173.0024391339014,-76.08297285597946,-206.16148672300562,5.081355661321516,2.571608776247189,4.650172157634436,4.265448132872263,-127.65477912161711,11.41514434770505,6.492887901409384,7.857403345312882,10.785542301833178,15.147053841648768,17.670673255394426,13.226202200924124,26.372913864965543,6.8488269317338375,-1.4798876184845735,-28.40622308251975,32.21686696733368,6.788575413335169,28.767344784495265,21.371539314189096,0.0,17.280358526472632,24.961588258021454,0.0,31.856263092662783,0.0,30.43460968734076,0.0,-0.0,17.4603923264767,0.0,0.0
-2 3 2,0.0,19.89745667455074,80.66495741779988,54.00100559086597,169.19851521450002,143.54809283631192,181.36834428060584,7.664202173123024,13.71035340758196,24.447501070349205,7.506380791061484,155.2393718218138,43.42708799089625,37.8098617444501,17.665780229488885,72.97921989386212,58.16219692945397,70.33393460421745,81.99074827127131,132.225386055222,84.91449381544035,91.54667437813343,137.08650008983275,125.28513099142253,134.75750157985408,112.86420883777569,96.7457743417682,132.5638169335111,90.57048203839287,108.33764991476258,192.52004973259432,121.72754838000786,204.71005558888854,131.07404521940586,110.15645309569241,49.68787308375307,133.59842404281676,87.2963224196493,61.7360559832047
-2 3 3,0.0,0.0,0.0,18.49954995074478,132.45024634450536,95.74500221863481,147.07901157400147,1.8923285561906522,4.976069892701764,9.510408521495712,6.627051754043485,114.2732994854052,21.359823997260115,13.760454036601644,13.819545957641669,22.948808470571596,23.616161860784576,24.801962320432622,29.807938057775647,54.24447283663016,26.625101733246098,21.95843924097692,79.289132560767,46.37978705979932,65.3268976252037,40.41368021498619,34.68910642752722,0.0,28.52142083255968,35.92579003258775,0.0,40.76453070898861,0.0,47.333159727925675,97.9014976251507,98.07597995600953,57.57137083026848,32.8723031875288,75.69020699568021
-2 3 4,0.0,0.0,0.0,4.349238688108432,-51.65492498901462,-4.527204032087927,-68.83690755180386,6.929111036750647,6.671260326870766,6.940663691906937,14.160035218578592,-29.147762542960454,19.68636954133655,5.560835248924692,19.51364353770151,7.177425676870706,18.442902473462187,4.495320578648164,-8.330054632871395,43.13771110894174,-8.627208250064045,2.3411603166622266,18.035907404332786,42.38418089736003,34.844299796156875,34.87821892314391,24.434339755249542,0.0,15.794928627654702,27.843785301076935,0.0,38.2403653017527,0.0,43.753839398650456,0.0,-0.0,39.46161875566815,-0.0,0.0
-2 3 5,0.0,0.0,0.0,31.537483362427157,116.5439204301195,101.73458922865028,115.31637176886717,1.6128897576413563,6.995104039361289,13.052375195717238,8.755870771850665,112.6246886345096,27.596418596803346,21.370509838072035,13.871845179657106,42.48958912499088,40.69879683473667,38.8856959930584,43.706701240809714,78.50305932381984,51.32773574227188,59.25389359306733,88.94014342672844,75.3120436507672,81.30165526440554,69.10868945675549,60.20909480134211,0.0,54.087679274799314,64.60547504397815,0.0,71.49336160577859,0.0,76.8721457301954,0.0,0.0,81.03130839748141,0.0,135.68081169761862
-2 3 6,0.0,0.0,0.0,-0.36891223798440637,270.43320332408325,206.678602182746,287.1573396465011,-7.611659681194938,-0.0,-0.0,-4.975206553007359,243.96940882431053,-1.3860928275129845,-0.0,-3.2218581477675468,-3.9743926876962914,-2.0971011291602073,-7.380953293054309,-7.6973497783406115,62.99553045678538,-10.224797869443906,-20.9705002942414,160.5119952160976,25.37595703013919,110.36947820588256,1.6741723956078896,-8.772945222808266,0.0,-4.6966956549369,-0.0,0.0,11.695201416905515,44.73620599797594,45.29416784872817,7.123146595887403,0.0,89.93381634103748,118.15672933489898,4.4880535916703925
-1 1 1,0.0,0.0,0.0,21.406976914514555,127.67804618846618,108.16678203973522,136.20932361011884,3.64652915032875,1.8397224023816223,6.234826905052841,4.278133268801338,117.52500643950773,14.068815279505092,12.54535831513777,5.563006178610817,32.87251877731309,22.334168900944956,26.303904557039868,33.67157301682064,90.05648911801512,39.53826283823843,46.22018092545573,101.30467991165152,81.00489191713851,96.11810007611138,68.67913406088726,54.589213235305536,0.0,46.34313943244775,60.76702428130204,0.0,74.46656013862743,0.0,84.88595516479879,0.0,0.0,91.71204308347106,0.0,0.0
-1 1 2,183.86062815336436,481.7517058306066,573.2768856526939,89.97744012300572,725.6899674517148,571.606900376824,778.414613379196,15.399018346827223,22.709516998956367,38.59981453746386,18.25655845126247,654.0589026695575,53.522427545006614,60.4334061336971,23.049054940382167,127.2963562156522,82.75462370144352,97.42921959338165,120.49771460259211,350.8775256442554,139.09440026684797,159.07320709105048,489.74219037903015,292.81872819084185,415.75564504270284,238.6623976622123,187.7653764401108,761.4610736444075,171.7000946178745,221.106136821913,768.2524108431337,274.13930632203176,982.4869839722272,331.21744569443536,1022.2081088997626,1219.0140803481402,392.9275449384759,1293.3076616735639,1500.02959420579
-1 1 3,190.28634547961104,218.55954721352856,278.9689409668399,78.78138591827675,409.10396600936826,308.52150026107427,454.8327311767598,29.88905057760586,31.754019486355407,43.99164082595435,30.38188212850432,355.7354110581903,55.34356633502129,58.4913721980065,34.63183760130215,105.35170032407403,59.74904751899615,70.63556326251273,94.76455864188677,244.71875481675767,111.21559971583856,119.20796463946627,277.41475726061054,222.207386302028,259.8130539669823,189.67518880498324,151.92750901969976,273.2688737846184,138.81908421503354,178.09943819727076,194.3498646506219,211.31618564453265,220.12399534861694,236.88010881684698,164.8530625168252,110.89327235414278,255.94479271942623,252.92457150087063,236.86045590710765
-1 1 4,89.5528258595203,130.26238564479613,110.25617139410586,71.12419472408753,479.41363410103105,322.40163875174295,542.6295285343241,51.510525035157656,46.89817825322422,54.87168570241115,57.387862844891565,400.9949645681797,54.34773555197849,62.33184716890859,58.61403995904466,81.73098700919397,59.7917384239929,77.1531793885953,97.8018324976213,168.91052869120236,102.0965210687929,102.19606105624669,256.8294677264252,139.3737938243819,206.9076287522727,116.76702680639228,99.76803895921552,151.64680659667005,93.32522616984073,108.71674547034044,222.97606518832507,129.23525957946788,169.12656306371522,155.50380428086237,379.50890205377067,559.1529009490586,190.69344192768432,615.788383432428,645.6502221274451
-1 1 5,-0.0,-0.0,-0.0,-48.48022463153301,117.48840642579952,71.68746786447406,131.55776690782932,-33.624237946990505,-29.644424813202022,-37.00037634341235,-31.83402300181281,97.15131607046118,-57.79223232374085,-42.59092785978178,-35.51388218822214,-50.82179370894932,-51.18702308639484,-48.14483034479776,-55.11917233844093,-4.651757586761272,-63.94801356485949,-70.07134864617869,44.16387120714876,-23.38446728647903,18.030520285027407,-37.98438163395553,-47.7711990743221,-0.0,-49.45245434742712,-41.52185836830455,-0.0,-27.57492245967396,0.0,-9.935213407575437,57.894185355026565,125.39508353881088,6.700772924901934,173.66868625165816,235.68570869455314
-1 1 6,48.0859950207949,81.24435256081425,70.29307598163052,67.38767307869196,212.59347515691556,182.43745148062507,221.7553714667454,4.354879887384706,19.543870912557153,33.70800487946573,14.170352467139772,198.90043017026665,71.15997618225674,51.53389935079443,22.3082604250639,82.44862216280883,98.97889811625464,106.29346107061073,109.15083943877116,144.7913491064174,102.40587538975265,103.17300163564107,167.29114224241295,132.85624642539364,155.47626928271762,119.4098003880317,104.8497562564777,72.68966448260214,97.6005626134845,113.00221971795787,72.7759176359834,125.3869195270155,143.9499469480149,139.96536675742155,153.58694737579808,112.41933069443563,149.56312997087295,11.63754364274822,96.57834997579164
-1 2 1,-0.0,-0.0,-0.0,-23.807172403342577,-234.81785624726547,-194.70535289959687,-252.39505501162031,-1.2723508484787986,-1.864213465002155,-7.229370841839163,-2.117007140627952,-214.3532197340356,-19.49570562480864,-14.425397654998974,-4.997130413728175,-35.356237077733724,-29.46826144551387,-33.82982765158808,-42.80189004764615,-124.74096785433878,-45.47971588886526,-45.66569620940378,-175.68668021658868,-96.12074346107059,-152.86251996305933,-72.59648922646909,-55.32609600161662,-94.83249652362306,-48.61042679485787,-64.73487231682448,-150.09085919305372,-85.29121135685769,-128.02113483050624,-111.90005953505427,-36.3393934390641,-0.0,-141.0627290392019,-0.0,-47.050175675174756
-1 2 2,-11.832956317757834,-25.37894976861136,-0.0,-33.92491350968337,50.38358921422563,45.58296174568232,42.354625119383314,-28.315223648585544,-25.416884962004946,-27.869383675552147,-38.55604948856734,53.578756729929324,-36.52413265117869,-30.82245622483127,-35.31200485668701,-36.877090888234235,-35.78024947313889,-47.87694355702286,-59.16586491366058,-17.201583728558525,-68.42750583906415,-66.07967677189336,26.300141921269937,-30.65203368377779,2.8836582618945314,-37.76025264655668,-40.18325194373821,-0.6634566875239389,-38.129866604445496,-37.5087779708443,-10.778234731967292,-32.6618492020252,-0.0,-20.868653358676934,-0.0,-0.0,-2.2772825106675674,0.0,1.441701624550877
-1 2 3,-0.0,0.0,2.128886348821376,-8.973419844739064,69.93395417528755,26.836548229832633,90.91576231512954,-33.24495796688394,-23.226160848291478,-22.97971084516105,-37.387167235515975,46.096059576911,-26.10178672883162,-19.140273042970342,-30.77944171921365,0.0,-27.555748172125913,-17.19663147846724,2.8263384374525935,30.075463145305267,7.098831082129103,14.12690888280985,18.50500082879006,35.62839445112018,21.51672202724025,32.49801509567388,21.286510005611127,25.10117696701499,14.733157857354309,28.88126017619761,19.983691409260285,34.761123504077226,42.54604652084009,34.017944112830776,0.0,5.683541346012846,24.503640085833048,0.0,3.8754108713090663
-1 2 4,0.0,2.3733090750322066,75.46383910832236,20.145615175534644,253.48083706729642,203.49097441276203,263.4728480068705,12.844937472026327,16.608159804246643,19.360991857740498,23.401760058876036,234.57803751421397,30.325751839989874,20.109882534938606,30.975852959540912,20.145178251097864,26.084676075303115,20.36840211013124,11.434221036490763,72.56195474143387,8.82794529455243,12.310387938044084,161.10127713474304,43.68469721076954,114.14927278794305,28.143678998181453,21.636346428801097,94.39516733711022,21.969008307242355,26.682744969049207,91.55184462793574,37.8507873929646,239.09279471256556,62.443892066015856,212.54883532942424,286.26517940590963,99.96737806739092,338.2434328406681,169.2937780767741
-1 2 5,-82.49753784464595,-80.96593515814283,-119.18193361319229,-67.57020187914702,-697.5471592147233,-505.62731556240755,-755.9008997042966,-44.84170440838048,-37.51416149282728,-47.09718996511427,-39.823463649744305,-612.3418319524468,-61.764137526563694,-56.641351069308094,-41.590368673095135,-81.05946956781034,-78.49693316909865,-85.34083382252152,-95.3383830764041,-217.69158167892175,-102.09180539221607,-102.4690666576332,-393.2260472103234,-164.7150018815464,-293.7299130162236,-129.01747152447112,-104.59442476101907,-147.90525309125732,-97.01167922775134,-119.98864019184003,-222.03853421728093,-151.34208628094373,-358.16925620333706,-196.5564328304406,-497.2541777657008,-620.3774659109323,-262.97987471153715,-652.5048182482535,-648.8998219790965
-1 2 6,0.0,0.0,0.0,4.88408382467982,57.381536384393605,25.773116326241414,62.58532380293944,-22.305440513875148,-5.0671444438984805,-0.004645534812560416,-16.33499945551756,45.91701713747313,9.650726572932086,0.0,-12.85777848540811,5.584346503652408,23.761272026063523,29.187556750057546,34.98287953158061,-33.313183108999525,25.088892094353373,18.808174502558273,-0.32133493889512216,-29.556572355366164,-23.102324479498336,-17.64734144830594,-4.606193399290992,0.0,0.0,-8.828100797397973,0.0,-21.287730948307438,-0.0,-29.648238771515853,-0.0,0.0,-26.38216048591832,0.0,0.0
-1 3 1,-0.0,-23.14782992042194,-109.4679056079132,-45.088784156794055,-209.04904252202348,-171.60556766444796,-226.57772513362116,-11.515121524106235,-15.858973131929885,-23.997575145909543,-16.898241345533307,-189.1721606717689,-45.97901731997147,-33.86936711619474,-19.67548152773677,-58.984998308409494,-53.6219571888824,-58.36580776293799,-68.40895248592699,-132.73356746740993,-79.02446352818924,-85.0354837819194,-158.0331239673463,-116.79629094130537,-146.02604425198763,-98.88813000793074,-81.28021609558901,-257.4227228804263,-75.07967438932373,-92.56245359494896,-285.794064273824,-111.78993016415285,-128.7203576914325,-128.98021113238696,-181.38511384455936,-198.8210332241344,-142.2814236165097,-402.20870674541266,-655.7882415018288
-1 3 2,-0.05491067224398976,-0.0,-13.02065338645782,-42.10001955024966,-430.68655847612837,-352.2585165260364,-456.6328321579975,-21.5140895685383,-20.62574463267088,-26.13541202685983,-28.180580232361915,-394.99041761510466,-41.974266319254006,-33.38617532081205,-26.618914638245833,-55.05010365363891,-46.8606327502118,-49.12230792958422,-56.029430691279956,-206.717887464615,-71.7544634645628,-82.96138056604664,-305.7107031873506,-158.68976123710885,-256.7898639494128,-117.20359082676111,-85.29185243839721,-0.0,-74.99761281733285,-103.61522572305428,-153.74351093629684,-140.8857470429616,-275.92514611164415,-188.28006542381,-316.4232989277203,-331.6696978055632,-239.5710426713883,-255.47529158072942,-221.9574791599469
-1 3 3,-0.0,-0.0,-0.0,-11.543547095629163,10.288818874207784,-41.77324359629875,27.808504097329582,-27.16397877820909,-18.723073843805608,-18.67470439051217,-28.071533327530002,-13.905437210430831,-27.50257471183674,-16.131245448733036,-23.88585019158175,-10.790784965796952,-19.171468288606654,-10.74727731347396,2.817684198806322,-81.46467781358486,5.045755639194939,7.694263344044333,-67.06420184655896,-66.50383096233287,-82.05970879977488,-44.66626041528184,-25.23015292037164,-0.0,-18.122395033154522,-33.83926472737403,-0.0,-55.01683308231212,-0.0,-74.13035193146119,-0.0,0.0,-81.02067978848825,35.51065760535672,181.36919295481246
-1 3 4,0.0,0.0,0.0,-0.0,197.66245369170812,94.70519334212143,234.8720666279798,-10.539512822941926,-0.0,-0.0,-4.944370126723249,148.28053052654926,9.24937118503244,-0.0,1.1727371495770997,-0.0,5.756194393116719,-2.7368505877865914,-7.838020794799893,5.3562143206255115,-12.344718991334984,-6.945690135305406,48.72067993636691,1.9630551881641514,18.810136982108386,1.4491058177153857,0.48348886304657585,0.0,-0.0,0.0,-0.0,0.0,-0.0,0.0,0.0,50.589700480787656,8.57576267033101,303.90474006670416,262.3604421067714
-1 3 5,0.0,0.0,0.0,3.2373966125459077,201.23244398680194,202.86829749410822,201.0797043136044,-16.924261978503466,-5.457139514951107,-3.332065795040362,-12.884377180614369,202.59325689820574,-4.643927731519259,-0.0,-9.72224419617423,18.466826120686843,-1.3916648943220995,0.47600967744494826,12.659949487734236,140.1000372310706,19.38463086375568,28.80459383114319,195.03247640835394,105.02931425341362,173.11653181935492,74.11680190921554,48.453762128800875,79.16859894727584,38.57265828246983,62.83739652762476,147.67926500941223,91.10718177636811,272.9523690966821,125.50551589322016,339.6768236099376,421.0434959325684,161.46497465403954,99.3253295272682,0.0
-1 3 6,0.0,0.0,0.0,3.7139666120007715,-9.021262589052455,15.518778416052335,-18.085373610388157,-4.731859120805543,-0.0,0.0,-2.4913203483327697,2.959804878269953,2.733077765114928,0.0,-1.0233808179952073,8.75724106105188,6.470030726387491,7.737084666914277,16.82364733229326,30.127019572310445,20.732084626370145,23.620954202589832,25.14093609073877,27.958549281899757,29.768324682480912,24.431476479059185,20.025786016351947,0.0,14.156553848429715,19.993908604023257,0.0,24.405695795659952,0.0,28.120427657451366,0.0,0.0,29.2793446504885,0.0,0.0
1 1 1,-0.0,-0.0,-0.0,-3.4313053314408823,-40.30738865526048,-21.529740807621508,-48.893030121510066,-3.3323453561520933,-0.0,-0.3217551594769447,-4.030046698719775,-30.325730261041844,-6.033035344911801,-1.79424383320285,-4.346933937940729,-4.980912879181902,-7.4598469311710005,-8.683998482829843,-10.351323986214348,-11.809498445596176,-11.250133778593122,-12.045922207798881,-15.789918864582315,-11.436876393364903,-12.941936947107497,-11.253254568623495,-10.830114832728341,-0.0,-6.022810496920716,-6.575837395774943,-0.0,-6.901823264898565,-0.0,-7.208839170468266,-0.0,0.0,-7.820482923913273,-0.0,-0.0
1 1 2,-208.25681276089327,-166.31242899797226,-115.26699212131169,-114.53115464119703,-83.0847409354293,-73.71430998711625,-92.78949591999611,-76.3780107311489,-74.66833794243097,-90.07645992844351,-87.08622559586692,-74.9972877507417,-99.49919994791226,-103.50501844240316,-88.8921058612675,-122.67614089186787,-120.07703011400326,-120.79448902516637,-126.68361782835927,-107.31125232826743,-118.46590320517103,-123.7025206730642,-81.03008057263031,-118.16708976863792,-93.75131789990569,-124.12479526107951,-124.81967966362252,-91.89666333943397,-126.63858308584034,-127.204339429614,-104.43647271890751,-123.61166285258307,-0.0,-114.07234107631423,0.0,143.39539097842274,-98.66187058762911,45.63972773746106,47.12938927934579
1 1 3,-0.0,-0.0,-0.0,-59.16310885752229,131.56729882987008,74.86645177653567,151.7596877021624,-24.57862582190989,-28.97205643574024,-40.6229209430685,-31.91005825233965,104.67182998001525,-61.830767080385755,-52.42014580096644,-35.8449874722864,-58.96483625075009,-95.69744976252191,-100.18756083637007,-98.09770710615292,1.9242706275084573,-87.54982798529453,-83.60208457904287,46.96410862711427,-17.44970975569647,23.02048552039011,-34.566272972588166,-48.23158852756864,-0.0,-51.66708446034888,-39.14812518774461,-0.0,-22.56393335167918,-0.0,-2.1606729487965035,0.0,14.943015256077535,15.53667949598238,0.0,-0.0
1 1 4,-112.35645116703267,-131.08220598700854,-165.56145477479666,-78.1008737683302,-513.6619969189479,-415.8065553592379,-554.3996926927666,-60.43031258789638,-47.293532775335734,-55.00263757422135,-60.88465842691123,-464.32301095673625,-52.179683648176,-63.30792605782267,-59.61914059799843,-100.74899755919418,-91.13767569256542,-87.396908642932,-84.5191281373445,-291.46255586252977,-100.29653235487562,-127.59370986192334,-373.5138503218587,-244.28411456393255,-334.03031166644985,-195.82427831431818,-151.19545970445128,-217.88074230966168,-134.78159917966485,-178.78351179865444,-255.50712696441687,-226.3429874040508,-274.65512110077714,-275.68427482405696,-311.9262173558498,-331.5547788137184,-319.554127432681,-332.14134865449165,-326.4683007159477
1 1 5,-0.0,-0.0,-0.0,-0.0,56.00053758563089,-2.756742346137067,85.28139594265456,-27.455930434777358,-3.8621143907934363,-0.0,-20.399901475919773,23.289908174892368,23.21960270618671,0.0,-14.649267238132119,-1.5816482378043317,25.24668294861471,15.735892541938805,-5.604695808853671,-13.689758160074664,-22.28042448953222,-36.41576395426408,-15.386692489964766,-10.803525227964219,-16.78552215796843,-9.22662372663519,-8.05172400930458,-0.0,-4.059510949201713,-5.523118854172343,-0.0,-6.247503634662102,0.0,-8.60023316022045,0.0,0.0,-10.465498496429035,2.9382434141476987,36.96561813041691
1 1 6,0.0,66.62529794204498,192.48262508008693,29.9543566302972,277.30683523353855,295.5536173801837,265.21564349614755,-33.27502845198353,-10.555021161743257,-1.8031350495326877,-27.381912212441854,289.6203374795435,13.472128952898057,6.206764009717804,-21.72834146696009,59.54072431956429,32.636198951885426,50.34173119882411,69.05680965842527,231.09414027262173,75.86490632284031,91.95758548559127,288.46775691704363,189.91768817393253,266.0033970987481,148.46118467461628,109.92168355865105,278.6446691168038,93.89630357593158,131.5938208167063,409.4068112189151,172.141186614802,365.7224623062064,214.53363341684,301.8193959603239,203.50538660107435,252.7918184670457,331.9931487691812,425.5118065145683
1 2 1,-0.0,-0.0,-9.192385644871042,-30.871341126451803,-281.4199487769332,-217.83151678150685,-301.54227194192003,-21.267032368411517,-14.3710709117755,-17.69305691639559,-23.56096355896398,-252.71754949374633,-13.61394795242256,-22.757824434027484,-20.227766159467517,-40.93535148806054,-20.924593128138866,-26.51867603266458,-36.442382024771604,-117.70951442365433,-45.367588229171055,-53.39742430620117,-181.6669906729324,-92.34594462627733,-147.92351037315183,-73.0345610056807,-58.58573016046089,-65.4785789941556,-52.63340441036297,-67.13217250242032,-125.19156074098139,-84.45718216876672,-170.21144838251203,-108.41133198672016,-133.2710026044418,-143.2100916770558,-137.5250682766723,-143.55785164765626,-275.8020872197157
1 2 2,-0.0,-0.0,-65.7240417951838,-43.69264471827187,-205.85672622990631,-220.61791257081742,-195.1837957606326,-29.85744202391623,-24.00399283085542,-29.11734044047548,-36.06666683757094,-216.05356907671708,-28.489947785714875,-34.681666349572644,-31.73335929415779,-61.245869392368334,-26.433874766893958,-24.15790672063225,-40.021929671219276,-180.50390632719512,-42.933586017745,-60.85540375043672,-216.10803738861182,-153.01327225474623,-202.319917827509,-123.59754751925757,-95.81876459259277,-79.53849674085649,-83.97729924778642,-111.27227763439028,-94.80693223596012,-140.48754402209622,-142.6851574679151,-169.79571179823142,-183.48917257319118,-278.4362172951697,-194.4343695181237,-307.65803563363795,-254.54165922177214
1 2 3,0.0,0.0,0.0,6.088602701383184,148.4915855052412,124.8594188347876,156.78887679356967,-25.6151525487215,-10.646718723817132,-6.524617851073744,-28.906006461453167,137.38539919278514,-4.979203153400956,-0.0,-20.940770960990793,17.32534265589333,6.37696713898225,24.02953448598759,32.540788992105405,80.31128503299938,45.331893240860474,47.040027792910294,112.03315032513542,61.12707443875175,97.77834497758225,44.49588810776679,32.58425284842481,0.0,27.435175878627984,37.965752526792556,67.02729388142411,54.259342806816235,0.0,73.60956006708317,114.91111554671913,124.19330408123035,92.1025423034036,216.97936835957523,227.12411758524686
1 2 4,-0.0,-11.086566726014228,-79.65162930145013,-73.64681189417435,-207.06880633470004,-234.86574907492027,-191.92651475468304,-39.13411509043318,-31.633668247155697,-40.9777327227722,-35.16828541060184,-223.4078155131972,-47.483641264045005,-54.104359136879474,-33.21582309992435,-98.97468424261034,-70.66711370896098,-82.25709079539762,-95.93169690144683,-210.86234962118672,-111.37647133210481,-128.62785054335157,-236.45585355717574,-189.92269136052533,-227.48420625600934,-165.75364988118992,-138.67815120322996,-166.92433445066,-127.35052866751323,-155.43032924726384,-203.65409295165736,-181.18542558806115,-261.748846418086,-203.88275744138463,-273.3862348478722,-265.558781095359,-223.27602473875004,-244.30690995778968,-237.44068441680233
1 2 5,-0.0,-0.0,-0.0,-26.592667506873582,-50.02319772705519,-60.63862632178892,-46.850459152779415,-45.20537103856119,-29.53703655159655,-30.67179382097119,-39.927533388653025,-55.16179309810203,-24.996641486956698,-28.190229520585632,-38.30406927789962,-24.756024295362273,-25.769815309183297,-22.329543789608135,-19.687860221310217,-41.84694858001323,-27.68698283210107,-25.813100961615472,-61.86941883206906,-29.498313909386113,-54.9711562717327,-23.62556462202229,-23.857321106355364,-0.0,-21.544169597324906,-19.616143663339535,-0.0,-21.476405655119077,0.0,-32.84339646511883,0.0,0.0,-47.813594989311646,0.0,-10.805844176098212
1 2 6,0.0,0.0,0.0,14.249306725608657,-94.72596379250767,-54.097853521005696,-110.35814214466538,-22.745710113471027,-3.8844765386980153,-0.0,-17.239752020130904,-75.04224439220843,16.75426248284085,4.740726338223257,-11.85839075905297,20.429465780631197,29.403980066062267,35.206739882384014,47.31045129991164,2.9037355154768894,44.57570660579988,42.031627781011714,-33.67454635470931,14.769540662092474,-14.124557887513484,21.052036758466866,23.568177685184928,0.0,21.7948252386551,19.15256837583162,0.0,16.55343898183319,0.0,6.704396854076955,-0.0,-0.0,-4.148596641017903,-0.0,-39.9584511400214
1 3 1,-0.0,-0.0,-0.0,-10.461269521308118,-167.70509246258788,-67.3385089273799,-205.6167980376416,-9.006150954867014,-6.861097634302269,-9.372522782400639,-11.112217110151047,-118.4949550584667,-23.166299830371635,-11.00645114970155,-12.604927179890284,-8.56379794366162,-23.63990682502023,-22.14641064053071,-20.90532124010481,4.217476779205743,-18.09186043882082,-13.350699941258094,-26.703838210003642,3.1249809237386277,-3.5533309480266517,-1.2553887086459514,-5.8785568014866385,-0.0,-5.76923978088713,-1.4510196747589896,-0.0,0.0,-0.0,1.722449996987406,-0.0,-69.65409252035388,0.0,-347.815021422939,-318.45415550734816
1 3 2,-17.364387846119694,-84.94740207278474,-85.5260347725179,-33.8225294731029,-89.37411936217995,-64.4405140099006,-101.0412421900118,-13.898861840051335,-15.611568571630531,-21.592171345035496,-17.668094708093637,-76.18630313333236,-43.60483434640516,-28.256806743099126,-19.813914882503585,-38.244553987265554,-43.36199878157854,-41.899329196688306,-43.81971442901453,-42.99383637715872,-46.74400104425648,-49.32732110176643,-55.22836890325756,-40.64622502670622,-47.99267440625697,-40.38503119985931,-40.64015162875858,-77.93057159836488,-41.82121965502269,-41.83263532889372,-0.0,-40.252283601594165,-0.0,-41.5154870963734,-0.0,-0.0,-43.69062034219475,-0.0,-0.0
1 3 3,-40.40461129122484,-0.0,-0.0,-44.986890315229324,357.55679712819295,273.85540806871813,383.8964717662611,-19.066661383235793,-21.435528666087258,-29.31805873047338,-21.361155017888684,320.2807981678559,-49.574898882619294,-38.012388261264064,-22.832355449384433,-46.58826921476853,-54.33204240545101,-55.266654889245,-57.700550465932025,104.88889861223271,-60.46158577161984,-59.16037992569443,221.12272289559874,48.77056841039473,164.01015828578747,2.47868810624618,-28.5103465652606,-0.0,-36.76179515630173,-12.050098059105663,50.57045381957412,25.83236458795444,102.60180296551619,79.56913073231514,132.14821409137767,301.2981623580978,138.92724950276516,419.55927387627673,427.711514068666
1 3 4,-0.0,-0.0,-0.0,-11.903443230324037,-319.1870968156307,-228.85980151196742,-349.0347616354839,-10.532535632296453,-3.911210751557188,-5.1564816566937255,-8.585773190198541,-277.51692573610563,-7.966646494193193,-7.34985320895593,-6.984428841893241,-20.258799803847488,-12.616316019901552,-15.684308696986548,-15.885785730558688,-117.88726337279364,-19.17138074006287,-22.059929562027545,-182.43428804147382,-92.94812606335014,-145.61523632241415,-67.52129932981669,-44.52043272650247,-30.53636869406263,-34.07339678066889,-55.93570221353251,-192.58889756197718,-83.32577373185289,-122.71126877875551,-109.54919280905854,-182.70903885996768,-362.79105302565296,-136.0928953266774,-391.86888434669214,-489.7523845311852
1 3 5,-0.0,-0.0,-0.0,-25.801072851488602,-119.84152784429978,-67.4773005147779,-136.6216802055155,-17.99834339702587,-13.94320091591462,-18.12049002091792,-17.18782178085844,-95.64512699209733,-23.31951920134089,-21.71480653798287,-17.1158356836454,-28.58905986041179,-35.73797151706416,-41.664886349495184,-40.93766174735915,-32.12701482829546,-40.03213208079126,-36.46019943013289,-43.761817137815385,-35.39072548496296,-32.2371096867471,-36.007501327585416,-34.13281404707084,-0.0,-30.264033451845524,-32.33097569335896,-0.0,-32.77127375778091,-0.0,-30.63973828805162,-0.0,-25.13263851349069,-27.688615621292662,-187.54620948372013,-25.165886043937927
1 3 6,0.0,19.306258099769366,69.68180626927818,25.19632883145983,101.38827390966003,50.52122629367043,123.10633464029705,-7.0847512980227165,0.0,0.7826096645837997,-4.671326888884764,75.12258968660873,13.219515187869767,11.121944587132115,-1.424929676366528,42.270561692716164,22.264006318784507,29.674726383454395,45.66517332633932,35.93692479084726,57.91076601404862,73.06619881935904,34.03367448135381,48.50429299025363,29.269404419015466,58.10725577341614,58.255794987752445,25.159155937959323,55.78215096865443,60.4122060607718,6.384586016124288,53.727189034219705,0.0,40.53285395486454,0.0,-0.0,29.55687657924851,0.0,0.0
2 1 1,-0.0,-0.0,-0.0,-0.0,-121.71957897824154,-149.05587277376148,-98.55847124350254,0.8799326708540284,0.0,0.0,1.054972584094201,-142.59859211843073,1.8866596519292684,-0.0,1.4291252960014167,-4.142122406725926,-2.0312816984467608,-4.393363189106333,-8.328843173360085,-75.8418987562016,-9.726782493240773,-11.438632716129195,-135.10880924000608,-49.83135718302785,-106.89429609215934,-31.159648637545004,-18.78196777476008,-0.0,-11.681647098377908,-22.757293931733894,-0.0,-39.06801430341456,-0.0,-63.577778997265675,-0.0,-0.0,-94.70379567044891,-0.0,-0.0
2 1 2,0.0,0.0,-0.0,15.827099716173393,-46.651306260218156,-88.68111085762904,-20.010843778699318,35.94397771753092,24.772657182162327,25.299946833821163,38.83807768294208,-73.29967949802509,25.865659854920903,22.06684758505498,38.05758161319769,5.856972933871856,20.021832128497326,11.903845465966956,11.346196752965854,-58.43219164859967,6.221030317004997,5.672365542822976,-87.38725301933762,-42.16947065443163,-74.65016778620698,-26.038809673475633,-10.351261948411585,-0.0,-1.6080701968433193,-17.159004819774555,-0.0,-35.55144891357004,-0.0,-51.97600468931087,-0.0,-0.0,-67.9260717975565,-0.0,-0.0
2 1 3,-117.74816900755097,-103.52824382400645,-90.87544934473871,-91.36134406279503,44.11033465880898,2.0532380772593926,66.14550042341159,-89.10708779462084,-75.63108368222346,-84.82338476276358,-94.81766332738927,20.212532985144616,-81.11775076638911,-90.54272656099522,-94.97749433434484,-85.19004648038911,-88.11572126767936,-86.07130356909694,-94.24529793187044,-16.197319925810415,-93.40319634635955,-95.0994785241851,-6.7486864879175785,-28.165303272201236,-10.434212969799571,-45.73552152123494,-64.67242282100482,-49.00766035299184,-70.77805043641433,-51.69903096717165,-33.19146607838193,-33.41759721882764,-113.02982813630986,-19.233648729244152,-178.80596681814464,-164.10794276223007,-12.819249865143377,-45.20525383526392,-3.993294525751894
2 1 4,106.30396499662798,139.06157607548556,128.35569725689234,75.46764892161401,221.62949173549524,206.16284073874024,222.51681202207263,-20.258872562370893,4.4753248989996335,23.14965746137381,-11.683742307042106,217.24651125055058,65.68364509246842,49.08965149652929,-1.1043275004666002,97.14445597407197,96.60072079531297,116.35394670218831,133.5171408784861,140.35917989980246,140.66015741682656,149.55726265971745,186.91735786407583,125.9551449798107,162.62743900802693,119.03769599143666,113.81185782466869,109.41815282803597,111.22242494559612,116.27660491924266,108.05904579295631,120.19684044758087,212.64102356073147,130.98228002457338,288.2560772349747,251.35363742691558,151.803726198392,171.9701546972256,177.4748522238491
2 1 5,-0.0,-0.0,0.0,-33.25267071299563,-87.86115645424236,15.916442199866625,-127.13575724907915,-37.8885204801723,-25.28480376728194,-28.189764875821748,-35.3964922927095,-36.4616343389044,-23.495435990522466,-30.22032578032528,-34.91564886355483,-33.171167746685285,-32.65546686503169,-41.34655212233865,-53.03542484362078,47.160885155201036,-57.68271375696486,-54.8895301271651,52.307799444957624,20.75879654296117,61.73114518543688,-5.426742176310626,-24.162570851304526,0.0,-26.40605494028865,-9.967209632079575,0.0,10.497255092405942,29.743071098615527,39.71330581777064,0.0,0.0,60.95711527403985,-0.0,-261.09306542994324
2 1 6,-171.78999767730866,-212.6290820253936,-244.7814318261005,-65.89476417957518,-511.34222485784306,-457.77724420903047,-527.5852320413411,-26.807534612070018,-27.6714040261756,-37.896538620679586,-27.763705130353358,-488.4683503441716,-48.981812046248464,-50.28888365448724,-30.626907424017187,-84.73431248323702,-77.21914449449348,-90.11312889053725,-95.24742814073649,-289.4269260977473,-96.86064717846605,-98.39246310373254,-415.47633709904693,-220.92324310151076,-358.08966104799146,-163.81843368215786,-122.27583619688254,-225.113653345328,-110.61778098934565,-147.7407605428869,-337.7323558467777,-196.49932045220535,-555.4372408995125,-263.07025830379706,-578.031690513473,-521.4488427720347,-334.77942678654074,-628.586380728394,-335.3733152983914
2 2 1,0.0,-0.0,0.0,0.0,-78.11697707907396,-67.48736668327435,-79.56360824498138,4.91826914025208,0.0,0.0,4.929293505236767,-74.56743152880601,-0.5265129095908365,0.0,3.9349930386440786,0.0,-1.0563936870102468,-1.7054752285433799,-0.3941960548289685,-27.84138211498056,-0.6940911360055266,-1.8497194164721904,-56.28966522466173,-15.852241395389882,-42.195496181081744,-7.700486250642104,-3.214048896571516,0.0,-0.0,-0.5343233209929372,0.0,-6.871961171369379,-0.0,-17.703217601742242,-0.0,-0.0,-32.52701765678087,-0.0,-0.0
2 2 2,-0.0,-0.0,-0.0,-11.784048013112393,-69.5027326191563,-71.18844355954022,-61.68416497958762,0.13795404514564127,-0.0,-0.0,0.8007933477555604,-74.45646296604599,12.399119905070332,-3.0089927276425494,3.941733321286327,-22.066371044193957,4.670964096794607,-4.061208161360043,-19.02701458429636,-35.72708970418852,-29.261867662059426,-28.43385276056173,-58.99108957217672,-35.14940579331323,-44.42359802135432,-37.22839709079233,-35.09566103323298,-0.0,-30.764916405386558,-35.910496170757646,-0.0,-34.5801103085138,-0.0,-32.519457690701344,-0.8695407564765599,-0.0,-38.1263764898378,-0.0,-0.0
2 2 3,0.0,3.283709484669728,63.79404494557914,52.480806535265295,-269.3545592584873,-110.51085632827221,-323.2968693590797,-2.932187071620184,3.9307375915847915,14.333123184339893,0.14830430246357998,-195.35742571386479,20.20440972664809,30.80554590742991,5.42386967824696,74.39839567497347,58.6175864390022,83.41438899163484,92.64955726538214,73.04121628613039,102.24424044488859,112.65369920774265,-30.459442769489435,95.5693371424237,31.97373741367677,103.12583644779684,98.14900115544118,47.52391059293776,93.16967718224936,101.28894431516088,0.0,98.25305205692747,-0.0,80.83168760283294,-79.68602050291197,-219.79862321478205,47.826160010944164,-328.01269649352196,-400.8408126666045
2 2 4,-0.0,-0.0,0.0,-11.844884371684124,733.2660101322352,547.6203121909151,792.1453265997734,-23.847555450301925,-15.449972104917055,-17.255490369760288,-21.950649275114536,649.8482236350753,-19.901970517995757,-16.823505925424243,-19.879506461515195,-0.0,-19.37495802401852,-17.921978558661987,-17.5086512916275,238.95880086207254,-15.102876058897065,-2.1265766291454984,438.1516434235004,159.4113501725856,332.80573011848594,94.1920969516613,43.89807324540805,142.62600227592966,24.477012950327353,70.63794842002655,259.1991496179745,130.87072331208321,322.1957548157558,205.58869204409015,476.9868126077688,599.5919400690847,294.48641416767686,658.8065134598716,840.6094681076714
2 2 5,-0.0,-0.0,0.0,-22.26852009720583,-118.08399015707826,9.309004993354637,-167.31263679825207,-24.01274218211083,-18.42394433079137,-22.00220697146995,-23.141272767597574,-54.79275076174401,-26.406021815469508,-23.42292120419756,-22.808378905308384,-14.124718743915887,-39.47745789036577,-43.106622845254385,-37.86228572530183,76.36036549214906,-30.247307870382198,-16.18044280598344,56.93164745135034,58.26134739781704,78.59397557516164,33.101990493995814,8.47796780133844,0.0,-0.0,18.9963878764132,0.0,47.120166390646794,0.0,69.35107828492086,0.0,-0.0,76.8742450321052,-0.0,-2.8711438355475565
2 2 6,-0.0,-0.0,-0.0,-42.02485671271292,456.34773489817434,297.81428105283834,511.2589155126668,-21.868589307718484,-22.3849431434868,-30.132553564548292,-22.956819842905336,381.9558159433903,-43.08598264649755,-37.195537053539034,-25.21019761428933,-40.3592905326862,-66.35857884504355,-72.79839534898129,-68.82547947122261,90.36789659333161,-60.86979991474855,-49.85625212357484,217.72567251341982,40.4598449482079,148.97604113900982,1.4139620647966415,-24.790728060349185,0.0,-29.53607437652918,-7.0701391148022505,105.67327928124156,22.69985927204244,229.67113976439626,69.63660954285426,498.88998156062473,552.8309220422614,124.60712414137046,661.2299354836107,758.5707157476767
2 3 1,0.0,0.0,0.0,23.700927043165255,-40.64831456523912,21.500989235559693,-59.09799835290514,4.2405090049156104,2.407927145811432,6.904210443496301,5.148978315052098,-12.931795326779467,12.798780281596112,13.885143601300298,6.07782155484017,34.298480268727694,22.95093978804282,31.127117527366554,41.917359894570566,80.63544512286497,48.139771115122045,53.77685378719118,54.12682307569539,74.80547443661916,75.05667468565476,64.11454283920182,52.760786659535825,0.0,45.45351924036119,57.18950551262179,0.0,68.75259307506465,0.0,78.56717622774794,-0.0,-0.0,78.17478438900439,-0.0,-0.0
2 3 2,0.0,0.0,0.0,36.45527648256624,255.59071759793494,125.82494407674955,301.52176333497687,7.952253157707133,12.090474357568448,20.308404968617076,11.156564120238453,194.1620820812302,37.95059181039319,29.313655379971998,15.272489451882718,37.02643400931601,51.1240915690945,57.77508531090576,63.10276482194165,-7.13417549993152,63.41777164680626,62.40355278422763,63.29090727848741,-9.081304279325416,17.115013830379063,5.290310824683034,24.298175802340154,0.0,28.94337207490168,11.421856280059718,-0.0,-2.0331840344402514,0.0,-7.604770674153345,104.2269772606951,315.79796310017156,2.7761077724908563,453.6371403683472,531.5051395173782
2 3 3,-0.0,0.0,-0.0,-1.900986077524722,164.87076378508834,64.63791982036423,202.2164862803856,-1.479285602493696,-0.0,-0.0,-1.3586536121300483,116.05068556567188,-6.032861376234274,-0.0,-1.4998049149832242,-4.410136068347572,-7.426051662802533,-7.5910783437917155,-9.539478713225797,-14.813614127931,-12.461850262190934,-15.87377583109809,22.57255503519824,-17.333040216123447,-3.404506354052706,-16.017033803262603,-13.498547757069396,-0.0,-6.963799323894236,-9.41054039326083,0.0,-12.34774256755,0.0,-11.91153508846553,0.0,0.0,-4.615848854652329,0.0,0.0
2 3 4,0.0,0.0,0.0,21.393626619166785,-266.6553887059604,-253.21138424889403,-261.00103121642496,-7.758781597010758,-0.0,0.0,-5.500509113699705,-266.9688778156697,10.330831941358875,9.385202884663018,-2.6833236020582465,31.90852589547679,20.334939171952183,30.406014145165493,49.62585082843613,-96.37510290218064,59.81079395093156,69.12323160736949,-218.4572779115714,-33.87798509205167,-163.02204753246806,11.282174864395445,34.166363973694104,-0.0,34.909960173161075,20.20159902565096,-49.09055924855334,-10.495684278160835,-181.16821548026184,-69.4083309048738,-349.0911351541829,-434.1557845279382,-135.83313429081957,-312.5868792025298,-513.7992844989061
2 3 5,-0.0,0.0,-0.0,-4.939575351759755,2.0854427318566504,5.701213562096846,0.014072655853228424,-16.304997903996874,-10.777530008677127,-11.866137389802645,-16.068536106930747,4.026340902959943,-17.07217941800822,-10.041721953636682,-15.60110034853757,-0.0,-21.731358883430087,-19.057724505047553,-7.215816662971177,19.07398851636667,2.5871088109754643,16.82425196536182,8.368011169628762,22.927395897396057,13.225908835602539,22.18810135215741,16.051907479743598,-0.0,6.714978152521338,15.200812285879978,-0.0,17.998015208612742,-0.0,14.951432551311157,-0.0,-0.0,10.07899206317934,-0.0,-0.0
2 3 6,0.0,0.0,0.0,0.0,136.28350269680212,64.09605281146825,159.40319361763912,-4.8717449667337,-0.0,-0.0,-3.716951104849718,103.3453875228762,4.936723659017016,0.0,-1.9044110519845103,2.055508952074203,2.405364949320074,2.740790880933546,6.904009172187646,-14.552704456157484,12.067410283406447,17.767987733363743,26.47570699770122,-14.271476752555744,-1.2276502724492517,-6.350915356141791,1.5129744652710193,0.0,0.57132803771527,-0.0,0.0,-5.837425980093202,0.0,-10.552694416791418,0.0,0.0,-2.8673971087720616,0.0,149.61638156996355
3 1 1,0.0,0.0,0.0,0.0,10.93904543431346,2.520036927679712,13.742277010757284,1.7991286870985825,0.0,0.0,1.9133755265697343,6.993214711263258,2.880157863408925,0.0,2.029497455141817,0.0,3.74756387272948,4.14643122739177,5.117991694603707,-2.0261682524926976,5.460367273309697,5.427900374639172,-1.138399387456665,-0.05692855963420954,-2.710991625257091,1.9578829859808489,3.260068978540878,0.0,0.0,0.0,0.0,0.0,0.0,-0.0,0.0,0.0,-0.0,0.0,0.0
3 1 2,0.0,0.0,-0.0,0.7993170054729682,-93.6698542326241,-176.53930147988365,-48.747861508985025,4.498193738741429,0.0,0.133215621392002,4.582748399122454,-142.35648447919266,5.529629483639832,1.102005767279599,4.993055399289733,0.0,6.711310624959422,6.940766238245556,8.65301656767179,-116.17734731351212,9.663150461864774,9.961219550041424,-181.56447615920882,-72.39984614723146,-157.44965921236508,-36.63422488009518,-13.048767901166661,-0.0,-2.103921909119404,-21.701261619047383,-171.03052076511713,-54.46991657758079,-569.1469056152025,-97.7833742851929,-498.31461370438996,-92.96219826441946,-143.1976900620478,-0.0,-0.0
3 1 3,-80.26474075331453,-87.99925508084984,-109.03227831145932,-30.167664931620234,-337.7066301093202,-285.1470687710712,-351.9940201259351,9.340710046777327,1.0356069035748692,0.0,11.075663243716848,-315.2983847858243,0.07885033828145292,-8.737375581758316,7.749142608980275,-59.636578991710266,-17.27242021723442,-36.76187379950254,-65.81423886031101,-191.04642432179853,-88.6805052999552,-110.27185545506113,-251.36296556969452,-165.17563986556019,-219.2316981058497,-138.25301675027194,-107.98299975975249,-113.68444531001639,-93.06181422886326,-125.08475755149435,-98.85355572920228,-153.01207274065115,-194.1233714586706,-179.07030263861182,-254.0459502013416,-246.9942688274347,-206.49871591366184,-329.5076813184775,-203.94399387933478
3 1 4,0.0,0.0,0.0,35.60136589676,104.4779209548962,56.156364321857744,120.13864463226324,0.03333537103648967,6.110867671119525,14.670393372657854,3.786052517568794,82.22642883286841,32.85216586684821,25.31557667233934,7.957020199751262,40.900463795388475,44.170770032244086,50.04365226690603,57.3741642748555,12.996710774715762,63.623239785349234,68.24158976090511,32.53256118148554,16.79920103094714,17.525469173967323,25.67034231309375,35.524641455338504,0.0,37.33517847830341,29.2503319668136,0.0,17.49228079985476,0.0,11.633129712886932,55.743559038907115,44.68815374114657,12.484509546425441,104.26009572679045,15.108150136357882
3 1 5,-0.0,-0.0,0.0,-12.978329092470029,-126.8581793772165,-94.06721750627648,-138.53657470576115,-18.4868640200751,-14.560248588482013,-16.888321687373736,-19.009221075621515,-111.58011925363266,-25.93870721355512,-16.447337789363765,-19.64826879292685,-8.074637268171285,-34.83853268663233,-30.90441363111381,-15.191678587082075,-39.4454346862092,-2.26880614260668,10.876236421407311,-75.40511600788622,-25.154036302211246,-56.64785732043035,-14.786946763026263,-9.498562171564423,-0.0,-5.737731999238192,-8.25592315612868,-0.0,-16.671330937815277,-0.0,-30.456731138323253,0.0,0.0,-46.61009674665252,0.0,0.0
3 1 6,-0.0,-13.917951490743508,-1.9279904675145585,-65.17929745714294,-92.83132500655897,-116.57497023091037,-78.4869809071491,-15.238968755032076,-21.66175537530017,-34.11462446902357,-17.911920355175184,-107.55849325475012,-53.45398011868253,-49.541964817420954,-22.84095218101596,-77.98340069384975,-84.6945482786504,-97.10440547043746,-104.32970423808992,-100.7486845561403,-104.61005192894939,-104.02377246221297,-116.4341111442631,-94.07465070407241,-109.4921855227865,-90.17846544998672,-86.56135151500904,-26.78176094159861,-85.59638566311882,-88.51866363959306,-16.92354552127658,-89.7517138159284,-0.0,-95.18773941535981,0.0,-0.0,-102.71169517013605,0.0,0.0
3 2 1,0.0,-0.0,-0.0,0.0,-27.83390548819147,-59.2081528989559,-11.010123613168329,2.707831416905453,0.0,0.0,2.977361423902562,-46.12872855844507,3.6353592192010304,0.0,3.1828635521295108,-0.0,2.0047371504583507,0.5144444044793072,-0.9659262701546889,-41.852739142488105,-1.8384791366731776,-2.4566261497264557,-61.922456831414685,-28.286476399845913,-54.65945128050882,-16.970944174464094,-8.877571998089477,-0.0,-1.880181490855433,-8.969453152449853,-0.0,-19.651757827730677,-0.0,-33.277630469730404,-0.0,-0.0,-47.33788896502352,-0.0,-0.0
3 2 2,-0.0,0.0,0.0,1.733373882255541,4.133589641687861,114.15541390727145,-48.231704398553575,5.686034380948865,0.7407573006184702,1.2665633498280224,6.625138062472776,64.41350032164894,6.875837379517342,1.140215507522542,6.503228466771261,4.1901531257458124,6.436525147041164,6.612003208167232,8.547843276836694,101.43743626667082,6.945489529063561,5.258787034687859,136.62104366637953,68.31390332195583,128.95376870335963,39.947374691132325,20.800615268461705,0.0,11.366605999242784,27.550237776796386,0.0,52.99724466368816,0.0,86.10435072090374,73.14228456211492,0.0,118.15689921550356,0.0,0.0
3 2 3,-0.0,-0.0,-0.0,5.317934270073109,99.17469218005701,106.36870967860774,85.80381735767487,15.0378970500973,9.997321232073594,10.864057562541477,17.142508701869065,108.8853787821596,17.848425803455775,8.908387033204086,17.240045583860482,1.0992158129184673,12.989413276134345,8.567887490617203,4.93105023946522,39.0199847585821,-0.9466666423120457,-8.067661016518398,88.89279686602181,21.147593119035257,63.24866453802277,9.79380615947677,4.263520216450976,0.0,0.0,1.9582708994406404,0.0,11.70969350722174,0.0,26.65360539928682,0.0,83.92424815503121,48.7501936637992,45.224663614204395,0.0
3 2 4,-0.0,-0.0,-0.0,-13.63270024812417,-207.02076434794378,-198.989584130431,-206.96715213832994,-7.755532268803397,-4.26516791431775,-6.46706944566135,-7.584187089494452,-205.08210410133063,-14.990286861084671,-9.13346253594599,-8.35093864531433,-23.68819576515114,-21.898100679088113,-21.768009594108463,-14.8301426588541,-140.81494468359242,-12.749015266210918,-15.561053758267263,-186.85766636204917,-109.17377921722239,-167.5111364438803,-77.65310772127253,-51.182452599469784,-101.75908199311863,-40.73334875120713,-65.39059399707759,-211.98025354270285,-97.27191319947127,-85.77565225711082,-130.4988904760812,-22.089064042693142,-262.9721848277614,-158.67689484118338,-447.7683477101307,-455.0527908920093
3 2 5,-0.0,-0.0,-0.0,-30.242659462371147,-200.01346330306404,-143.25825000020617,-224.35860828330567,-16.52944657612335,-15.592771993285767,-20.885745815106535,-17.69284539804291,-170.88079083902227,-32.17247858363868,-25.669623819138103,-19.449426767209825,-35.60009151619483,-44.62240764624977,-45.780218171158,-38.941573940520485,-91.96303921669436,-33.774854646777555,-29.06731553039362,-121.74991004319621,-77.05860452639764,-105.88328159528315,-61.73651330807526,-48.63968435286963,-53.870549935611635,-43.35665056107354,-55.844691300080086,-65.8988072231535,-71.16256539335664,-279.00191622518355,-87.56749947737835,-425.6812437132318,-256.77524504158373,-101.68275108341199,-70.8251584706131,-333.5967521344865
3 2 6,-0.0,-0.0,-0.0,-35.254647078299016,282.34363230363243,205.8878077297813,308.40085772931667,-7.504552591220704,-9.400746327668584,-16.99061901902813,-8.832379612632748,247.01630653625838,-30.077917770704826,-26.341156212176674,-11.559270960984984,-39.557495609804164,-49.437585087992694,-58.08988051375161,-63.91649363282809,72.96740294217715,-64.77184911203643,-64.44002681977061,162.7940356928567,29.14415794913787,118.57703300650844,-6.752085388742161,-30.14591277340604,0.0,-34.15942447862746,-16.082243452722363,14.944278640217046,10.306195402016932,357.862999739122,53.14273496969351,391.1576821878144,290.17574353566897,100.83958679859009,167.17777893781107,0.0
3 3 1,0.0,0.0,0.0,4.424746256967074,94.20255812911851,100.22265943190558,89.34503835214021,2.389083891656712,0.0,0.0,2.579609425089005,98.77377116597962,2.085026294171564,0.761834625297361,2.43504474457597,10.051483763591602,6.1090131984761635,9.300638377053186,13.682053412231483,71.19104902069661,15.963351542884382,18.140061930891683,96.07410409014663,54.86552659113708,85.85322680875817,39.481316619267915,26.742328699024466,0.0,18.460921932399646,30.331171701502647,0.0,45.89009289234448,0.0,62.87441656125557,0.0,0.0,78.14470915772367,0.0,0.0
3 3 2,0.0,0.0,0.0,5.963288626538747,140.43368898962578,115.60034720189836,152.63676143846126,3.0027078054955956,0.0,0.0,3.28649277508557,127.16864412613725,1.1589686522107678,1.4677641440557225,2.9377226463587145,12.474161159010285,4.498628733196414,8.480299121940686,14.986072712689309,76.12184948931309,18.85889076965373,21.73444512903283,104.9521609940926,59.09347079135009,92.02276357424967,43.04358824512602,29.62602538404438,0.0,21.36398591495652,33.574293350001916,0.0,49.74133737767452,0.0,66.65534135130436,0.0,0.0,84.13413539258295,0.0,0.0
3 3 3,-0.0,0.0,0.0,0.0,391.7352518878902,262.55912824633026,435.6687403916237,-0.36644877521619346,-0.0,0.0,-0.1351994547393387,331.8562715276275,-1.692169461761713,0.0,-0.3341678090585215,0.5393865036871504,-0.8617835015698275,1.0915033347742455,5.52429318026926,81.38091025837818,6.976072784460885,6.99375856681096,193.46356533405717,44.389128894225124,131.80551171130014,21.327806941334057,9.757525718662096,0.0,3.475421382295385,11.622029501110866,0.0,30.68922940043658,0.0,62.737397152867196,0.0,323.605057508895,108.50843574466998,886.941558200963,1057.0425310543042
3 3 4,0.0,0.0,0.0,11.928093240438013,-113.08992768208408,-82.37922101296967,-121.1068950484704,-0.03029322254559372,0.0,1.0501074725985544,0.9065294247418288,-100.11201562613994,8.59944716408468,5.971430445658609,2.210005050879736,16.43803571590291,13.502031984990333,18.916976848246282,28.171796262789265,-23.77951741908277,34.31225384871092,38.49512450272363,-62.47199302251832,-5.8834112665151,-42.84195249945802,8.426135174805403,17.010681703595047,0.0,15.857691644715702,8.725484647517352,-0.0,-0.0,-0.0,-12.88319856465455,-0.0,-0.0,-32.28251609887505,-0.0,-0.0
3 3 5,0.0,0.0,0.0,0.0,-163.20566248325457,-90.97470381956357,-185.7029244855362,-2.5196645504853583,-0.0,-0.0,-2.250311190366616,-130.46014353750715,-0.021961030777069845,-0.0,-1.6559735528123742,0.0,-1.334859254780072,-0.23464121663859522,3.2912071562960348,-11.354102784003327,6.2702981778678355,8.772879816317326,-53.560779261515506,-4.116567483162128,-26.517217151842118,-0.6993683543639538,0.9791197330385608,0.0,0.0,-0.0,0.0,-0.0,-0.0,-3.9529995691992124,-0.0,-0.0,-15.611016931120298,-0.0,-0.0
3 3 6,-0.0,-0.0,-0.0,-9.084277663877181,137.15240576528106,101.39968875907498,148.17279653437902,-3.1695561666571694,-0.0,-1.3249821529976737,-3.24409035050563,121.34726228022407,-5.162399386859778,-4.6316115081755935,-3.238239271958538,-12.823644654058107,-13.605217116940926,-18.846234505182576,-24.785061865096825,28.2567028418847,-26.864164946142736,-28.474825935651104,78.59958021411633,5.354604255421742,53.82654958631781,-10.519732371394612,-17.850734581497203,0.0,-14.111097150120706,-10.135504215581621,0.0,-0.0,0.0,15.305240837703465,0.0,0.0,41.084726195933314,0.0,0.0
-6 0 1,-0.0,-0.0,-0.0,-0.0,0.2246008932156263,-0.3451389663500096,0.4118345076436784,-0.029778235504935965,-0.0,-0.0,-0.03399330149033495,-0.041071860992854425,-0.07266153723319849,-0.0,-0.04015343768040866,-0.0,-0.10389236329739605,-0.11976813267569164,-0.14717286923684517,-0.7161091460246006,-0.1753663987750126,-0.22098964816944658,-0.5995521967693418,-0.6215400728608774,-0.7256068949239087,-0.4945831134664193,-0.36539809656025146,-0.0,-0.0,-0.0,-0.0,-0.0,-0.0,-0.0,-0.0,0.0,-0.0,0.0,0.0
-6 0 2,-0.0,-0.0,-0.0,-0.0,3.982840337656189,-6.12033806987613,7.30304793537615,-0.5280564821237013,-0.0,-0.0,-0.6028021102117095,-0.7283259757471319,-1.2885046775421973,-0.0,-0.7120396050053157,-0.0,-1.8423199008298148,-2.123844403096591,-2.6098117056122416,-12.698740205868745,-3.109766648345756,-3.9188022466532413,-10.631839613971666,-11.021749905880787,-12.867163478329985,-8.770426272287832,-6.479592567273499,-0.0,-1.5397034433421166,-4.174742571293999,-0.0,-7.034455322327285,-0.0,-9.29497122052243,-0.0,0.0,-10.33222790959818,0.0,0.0
-6 0 3,-0.0,-0.0,-0.0,-0.0,3.9294272662961895,-6.038259445989842,7.205108227165981,-0.5209748227623867,-0.0,-0.0,-0.5947180522533018,-0.7185585424538316,-1.2712248002549862,-0.0,-0.7024905849570562,-0.0,-1.8176129188801244,-2.0953619526233465,-2.574812045306988,-12.52843995295996,-3.068062192776546,-3.8662479772623195,-10.489258149527798,-10.873939432870133,-12.694604534761272,-8.652807848091848,-6.392696053519907,-0.0,-1.4511102320158618,-4.05081153791287,-0.0,-6.87217357990672,-0.0,-9.10237166930405,-0.0,0.0,-10.125725263985515,0.0,0.0
-6 0 4,-0.0,-0.0,-0.0,-0.0,0.24002163880083013,-0.3688356672643472,0.4401104199726817,-0.031822762519603906,-0.0,-0.0,-0.036327228334429584,-0.04389179064680115,-0.07765036458584507,-0.0,-0.042910309828047284,-0.0,-0.1110254502576364,-0.12799122509871982,-0.1572775279541506,-0.7652760785063932,-0.18740678107708406,-0.23616245132527858,-0.6407165116527826,-0.6642140408819888,-0.7754259279708924,-0.5285404154802701,-0.3904857576274043,-0.0,-0.0,-0.0,-0.0,-0.0,-0.0,-0.0,-0.0,0.0,-0.0,0.0,0.0
-6 0 5,-0.0,-0.0,-0.0,-0.0,0.0005855752697610354,-0.0008998398912484409,0.0010737272655404197,-7.763726154049567e-05,-0.0,-0.0,-8.862670315011101e-05,-0.0001070817917780444,-0.0001894418078993706,-0.0,-0.00010468729560645554,-0.0,-0.00027086623651838423,-0.0003122572470493817,-0.0003837063663060948,-0.0018670264412489236,-0.0004572120119358225,-0.0005761600988691737,-0.0015631413318644926,-0.0016204677132934928,-0.0018917887954595788,-0.0012894678909816627,-0.0009526591185815979,-0.0,-0.0,-0.0,-0.0,-0.0,-0.0,-0.0,-0.0,0.0,-0.0,0.0,0.0
-6 0 6,-0.0,-0.0,-0.0,-0.0,1.4391495628198111e-06,-2.211507645509846e-06,2.638865069251988e-06,-1.908066080900714e-07,-0.0,-0.0,-2.1781500633504138e-07,-2.631714858556498e-07,-4.655850564342177e-07,-0.0,-2.5728660939916616e-07,-0.0,-6.656992636098839e-07,-7.674246229042817e-07,-9.430228321389733e-07,-4.588531014625862e-06,-1.1236753002938869e-06,-1.416010199235646e-06,-3.841682325990966e-06,-3.982571535341039e-06,-4.64938865851372e-06,-3.169083886233349e-06,-2.341319766769703e-06,-0.0,-0.0,-0.0,-0.0,-0.0,-0.0,-0.0,-0.0,0.0,-0.0,0.0,0.0
-5 0 1,-0.0,-0.0,-0.0,-0.0,4.240762502986022,-6.516681059728946,7.775981263682311,-0.5622525481819123,-0.0,-0.0,-0.6418385797536167,-0.7754911636043005,-1.3719461133756186,-0.0,-0.7581501143790466,-0.0,-1.961625496276279,-2.2613810605646822,-2.7788188033486203,-13.521089658316567,-3.3111500028399097,-4.172577410924832,-11.320339996160921,-11.735500234903903,-13.700419743866554,-9.338384599320674,-6.899200285314676,-0.0,-1.96750826740276,-4.773188548689984,-0.0,-7.818092333050722,-0.0,-10.224989703702919,-0.0,0.0,-11.329434596546744,0.0,0.0
-5 0 2,-0.0,-0.0,-0.0,-0.0,4.934083090772345,-7.5820906740532426,9.047273371305778,-0.6541749953633705,-0.0,-0.0,-0.7467725158241658,-0.9022759078559891,-1.5962450419449468,-0.0,-0.882099777337402,-0.3040946015846128,-2.282330874409875,-2.6310933575904176,-3.23312679270968,-15.73164726978735,-3.852488609894939,-4.8547504449226935,-13.171097914000676,-13.65413253631221,-15.940295960242407,-10.865113411607831,-8.027147816849835,-0.0,-3.1174882216645132,-6.381868377518385,-0.0,-9.924582919550195,-0.0,-12.72497806788669,-0.0,0.0,-14.01000280009306,0.0,0.0
-5 0 3,-0.0,-0.0,-0.0,-0.0,4.63390273684032,-7.120810509084286,8.496854241194768,-0.6143762165367825,-0.0,-0.0,-0.7013402776589758,-0.8473831352006034,-1.499132489756802,-0.0,-0.8284344825920205,-0.0,-2.1434781479627616,-2.4710225762963676,-3.0364294272441983,-14.774563378312116,-3.6181104340186314,-4.5593965402561984,-12.369793039161367,-12.823440741711037,-14.97051827407503,-10.204100305544088,-7.538791210688692,-0.0,-2.6195937954250073,-5.685375448824719,-0.0,-9.012558417119811,-0.0,-11.642578700586476,-0.0,0.0,-12.849437031973261,0.0,0.0
-5 0 4,-0.0,-0.0,-0.0,-0.0,5.740278172551283,-8.820951896811216,10.525535322162899,-0.7610626691585348,-0.0,-0.0,-0.8687899845998868,-1.049701556337977,-1.8570604515064004,-0.0,-1.026228785512737,-1.1816051360649245,-2.6552479680402232,-3.0609958309714638,-3.761397369247996,-18.302089725631426,-4.481958627478391,-5.647983120570266,-15.32316429888882,-15.88512344064446,-18.544830170313137,-12.640397863503324,-9.338728301329247,-0.0,-4.45468986433238,-8.252447992958587,-0.0,-12.374019270303332,-0.0,-15.631966817828811,-0.0,0.0,-17.12699371829237,0.0,0.0
-5 0 5,-0.0,-0.0,-0.0,-0.0,4.32126140556234,-6.640381850183184,7.923586312948733,-0.5729253253222292,-0.0,-0.0,-0.6540220729968551,-0.7902116737917545,-1.3979886367291003,-0.0,-0.772541453708389,-0.0,-1.9988614177891628,-2.3043069951234214,-2.831566832499156,-13.777749369480329,-3.3740028368070343,-4.2517820120449565,-11.535224688675559,-11.958265572370623,-13.96048353037656,-9.5156474645605,-7.030162123246182,-0.0,-2.1010320105610547,-4.959971305759875,-0.0,-8.062676229109444,-0.0,-10.515244477265117,-0.0,0.0,-11.640705352516784,0.0,0.0
-5 0 6,-0.0,-0.0,-0.0,-0.0,0.39948204199101994,-0.6138747583510465,0.7325014950760521,-0.05296448360506196,-0.0,-0.0,-0.060461529333003555,-0.0730516725151442,-0.12923804020787014,-0.0,-0.07141813662392335,-0.0,-0.1847861459636847,-0.21302327662964046,-0.2617661821672659,-1.2736937055175073,-0.31191205910297554,-0.39305897071768875,-1.0663819382751898,-1.1054902495304766,-1.2905866932091055,-0.8796807050636225,-0.6499082691242186,-0.0,-0.0,-0.0,-0.0,-0.0,-0.0,-0.0,-0.0,0.0,-0.0,0.0,0.0
-4 0 1,0.0,0.0,0.0,0.0,-2.8933563170102765,4.4461533266321,-5.305339427611641,0.38360954212639686,0.0,0.0,0.43790891565453754,0.5290964196698729,0.9360413253366593,0.0,0.5172650958727618,0.0,1.3383634469657302,1.542878473421974,1.895912099023332,9.225069818978616,2.2591071229618973,2.8468354928183404,7.723558491081161,8.006810971853831,9.347421833620016,6.371324508762525,4.707135736504629,0.0,0.0,1.6468704728361654,0.0,3.7243267065671075,0.0,5.36647441984574,0.0,-0.0,6.120044220319923,-0.0,-0.0
-4 0 2,0.0,0.0,0.0,0.0,-2.087378745622663,3.2076263470312076,-3.827476309918697,0.2767507064875061,0.0,0.0,0.31592436703422544,0.3817105464373466,0.6752962834356883,0.0,0.37317497351759366,0.0,0.9655469658853728,1.1130919871727405,1.3677840492039535,6.65532086518768,1.6298069355758094,2.0538168303216686,5.5720727309228275,5.776421985984751,6.743590323513668,4.5965190263181865,3.3959091147451455,0.0,0.0,0.0,0.0,1.2755556230925769,0.0,2.460263891830363,0.0,-0.0,3.0039192947229436,-0.0,-0.0
-4 0 3,-0.0,-0.0,-0.0,-0.0,0.0717948256874491,-0.11032543803490685,0.13164500935429582,-0.009518765472157718,-0.0,-0.0,-0.010866132899553868,-0.013128830693519116,-0.023226632473056584,-0.0,-0.012835251978491346,-0.0,-0.03320972595613321,-0.03828449693700646,-0.047044561317202756,-0.228907955689498,-0.056056767411874917,-0.07064047271541428,-0.19164992997715877,-0.1986784671687428,-0.23194395976270676,-0.15809602495742428,-0.11680137275270541,-0.0,-0.0,-0.0,-0.0,-0.0,-0.0,-0.0,-0.0,0.0,-0.0,0.0,0.0
-4 0 4,-0.0,-0.0,-0.0,-0.0,1.4629031085599578,-2.2480091665257533,2.6824202380432944,-0.1939559218305482,-0.0,-0.0,-0.22141010086137547,-0.267515201122134,-0.47326966143959986,-0.0,-0.26153319321684504,-0.0,-0.6766868067505398,-0.7800911701160627,-0.958587674429114,-4.664265937633056,-1.142221859548163,-1.4393818236345401,-3.905090313046002,-4.048304936213406,-4.726128053095707,-3.2213904574131442,-2.379963871322189,-0.0,-0.0,-0.0,-0.0,-0.0,-0.0,-0.20851693523385992,-0.0,0.0,-0.5895287557528113,0.0,0.0
-4 0 5,-0.0,-0.0,-0.0,-0.0,4.523141133875935,-6.950605731128672,8.293758654309148,-0.5996911231217212,-0.0,-0.0,-0.6845765305998471,-0.827128606845137,-1.4632995586291462,-0.0,-0.8086328733537933,-0.0,-2.0922437805039893,-2.4119590963195754,-2.9638513413953094,-14.421415197218312,-3.5316287501912917,-4.450415817520227,-12.074124747623287,-12.5169291611423,-14.612686291961651,-9.960197364365376,-7.358595672212834,-0.0,-2.4358816387783055,-5.428384916011361,-0.0,-8.676042347407948,-0.0,-11.243182735668205,-0.0,0.0,-12.421242142889541,0.0,0.0
-4 0 6,-0.0,-0.0,-0.0,-0.0,5.354553589514393,-8.228217905511674,9.818259890321434,-0.7099221892197994,-0.0,-0.0,-0.8104106440029699,-0.9791656549477342,-1.7322731421113857,-0.0,-0.9572701639105333,-0.7617607101603799,-2.476825531958757,-2.8553087013433256,-3.508645954024437,-17.072259791277343,-4.180788271128861,-5.268460409528355,-14.293506679113976,-14.817704331073884,-17.298689013053732,-11.79101181482109,-8.711201729995159,-0.0,-3.8149094239592127,-7.357474312679321,-0.0,-11.202094436350926,-0.0,-14.24110246697105,-0.0,0.0,-15.635723366933615,0.0,0.0
-3 0 1,0.0,0.0,0.0,0.0,-3.1837520568136513,4.892397702748455,-5.837817214371502,0.4221110485348914,0.0,0.0,0.48186025437502933,0.5821999193370395,1.0299884177011926,0.0,0.5691811282353605,0.0,1.4726901598639912,1.6977316220238183,2.0861979595518947,10.150956810176517,2.485845558325255,3.132562105256359,8.498744204899412,8.810425715730196,10.28558885531376,7.010791374067694,5.179573975970976,0.0,0.21429852585476425,2.320664352777852,0.0,4.606628613694375,0.0,6.413584282341021,0.0,-0.0,7.242812756990789,-0.0,-0.0
-3 0 2,0.0,0.0,0.0,0.0,-5.930235253591044,9.11285452311995,-10.87384596253215,0.7862477279267632,0.0,0.0,0.8975399518576274,1.0844382428906139,1.9185142298911073,0.0,1.0601887119684157,1.3883672838206025,2.743115339321553,3.1622901960958956,3.8858693971559086,18.907741827620686,4.63027544290519,5.834885977033847,15.830237906650224,16.41079338032963,19.158515030460794,13.058693459841148,9.647765165993157,0.0,4.76976930714946,8.69320504675914,0.0,12.951171466571848,0.0,16.316899917791417,0.0,-0.0,17.8614929832385,-0.0,-0.0
-3 0 3,0.0,0.0,0.0,0.0,-0.043986314498548854,0.06759274596918377,-0.08065454199765193,0.005831832693890805,0.0,0.0,0.006657320141475882,0.00804360022263119,0.014230189305699173,0.0,0.0078637342564471,0.0,0.020346500410439235,0.023455644700928445,0.028822646336008822,0.14024433145101062,0.0343441268579023,0.04327908062223437,0.11741757171051767,0.1217237239215371,0.14210439070603828,0.0968602041743431,0.07156033692635433,0.0,0.0,0.0,0.0,0.0,0.0,0.0,0.0,-0.0,0.0,-0.0,-0.0
-3 0 4,-0.0,-0.0,-0.0,-0.0,0.0002827726956359338,-0.0004345302215254147,0.0005184999588158286,-3.749082118265849e-05,-0.0,-0.0,-4.279759246887206e-05,-5.1709504274250045e-05,-9.148093072255337e-05,-0.0,-5.055320862432208e-05,-0.0,-0.0001308005645257537,-0.00015078817026552784,-0.00018529075447008104,-0.0009015819603019929,-0.00022078642963351477,-0.000278226135372125,-0.0007548366724087335,-0.00078251942515604,-0.0009135396334006129,-0.0006226805165758892,-0.0004600364818913947,-0.0,-0.0,-0.0,-0.0,-0.0,-0.0,-0.0,-0.0,0.0,-0.0,0.0,0.0
-3 0 5,-0.0,-0.0,-0.0,-0.0,1.2306021488689647,-1.8910376871964523,2.2564666721879387,-0.16315678925960195,-0.0,-0.0,-0.18625139580810166,-0.22503525997704094,-0.39811704476816967,-0.0,-0.22000316199343206,-0.0,-0.5692326673078243,-0.6562169870590487,-0.8063692291917932,-3.9236061856466455,-0.9608433167038175,-1.2108159144943103,-3.284983470636209,-3.4054564001064,-3.9756449377529663,-2.7098513879985484,-2.0020387113420015,-0.0,-0.0,-0.0,-0.0,-0.0,-0.0,-0.0,-0.0,0.0,-0.0,0.0,0.0
-3 0 6,-0.0,-0.0,-0.0,-0.0,5.467576452792877,-8.401897509574532,10.025501787645887,-0.7249070870622035,-0.0,-0.0,-0.8275166323706916,-0.9998336908719356,-1.7688376226472133,-0.0,-0.9774760341194152,-0.8847830755074558,-2.5291058777958817,-2.9155779954263563,-3.582705762246521,-17.432617690771124,-4.269035527088613,-5.379666034908647,-14.595211204833385,-15.130473517657718,-17.663826335994727,-12.039894171488731,-8.89507606156382,-0.0,-4.002379224347745,-7.619720941594315,-0.0,-11.545494715481187,-0.0,-14.648632604159028,-0.0,0.0,-16.07274132202815,0.0,0.0
-2 0 1,0.0,0.0,0.0,0.0,-2.2518483995901493,3.4603630372267595,-4.1290524879751125,0.2985565685174367,0.0,0.0,0.3408168171633545,0.41178644982571966,0.7285045218998902,0.0,0.4025783383321837,0.0,1.0416247623569248,1.2007952151318202,1.4755550848852221,7.179709801328491,1.7582233924790358,2.215642059262017,6.011109908942559,6.231560339384863,7.274934225205038,4.95868995255707,3.6634810626623215,0.0,0.0,0.1584131925090248,0.0,1.7752625945165457,0.0,3.053304808824891,0.0,-0.0,3.6398324294384135,-0.0,-0.0
-2 0 2,0.0,0.0,0.0,0.0,-6.482941750806094,9.962185736422821,-11.887304123330708,0.8595271526144337,0.0,0.0,0.9811919726777788,1.185509454578407,2.0973225291433555,0.0,1.158999832323913,1.9899676469178895,2.9987776538537103,3.4570202131560546,4.248038041618473,20.669970695263412,5.061823806798388,6.378705783855623,17.30563896062482,17.94030304358782,20.94411632307658,14.275782565374232,10.546950824373308,0.0,5.686523393796216,9.975630615451797,0.0,14.630448281043185,0.0,18.309846918385162,0.0,-0.0,19.998459684264866,-0.0,-0.0
-2 0 3,0.0,0.0,0.0,0.0,-2.115853600198914,3.2513829934750804,-3.8796886032303597,0.2805259849977583,0.0,0.0,0.32023403073433665,0.3869176284404656,0.6845082980291289,0.0,0.3782656180039828,0.0,0.9787184181183625,1.1282761661489806,1.3864425949874981,6.74610903393373,1.6520398511763963,2.081833852001278,5.648083833859487,5.855220707283847,6.835582614891813,4.659222170683269,3.4422342095078062,0.0,0.0,0.0,0.0,1.3620761053112531,0.0,2.56293007260748,0.0,-0.0,3.114047929470458,-0.0,-0.0
-2 0 4,-0.0,-0.0,-0.0,-0.0,0.00044277246133256896,-0.0006803981384253035,0.0008118800241636417,-5.870405250794464e-05,-0.0,-0.0,-6.701352587785934e-05,-8.096801719241806e-05,-0.00014324309767577115,-0.0,-7.915746094406685e-05,-0.0,-0.00020481075009208858,-0.00023610783614787595,-0.0002901328334915124,-0.001411719270696189,-0.000345712837152862,-0.00043565334513191804,-0.0011819418794833218,-0.0012252882165220537,-0.0014304428901665174,-0.0009750085110873279,-0.0007203364700108062,-0.0,-0.0,-0.0,-0.0,-0.0,-0.0,-0.0,-0.0,0.0,-0.0,0.0,0.0
-2 0 5,-0.0,-0.0,-0.0,-0.0,1.5774551419417653,-2.42403861070402,2.8924660646290667,-0.20914356146445612,-0.0,-0.0,-0.23874752882672337,-0.28846287022596767,-0.5103288499385517,-0.0,-0.28201244362278466,-0.0,-0.7296744921429246,-0.8411758921575334,-1.0336494926985993,-5.029499386289354,-1.2316630780531879,-1.552092032359476,-4.210876822953254,-4.365305808984366,-5.096205589562114,-3.4736401279854334,-2.5663259750322323,-0.0,-0.0,-0.0,-0.0,-0.0,-0.0,-0.6215642251127084,-0.0,0.0,-1.0324455451486656,0.0,0.0
-2 0 6,-0.0,-0.0,-0.0,-0.0,5.257199399997856,-8.078615987823294,9.639748513396052,-0.6970146894262328,-0.0,-0.0,-0.7956761063606567,-0.9613628863048844,-1.7007776971686421,-0.0,-0.939865489664977,-0.6557980457803003,-2.4317929558146116,-2.8033947070594416,-3.4448532629169217,-16.76185930925578,-4.104774977607429,-5.172671529167909,-14.033628290592599,-14.548295206385637,-16.98417169234517,-11.576632711199881,-8.55281840821844,-0.0,-3.653439514140488,-7.131597303606991,-0.0,-10.906320744180453,-0.0,-13.890041075351359,-0.0,0.0,-15.259406992834636,0.0,0.0
-1 0 1,0.0,0.0,0.0,0.0,-0.0024755313817616067,0.003804091471034134,-0.004539203888140795,0.0003282131047234316,0.0,0.0,0.00037467119299574095,0.0004526904561218712,0.0008008691020437476,0.0,0.00044256767477781733,0.0,0.0011450925327405957,0.0013200738729432372,0.001622126480102349,0.007892892313872007,0.0019328730943972043,0.00243572855501832,0.006608211823457494,0.006850560268753414,0.007997575670735401,0.005451251777080198,0.004027385830573924,0.0,0.0,0.0,0.0,0.0,0.0,0.0,0.0,-0.0,0.0,-0.0,-0.0
-1 0 2,0.0,0.0,0.0,0.0,-2.341704003610211,3.5984420530678336,-4.293814247872036,0.31046988417544175,0.0,0.0,0.3544164453496843,0.42821798233168296,0.7575740693252739,0.0,0.41864243916721977,0.0,1.0831887602712023,1.2487105985029685,1.5344342232150345,7.4662020718581354,1.8283818565044825,2.304052920119025,6.250971487456156,6.4802185609528875,7.565226240036495,5.156556772062469,3.809665105851683,0.0,0.0,0.3669031799864553,0.0,2.048270895756109,0.0,3.3773030529157095,0.0,-0.0,3.9872586088721094,-0.0,-0.0
-1 0 3,0.0,0.0,0.0,0.0,-3.4909235815810598,5.364421037262085,-6.4010555517332985,0.46283673699487715,0.0,0.0,0.5283506048859681,0.6383711392533298,1.1293627116512959,0.0,0.6240962824021922,0.0,1.6147767526145953,1.861530436025943,2.2874763872582133,11.130331091084138,2.7256823788002955,3.4347947732308914,9.31871139123861,9.660464240293992,11.277952568139881,7.687199410173948,5.679304359321527,0.0,0.7237949901923306,3.0333868287387995,0.0,5.5399063205639845,0.0,7.521175336007243,0.0,-0.0,8.430479216346116,-0.0,-0.0
-1 0 4,-0.0,-0.0,-0.0,-0.0,0.007517918274626658,-0.011552610077634229,0.013785066153605453,-0.000996747331159407,-0.0,-0.0,-0.0011378354681952914,-0.0013747714441841924,-0.002432151942082851,-0.0,-0.0013440296634832118,-0.0,-0.0034775208835781477,-0.004008920091408826,-0.004926220850344952,-0.023969851403739105,-0.005869924358851162,-0.007397041439552077,-0.02006841714719948,-0.020804402891165707,-0.02428776331849437,-0.016554855921615957,-0.01223073064543356,-0.0,-0.0,-0.0,-0.0,-0.0,-0.0,-0.0,-0.0,0.0,-0.0,0.0,0.0
-1 0 5,-0.0,-0.0,-0.0,-0.0,0.3396065146035254,-0.5218654286626649,0.6227120459403316,-0.045026013147532164,-0.0,-0.0,-0.051399379912155665,-0.06210247590900209,-0.10986746781015924,-0.0,-0.06071377911619421,-0.0,-0.1570898623251654,-0.18109472992841338,-0.22253190737643982,-1.0827887978328028,-0.2651617747992575,-0.33414615188655733,-0.9065495196951303,-0.9397961638026927,-1.0971498155210844,-0.7478316089546377,-0.5524981323046491,-0.0,-0.0,-0.0,-0.0,-0.0,-0.0,-0.0,-0.0,0.0,-0.0,0.0,0.0
-1 0 6,-0.0,-0.0,-0.0,-0.0,6.296160171896092,-9.675162830345903,11.544816172877812,-0.8347631110955691,-0.0,-0.0,-0.9529226170495582,-1.151353459314165,-2.036896070209307,-0.0,-1.1256076121005905,-1.7866655540929808,-2.9123791566102053,-3.357419180390831,-4.125646805790296,-20.07444324632332,-4.91598639545955,-6.194927372216684,-16.80704207461855,-17.423420699521014,-20.34069039915669,-13.864479593632288,-10.243080112066254,-0.0,-5.376721637158353,-9.542256074879347,-0.0,-14.062965958660218,-0.0,-17.636332941201992,-0.0,0.0,-19.276366182073733,0.0,0.0
1 0 1,-0.0,-0.0,-0.0,-0.0,0.006437460032402709,-0.009892295038069737,0.011803907566721897,-0.0008534970549492168,-0.0,-0.0,-0.0009743083234462482,-0.0011771923958649024,-0.0020826085557130508,-0.0,-0.0011508687544846323,-0.0,-0.0029777394329272345,-0.003432767146277887,-0.0042182355110077785,-0.020524958473543034,-0.005026312081745524,-0.006333955343177471,-0.017184229540603436,-0.01781444107498408,-0.02079718080561717,-0.014175629402260345,-0.010472957648767673,-0.0,-0.0,-0.0,-0.0,-0.0,-0.0,-0.0,-0.0,0.0,-0.0,0.0,0.0
1 0 2,-0.0,-0.0,-0.0,-0.0,1.316288035031461,-2.022709194631272,2.4135827202789204,-0.17451727167382958,-0.0,-0.0,-0.19921993800793997,-0.24070429296764856,-0.4258376300188192,-0.0,-0.23532181385121106,-0.0,-0.6088679024451438,-0.701908873833923,-0.8625161017134866,-4.196803882626762,-1.0277461017596927,-1.2951241002946146,-3.513714356543826,-3.6425757239260856,-4.252466053230377,-2.898536266992734,-2.1414391351675475,-0.0,-0.0,-0.0,-0.0,-0.0,-0.0,-0.0,-0.0,0.0,-0.02270992886587249,0.0,0.0
1 0 3,-0.0,-0.0,-0.0,-0.0,0.033912362442537154,-0.05211233825623023,0.06218266049435541,-0.004496199017219039,-0.0,-0.0,-0.005132629457764212,-0.006201417172646747,-0.01097112460687533,-0.0,-0.006062744953665701,-0.0,-0.01568664945499832,-0.01808372293722183,-0.02222154868492206,-0.10812491687238061,-0.026478473840223223,-0.03336710258572398,-0.09052604871228842,-0.09384598574674129,-0.10955897663256293,-0.07467682590972335,-0.05517125292314873,-0.0,-0.0,-0.0,-0.0,-0.0,-0.0,-0.0,-0.0,0.0,-0.0,0.0,0.0
1 0 4,-0.0,-0.0,-0.0,-0.0,2.5544492042437827,-3.9253626524979692,4.683909824528393,-0.3386762576956456,-0.0,-0.0,-0.3866153900743424,-0.467121840558686,-0.8264001238244421,-0.0,-0.4566763536060419,-0.0,-1.1815971029877246,-1.362156698608796,-1.6738384844596756,-8.144510967986514,-1.9944914349555323,-2.513377497437671,-6.8188759626602575,-7.068950269048306,-8.252531540703705,-5.625033019854478,-4.155775445177918,-0.0,-0.0,-0.860528199226949,-0.0,-2.694649949165143,-0.0,-4.144419310023686,-0.0,0.0,-4.809808573224666,0.0,0.0
1 0 5,-0.0,-0.0,-0.0,-0.0,5.374020661111521,-8.258132501454282,9.85395525970169,-0.7125031898307551,-0.0,-0.0,-0.8133569815017252,-0.982725519947058,-1.738571012647092,-0.0,-0.9607504254313318,-0.7829549506026929,-2.4858303050286636,-2.865689491822255,-3.521402024321262,-17.134327879330915,-4.195987989134462,-5.287614479850812,-14.345472302997397,-14.871575733478549,-17.36158030957806,-11.833879341938793,-8.74287226703244,-0.0,-3.8472099203998296,-7.402658428894406,-0.0,-11.261263339100234,-0.0,-14.311264917726536,-0.0,0.0,-15.711122394088171,0.0,0.0
1 0 6,-0.0,-0.0,-0.0,-0.0,3.8533738103971387,-5.921389870003142,7.065654473815516,-0.5108914357896024,-0.0,-0.0,-0.5832073764997715,-0.7046509532007773,-1.2466204412143616,-0.0,-0.688893988531723,-0.0,-1.7824333024629226,-2.0548065466935155,-2.52497695712105,-12.28595393887362,-3.008680324412352,-3.791417346713285,-10.286240183288454,-10.663476019995649,-12.448902430940327,-8.48533409289034,-6.268966411912192,-0.0,-1.3249784771315536,-3.874368184477475,-0.0,-6.641132520157543,-0.0,-8.828095359905515,-0.0,0.0,-9.831852629021814,0.0,0.0
2 0 1,0.0,0.0,0.0,0.0,-0.033678273961084915,0.0517526199338044,-0.06175342927838074,0.00446516288984716,0.0,0.0,0.0050972002116401495,0.006158610354594583,0.010895393701858066,0.0,0.006020895354952527,0.0,0.015578368471736942,0.017958895560522544,0.022068158941108588,0.10737855785240101,0.026295699616135083,0.03313677789548784,0.08990117023881615,0.09319819058557942,0.10880271865988898,0.07416135062231155,0.05479041968457737,0.0,0.0,0.0,0.0,0.0,0.0,0.0,0.0,-0.0,0.0,-0.0,-0.0
2 0 2,-0.0,-0.0,-0.0,-0.0,4.734030520543535,-7.274674544420369,8.680451358341038,-0.6276514474631313,-0.0,-0.0,-0.7164945982418185,-0.8656930998445681,-1.5315252312969883,-0.0,-0.8463350112383808,-0.08635213741276826,-2.189793689863437,-2.524415586054243,-3.1020395546437407,-15.093807085024395,-3.69628932544672,-4.657914419574321,-12.637075291771444,-13.10052525855019,-15.293996107080584,-10.424587011092875,-7.701686829909703,-0.0,-2.785687261744366,-5.917719172431046,-0.0,-9.316805161849858,-0.0,-12.003575877828185,-0.0,0.0,-13.23674675275014,0.0,0.0
2 0 3,-0.0,-0.0,-0.0,-0.0,4.274873997453138,-6.56909939953373,7.838529058251267,-0.5667751486984289,-0.0,-0.0,-0.6470013478045582,-0.7817289952484823,-1.3829816599837212,-0.0,-0.76424845952657,-0.0,-1.9774042571042358,-2.279570970393677,-2.8011708360712273,-13.629849480340155,-3.3377839572106485,-4.206140443791247,-11.411397610180337,-11.829897280494148,-13.8106220463914,-9.413499924540428,-6.954695501609937,-0.0,-2.0241045204572274,-4.852358937004907,-0.0,-7.921765897149427,-0.0,-10.347941839462619,-0.0,0.0,-11.461516433247333,0.0,0.0
2 0 4,-0.0,-0.0,-0.0,-0.0,4.482630387795526,-6.888353810274391,8.21947701220416,-0.5943200913328808,-0.0,-0.0,-0.6784452370622578,-0.8197205698248478,-1.4501937644244884,-0.0,-0.801390490232169,-0.0,-2.073504954095165,-2.390356793933842,-2.9373061097614563,-14.292252239025574,-3.4999983165358475,-4.410556423395748,-11.96598489805485,-12.404823408979091,-14.481810246663665,-9.87099054671456,-7.292689658678835,-0.0,-2.368702122545865,-5.334408291186348,-0.0,-8.552987111226097,-0.0,-11.097070062518496,-0.0,0.0,-12.264774951418927,0.0,0.0
2 0 5,-0.0,-0.0,-0.0,-0.0,0.4549924042540348,-0.6991762403659837,0.8342868548064045,-0.06032420785533651,-0.0,-0.0,-0.0688630118615383,-0.08320262895119332,-0.14719642050037463,-0.0,-0.08134210370986461,-0.0,-0.21046325988977468,-0.24262410473502902,-0.298140121601164,-1.450680882845964,-0.3552540609329309,-0.4476768097237213,-1.214561935076454,-1.2591045745294636,-1.4699212498134655,-1.0019174753837357,-0.7402168178564926,-0.0,-0.0,-0.0,-0.0,-0.0,-0.0,-0.0,-0.0,0.0,-0.0,0.0,0.0
2 0 6,-0.0,-0.0,-0.0,-0.0,0.010563161974649194,-0.016232165211462757,0.019368910553768954,-0.0014004945414705218,-0.0,-0.0,-0.0015987325097178632,-0.0019316428980150333,-0.0034173309648613585,-0.0,-0.0018884487055442825,-0.0,-0.0048861420171909704,-0.005632792313252414,-0.006921659276440054,-0.03367919331346315,-0.008247623812399428,-0.010393322194375823,-0.02819742555810407,-0.029231533184784015,-0.03412588013906548,-0.023260644526718256,-0.017184968518753452,-0.0,-0.0,-0.0,-0.0,-0.0,-0.0,-0.0,-0.0,0.0,-0.0,0.0,0.0
3 0 1,-0.0,-0.0,-0.0,-0.0,0.15537263882847258,-0.23875751871053338,0.28489563552978436,-0.020599753473000516,-0.0,-0.0,-0.023515618657734397,-0.028412368858789658,-0.05026522655195703,-0.0,-0.027777029205535084,-0.0,-0.0718698416935758,-0.08285225652916572,-0.101810089576685,-0.49538435094391337,-0.12131358762389931,-0.15287448014242272,-0.41475350161688146,-0.4299641015466669,-0.5019546289525542,-0.34213881502913396,-0.2527722204157174,-0.0,-0.0,-0.0,-0.0,-0.0,-0.0,-0.0,-0.0,0.0,-0.0,0.0,0.0
3 0 2,-0.0,-0.0,-0.0,-0.0,0.7093491822271993,-1.0900403824310658,1.3006825886908797,-0.09404756455405612,-0.0,-0.0,-0.10735986072068791,-0.12971582877838492,-0.22948440354712968,-0.0,-0.12681520440287836,-0.0,-0.3281196342968583,-0.3782595240563799,-0.46481094952263274,-2.261662586667876,-0.5538535923886944,-0.6979439127126641,-1.8935448314203969,-1.962988375037429,-2.291658996380527,-1.5620246298129064,-1.1540240881123822,-0.0,-0.0,-0.0,-0.0,-0.0,-0.0,-0.0,-0.0,0.0,-0.0,0.0,0.0
3 0 3,-0.0,-0.0,-0.0,-0.0,0.45017074474032714,-0.6917669083868132,0.8254457244643854,-0.059684938302717414,-0.0,-0.0,-0.06813325463222997,-0.08232091149020461,-0.14563654606147497,-0.0,-0.08048010266424122,-0.0,-0.20823293215277164,-0.24005296110293156,-0.2949806619260226,-1.4353076827337643,-0.3514893516615995,-0.44293267525358726,-1.2016909419466895,-1.2457615527696029,-1.454344155092106,-0.9912999246686761,-0.7323725694060691,-0.0,-0.0,-0.0,-0.0,-0.0,-0.0,-0.0,-0.0,0.0,-0.0,0.0,0.0
3 0 4,-0.0,-0.0,-0.0,-0.0,0.16049913346458505,-0.24663528372907262,0.29429572011615523,-0.0212794389471023,-0.0,-0.0,-0.024291512623510626,-0.029349830291202056,-0.0519237194258926,-0.0,-0.028693527710696727,-0.0,-0.0742411752869192,-0.0855859530917599,-0.10516929671928361,-0.511729476038504,-0.12531630947332387,-0.1579185484440096,-0.4284382251137587,-0.44415069628380915,-0.5185165392882466,-0.35342762889802287,-0.26111239820950505,-0.0,-0.0,-0.0,-0.0,-0.0,-0.0,-0.0,-0.0,0.0,-0.0,0.0,0.0
3 0 5,-0.0,-0.0,-0.0,-0.0,5.061513878058453e-05,-7.77791059967959e-05,9.280934042860796e-05,-6.7107013740869675e-06,-0.0,-0.0,-7.660591406872679e-06,-9.255786628303442e-06,-1.6374706878561408e-05,-0.0,-9.048814506540162e-06,-0.0,-2.341275812065539e-05,-2.6990456583143425e-05,-3.316627594178005e-05,-0.00016137942859062183,-3.9519854459915575e-05,-4.9801323365310995e-05,-0.0001351126311708419,-0.00014006772900651668,-0.00016351980244113938,-0.00011145722783303132,-8.234462073043892e-05,-0.0,-0.0,-0.0,-0.0,-0.0,-0.0,-0.0,-0.0,0.0,-0.0,0.0,0.0
3 0 6,-0.0,-0.0,-0.0,-0.0,3.891945570008823e-11,-5.98066219546935e-11,7.136380735858373e-11,-5.160053911488706e-12,-0.0,-0.0,-5.890452048125641e-12,-7.117044155728079e-12,-1.2590989461172053e-11,-0.0,-6.957897257819955e-12,-0.0,-1.8002752228810647e-11,-2.0753748870797305e-11,-2.55025164081572e-11,-1.240893470462539e-10,-3.0387968145147425e-11,-3.8293689303593885e-11,-1.0389204080169498e-10,-1.0770215997456035e-10,-1.257351428943688e-10,-8.570271159201607e-11,-6.331717932359432e-11,-0.0,-0.0,-0.0,-0.0,-0.0,-0.0,-0.0,-0.0,0.0,-0.0,0.0,0.0
