,Lasso 0.00048828125 electronic_coef,Lasso 0.000244140625 electronic_coef,Lasso 0.0001220703125 electronic_coef,Ridge 9.5367431640625e-07 electronic_coef,Lasso 6.103515625e-05 electronic_coef,Ridge 1.9073486328125e-06 electronic_coef,Ridge 3.814697265625e-06 electronic_coef,PLS 1 electronic_coef,ElasticNet 0.00048828125 0.5 electronic_coef,PLS 2 electronic_coef,PLS 3 electronic_coef,ElasticNet 0.000244140625 0.5 electronic_coef,PLS 4 electronic_coef,PLS 5 electronic_coef,Ridge 1.52587890625e-05 electronic_coef,Ridge 7.62939453125e-06 electronic_coef,PLS 6 electronic_coef,PLS 7 electronic_coef,PLS 8 electronic_coef,PLS 9 electronic_coef,Ridge 0.0001220703125 electronic_coef,Ridge 3.0517578125e-05 electronic_coef,Ridge 0.000244140625 electronic_coef,Ridge 6.103515625e-05 electronic_coef,Ridge 0.00048828125 electronic_coef,ElasticNet 0.0001220703125 0.5 electronic_coef,ElasticNet 6.103515625e-05 0.5 electronic_coef,Lasso 3.0517578125e-05 electronic_coef,ElasticNet 3.0517578125e-05 0.5 electronic_coef,Lasso 1.52587890625e-05 electronic_coef,ElasticNet 1.52587890625e-05 0.5 electronic_coef,ElasticNet 7.62939453125e-06 0.5 electronic_coef,Lasso 7.62939453125e-06 electronic_coef,ElasticNet 3.814697265625e-06 0.5 electronic_coef,ElasticNet 1.9073486328125e-06 0.5 electronic_coef,Lasso 3.814697265625e-06 electronic_coef,Lasso 1.9073486328125e-06 electronic_coef,Lasso 9.5367431640625e-07 electronic_coef,ElasticNet 9.5367431640625e-07 0.5 electronic_coef
-6 1 1,-0.0,-0.0,-0.0,-0.7369810237527267,-0.7106996249046261,-0.8236811138316485,-0.9351380294479994,-0.056758725235043356,-0.07733367410256928,-0.13172633912842213,-0.37137623105362916,-0.18753564433047465,-0.48122845718115964,-0.6623596764211211,-1.1052227871028777,-1.0421680507858264,-0.8672856463085289,-1.0158027690424336,-0.9837454383348586,-0.8685363795079551,-1.01426694841495,-1.1069826091587784,-0.9428337563783221,-1.067481383017085,-0.835772633303157,-0.3068102826684222,-0.44690004843688136,-2.1463156157026693,-0.600765925209178,-0.5485045964247006,-0.7757927784445974,-0.9046242513615075,-0.0,-0.97597138985366,-1.0854599001930094,-0.6781461949082294,-2.089482354602219,-2.570190811549656,-1.14379566142664
-6 1 2,-0.0,-0.0,0.0,2.6733290795731217,0.0,2.5613168242914037,2.4084056812040875,-0.0716310432905255,0.0,0.06016611288844538,0.1984834406611766,0.054817516499682764,0.1928079400649156,0.8601145076110023,2.074455179337924,2.236477992095264,1.1380913848074596,1.5974552499847656,1.9118171245960034,2.2703975429033547,1.7013335167739931,1.933917348798593,1.5741145376021657,1.8118322617409057,1.380089424561378,0.2547846207472151,0.49851473806119506,1.5631074228267225,0.8381829975138905,2.334760812590984,1.1857121202166074,1.4480234540826993,1.4587403193414796,1.6087939536756772,1.7288784087174636,0.958571393859209,0.0,0.35730056268981014,1.8659175073507217
-6 1 3,-0.7715061844252362,-0.5737585555386586,-0.10031387575951088,-6.214806594057015,-0.0,-6.019263411212145,-5.713799770014556,-0.30979441055762086,-0.3269870255898774,-0.3905591760389212,-0.34143320283446615,-0.3264355345371726,-0.4676722199214441,-0.1733959369064276,-4.721158222640263,-5.282231174541851,-0.20565672187810577,-0.50035310077096,-0.7552604160322633,-0.9748697812155723,-2.480302313996679,-4.038196456632659,-1.7582568730030705,-3.2673869450498985,-1.1618036047190436,-0.3349206757959953,-0.4123967159871691,-1.0890820741906335,-0.5654717090717912,-2.5472659379824685,-0.9139710317099319,-1.481605551773125,-2.918316730780653,-2.2125175207889924,-2.9988982410489835,-3.8253860523292955,-2.843369307837183,-3.3838065445958563,-3.7939090113930294
-6 1 4,-0.0,-0.0,-0.0,-1.3206655443374689,-0.218765363535982,-1.4332412813336124,-1.6120339074012557,-0.11128048607684957,-0.01195441001137198,-0.07175080479108409,-0.11981020058352405,-0.04855166359146624,-0.21716221672591066,-0.2365777457580202,-2.1406341435260456,-1.8601143085368788,-0.5204700517744261,-1.224473058829026,-1.6925595168108205,-1.96310594641031,-2.2382358298317873,-2.360267088189325,-1.886923447496388,-2.4083923395632754,-1.4357187863359766,-0.1585972222455669,-0.3986823560402008,-1.6542341446729016,-0.7541075315575946,-3.284873952701681,-1.2017357527374215,-1.7088429787926585,-3.684383375774531,-2.1065680691586732,-2.356168563215509,-1.609646290426902,-0.0,0.0,-2.3891774040873806
-6 1 5,0.0,0.0,0.0,-0.8774146387809797,0.0,-0.7111824333558773,-0.47707369472008987,0.06731693652656291,0.23141296798930303,0.4891621540266972,0.5540400390721291,0.31212943296591455,0.48175858022053164,0.5178861613336072,0.05194852791491433,-0.20373692306499164,0.24929097036035439,0.18106679900893316,0.15149887170459206,0.11849564651332523,0.29835898500718705,0.23159252353036652,0.27808039679609453,0.30544289674603453,0.2946831202903781,0.36599358345765737,0.33154469168685946,0.0,0.26378348822363873,-0.0,0.22461720788452663,0.21373414796948054,-0.0,0.2145559564294703,0.24808089576029843,0.0,0.0,0.0,0.20962360104293284
-6 1 6,0.0,0.0,0.2684091731838244,3.3607723740754025,2.035907734650127,3.2265088063160676,3.0437111693328185,0.006043991053835903,0.14850896267577787,0.31180459203378136,0.4582937664542373,0.2672205106397487,0.4755694525551977,0.7850405292546343,2.645932861619819,2.839213355122204,0.8067159580308935,1.24879414307066,1.5693797598775598,1.7919045671826304,2.048776901287097,2.467517645703537,1.7649031479287183,2.2779568676115485,1.4353284714610797,0.42655043892760924,0.6346915388853076,1.069784895187051,0.9245401198210957,0.6805246484397909,1.2885724221357666,1.6343390631024508,1.2416395772189706,1.94382251924265,2.180149028854008,1.9345987715177615,1.5288522644949005,0.2951916340201421,2.3710231261839367
-6 2 1,-0.0,-0.0,0.0,-0.29266596361527253,0.0,-0.3605231899562964,-0.423248886242949,-0.0396856736836005,-0.0,-0.07388500870338786,-0.24280528031371376,-0.04669489536366714,-0.31465171038622824,-0.35054442670280267,-0.3218207075928464,-0.42719789753217297,-0.4360758417932602,-0.40159825297066926,-0.24047768605952566,0.155561701952289,0.2911747459701443,-0.11416581739417934,0.31245431218579534,0.12324918472966107,0.18554232086928524,-0.08757565752657072,-0.07982540267701502,0.0,-0.0,0.0,0.0,0.17161282202845787,0.0,0.24192629413318545,0.12231949950729029,0.0,0.0,-0.0,0.0
-6 2 2,-0.011992510524648314,-0.8839012625290471,-0.26970979687878804,1.3204637363629657,-0.0,1.1590376160131866,0.9281954586107638,-0.10256193609424284,-0.1883126501488537,-0.1794550204638636,-0.5561248588302583,-0.33699386158967615,-0.7127193025198216,-0.8255251350374823,0.3508729782878658,0.6472313420031595,-1.0191419825169457,-1.387345197236561,-1.3849347341744118,-1.0099411673853904,-0.4944037999977272,0.06000210027788932,-0.707796025342742,-0.22494423067108701,-0.8227840041107084,-0.5123743431322437,-0.6924397685697609,-0.0,-0.8009727574289254,0.0,-0.7872512262534767,-0.6633910396000013,0.9489087363192857,-0.4606474107301543,-0.18660219754673035,2.1587648742591656,2.7796205541132104,2.611987375634392,-0.0
-6 2 3,-0.0,-0.0,-0.0,1.0100011580850397,0.0,0.9479356101882601,0.8479760836375485,-0.036187716400974124,0.0,0.13045346339623018,0.05336565603613448,0.0,-0.016643076565724658,0.1590632287699815,0.4754902438556212,0.6968497935704208,-0.1534444473301375,-0.9461116733481609,-1.385243797049245,-1.5194141379879615,-0.5786746531745387,0.1653605438744567,-0.7989138268997478,-0.21531061178243016,-0.7957470595784565,-0.0,-0.127483035783103,0.0,-0.41869187456530504,0.0,-0.701047562984753,-0.785271074850214,0.0,-0.6370587269694271,-0.26031099066316404,0.0,0.0,1.1962377972493694,0.026825434461513118
-6 2 4,-0.0,-0.0,-0.0,-0.14251538185290782,-0.0,-0.26396699052766665,-0.42706205805858866,0.09204426400862815,0.13882627175921453,0.4361248669315974,0.3675538754650749,0.1370138211003917,0.2531028136107642,0.06290926258766025,-0.7588386198870204,-0.6039462265122411,-0.2849238910436121,-0.8585767923612636,-1.1994745460700929,-1.398583542631586,-0.9799962421509579,-0.8764718867156005,-0.917489900884497,-0.9552773630415062,-0.7424179831314787,0.037143333608538456,-0.0,-0.0,-0.22434323832913408,-0.0,-0.5614592799195166,-0.7834197819952622,-0.0,-0.8458275916672039,-0.8783480725318145,-0.0,-0.0,0.0,-0.8057316680873918
-6 2 5,0.0,0.0,-0.0,-1.7691784981858012,-0.0,-1.722014075436982,-1.6552378195048638,0.04891115279244242,0.06934898404718257,0.30930366210633264,0.30225509156807934,0.08662365189755701,0.23929534966225618,0.13450718964713418,-1.4700497703678579,-1.5719172574664633,-0.16094290156785482,-0.5006276729840141,-0.6924350065964392,-0.8259908188260155,-0.9229466198568822,-1.3334151122657514,-0.6851445256444988,-1.147668187327131,-0.4531451350871673,0.04522575411172607,0.0,-0.0,-0.01604973924547328,-0.0,-0.25771490290556864,-0.4983244021449375,-0.0,-0.7485435480443471,-1.0100579530237734,-1.0446757039405001,-0.35126681716082625,-0.0,-1.218451610090963
-6 2 6,0.0,0.0,0.0,3.41645959773382,0.0,3.5181896019212475,3.600141592206093,0.11078566186836232,0.37371009626124174,0.5756357250503098,0.7773804773090293,0.49811230888299707,0.7711956042841669,0.7846578437015886,3.3168112921633797,3.5645069611153826,0.5974157123559323,0.587056919530518,0.5816172213835434,0.6254551912679686,1.6977694929198686,2.8559181888090714,1.2182910878345348,2.276550122642566,0.8939550102621959,0.5899831769890321,0.6062817055124888,0.16389294750311692,0.6151548736550785,0.6652585953440641,0.7183339100654289,1.017493213767884,2.3014965401852736,1.4508249408278109,2.048487608169072,4.9793614689009615,4.350418366694137,2.833447321025302,2.69997079243492
-6 3 1,-0.0,-0.0,-0.0,0.6851946902676773,-0.0,0.6512683352373289,0.5986660718286058,-0.022661653659049673,-0.0,-0.008063270550911992,0.0005029659467518337,-0.0,0.004976481387320755,0.03784218393712843,0.4259274492625515,0.5243616379677667,-0.0214149977455501,-0.16683814510657427,-0.20559771583377912,-0.19266372868882686,0.046217813408485936,0.30321155327547145,-0.033906181820932975,0.16778421234138105,-0.06325837016859659,-0.0,-0.0,-0.0,-0.0,-0.0,-0.0,-0.0,0.0,-0.0,0.0,0.0,0.0,0.0,0.11264537860376772
-6 3 2,-0.0,-0.0,-0.0,-1.619644312658146,-0.0,-1.5368140006200006,-1.4121173284111481,-0.03374287694247212,-0.0018207315783140782,-0.06485304498329511,-0.2697772545810377,-0.06928070299249044,-0.34057397294819114,-0.2731468336838214,-1.0474232530237464,-1.245946617576041,-0.3585739006504315,-0.6894981980867065,-0.7569402444326011,-0.7419818941586371,-0.542326373696535,-0.8369686077374316,-0.49392822607709636,-0.6552614089113813,-0.46583766981054664,-0.15338092605787157,-0.23034629623581643,-0.0,-0.31648586114162097,-0.0,-0.3868523622496348,-0.41970099085595824,-0.0,-0.45314021270398874,-0.5256249514050672,-0.0,0.0,-0.0,-0.6390026347677846
-6 3 3,-0.0,-0.0,-0.0,0.9609917228970304,-0.0,0.9986867378319219,1.0329306641255063,-0.026353689560877306,-0.03565575694719216,-0.07805779417416704,-0.378077200505306,-0.11782567589510075,-0.482866836519606,-0.35984160577045826,0.9494758380200681,1.0298879413901565,-0.4006526477460205,-0.5143033687168164,-0.4677349801938145,-0.3736147846022179,0.24564672393351344,0.7749498991732825,-0.009166877630877271,0.5253604684153205,-0.1958284138476028,-0.19129216487569198,-0.23797940276539473,-0.0,-0.238722498810816,0.0,-0.16508640136412314,-0.0,0.0,0.056918419269367075,0.31249254676614074,0.0,0.0,0.0,0.5712917845009872
-6 3 4,-0.0,-0.0,-0.0,0.2945268642548198,0.0,0.467885729394449,0.6933689073084891,-0.04695933857796595,-0.0,-0.036321779467441216,-0.2674157243126617,-0.07241594390900256,-0.361976085779007,-0.3975219568374933,1.0203771400715005,0.9105876531334015,-0.5510247825441612,-0.8036001490601584,-0.8435657021213856,-0.7851825615847972,0.2388858120081663,0.9370403892700708,-0.14916963969752145,0.6477922705564176,-0.4022069420275794,-0.18943751160567543,-0.32552906942784154,0.0,-0.41126696123648826,0.0,-0.38920151202946496,-0.14453492008581928,0.0,0.030500789230713553,0.43723717547114616,0.0,0.0,0.0,0.8291304331259995
-6 3 5,-0.0,-0.0,-0.0,1.5710456123756367,0.0,1.5118365354801344,1.432120661543315,-0.03817365071772142,-0.0,0.0314408921901744,-0.1052242551536712,-0.0,-0.181040827539561,-0.35180435699228435,1.245350440514848,1.3420625244155302,-0.5295703908226387,-0.6425766368121881,-0.63589703517421,-0.5093896836288618,0.6107421525625438,1.1173079692097823,0.2507156932216634,0.9133968259542531,-0.06419688032286945,-0.06093076457737675,-0.15289146836016712,0.0,-0.183554444724403,0.41110390982177675,-0.0625206853590927,0.0,1.5561524226042094,0.3908052757008589,0.7915165408368046,0.8841765217606652,1.0797441029213826,0.0,1.0674791725875452
-6 3 6,0.0,0.0,0.0,0.9488152520900209,0.0,0.7942855893878707,0.5891174057596812,-0.0019824042916520394,0.0,0.024604422032404632,0.028977941663654767,0.0,0.02712416205300295,0.03550287810910817,0.20932073153709763,0.3747717938533652,0.021597838648044078,0.029776498264896433,0.04068296872748632,0.06080950590076008,0.11283562900317178,0.12385707195511306,0.10844376376959931,0.1053430631169468,0.08357138793117762,0.0,0.0,0.0,0.0,0.0,0.0,0.0,0.0,0.0,0.0,0.0,0.0,0.0,0.0
-5 1 1,-0.0,-0.0,-0.0,1.5201528367081494,-0.0,1.5677173666566437,1.599292353262079,-0.17199097453876455,-0.39947428957094483,-0.46770840487002135,-0.63411572109704,-0.5346045017852802,-0.812868330106102,-1.2142058387466947,1.3733152441674028,1.5563702198216256,-1.2682546823699554,-1.093137258979298,-0.8279738637416414,-1.0283977446178278,0.03321744011624882,1.0263150490296984,-0.42420011303868316,0.5523413647800562,-0.7268432697026507,-0.6609018326095865,-0.7670343711647922,0.0,-0.8157903935112756,1.965487054608714,-0.7575230889376071,-0.525482354126294,2.1193023911925923,-0.10913310206676195,0.3182225620139135,1.3756880384527006,1.245075316953284,0.0,0.8582857505453312
-5 1 2,-2.37866956714733,-2.2059939518165415,-1.9358697280949098,-5.637990218081178,-1.8332289034235907,-5.632134278100421,-5.586319621972585,-0.16822316854690791,-0.4879159279298608,-0.39463606248746075,-0.8578428781353851,-0.7513652240990372,-1.1628350516358923,-1.9786128181676834,-5.160190448377781,-5.447066884743669,-2.2842070771574288,-2.528181291427361,-2.455803533755661,-2.8751738413397825,-3.5801743352242226,-4.715473930392461,-3.0187942319505585,-4.163421461397547,-2.4987584674367853,-1.058006432335708,-1.4197416063342487,-2.1218620496460385,-1.8273569858486536,-4.128250215828462,-2.31491936299271,-2.8470896107055355,-5.699196821824745,-3.3955488052253524,-3.9120904572788886,-5.990696955378096,-5.795477141258574,-5.007195750152254,-4.523704879612119
-5 1 3,-0.0,-0.1740642115102051,-0.0,1.2584308956554227,0.0,1.1453406536938322,0.9727372995724773,-0.10536809241561346,-0.17502449797056607,-0.16446628339331118,-0.38469564560798797,-0.22969910013056458,-0.5805187420287371,-0.4915542978352428,0.4692871604532565,0.7407302835582391,-0.22412915517032653,-0.08100552401776344,0.04677584589135978,-0.06791521668283872,-0.1617000674854038,0.1995933163082331,-0.2385679118029927,-0.019142619719080708,-0.27703531932560604,-0.25960841834291787,-0.27121318533419314,0.0,-0.20806212425766518,0.8113717854095475,-0.1685584370009405,-0.1471046925730688,2.6650631589996907,-0.07656768842806826,-0.0,4.204876227402845,4.182828016608728,3.5673353565224577,0.14687818154831625
-5 1 4,-0.0,-0.0,-0.0,1.1396509967151758,0.0,1.1534949721259304,1.1801780815464493,-0.22857915463418943,-0.1642968430655015,-0.24748261393885784,-0.19982506920357665,-0.13435043936200025,-0.25927990388058636,-0.015835217347584477,1.2637784807342367,1.2223823105007914,0.22441793161511964,0.2906314949411058,0.2234594362698741,0.2924897346286744,0.9647074140553494,1.258611964210061,0.6934629057940876,1.1613009063707092,0.3982254168430689,-0.0883917897166969,-0.00032615289695462615,0.0,0.0,0.0,0.18775755045136053,0.4714569748643336,0.0,0.7742022704500555,1.017642707859065,-0.0,0.0,0.0,1.1603887900253782
-5 1 5,-0.0,-0.0,0.0,-0.9010582011560054,0.0,-0.6500874208273665,-0.3027642131192166,-0.3389380012252744,-0.31279918580034405,-0.524859731893718,-0.28317914815583584,-0.2144944182714128,-0.21824683103052245,0.33686564003019936,0.4483960019321397,0.09110515084022917,0.6000006880909706,0.7457578875609491,0.7585652857303025,0.8963376130481109,0.8765779934447783,0.7070144834157053,0.7954768564552954,0.849187251913047,0.6335505861060636,-0.04523539533920006,0.0,0.0,0.23311206089684375,0.0,0.49330288606655015,0.681586710914043,-0.0,0.7780720190591507,0.8035315761253831,0.0,-0.03394722870134039,-0.0,0.7134345550778078
-5 1 6,0.0,0.0,0.0,1.6936914328606179,0.0,1.6259879027900837,1.5435893121923514,-0.0016932550023177066,0.10669725254637936,0.3468095021689395,0.3908941668884288,0.17684702079290318,0.324759420681614,0.2937641497003825,1.4323231617820864,1.4722790675500605,0.24847343578926087,0.5657212148546785,0.7192629023217764,0.8966514020091387,1.156082155725468,1.3996106970395958,0.9546385667068495,1.3159485486911326,0.7577764745966858,0.24638547071905345,0.34627851827104034,0.0,0.4699740277559718,-0.0,0.6417363188104106,0.8401736985063528,-0.0,1.020644508247795,1.191579095708241,-0.6620250515035364,-0.07606346114670744,0.0,1.3110532480312178
-5 2 1,-0.0,-0.0,-0.0,0.25287828700218207,-0.0,0.16927486783579396,0.0490667272621852,-0.13092013854570744,-0.22534136150497242,-0.24530163205144442,-0.5869093236290893,-0.3621037946154758,-0.7362979647450429,-0.6916773786946251,-0.27324209933081395,-0.10106075763744275,-0.8005074364744074,-1.0293532907028926,-0.976815487020648,-1.093100394765867,-0.8617740238391811,-0.46964737830208847,-0.9584138101794523,-0.6811478099969965,-0.9537663739402561,-0.5027196236361748,-0.6427025199130558,-0.0,-0.7832153946339633,-0.0,-0.8829708589340008,-0.9012351179956056,-0.0,-0.8283406798605423,-0.6750363579235843,-0.0,0.0,0.0,-0.4629937949536462
-5 2 2,-0.0,-0.0,0.0,0.3926493817033445,0.0,0.30719014782789844,0.19965097078595542,-0.21650023702822585,-0.1235043230441911,-0.20352114901564633,-0.1262281061630473,-0.1405805265497929,-0.2773161672901631,-0.28783409138311367,0.042140755862072714,0.10000395594386409,-0.2278578470537313,-0.24782463525867574,-0.056549174735842776,-0.2642537507576089,-0.019336376799282184,0.027734674897982696,-0.09104168287733082,0.0197548144137588,-0.17063797210223397,-0.17064630724437352,-0.2047433408210382,0.0,-0.1736807774819022,0.0,-0.10480909223327085,-0.027987790170914833,-0.0,-0.0,0.025516725836378155,-0.0,-0.028830419971817452,0.0,0.01301762847142238
-5 2 3,-1.0698497884634202,-0.0,-0.0,2.391493544413677,0.46956819009010653,2.4854311100556012,2.624307573345279,-0.30206636625083844,-0.4894564106845348,-0.5385728472206283,-0.6462299833479463,-0.5216456224749418,-0.7959169851106994,-0.5363247320493035,2.9444151188946566,2.794453964714197,-0.21400745351805697,0.09017674210743666,0.5422100911627715,1.07325448813598,2.3760727027494575,2.980382524005224,1.7418364330492058,2.8036317365191463,1.0130993002070008,-0.4590328658556,-0.27006601138621855,1.9040598063850822,0.0,3.1822919301127173,0.6129487265373748,1.3543966251031616,3.859002457542891,2.1122443462861624,2.6617155507633816,3.7262822790135965,2.1868182971769157,1.7748996380005126,2.9523435297041347
-5 2 4,-1.3024199114274562,-0.0,-0.0,4.082620764622531,0.0,3.9329659744712746,3.6988077719026284,-0.45496364282682333,-0.5962256119891267,-0.707692172688888,-0.6277229395630496,-0.5630985793634031,-0.6750358473735613,-0.044761160463180696,2.962515162433494,3.3713608659593883,0.2111248776209946,0.4106646157955322,0.5254039051416565,0.7445310709804975,1.510778439756391,2.500880020660782,1.01238862072835,2.0130176296280653,0.5578189820837939,-0.44264984484775016,-0.2062081437003475,0.0,0.0,0.0,0.2757765611995138,0.7467301048636106,0.0,1.273387336988686,1.80944677608284,0.7214140758727213,1.578874215862604,3.661106121639666,2.3101883946155977
-5 2 5,-0.0,-0.0,-0.0,-2.5245033173126346,-0.0,-2.433925568618535,-2.3140314679302763,-0.16972746094646252,-0.045742392185575804,0.0023756007518386966,-0.29922543440000837,-0.15874437028788294,-0.4963276310948768,-0.6177400301057638,-2.055628328089343,-2.183963135620228,-0.9104513467955583,-1.0792869614345213,-1.031023303086864,-0.7174606829602947,-1.3578004046170649,-1.9013422628776229,-1.0380263007317712,-1.6707754643396404,-0.8074604127523728,-0.31981145933182525,-0.47276980217850484,-0.0,-0.5831399135980678,-0.8079974184829815,-0.672566605032606,-0.8598120821397602,-1.8525113624137877,-1.1730121583068251,-1.539089988329008,-2.099060761922855,-1.7175577973854987,-2.4777744434395044,-1.8347946099901395
-5 2 6,0.0,-0.0,0.0,-1.9082921553130574,-0.0,-1.9414385523593038,-1.94077730417563,-0.05419748814421591,0.0,0.1334216059112931,-0.01861132144462368,-0.0,-0.13724554909959774,-0.20616350787349988,-1.5730219238778833,-1.837942787051519,-0.34030572073819876,-0.015147975621051583,0.21599004446943124,0.31547774763038633,-0.31327440475535595,-1.1611632645643588,-0.07426536241221174,-0.7010944804396562,0.014069927391212463,-0.0,-0.0,-0.0,-0.0,0.0,0.0,-0.0,-0.0,-0.0676284448581559,-0.4084109414456006,-0.0,-0.0,-0.6009743639856501,-0.8579450933995942
-5 3 1,0.0,0.0,0.0,2.3292173260884796,0.0,2.1827004216111736,1.9756089035995579,0.03086187326873298,0.0,0.027437916051205363,-0.006067517660617416,0.0,0.014604730375028567,0.6404005362428503,1.4801895072155233,1.7290331285676097,0.8048115852227437,0.8143189125703679,0.8376456779150755,0.8541165006368748,0.9674508319714716,1.2606557517671118,0.861934771661172,1.0900247398159528,0.738262186604013,0.08808636259618068,0.2631213881311179,0.0,0.4206142106479785,0.0,0.5470916207453906,0.6996110167851783,0.0,0.8381157561680238,0.9543728514916668,0.0,0.0,0.9398121000793153,1.1442041341415816
-5 3 2,-0.0,-0.0,-0.0,3.6720556565209597,0.09152982434011422,3.7269273205847666,3.7753681657186453,-0.08828456647835829,-0.04518771748885477,-0.15504766080520907,-0.32026504828147084,-0.016780649532107818,-0.3348285360996775,0.43374828408712673,3.6232942482600037,3.7639027810971504,0.773139381602207,1.0801076293045087,1.3848971156806649,1.8250074509311571,2.318082528036812,3.3130840256786636,1.7795905932124798,2.8540260409380256,1.2740436753158038,-0.0,0.1062765411205526,2.1823520415780324,0.4842213775155467,3.4264754478886497,0.9842160374846444,1.5266301816379457,3.716389218046421,2.0806963224759487,2.6234270788920098,2.6808901630587103,1.9678100180784015,2.505433952203199,3.1630635985897486
-5 3 3,-0.0,-0.0,-0.0,0.9646466962673164,0.0,0.8557780883834377,0.7071266706000668,-0.12451674616649969,-0.20121595454101376,-0.16491504987208627,-0.6066629682391396,-0.30492915362416734,-0.7687754815797553,-0.44373519312725324,0.40890821644138536,0.5440406779057827,-0.3850724679498574,-0.2817560751887634,-0.061977792268764216,0.34997139070773287,0.27270921911677076,0.3328975345400927,0.17334680868415792,0.3063939494616719,0.004857435136892393,-0.3667038393105559,-0.32720986493044685,0.0,-0.1966565795368968,0.0,-0.0,0.01979956270090945,0.0,0.19307527563296623,0.24395313573558694,0.0,2.754123567990338,0.412356425698197,0.2838789968106084
-5 3 4,-0.0,-0.0,-0.0,-0.5804460314506937,0.0,-0.4427461113747674,-0.2678264286166269,0.006147186937630312,0.0,0.24337695943207235,0.003150530447475791,0.0,-0.11403877175117642,0.41701730796462055,0.033002599801878425,-0.09689397890298526,0.40384430246342123,0.3892927737717974,0.38094885564337466,0.427717266393084,0.37372188896261105,0.13667578205182043,0.43500707601847277,0.2538761414394962,0.40748736612368763,0.00592683261608525,0.07646410240714695,0.0,0.15493629065111045,0.0,0.268216181515213,0.3928904282471786,0.0,0.3848510058293878,0.2653340895988382,0.0,0.0,0.0,0.1022041892818048
-5 3 5,0.0,0.0,-0.0,1.2958386730095601,0.0,1.2416980744534094,1.1553653965973059,0.0767621821170502,0.2177602853072322,0.49599852837565184,0.4895443509720714,0.26710838090030736,0.40970399946580366,0.3982484383842467,0.8617058437544015,1.0297455025552975,0.12196573915549148,-0.11680679797584863,-0.28052951131769516,-0.3736049413655169,0.2400624916080979,0.6566029693755849,0.10274439686595424,0.4368984600548509,0.052342006884320266,0.2522570699172693,0.14875898978438265,0.0,0.0019156451391035385,0.0,0.0,0.0,0.0,0.09559552437909731,0.28023786824571756,0.0,0.0,0.0,0.5030042343111969
-5 3 6,0.0,0.0,0.0,3.15495998424428,0.0,2.92394456972884,2.6007359398032692,0.08074454051773873,0.23914964516664833,0.44808354873805534,0.5547066140814302,0.32687080920318085,0.5333267038691041,0.5755538677930156,1.8718689437075562,2.2258211639809486,0.5004994340968321,0.5872692003578819,0.6830574093873136,0.8629983793876004,1.2929455376142194,1.600256454810333,1.134896428354584,1.4238899442257749,0.9304036286245704,0.403069849448691,0.46616260266996384,0.0,0.5639994812313812,0.0,0.7487004872143691,1.0132901872647946,0.0,1.22983233053943,1.3533999902344689,0.0,1.1682525750179744,6.086099243833668,1.4939235825165336
-4 1 1,0.0,0.0,0.67143222017311,5.466181724549822,1.0930552605081043,5.382176345569808,5.210718821021048,0.04406173782009945,0.0,0.13669475894884267,0.13567155172253206,0.0,0.08515523160434764,-0.1842602524432245,4.404800576158984,4.894768014754854,-0.020840289668076904,0.6076396224152026,0.9640813845176545,1.2424740908758547,2.530927513257615,3.7900835600621194,1.9106565193396905,3.149923438459229,1.293764517492725,0.006912325071819052,0.15420822409477522,1.9715671456583617,0.5005038274606627,1.621552621631981,1.0422782847839298,1.6528303542148104,3.218289465086849,2.2779727228938014,2.927946079009047,5.3399978887706645,5.633558278982546,5.963867008571141,3.530645361122507
-4 1 2,0.0,0.0,0.0,2.5350493815924815,-0.0,2.3787389929333917,2.1444067272183367,-0.01767385744076721,-0.0,-0.12280650911734206,-0.08062361832123388,-0.0,-0.09803633220857687,-0.4753220145531334,1.478869468673054,1.8361937822624683,-0.3488757662905641,0.0885476199938123,0.4404838410837298,0.4281182323098985,0.5191128477678791,1.11089460057149,0.3404237542531912,0.7780915026301033,0.20728102997102107,-0.0,-0.0,-0.0,0.0,-0.0,0.052015756487273225,0.17060058739927936,-0.26078090713302066,0.3318291746133606,0.5960772477319903,-0.6900678623591373,-0.045779942470935794,-0.0,0.8993672361194893
-4 1 3,0.0,0.0,-0.0,-5.303173699322696,-0.20071293890356448,-5.231664284998494,-5.094315883048033,0.15569568447187832,0.14145508471382878,0.2356191260339275,0.4457686137218057,0.28629195633906535,0.5815260041631259,1.0522069868005568,-4.42094102156372,-4.843234329957239,1.1093857727584095,0.5889088833213152,0.3649416308519424,-0.36473387929362866,-1.9886077626044394,-3.786558360999731,-1.045559333242607,-2.9492535621996194,-0.26709602018245543,0.43064337783562856,0.47826487986148275,-1.7699744096290746,0.35227097960952763,-2.1568125308359005,0.0,-0.632330982488569,-3.4041820911147243,-1.5357963726044843,-2.5685783597384524,-4.738221320542954,-4.00502522508241,-3.6934915292039063,-3.4722930330195605
-4 1 4,-0.583724280030498,-0.0,-0.0,3.44252229548295,-0.0,3.2699595833801727,2.9848384838367847,-0.42488931676669167,-0.6064062889402692,-0.7502396641936001,-0.607696300544474,-0.5713792955872343,-0.5559751199754266,-0.29637946725919323,1.9940177188518795,2.558222619343418,-0.07649247870178659,-0.3630308478426099,-0.3041036388120974,-0.5379817555148757,0.2339010119894553,1.3525265352702205,-0.11181639253124621,0.7361426196721127,-0.3029717300440746,-0.47944173996874234,-0.3939292114807706,0.0,-0.33017427341774336,0.0,-0.2745868844095562,-0.13989275134459414,1.7627395577986589,0.0,0.4961675382591707,1.724947444122849,1.3775776852108672,0.4603115191083932,1.0894450572443692
-4 1 5,-0.0,-0.0,0.0,2.4164864033944755,1.300587846229876,2.5065983918159436,2.6249423510479155,-0.4355951455546636,-0.36941927809563646,-0.510960136237675,-0.3610221707721907,-0.2898524917417354,-0.2836669762363476,0.046442953964687145,2.8040180980552076,2.74133164434665,0.5443609345805133,1.0316826674894386,1.29511147436103,1.7828230417379438,2.245730202533718,2.7601394383628706,1.8055864051839845,2.574588194474902,1.2984546574197888,-0.12371759194850607,0.0,2.9581642750273756,0.44814708011524823,3.684152120003051,0.9962102010950576,1.5616582443960816,3.9380580328003725,2.0617334209286566,2.488675989697106,3.8207058948078827,4.171806310138567,3.6643834570209606,2.755098445646827
-4 1 6,-0.0,-0.0,-0.0,1.5242189279451015,-0.0,1.4838228213207025,1.4092544510221456,-0.5122124650633895,-0.6231305617890203,-0.7562530800496685,-0.647158748591279,-0.6624302983388975,-0.6612542353693182,-0.7299332642203789,1.055469045838022,1.2764661514978406,-0.5737621138260405,-0.5565640834113045,-0.5871758750693342,-0.35843201703263367,0.04013498250596682,0.7352315779238786,-0.18486566016665076,0.36467822251576115,-0.3406256797790866,-0.6605366743645283,-0.5904593795554554,-0.0,-0.48448206621245343,0.0,-0.36605053305846824,-0.21693603825530167,0.0,-0.011695378857693521,0.1547867759334745,0.38993347150005403,0.0,0.00294743496711738,0.549120829030795
-4 2 1,0.3592855706322534,2.414745723903206,3.610576951476593,4.124159079057074,3.8238263067755263,4.075066532197898,4.012800043363436,0.15414518895723975,0.39096963421857206,0.36359583780202537,0.808893984143474,0.6435108916711166,1.0161938992198478,1.5755411237365766,3.887727005280303,3.949565784850424,1.8434618692751294,2.2928853733478394,2.5412242198783663,2.840700648712726,3.3606775119194223,3.796837632191788,2.9939357851800916,3.6290033378767177,2.5375048906385493,0.9737064639354313,1.370291408853842,3.969630108398688,1.8534550248788564,3.5350540916424107,2.371537590353817,2.8754649404357315,3.152140922685019,3.257301942419261,3.5547700293274542,3.149280889650628,3.7940990327907054,3.8032542504766984,3.736996054531348
-4 2 2,-0.0,-0.0,0.0,1.5729065801275401,0.0,1.6255102372331611,1.6880658058730371,0.06590488601130352,0.0,0.13846063541304413,0.05001621037413941,0.0,-0.0312139817604639,-0.05972152319696015,1.7069656984590478,1.7313320236264593,-0.09671846761649561,-0.10963074321937984,-0.09728825065633864,-0.05298389481742922,1.0020429079150694,1.5697014264004923,0.6982951548735248,1.3156301338025673,0.43768239061322445,0.0,0.0,0.8850080291426674,0.07279968833854301,2.5851842547982953,0.260132046433944,0.5314129768741884,2.6519673452178223,0.8732346219649976,1.2170248033051083,0.3788374929127878,0.0,1.0483586284057524,1.541607192988294
-4 2 3,-0.0,-0.0,-0.0,-1.3824140878673559,0.0,-1.1911669092441233,-0.9173092824144504,-0.12307245924165883,-0.15401426257524833,-0.21241213352960459,-0.24248631909085264,-0.15394131606727104,-0.2902857732179364,-0.24268596272805923,-0.2598030864309794,-0.587229325965235,-0.3182466374294729,-0.3042875638808227,-0.12767061753190528,-0.15962492264722555,0.17724858917990582,-0.0018469577068131818,0.14433546578091314,0.14236235411279613,0.07838844667031913,-0.13128414335616653,-0.07045949864765866,0.0,-0.0,0.07784180917895428,0.0,0.014632848143923662,0.7047948362310275,0.14183070753467023,0.16928547199041663,1.850139547746119,2.076399945003297,0.2519711932332526,0.09020168080585249
-4 2 4,-0.0,-0.0,-0.0,0.7996931473606753,0.0,0.7216692384946891,0.6187273348052372,-0.20740069753874185,-0.1786625169375694,-0.15109449957515994,-0.33516798388073293,-0.189763490475464,-0.43773333912649987,-0.36011091979352366,0.40647338254758836,0.5085989496294165,-0.2329099400597265,-0.43186253399961944,-0.4559266768409759,-0.3276367068619648,0.02695120901109844,0.3019437167972393,-0.10559675442176675,0.17358668549107567,-0.19950678385153034,-0.18203748107543027,-0.1800589923889447,1.124459083833932,-0.18256420676090318,1.5497090026254638,-0.15658046486797603,-0.053757308601126486,0.4874686531618012,-0.0,0.023068132249940986,0.3993964807709657,0.0,0.38484022201139606,0.18602179941120808
-4 2 5,-0.0,0.0,0.0,-1.9101809298790435,0.0,-2.0583659852374763,-2.224144827765548,-0.3835755261267953,-0.27796477817991017,-0.381391015269907,-0.09980831158680646,-0.17669402645472104,-0.08709675674259022,0.024517158585945817,-2.2468196301461867,-2.3219704933581724,0.15351335364537202,0.10454431095511033,-0.05035912694412738,-0.008547860463805016,-0.9887281660924853,-1.954460412876144,-0.5443134405799588,-1.4974190372518839,-0.24022591507198032,-0.04956119518315355,-0.0,0.0,-0.0,-0.0,-0.019078062051864037,-0.24794607320322862,-0.0,-0.6390054199646317,-1.1707505524298127,-0.0,-0.0,-4.268216052091244,-1.7022762788123296
-4 2 6,-0.0,-0.0,0.0,1.368891717091151,0.0,1.2401534534009806,1.057951467520634,-0.20722352550570367,-0.013766382899505337,-0.0806563485745987,-0.00019713417578097058,-0.0,-0.06874286023419275,-0.18761287885597322,0.6308950955893977,0.8422708782986142,-0.15164028864570225,-0.08740736723371541,-0.1328932928642576,-0.1642574437781453,0.21581698263019708,0.45543923154948995,0.11961846754251874,0.3227832381980829,0.039553182067920425,-0.0,-0.0,0.0,-0.0,0.0,0.0,0.04494734554484938,-0.0,0.16360493630503747,0.2775013654886077,0.0,0.0,0.5747693190128167,0.41951843027392327
-4 3 1,0.0,0.0,0.0,2.057703091872032,0.0,2.1096485533731513,2.1643864276468663,-0.05329707368654879,0.037195504930110895,0.06749516130268536,0.4603710600619716,0.19031165041301673,0.6287627001340946,1.070759357718734,2.1608534790108846,2.1912018690185335,0.9996688299624221,0.6435700265771533,0.47538829701832896,0.46184580060080715,1.6691141985694624,2.067121379859728,1.3647748237507753,1.9079708288759296,1.0619740694722917,0.34792110512089286,0.4939821735390549,0.0,0.6654012494151256,2.423421747675437,0.8976955883794465,1.1742086691338738,3.937765679422826,1.4857407736873645,1.7588795387435974,4.145138579397241,1.8999172202491674,0.16502099561638428,2.0029436939626954
-4 3 2,-0.0,-0.009382791463591743,-0.7199192304889002,-3.5927202091582866,-1.3055501024597642,-3.5863667183715475,-3.5627943364218653,-0.2610407091217385,-0.24232379451936076,-0.44180665373315303,-0.35399506507204637,-0.253434708704531,-0.3454564142511707,0.2659119985282725,-3.343242905428797,-3.4960842425699994,0.11796656124279555,-0.6545709162084824,-0.8661957222103934,-1.2457628000165835,-2.0874910738932626,-3.05627741393752,-1.5509450360531438,-2.620286837620007,-1.083930890344207,-0.2646344446161827,-0.36324802584583893,-2.595124491400433,-0.5918093702541072,-4.475045808632429,-0.9618988973468702,-1.4202322106710759,-5.687248288762015,-1.9524603137774745,-2.4744505433877024,-5.352888199953371,-4.518045800853424,-5.627417865076293,-2.9200729852186145
-4 3 3,-0.0,-0.1758598579269438,-0.0,-0.7661941703085565,-0.0,-0.7388273292832862,-0.6997836160787761,-0.302424285265133,-0.3904963334304618,-0.458713663243618,-0.4403862883937096,-0.3833642366867455,-0.5255882971959825,-0.20861198016221305,-0.5746284823609569,-0.6480854343595956,-0.20330088398901908,-0.3554013926402913,-0.21685949473563207,-0.036702316030488694,-0.18289219218642924,-0.46286280994519857,-0.1073669050190149,-0.3176806375747874,-0.10520203971703122,-0.2978566420350223,-0.22331649445341856,-0.0,-0.11335302921225786,-0.0,-0.04679717488016895,-0.04685372182439417,-0.0,-0.05764799208387763,-0.16944906902576232,-0.0,-0.0,-0.8449942911118695,-0.3536163392989538
-4 3 4,-0.0,-0.0,-0.0,-2.8518477743908126,-0.0,-2.6892179825561455,-2.4657519125326153,-0.17673539528252064,-0.031024156564135118,-0.004217046075067414,-0.07940553762982801,-0.039941053218884644,-0.21191101395670722,-0.2627360304697367,-1.9687390123888362,-2.212156710739487,-0.4144422144178657,-0.6405475310621032,-0.7678772320425928,-0.6686589232011454,-1.213822307212362,-1.7411374634187509,-0.9210366181390514,-1.4964629985124391,-0.6687277322057276,-0.07917085624093874,-0.1752714767717893,-0.0,-0.316345715192965,-0.0,-0.5050702580211839,-0.7421434305916982,-0.0,-1.0488919792706621,-1.3348385608093518,-1.2387280336546385,-2.248710928894642,-0.8145402584795407,-1.6193534321492011
-4 3 5,-0.0,-0.0,-0.8878051131920163,-6.006382484953589,-2.1754210690435376,-5.909698717825304,-5.7378141481551355,-0.026925718666352665,0.0,0.2812906545686807,-0.07949226591491358,-0.0,-0.29837195345723266,-0.3094724545519821,-5.024005544736841,-5.453054622121408,-0.5605760621443638,-0.8423147869165083,-1.1138508716064215,-1.4739601540141476,-2.965425878042603,-4.444702417592539,-2.1905254463459367,-3.74081810525358,-1.489284535425586,-0.024734412572787242,-0.2693893194884129,-3.531199107534052,-0.6470962919973776,-4.073992813509284,-1.1795171402066371,-1.8340915599757108,-5.53547497172775,-2.6380952591059637,-3.4207704784219035,-6.92076019655037,-9.34101960007915,-11.019352821572163,-4.145560496796249
-4 3 6,0.0,0.0,0.0,0.07723666305784074,0.0,0.2105058381066097,0.3932155679028496,0.0712439015621624,0.27404377050867945,0.5081101149763243,0.5600666617213593,0.4057550462282809,0.509716996079709,0.839997976026556,0.7680277053138866,0.595688617901048,0.8608265903748085,1.3091450290493862,1.4498547477265364,1.3491203424677507,0.8811765016118696,0.8700310880958789,0.8772333437214919,0.8955116312229515,0.8878615356202796,0.5605809219131239,0.6988943645630017,0.0,0.8101673111680362,0.0,0.8584145497602146,0.8349319484089176,0.0,0.8133389151054338,0.800260392793705,0.0,-0.0,-0.0,0.7947871663380975
-3 1 1,0.0,3.1383920995490273,5.616059356084924,5.4034877934478995,7.3330877307535935,5.309311536114114,5.185663721431184,0.2857350169083848,0.3717089450432573,0.4571547265044007,0.43805889077176474,0.5277421087269785,0.5697129228702039,1.2737745317555669,4.9433456034301075,5.056768300084712,1.8365683966993414,2.672411324862273,2.965871019343014,3.4227881106945324,4.175069884175871,4.816382473935575,3.571056839704834,4.588229329657294,2.8510054427120446,0.8051305137107433,1.2683399762965515,4.764542602689505,1.8954587041009798,1.620533063956706,2.6247810644428995,3.3512875028030993,0.6231650846441567,3.991348830812448,4.450884392546261,0.6854043520773085,1.7294902692802732,1.940329812401807,4.74153106964631
-3 1 2,0.6889155418249032,0.3121492770675157,0.0,7.284170321684394,0.0,7.117021309475878,6.846138135691613,0.42431162646594006,0.7251449657738247,0.7877084334512019,0.994811695811005,0.9159110297602029,1.1397526184401696,1.5669964912563055,5.891532270632653,6.443397943241654,1.816037904532727,1.9490795916581884,1.932564335033589,1.9688386428574227,3.5799304210653506,5.195976908118744,2.8270220739656993,4.399709753102814,2.213400850638107,1.1288957306420007,1.3548070144538686,4.616583657672722,1.6395012327608616,9.057973368778876,2.0171638112653314,2.5506332161290444,12.567090937790494,3.307171848453847,4.133321980371575,13.299039258269769,15.112325478542553,12.95105078268263,4.97340569011701
-3 1 3,0.0753150414061039,0.33720585087596794,0.0,3.3062310041630756,0.31636555831997853,3.2629381680534815,3.171924622988626,0.3969879369771189,0.4437586328862198,0.532786863873053,0.5083679173388179,0.5175000374748534,0.5948921639248459,0.5299537221814077,2.7163080317255224,2.9981330671315725,0.6825741075985794,0.8717700821484808,0.9634515827967826,1.0151488247053677,1.5673670333702012,2.34329645268227,1.2528011565922623,1.9399181669794712,1.0019891437070392,0.5879481352159024,0.6477034219957352,0.5243799102885353,0.7204069450189574,0.0,0.8598519242289174,1.0705039278681525,0.0,1.3991038363999866,1.7387011928294416,0.0,0.7745477572450022,0.7444477848680943,2.142130089613652
-3 1 4,0.0,-0.0,-0.0,-3.940448181207787,-1.1124254459807705,-3.9328112484561806,-3.8864531177350696,0.002094832831655324,0.0,0.07774076816668697,-0.05997702218973587,0.0,0.04360675950238097,0.3289673925977108,-3.4448658241293626,-3.7462419846003585,0.3656876326443818,0.1797282435444956,0.22428235813351496,0.12886187625757384,-1.4901310125155203,-2.942845964817758,-0.7705678967642798,-2.261387736406475,-0.2397240919692945,0.0,0.008818770392941837,-3.2142574335638656,0.0,-5.21540243554602,-0.0782216892503316,-0.5692654074859551,-5.321070957929323,-1.2201837447142743,-2.02404492663584,-5.804399753373926,-5.710139782252475,-4.036895873045087,-2.7647100005745515
-3 1 5,0.0,0.0,1.3014188381098688,2.292175594276944,2.7936486050963842,2.337723346871479,2.4056277049660646,-0.19772731059262919,-0.0,-0.11072332012694261,0.14651307164893637,0.009709193202136238,0.3344497314195641,0.961464718118882,2.618683606655837,2.498061797090236,1.5702513196860002,2.284402247899957,2.5924819062296542,3.2151815873863994,2.888272206509421,2.762803707175772,2.699300097558005,2.8834874311176577,2.304660104293254,0.3818698180894266,0.9179797574905544,1.6838932627723011,1.5192296259067168,0.8665747502231356,2.075153720048434,2.544325465178745,0.49776209391965737,2.840313490851146,2.9398004150175976,0.29068469399842517,-0.0,0.0,2.8654116755692933
-3 1 6,-0.0,-0.0,0.0,-2.1754038671795315,0.0,-2.0674385695077406,-1.90404633681798,-0.4074417220132325,-0.2666413059913086,-0.43596427794032844,-0.20435163959809108,-0.2191306929285873,-0.09259415178722707,-0.025982993967135253,-1.4616136478744441,-1.6908764929438869,0.0636608420239941,-0.4340238299188788,-0.9317242587937007,-1.2594102889809033,-1.152672245153241,-1.2757223903636326,-1.0941705300119446,-1.180933470830892,-0.9279946515415378,-0.19284129356887192,-0.2542609321590935,0.0,-0.46690327919511376,0.0,-0.7635618296261575,-0.9825808281129992,0.0,-1.0159487813332992,-1.0635237955900774,0.0,-1.1300729823764364,-1.6372768476491055,-1.1442609896248588
-3 2 1,0.0,0.8220705366373703,1.9937588393865293,3.3928721148820444,2.5227021678400563,3.317599031360935,3.1923745121860843,0.08030298480946853,0.1659368928137939,0.24365291303423653,0.5199095584967572,0.36267907376637554,0.6435848049932108,1.1560899822616415,2.759614603847089,3.0046163985642993,1.2578324399222691,1.1992908048379607,1.0206342552524048,0.8412303116590805,1.9378065038708463,2.487662521024606,1.6366378009077804,2.2166425951877944,1.3412613374159765,0.5901474317638292,0.8151734165800336,2.3895650515086406,1.0236495505916248,1.1141825436212478,1.2316376284452653,1.5042760353746918,0.0,1.8413045613261472,2.1329199667593195,0.0,0.0,2.996363997821832,2.3852756281442975
-3 2 2,-0.0,-0.0,-0.0,-5.332697733901081,-0.0,-5.207254996815666,-4.974786470365073,-0.104311167122167,-0.0,-0.09368684523050184,0.07410646312564977,-0.0,0.10235088657062456,-0.09096626974060275,-3.977428255480637,-4.576759980551354,-0.3089811078047046,-0.5906271105865428,-0.7861863125928968,-0.9355462641346065,-1.7458242464751523,-3.2188193776490412,-1.222200413592812,-2.4296096747931935,-0.8333547251935065,-0.0,-0.11920399221086354,-0.0,-0.3279381737828605,-0.0,-0.5922717852780528,-0.9464190138003247,-0.2245521520195836,-1.4094801935217423,-2.100771819331807,-3.2897417642468163,-4.276753896196731,-3.766255347063577,-2.908304710752776
-3 2 3,-0.0,0.0,-0.0,1.609810213853035,-0.0,1.567256616164418,1.4482159544584814,0.08462937408712362,-0.0,-0.07018849346250955,-0.08792076619787531,-0.0,-0.11583857437696626,-0.6942535361270809,0.7219985060357043,1.18142357871984,-1.0151330944692771,-1.236767410021715,-1.272853224612692,-1.2178924702668485,-0.804792149432747,0.12902521766802988,-0.9371156519168512,-0.4331683929936061,-0.8901605323267133,-0.16237344275597393,-0.37402982950907404,-0.0,-0.5945213449855572,-0.0,-0.796312644180055,-0.9079832799798757,-0.0,-0.8668338107173251,-0.5375746325780543,-0.0,0.0,0.0,-0.04710042764180025
-3 2 4,-0.0,-0.0,-0.0,-4.354475171550348,-0.0,-4.131734998439948,-3.78126174054803,-0.15653709876252794,-0.03162916820548789,-0.02242723581877773,0.05437240054139363,-0.008147190539818808,0.021942818684465022,-0.6085758285916018,-2.681234712337245,-3.2893736884335536,-0.9163365430785452,-1.4933266434103198,-1.6014929101748223,-1.4854822897038313,-1.0592988797308507,-2.032891575870672,-0.8415809975685941,-1.4597212133128117,-0.7177024397879916,-0.05064686877819449,-0.23634625130801493,-0.0,-0.44349137272297645,-1.3491955970004732,-0.6230497100490923,-0.7665878908660054,-2.734622392823764,-0.867118820008909,-1.2340907678064807,-2.627294138156602,-2.624167289354701,-2.9353984252461087,-1.8041947873417457
-3 2 5,-0.0,0.0,0.0,1.9884593662563028,0.0,1.912833350707527,1.8074067951929964,-0.30164167040878165,-0.1072325053123319,-0.1508649810884909,-0.20736015798261453,-0.0,-0.19740086076229707,0.405992820673222,1.5752662670614253,1.6865947488509687,0.9476353512538652,1.7269388802018804,1.9786287592372531,2.0690729102763203,1.31133245847006,1.4878728741021228,1.1782410707393807,1.410111536007354,1.0061354416659678,0.0,0.2411353619717181,0.0,0.5766947293956836,1.1950649871251733,0.8526902582299216,1.0551112540242515,1.9567104975620153,1.2184290817297816,1.3501819114930416,1.8083963127716045,0.9094902121067338,2.9218538509588226,1.4085526117431373
-3 2 6,0.0,0.0,0.05040521511360226,-0.5603157967062856,0.3325634422390019,-0.44054671334672935,-0.2603992301917718,-0.3956646551291335,-0.17854803754037896,-0.30735543791473324,0.05461700535683847,-0.0522370972838656,0.08372462582473557,0.10466718720835796,0.23448273150144022,-0.025298626001267734,0.2378582620312246,0.1951855604095489,0.07649765495373508,0.12472327507681408,0.5935672478472352,0.46263000006442434,0.4935361701870669,0.5927482711385086,0.35187936542627407,-0.0,0.0,0.0,0.0674099588115615,0.0,0.2284243336676485,0.4119470190957223,-0.0,0.5697951946914127,0.6469827323358062,0.0,-0.3274263098670399,-0.10347659760637402,0.5266980561018416
-3 3 1,-0.0,-2.8343148867996764,-3.7916419978431013,-9.289607745850063,-5.16099040952903,-9.251902362516084,-9.138992468929011,-0.2738715501784367,-0.4484949613563357,-0.5569838754752364,-0.7115329078366865,-0.6480732959673688,-0.8228446056915953,-1.3266545356440331,-8.320935583589407,-8.86283143344745,-1.7554175359723858,-2.4937071074007306,-2.926831447762245,-3.484358236986111,-5.215672148779876,-7.469210029600397,-4.096835382158873,-6.382408019723396,-3.0913313730816663,-0.931902380376276,-1.3646961322289763,-7.005891746688505,-1.965932191588622,-9.543073590557938,-2.7727459107589842,-3.740001821838122,-12.273832238465848,-4.8268074123905125,-6.030287471927213,-12.741155432910539,-14.050693786594424,-13.504759092679008,-7.118386670145244
-3 3 2,-0.0,-0.0,-0.0,1.2064321473185577,-0.0,1.1183360734562189,0.9689705126335714,-0.3096191264530683,-0.13128026503380585,-0.4091590514521076,-0.005221896453960257,-0.09497007425605679,0.10603800174743641,-0.07719854151093997,0.4372501508471577,0.7402647042245537,-0.328597626597431,-0.6068734192149301,-0.676666561409814,-0.7274142037953968,-0.3342138837005229,0.1075081878322103,-0.37729035267094824,-0.17034435141230414,-0.3407409678469101,-0.08658299206523351,-0.11640716550099046,-0.0,-0.15893549340163973,0.0,-0.2082861366446081,-0.2604887179371481,0.0,-0.2426338824399982,-0.11468009386091661,0.0,2.33140946002986,7.0361891345643865,0.0
-3 3 3,-0.0,-0.0,-0.0,4.256908819113928,0.0,4.157358569176162,3.99794877883296,-0.35118701467201574,-0.11053083326477198,-0.26391692035213243,0.14452074942160945,-0.0,0.19495959219649603,0.4058877993547288,3.433990323755873,3.7623592277017877,0.5624782073368726,0.6387776803717916,0.812581805035001,0.9290010804071921,1.8882459757283252,2.9991431977044103,1.3467955262247442,2.4669404019988703,0.9141967833181595,0.0,0.149492209020933,0.0,0.38276865029864116,0.0,0.6775134160494044,1.057909940299835,0.0,1.5922119569927908,2.1364161880059056,0.04811374279351002,0.0,0.25665457187397034,2.7646700591453626
-3 3 4,-1.411617461018312,-1.3883256567679598,-1.0351382182817117,-3.0018842437908053,-1.6364614801630664,-3.050886165236203,-3.1106730437349914,-0.47877227981658227,-0.6229673683619509,-0.5109399176633724,-0.7041001415448731,-0.7064323475820797,-0.8711544524703994,-1.1835008859609542,-3.169263832720425,-3.1598012358776164,-1.3084858201902558,-1.7848379103849346,-2.0553994692998683,-2.419125878680876,-2.763977693355108,-3.117682578894707,-2.4303369033963995,-2.9891326586623643,-2.0085286595443046,-0.7996510656033657,-1.022172741633123,-2.16307278732907,-1.3634827437382837,-3.6612512351457336,-1.8016091414270767,-2.2718952887064043,-4.353754075970343,-2.658904720001861,-2.9445334278277575,-3.238624031253629,-2.9954716997371413,-0.011658340841540667,-3.070757294873112
-3 3 5,-0.0,-0.0,0.0,1.276716571885439,0.0,1.1486966791960513,0.9659743145478259,-0.24184460083759765,-0.15045317449962142,-0.0853082006499099,-0.29142598805608205,-0.13540533084507325,-0.4408028792840841,-0.3017969918621278,0.5314848065860615,0.7472458998981002,-0.12661048863292212,0.12233027720274475,0.1262031433223789,0.07137601321551448,0.15690047731298937,0.3562730507206205,0.09329499790311868,0.23623155353497807,0.029452983486468846,-0.0802387853049912,-0.009875610176601709,0.0,-0.0,0.4067115145930938,0.0,0.02902086435237821,2.349677346085082,0.0683834378307115,0.17077729495228935,1.1445913763324416,2.0003599094174476,4.475938190325756,0.2948691840948235
-3 3 6,0.0,0.0,0.0,0.2693123552028597,0.0,0.4798903535782553,0.7612907593037227,-0.020000854253647313,0.06774236692298305,0.3890279488504744,0.21824835843713614,0.10687483042603049,0.08417089313916759,0.01879841939360215,1.272739664568466,1.0556901946049977,0.1907280960432977,0.9109084266524363,1.1537730801787114,1.1120088606942653,1.1110177807551982,1.3468597890607286,0.9151068894914558,1.2753562627396497,0.7177025542030357,0.17004735604695734,0.2515442530445343,1.2091059244003242,0.390969524494224,1.3733787188213746,0.6019903604106288,0.8305541056136518,1.2174178450604058,1.0709887640203195,1.228090154458757,2.291207432967386,1.5793557654775818,0.4825390552307264,1.38173712618036
-2 1 1,0.0,4.286155975624754,4.499912867948935,0.7448165674664288,0.21320292793676723,0.9653598904819125,1.2603467581680148,0.23861937491285737,0.4010875417699032,0.4732424075386965,0.7364130078190682,0.6063543972884078,0.8414805245392559,1.293664263166623,1.8319129323847165,1.5747590298705474,1.5645313567314219,1.92775940289535,2.015849156991373,2.143427952531822,2.041754730310153,1.990269381454305,1.951717856190854,2.0547635585692703,1.7775809728136382,0.8678062788832632,1.165746922670085,0.0,1.4556378316667753,0.0,1.7188860614429553,1.9105250061324979,-0.0,2.000873565398166,2.017439274809538,-0.0,-0.0,-0.0,1.9134457537919263
-2 1 2,0.0,0.0,-0.0,-0.9051279459455784,-0.0,-0.872668497367523,-0.8272263817021456,0.026442805189569752,0.0,0.0668104787893479,0.13470782344367815,0.0,0.1634101866688767,0.1955362130357336,-0.7109107665154557,-0.7728020550584377,0.18760911197380886,0.14478970907502703,0.08878107638697308,0.013955303300742914,-0.3536156792560974,-0.6289590193892164,-0.19311349596778044,-0.508553897519314,-0.05558282307381591,0.0,0.0,-0.0,0.0,-0.0,-0.0,-0.0,-0.0,-0.1311837979740612,-0.3181544733164928,-0.0,-0.0,-0.0,-0.4773886331772844
-2 1 3,0.0,-0.0,-0.0,0.8606169960893201,-0.0,0.6280540951173355,0.30852288969746045,0.16060729515037195,0.0,0.08187612176039595,-0.30357051281218717,-0.0,-0.3165658924802881,-0.33732042297048653,-0.3558164450995758,-0.047359216316879324,-0.4543479683270462,-0.5751836271152375,-0.6078347932900168,-0.8184753133798287,-0.6928768672508098,-0.5571871479509348,-0.6973938650672262,-0.6545836980793015,-0.6566635864915397,-0.0923886985640552,-0.26036556629033786,-0.0,-0.44596821765013717,-0.0,-0.5957196613779671,-0.6520441037163274,-0.0,-0.6431865067525636,-0.6287716985175014,0.0,-0.0,0.0,-0.5047611997433356
-2 1 4,-0.0,-0.0,-0.0,1.5232177835272291,-0.342705410438138,1.382582022304811,1.2073080311763407,0.5109275313189544,0.14396461046653897,0.2719465004400548,-0.10905451545133213,0.0,-0.23785925019312976,-0.6350528837474906,0.9078649007628989,1.0406259486166336,-0.8172076026889724,-0.9471551229593235,-0.9251854640207716,-0.9040054784581414,0.09839462487307012,0.7538496065557337,-0.2913138488991897,0.4857923265083543,-0.5366046585205456,-0.04597935805843573,-0.2964133567526705,-0.0,-0.5124053470568909,-0.0,-0.5704074624866807,-0.36993069899859987,-0.0,-0.015716734916351137,0.25029777921959556,0.0,0.26653752431720024,0.0006033116199309949,0.5682284494318758
-2 1 5,0.0,0.0,0.0,0.8052844462928614,0.0,0.7992873439527673,0.7946550059428772,-0.45312511665743166,-0.44367462005849573,-0.6393532828700602,-0.5610919425237167,-0.34421579666814156,-0.36264497187899875,0.33842137745606,0.803110746011562,0.7960058445390487,0.41605430540387156,0.3691428507780095,0.18648600755303957,0.12141346586625115,0.6520347205367172,0.8012163680314293,0.4827707263633722,0.7602593487257623,0.29753045333154343,-0.16855120083167785,-0.0,0.0,0.0,0.43831299392534595,0.16771970726015914,0.3610707701541488,0.2860592955586965,0.5295940313068046,0.6243667854639566,0.0,-0.0,-0.012664646305741668,0.7416987353834924
-2 1 6,-0.0,-0.0,-0.0,1.8089004922749836,-0.0,1.5935355850089423,1.269895196113952,-0.41461951300138117,-0.4534208396795018,-0.48722094505932356,-0.6121556129054454,-0.4796548485740642,-0.6489044760028486,-0.55111941046199,0.3786161520658569,0.8479361863661296,-0.29811783096108496,-0.0765983007695903,0.03429247150310868,0.14148604877276283,-0.47300905035984747,-0.052991039087706526,-0.4531188647558179,-0.35300780943263105,-0.3940558841343691,-0.47300025912500865,-0.4063454039740656,-0.0,-0.31243249636184667,-0.0,-0.26909077431399303,-0.3208641314358693,-0.0,-0.38020967485350127,-0.3521439518205734,0.0,0.0,0.0,-0.11849214524785648
-2 2 1,0.0,0.0,0.0,-2.0599202228241973,-0.0,-2.1388012370724625,-2.2227210144731666,0.019794001357039404,0.0,0.0721567575216325,0.18052463115586187,0.0034491977715004475,0.2303036895411301,0.10273421485371081,-2.177728450655943,-2.258499296768387,0.03886127136549847,0.0997232949446955,-0.00573209719320157,-0.17894632232258864,-1.1172795440098153,-1.9411075237013833,-0.6858758235045594,-1.5651597616870523,-0.3400208174201297,0.009566438739238332,0.0,-0.0,0.0,-0.6712262467361888,-0.10048417968374782,-0.43941002825970765,-0.3529063356718859,-0.8986723421597251,-1.3927371795099526,-0.5320056631054878,-0.4988626054278791,-1.6862749378261566,-1.7939223097809256
-2 2 2,0.0,0.5933229647125342,0.5398521932194307,1.0517550298631742,0.0,1.074703761416553,1.102949212496833,0.08171371473897165,0.2693825741785592,0.22699076918299452,0.5885542406510342,0.3332700828280842,0.7168299567173534,0.6113880334793969,1.153165351314308,1.1303416645202933,0.601811745687103,0.8812251329816871,0.894060349701133,1.0033159049307583,1.070035636898233,1.1677681669609667,0.9207006868335318,1.1515414929624876,0.7451190148984386,0.38107188518010415,0.432832533255252,0.0,0.5014487034373031,0.0,0.6371623800595341,0.8142510469175573,0.0,0.9375637196052411,1.0304616739911605,0.0,0.0,0.0,1.0791685082518776
-2 2 3,0.0,0.0,0.0,4.283996560339602,0.0,4.081478301704403,3.7701214867476356,0.007448125553802024,0.0,0.057952365708658644,0.14524722881124577,0.0,0.16435251698619757,0.17651582935520574,2.805679473182598,3.341817852131038,0.08549485930662827,-0.22172643376192555,-0.48858400090922044,-0.5628182279810761,0.8833433690674427,2.1823049768480525,0.38239910515756104,1.5151728779643934,0.07937166347446592,0.0,0.0,0.0,-0.0,0.5805081697170128,-0.0,0.08910784159219585,3.470029315955215,0.5798227640778393,1.2146893700725736,4.948453512380164,3.7354118863500405,3.9116211974442945,1.9167774068458778
-2 2 4,0.0,1.3644600725606264,1.3160344366795622,1.9324664410534422,1.3663337320498448,1.935724655606071,1.927471626679877,-0.11648564068814685,0.04594561901424743,0.08006264322728583,0.42142954260696985,0.22820098444212206,0.5947518595659614,1.2921361770488686,1.775339351383241,1.8846979769646564,1.2833047828802029,1.1410748346663588,1.0938296286014713,0.9923799330816002,1.1319337768885953,1.5832185597573154,1.0063067679978985,1.342797700675021,0.9458234274534332,0.4580347096087774,0.6776177776212844,0.0,0.8527167435251033,0.0,0.9346763848956294,0.9562391147508099,0.0,1.0262757314778037,1.1833544085366363,0.0,0.0,0.0,1.4794893620411045
-2 2 5,-0.0,-0.0,-0.0,-0.9049056788613604,-0.7329610290890015,-0.9987759886970466,-1.1546260079106367,-0.24430467519215562,-0.21488845503224138,-0.10348303555981421,-0.3982640160250118,-0.26223946893496836,-0.48201355565261356,-0.8815934635163086,-1.6419077190703775,-1.3804558894348975,-1.0357310410039182,-1.1504227426295786,-1.2342813223025326,-1.2430573976549333,-1.7231752503882931,-1.8443502417909605,-1.4315064404604607,-1.8815273557262853,-1.1041062655500038,-0.3392452908897699,-0.47758012543087136,-2.128220907968063,-0.6620348571960485,-1.9774232202740236,-0.9399827885645248,-1.2636353022494717,-1.3456021657269348,-1.5808196354394317,-1.825647500947728,-0.6740448876876846,-0.0,0.6137333403974896,-1.8402354039594047
-2 2 6,-1.1016094086323163,-1.8617313620231788,-3.571219751862315,-7.861810428410722,-5.880597903395957,-7.787562743342295,-7.660437256790831,-0.525691442965882,-0.574831626357533,-0.5481292696442011,-0.5355632018151588,-0.6980062170526506,-0.644348339797944,-1.496837869585156,-7.121788517863589,-7.452345068017034,-1.7757060756762149,-2.684860591735275,-3.4207950529135744,-4.066185413344054,-5.079562091301478,-6.619921125772493,-4.163993686292982,-5.9257163481469854,-3.2534332411630245,-0.94611326822404,-1.416396341177385,-7.430013278054894,-2.1057347797839783,-8.472068699515903,-2.9183054917478595,-3.8555277472375242,-9.018469490760483,-4.777056553355712,-5.6827456839993475,-9.661068292588809,-8.746131509592317,-9.635877236076677,-6.448866230463617
-2 3 1,-0.0,-0.0,-0.0,2.6677743419969198,-0.0,2.6157113131440495,2.511850283581963,-0.06957120023673136,-0.06763551244957282,-0.19353278401573687,-0.3269421005765927,-0.16400278792134762,-0.36230551475514267,-0.6509973478196124,2.002598185982026,2.319314499995149,-0.7604727732631339,-0.8306175714066507,-0.8527052749904966,-0.7460019701303569,0.46458283533156586,1.553634278229162,0.0025115046177146658,1.012923104158264,-0.3089553716754109,-0.27772823230945076,-0.37945643030669557,0.0,-0.42468109372832524,0.0,-0.344226671977119,-0.07542570126355823,1.8468366434180983,0.15317076746104463,0.6969600130272341,4.541631229035789,6.141801998022991,3.8848458089739943,1.273487203948121
-2 3 2,-0.0,-0.0,-0.0,-3.670496279196301,-0.0,-3.7010854540401072,-3.687660208762162,-0.06354390154545263,0.0,-0.039842464920512924,0.23751312077264752,0.0,0.28199586327004406,-0.18404665557792282,-3.244807400320941,-3.5536727792031373,-0.5123917587378489,-0.8396295770799057,-1.0680222207864283,-1.1586707425139358,-1.8934765548854937,-2.8036859264126046,-1.4573599902214054,-2.3360173674467966,-1.0209532498416447,-0.0,-0.0890023692748401,-0.0,-0.35389370305823087,-0.0,-0.7257129588169928,-1.1698105999576842,-0.31209438890260305,-1.6246308170680481,-2.1217852049282344,-1.828859036468003,-3.3002368730386724,-4.244527949205866,-2.5815765535559305
-2 3 3,0.0,0.0,0.0,-2.7550680259739204,-0.0,-2.6829591384811997,-2.5364134855403817,-0.1011121972286069,0.032640410779346006,0.0965173775397644,0.5692225408040796,0.12688254937677235,0.6648438494281752,0.35420106838358684,-1.840740270316218,-2.2657609829206304,0.1587623019763931,-0.106817834590213,-0.09490788802455141,0.003168036988839121,-0.3471015953987025,-1.3008871618218052,-0.0932841550165093,-0.7627603921973446,0.04337783982371143,0.18268607859199826,0.14077308027523158,-0.0,0.08064373109957171,-0.0,0.006507022624403006,-0.0,-0.0,-0.17199011393275976,-0.5252171493814856,-0.0,-2.181320549442092,-3.4799355543966217,-1.0050194110516513
-2 3 4,0.0,0.0,1.4870475778545997,5.369165771937374,4.409182389902308,5.319870639179318,5.22631171253309,-0.48646605071688553,-0.20095663140243702,-0.28814362468913607,0.00027901706077590585,-0.008960620171265353,0.07878606681761646,0.4296621360273706,4.768981873244395,5.056369970948418,0.7736772829298809,1.4274595656427673,1.8534388206621948,2.2433361646793175,3.112268522790721,4.333788210427498,2.437876580493535,3.7630375050840805,1.7762319705962908,0.031188348772506848,0.42575049788852465,4.5162431354219335,0.9383842500833067,4.5354678280397,1.5464569682694485,2.2048141442899385,4.747202928611029,2.8579185301003918,3.5093080506915517,4.078942952990643,4.835799451117635,5.292237708894224,4.117270370421682
-2 3 5,0.0,0.0,0.0,2.807130705552003,0.0,2.618413077692496,2.3507410609469748,-0.35874124277685654,-0.0,-0.017796856960223404,0.12813146211904716,0.0,0.14639303688939329,0.518153223836848,1.7171769476664251,2.032361128942625,0.8762962922014432,1.1511308496193355,1.1674164123544466,1.032641305857631,1.078292150751699,1.4499456388677074,0.9343314731122433,1.2422549576017992,0.788047064142209,0.0988341089346997,0.3149210252483922,2.9264375557616376,0.5239516718645586,3.5411947797917906,0.7210418370724925,0.8644324792540145,2.252448641749013,0.9797721090532583,1.1344294960261907,1.9051077739793507,4.362483612658697,3.953146416525008,1.3227000269031053
-2 3 6,2.6359840220065442,3.3796720901405193,3.871595283762787,2.3649000136981098,4.255481103165444,2.3483588659005417,2.3399108287978403,0.04443960087879493,0.5341355123736298,0.6981559162868627,1.018720016585544,0.7942394155869859,1.128211801054948,1.4950170170713764,2.44934596405696,2.3647925470185327,1.8552311873078493,2.4830678535339197,2.697488390217051,2.7590449935672705,2.692493260997857,2.5849749456295044,2.5130656829044717,2.7001853791213644,2.2042651227090904,1.0821574983710587,1.3848652764336127,3.395093011313006,1.7301374076041953,3.160399318899339,2.099319309751668,2.417638976837115,2.8141011631722526,2.6603899992893583,2.7728402748182943,1.5105077701482577,2.028815724355819,1.4791377053995727,2.6818299789612117
-1 1 1,0.0,0.0,0.0,-0.02847320636379803,0.0,-0.024390758901521186,-0.019010831976171604,0.0020732123909026658,0.0,0.0032118175498128724,0.009140329741313494,0.0,0.010792350956190234,0.01867142095758508,-0.007416834128581904,-0.013167557356343892,0.019654072913665815,0.020405656810005893,0.020570792867467956,0.020006428342893377,0.01317663287133409,-0.0011466035151945077,0.018023417947884937,0.006128208843125917,0.01967140439649933,0.0,0.0,0.0,0.0,0.0,0.0,0.0,-0.0,0.0,0.0,-0.0,-0.0,0.0,0.0
-1 1 2,-0.0,-0.0,-0.0,-0.2970117880789664,-0.0,-0.28721557167267814,-0.2753469029193838,0.005992706778994875,-0.0,0.006107044066067482,-0.005759895518750388,-0.0,-0.013462458864711794,-0.06510654112918685,-0.260147002668889,-0.2652080917278062,-0.08583385346971716,-0.11808457740147185,-0.14197786558720002,-0.16091978202304164,-0.223657099622151,-0.25760861719387523,-0.18304650944248047,-0.2484056236172704,-0.13528579722844886,-0.0,-0.0,-0.0,-0.0,-0.0,-0.0,-0.02120444793258653,-0.0,-0.06669601029226098,-0.10191553927641651,-0.0,-0.0,-0.0,-0.1179521349856027
-1 1 3,0.0,0.0,0.0,-0.21133250505566012,0.0,0.0037408502719021995,0.31284002140423395,0.7494069658845639,0.9028768886720294,0.8563142620753974,1.105093722025347,0.9965952169669321,1.1130291826567138,1.289833815631423,1.0535200643163047,0.6858593614468527,1.4585554409881107,1.531304011540105,1.6030369989977606,1.5499740023786523,1.5255924685724067,1.3382460689784836,1.483146808460938,1.4928002170343502,1.4065507670538828,1.0919525184360248,1.1849270164233405,0.0,1.2636941679084717,0.0,1.3433852530252761,1.439368847455034,0.0,1.4988361275998805,1.4809861888782971,0.0,0.0,-0.0,1.336484585921952
-1 1 4,1.009303663311106,0.8590872860973687,2.0208295947986663,1.1179447470982236,2.707524116308481,1.1819444973247226,1.2874973314889395,0.6017181356592396,0.8431087331429961,0.8535565166183678,1.048135516892739,1.0313967063306535,1.153263475690968,1.9380147901312017,1.6601367161807306,1.4463601658455931,2.085601661677209,2.134177309419297,2.0310216257206117,1.9184187156514716,2.2194382018092917,1.9046644706504434,2.174928994374969,2.1172360163912476,2.014314291672802,1.2537587012945788,1.485618422094836,1.3611586763765198,1.7175858378606323,0.0,1.96268448482971,2.1703486014935267,0.8451531228201066,2.249268601013005,2.161304610334468,0.00795866552816611,0.5209093368254013,0.6345087968061497,1.9593363879074075
-1 1 5,0.0,0.0,0.0,5.350824863378848,0.28965890578013126,5.079363323533509,4.695275605339632,-0.2779083227751565,-0.2762427262444947,-0.44123488016483514,-0.43475545604251836,-0.13633349404385411,-0.33535556537073896,0.5874112741646366,3.7468357799672485,4.233239684426999,0.9089548225885602,1.4943398996260107,1.6845112177910455,2.015454979311179,2.32139933389392,3.2628691690268403,1.8772000862954819,2.784938878005725,1.4370898625962527,-0.0,0.26369157466653687,3.3435282855136617,0.7479078882393759,4.841699343187855,1.2368053431727386,1.710766372486387,5.73204585982787,2.132682740895041,2.598421475438282,7.069966334939636,8.909024176633071,8.973343351625541,3.096220636152764
-1 1 6,-0.0,-0.0,-0.0,-2.036238274785187,-0.0,-1.944069039241365,-1.7890874507084522,-0.25972614433862024,-0.11540549339848692,-0.034674587836706586,-0.13031084087127467,-0.14772360070262447,-0.24974149781365304,-0.9653218061691656,-1.2286393234580137,-1.5513713706440875,-0.8539771820937904,-0.5816597714868552,-0.4340030449932196,-0.1253871105887473,-0.30267833560411495,-0.8585691196957923,-0.23559515944317203,-0.5219434190440866,-0.28465387728645564,-0.2085011138189991,-0.29995964102037376,-0.0,-0.32386821674576854,-0.0,-0.25160493287176927,-0.18425042136151015,-0.46940852637375396,-0.18579061994311713,-0.3445695195455289,-1.1574582269503835,-1.8319085726500843,0.0,-0.6773188794717848
-1 2 1,0.0,0.0,0.0,-0.9442931418227037,0.0,-0.7624845660685451,-0.4844993968405139,0.03200181773077732,0.0,0.025101628430189357,0.04515468291784759,0.0,0.08150262752578086,0.26955510368422536,0.2987208577404163,-0.11494343260981298,0.3739255473884617,0.5313181572743308,0.6051166622750898,0.6138117237445232,0.9333557214257062,0.6666852366171548,0.8204933991579747,0.89270080347926,0.6322606349886627,0.03678007037422578,0.1432590232008539,0.0,0.2696096810180867,0.0,0.4445205569000712,0.6418930058655109,0.0,0.8138842287707144,0.8327631482687738,-0.0,-0.0,-0.0,0.6702695826964463
-1 2 2,0.0,0.0,0.0,1.4020112399296163,0.0,1.4140195759783627,1.41851078631891,0.039493160865232656,0.370311463032183,0.2501371175915381,0.8955312869896984,0.5321512434246596,1.1201636447431937,1.3676417236270273,1.3094015078294368,1.3931126894563441,1.2472629353427256,1.1570057371669333,1.056671916519261,0.9426591731746143,0.8416088411024703,1.1596137824682582,0.7714138982655575,0.9824985008983383,0.762715774433423,0.6562219860518536,0.7263823900665168,0.0,0.7368998278596296,0.0,0.7137718459118433,0.7128881064094105,0.0,0.7564696984222095,0.8586258766925325,0.0,1.5462195047999494,2.1347134492973474,1.0633387000372134
-1 2 3,-0.0,-0.0,-0.37128956329389107,-5.265473242620263,-4.151471432940036,-5.179933140623525,-5.044209270487026,-0.19842553732634963,-0.20530653901539164,-0.3578285233453242,-0.35952593218877377,-0.30465755387958826,-0.3748822585442951,-0.7332659479850473,-4.533413280267195,-4.839955600963177,-1.0543563291246854,-1.3367776936874753,-1.4351991234684753,-1.463689751057183,-2.810880882842946,-4.080887301302242,-2.168111978634459,-3.481269718909886,-1.613464282824644,-0.4552536929197834,-0.6679786229851569,-5.718741097006702,-0.9662587207481685,-5.282590972377739,-1.398934486588924,-1.9534288443919234,-3.9913126105044627,-2.5933965720077423,-3.2924072297960656,-6.232194429544184,-5.027068512798546,-6.195614533673463,-3.942106008708956
-1 2 4,0.0,0.0,0.0,1.2752645529011872,0.0,1.172222977265271,1.0488818902955235,0.022768250016127818,0.17263788803810856,0.08690635368490023,0.5768689342852431,0.31157826266760685,0.7512492588264925,1.167330823349557,0.918834788580466,0.9493410465126074,1.0975667714281174,0.98533230753387,1.0270399674303958,0.9112108952319157,0.98186198564422,0.9520178175897995,0.9204186654521366,0.9908099194218645,0.8370069846592714,0.47604131693236934,0.5997692839269843,0.0,0.7003587706067358,0.0,0.7709454396525378,0.8511731200360683,0.0,0.9188241319604336,0.9579195061495288,0.0,0.0,0.0,0.9149339485632701
-1 2 5,-0.0,-0.0,-0.0,-0.9829229205936556,-0.0,-1.0777846610455972,-1.1880693547563546,-0.38544921947911615,-0.3681036287802458,-0.36870588146137395,-0.6183001492284167,-0.4166363921052802,-0.5903077992925329,-0.39012977816988714,-1.2761723945536745,-1.269068768873291,-0.5731345658833734,-0.8327241661975647,-1.0966859243676472,-1.20826519375765,-1.0474681158581431,-1.2140658183313788,-0.9508264721175147,-1.1295012022820612,-0.8280824775753817,-0.4746271546893709,-0.5130357680482273,-0.0,-0.5687624912853302,-0.0,-0.6730549612090624,-0.8205445902629727,-0.0,-0.9487724936027347,-1.0215957307756387,-0.0,0.0,-0.0,-1.1235702453257883
-1 2 6,-0.0,-0.0,0.0,1.7765656183469996,0.0,1.770975198387878,1.7370525327594306,-0.542701587644874,-0.34321873042387846,-0.4811068917405499,-0.1687323380135921,-0.2596984492798194,-0.1063144758060743,-0.0608492445180148,1.4536227456227575,1.640321323924764,0.16271777124763848,0.31600111921598095,0.3786583017879982,0.3484589291006107,0.6284842218714998,1.1909101663244273,0.3758689035823473,0.9031248723362414,0.16093032729847379,-0.1392839159433859,-0.03786569257855388,0.0,-0.0,0.0,0.022517887997474645,0.24001096330533578,0.0,0.47760474125893154,0.7100435006538273,0.0,0.0006468742001814684,0.0,1.0049303890865118
-1 3 1,-0.0,-0.0,-0.0,-0.42757105585986954,-0.0,-0.6032627908412362,-0.8596176982419889,-0.03948001020046932,-0.0,-0.06357812007080556,0.026711982646920148,-0.0,0.025812295810292717,-0.27837778329470103,-1.509694627702374,-1.1782467136026653,-0.5250233477306111,-0.7689709363976236,-0.9832318677531721,-1.2334828605213113,-1.9134405255045266,-1.7888978887007818,-1.6689466935993125,-1.9456325662098028,-1.2770899156330495,-0.05808937613006232,-0.2775312233203512,-0.0,-0.5964649786138483,-0.0,-1.0307098305804423,-1.4685042907013843,-0.0,-1.7686148050651038,-1.8934556127800561,-0.0,-0.0,-0.0,-1.78890980475227
-1 3 2,0.0,0.0,0.0,-1.297347408308375,0.0,-1.2780562890475997,-1.2149753583536762,-0.039174603700096546,0.0,-0.00901592298625133,0.2609957956755036,0.0,0.3237325198706044,0.059022486686740254,-0.7803286895209901,-1.0616732030548233,-0.027288192057091102,0.1269495179559799,0.1909733905438335,0.4825572186778402,0.3534803900074195,-0.3876722441681603,0.4969081496788353,0.0296993823201027,0.4607788324619441,0.015318101444017835,0.06990335729466392,0.0,0.19280254951683237,-0.0,0.3561557516224912,0.44734015119792186,-0.0,0.35673032343355265,0.05903725949411494,-0.0,-0.0,-1.1915581226651868,-0.13464307660861657
-1 3 3,2.5660567989496417,3.573010211614928,4.872966990955399,3.8167212824804513,4.324144151998514,3.877310447282316,3.9382058569106286,-0.17163750849666323,0.34748298412316814,0.13136467698040627,1.1734409620858495,0.7723651800648333,1.580662286143334,2.8088635491948297,3.8845781928987964,3.9565115788225036,2.9734743267186587,3.273048667279593,3.572296170060838,3.7382274406051654,3.189531954859964,3.70769816889296,2.9406755716518354,3.4570611213681897,2.6842896738679887,1.277148955714661,1.7830664913634364,2.838351690498751,2.3063847700636773,1.3240268356874914,2.693920939785908,2.9323813930113,2.28680288575824,3.1294712879707753,3.3692221369069677,3.149360806888025,6.03083486197815,9.048114564127888,3.615539799411378
-1 3 4,-0.0,-0.0,-0.7896692135303204,0.7470527267323012,-0.7813141951885196,0.5768856236639932,0.3535317300333894,-0.644156916390587,-0.7733989906869135,-0.7677406276066823,-0.8626518897534408,-0.8051721736527426,-0.880997576076059,-0.9448528542324032,-0.07544955003857914,0.12052678156091373,-1.0243395396927344,-1.0352683928340727,-0.8915797126747798,-0.7720786781238219,-0.521282139829289,-0.23334317090154402,-0.6389961521157096,-0.38056845924702276,-0.7218503560629178,-0.7871763279197256,-0.7794332423830942,-0.0,-0.7339364329379181,-0.0,-0.6867618971331604,-0.6287226437084353,-0.0,-0.5551965934229017,-0.43411482836752074,-0.0,0.0,0.0,-0.30497713947844873
-1 3 5,0.0,0.0,0.0,4.754946071782104,0.0,4.654169557365368,4.455027412200769,-0.3548612846861101,-0.0886793693034632,-0.09513545927915429,-0.1121443001500006,-0.0051166992317335964,-0.1201969719586409,0.05620698390811744,3.5189041098915377,4.092000176700329,0.34147061541410095,0.754701011276944,0.9513646137081444,0.9895582644933109,1.3613836780779816,2.7756244136282446,0.9102336456778541,2.0044651362189922,0.6088233943784263,-0.0,0.004631315798316733,0.0,0.22107898508171817,0.9432961097760293,0.47059152916980446,0.7515775549310598,4.046762613637829,1.1331948690577727,1.7498385260884606,6.553176240623245,6.02828994814067,4.536533408103397,2.5069607888546415
-1 3 6,-0.0,-0.0,-0.0,1.955647697323366,0.0,1.7842655369967468,1.5352012107031565,-0.10447278827084602,0.0,0.3084763398151601,0.2303419616168065,0.0,0.20886792245180194,-0.41644648414496965,0.9032681283075936,1.226596665176017,-0.4799848220840515,-0.7787842367716412,-0.8439994512228634,-0.746168597454164,0.17959906415007185,0.6135783590331142,-0.006353171787140996,0.3789526893108358,-0.15724320082466026,0.0,-0.027368543280858713,0.0,-0.144662327526751,0.0,-0.14403706840180813,-0.007554293805310225,0.0,0.008569568574516236,0.21985334639846,0.0,0.0,0.0,0.46564544066311164
1 1 1,0.0,0.0,0.0,0.9158688914341551,0.0,0.8311299308443462,0.7142921862813938,-0.003321252044945348,0.0,-0.0006549663036768819,0.01745709522364335,0.0,0.025120670941330275,0.036401450125573914,0.45704142309777573,0.581436793044306,0.045677129740356794,0.08141174795815698,0.1082447203910916,0.14291723279217813,0.21426327264755649,0.35587011548701286,0.16015085713025,0.2774809022814995,0.11333979989436128,0.0,0.0,0.0,0.0,0.0,0.0,0.007153700349285058,0.0,0.06854450969716896,0.12321465080993642,0.0,0.0,0.0,0.19777554918861828
1 1 2,0.0,0.0,-0.0,2.0308003466324642,-0.0,2.0361175405144034,2.0050327171481617,0.4806012971192358,0.3984786332942611,0.5431536647962336,0.559999504279557,0.3795239288824906,0.4459450112754532,-0.02181228246912807,1.6194858861662722,1.882850798072171,-0.10052324933556199,-0.44718434964501896,-0.5811174956446044,-0.5293238837521014,0.32949617437983003,1.220064180174943,0.03657961784342923,0.7560222575934055,-0.0702616381685408,0.2891723805360906,0.09758367538949096,-0.0,0.0,0.0,-0.0,-0.0,0.0,0.00793317880000845,0.4286448975519605,0.0,0.0,2.933663481911774,0.9824329476095468
1 1 3,0.0,0.0,0.0,-0.3437406122874185,0.0,-0.5370200865662896,-0.7831597594350377,0.45456731745323975,0.21685566889761515,0.40369431831635855,0.18878511032271156,0.13558327568639325,0.025834259897295063,-0.38003473134861704,-1.127775341805862,-1.0126464483199076,-0.308798136361542,-0.41424715521638905,-0.48196257071667825,-0.4080575095009258,-0.571678179912528,-1.06853517106019,-0.3318755548312477,-0.8531676465362255,-0.18534989550006403,0.03672805245985527,0.0,-0.0,-0.0,-0.0,-0.054676202334644784,-0.18331338584946405,-0.0,-0.3938224365178963,-0.6879808255018792,-0.0,-0.0,0.0,-0.9371045788946488
1 1 4,-0.0,-0.0,-0.0,-1.7388376813724056,-0.0,-1.7522727779999414,-1.755576288837679,-0.03903731635631739,-0.31635913237941693,-0.5359058384026701,-0.792178809435814,-0.4903453694020279,-0.9180100146196455,-0.967060280127395,-1.6168568979653886,-1.7218391900785708,-0.9898790115726533,-0.8834685782487315,-1.043124931334375,-1.2132132454992457,-0.9965993776723742,-1.4262653444695947,-0.9157734095179714,-1.1892977496415464,-0.9188455693172911,-0.6375878035578596,-0.7535224506544834,-0.0,-0.8217472321286143,0.0,-0.8418595676189903,-0.8182315222534275,0.0,-0.8984271742481995,-1.0472733149966267,0.0,0.0,-0.0,-1.2653670344253978
1 1 5,-0.0,-0.0,-0.0,3.3666915787894953,0.0,3.173424493432758,2.901670888500938,-0.5289126944844196,-0.7574214950478112,-0.794126630816344,-1.0192778762567671,-0.8005281798483213,-1.0869213453944673,-0.8352235541925452,2.2536319520520696,2.580551163080382,-0.642001025439401,0.04807693155242723,0.1243530237645271,0.2030434426796752,1.163240116931557,1.9318671373914806,0.6878940367386465,1.580652789713345,0.2079950441354953,-0.7276027298456698,-0.5545515870537158,1.0144203441064417,-0.2574952553567273,2.186524485863589,0.0,0.4563900656707627,1.8220631066209474,0.9324753159855981,1.4054849314127587,1.2151532901704354,1.2313365128310072,0.0,1.7464673475627424
1 1 6,-0.5927341912946842,-0.0706623771324437,-0.31516852170362136,-3.5397667156574313,-1.72593587149161,-3.4240747072869535,-3.2695180837086903,-0.4007547241406748,-0.3762483000851639,-0.32291304972146473,-0.410430560318346,-0.5105615148819818,-0.5275043475703692,-1.512195218300924,-2.949114347700812,-3.10176652746493,-1.6690911274606115,-1.9380640170911743,-2.139778192628028,-2.339372992139951,-2.4920885989179764,-2.8121461679904707,-2.260326364860237,-2.6681335999929243,-1.9584898564334146,-0.7401264819933702,-1.0844843886201674,-3.4247564707461287,-1.4496105325902122,-3.7883282955344724,-1.8394426414647531,-2.1851359190661723,-2.8561797654599097,-2.4514189492013223,-2.649370581859631,-2.442320507758306,-0.9240887143020664,-2.2767747496876405,-2.80240095949095
1 2 1,-0.0,-0.0,-0.0,-0.6128614720842818,-0.0,-0.6014383558583941,-0.5720050155240264,0.016240044775535672,-0.0,-0.0008999434515018695,-0.161362939168999,-0.0,-0.1943650248223354,0.020680014012549798,-0.39533946242561113,-0.5076642187602984,0.16421482619664068,0.21368234270244493,0.2117269842837364,0.11574008417048105,0.01221416127610712,-0.24491834977296745,0.06470271623008056,-0.09521016546496129,0.0754408715810601,-0.0,0.0,-0.0,0.0,-0.0,0.0,0.0,-0.0,0.0,-0.0,-0.0,-0.0,-0.0,-0.06521851638005333
1 2 2,-0.0,-2.8405270572834205,-5.114081680610012,-6.662800652712349,-5.752998393084031,-6.41255866260632,-6.059578290184672,-0.07572252167592329,-0.14403422440767208,-0.16377477809735508,-0.47393130227496255,-0.37967113042042183,-0.6010356887986928,-1.3786718511138336,-5.180337253639106,-5.635012830476475,-1.80434426723904,-2.375452679334019,-2.6454164300631047,-2.780055789234265,-3.6251926784151087,-4.701993997811616,-3.0440850925388507,-4.183629770699005,-2.4599240855976703,-0.7436181680058522,-1.2078974753925988,-5.13534808306875,-1.720957257850714,-5.997225980158578,-2.282833888225371,-2.855239202777394,-9.006078779265716,-3.4680679200742333,-4.043302179380541,-9.995368320449384,-12.505539307622987,-11.75572037890771,-4.56965296990767
1 2 3,0.0,0.0,0.0,0.4555130889064008,0.234261571478669,0.506946249870725,0.5772800232734457,0.17944068174725294,0.24908194145001072,0.2771242537126198,0.582710252419994,0.33612632753453026,0.6734045939140226,0.5707211057170526,0.7451065271703734,0.658579244646087,0.5155091559385095,0.8484346874960418,1.0637711748879963,1.3341971250859759,1.0687321081573324,0.8449120286119947,1.0993094771476952,0.9633452597873695,1.0197297246230894,0.41959207953573213,0.5546924969924545,0.06539375885283431,0.7610492668439636,0.0,0.9405966894573267,1.0763651335980997,0.0,1.0854732698995768,0.9746118569241224,0.0,0.0,0.0,0.8474795942401331
1 2 4,0.0,0.0,-0.0,-1.443738148803904,-0.0,-1.4391132894040495,-1.4161464284860368,0.11157309137202776,0.22189814170672975,0.38198191933121134,0.5913721643972133,0.38819850877057444,0.6769416146622151,0.9101909812011795,-1.248697739431071,-1.3556101712140272,0.8804833998890674,0.48837838281528884,0.04498960112868626,-0.2944060201005547,-0.7561403956878843,-1.1121781787930312,-0.4588512807853004,-0.9591368037542759,-0.08990920702443395,0.5138183524089673,0.5052216934778757,-0.0,0.31120150650222694,-0.5676760076330423,0.0,-0.2380132578070521,-3.531243525369092,-0.6414074724696083,-0.9201601237800572,-3.5280072459117378,-4.822206493294108,-5.748420829138988,-1.1184102088272214
1 2 5,-0.36858284328452956,-2.901430999657822,-4.33177357622623,0.5945510139505701,-4.3235388683582805,0.3578599402218825,-0.0056403931758142985,-0.3999120838064609,-0.49377098676696574,-0.38591651291510937,-0.7250543716045149,-0.6601872905996148,-0.8542234904615599,-1.505653085595462,-1.0769672515947497,-0.4974947228032028,-2.054680217622988,-2.7176190359348764,-3.2597272954460514,-3.6184034647354615,-2.4363524246763686,-1.6601294974693266,-2.5047628703184768,-2.1412293075093416,-2.342368024516232,-0.9491365602595744,-1.3692179454425255,-3.390599658711366,-1.816640698406199,-2.1633396834924374,-2.239356764361185,-2.517501125766184,-1.0233114887372272,-2.572113691827215,-2.3562502771083227,-0.351616293883318,-0.14028695836197996,-2.0868112083835704,-1.8842039291453125
1 2 6,0.0,0.0,0.0,-0.7887641032058205,0.0,-0.7922642247886249,-0.766412226471143,-0.37448173770297394,-0.0,-0.016973044542773673,0.3838431079352603,0.0,0.46438218521794894,0.4712336537173795,-0.4828552977025516,-0.6718259068823098,0.7356924602233333,1.1415178578947172,1.309967212287825,1.2199985869225627,0.29710870823518193,-0.22444524122679566,0.5049464326958196,0.04706832634680653,0.6260600396082862,0.1742671067409165,0.3355857462120247,0.0,0.4865643168865421,-0.0,0.590077138889174,0.5271003286752487,-0.0,0.34446913342862256,0.08274123495981936,-0.0,-0.0,-0.5520146696721812,-0.06301856977703973
1 3 1,-0.0,-0.0,-0.0,-3.2959404439245623,-0.0,-3.2161004574266263,-3.1018525016188225,-0.0640509605999112,-0.022347489041148666,-0.12326775045887808,-0.2226608269689962,-0.13060388270669807,-0.28930015017477645,-0.6535385208627932,-2.813550124575056,-2.962644414970313,-0.907621861251154,-1.2996933459632036,-1.4523104948959562,-1.5437616012393784,-2.2072001794369327,-2.6555511807727887,-1.8660803009835873,-2.465452474978023,-1.4750195746438401,-0.308105503335577,-0.5681682808443145,-0.0,-0.8821194175247606,-0.7011957722521183,-1.277600197142178,-1.687016967421337,-0.9921566192989523,-2.061650324588554,-2.347702534324628,-0.7660372839855275,-3.5548679458731245,-3.2997888737739935,-2.562493931519731
1 3 2,0.0,1.7639704829486846,3.240616362439732,5.28194444854457,5.609225625266375,5.357235965566092,5.437619662894652,-0.33857280632363473,0.0,-0.15419114632504394,0.6637584640283183,0.32807010932707703,1.0574078187845508,2.016562516192555,5.3886473898380975,5.471001239617096,2.148318362898545,2.8162963388239004,3.270739240682558,3.6476900684799043,4.275483961966129,5.150842276759413,3.6858376380335884,4.769041003597054,3.013875911608037,0.7876114918789632,1.3695937659613953,9.28741993260291,2.095245213547937,12.277972086248017,2.8207801299153314,3.5441231179678483,12.668954771952377,4.172987545816855,4.727142313018444,12.591076284767977,9.033287028008838,5.3674366843854315,5.141746868981186
1 3 3,-0.0,-0.0,-0.0,3.480516320800479,-0.0,3.487282166564818,3.489247769501443,-0.6003699442067055,-0.5155005901345546,-0.7186252022531456,-0.4500540501922722,-0.42684666905988344,-0.28055333726819126,0.022871733917183477,3.3861948211801347,3.4681455801911745,-0.08343102806841839,0.23377933761668512,0.6320617004885571,1.0247912136455335,2.271064715993275,3.1864234485830507,1.6265009233034329,2.8154853995025286,0.9931257991532925,-0.2576352937478297,-0.005037231502028772,-0.0,0.13776546661483646,-0.0,0.632442336044382,1.2484362697070213,-0.0,1.90407444048755,2.522385682878145,-0.0,0.0,-0.0,2.9441075241818306
1 3 4,-0.0,-0.0,-0.0,0.34896720858456215,-0.0,0.33786294708893394,0.2997978459567593,-0.5889556795380005,-0.771552283285563,-0.8028543561871787,-1.0058437313496198,-0.8431772481160446,-0.9834501846094111,-1.0137283183325616,0.06339196554612724,0.21040193802577195,-1.1989723967196437,-1.044895288582017,-0.8545549294968549,-0.7601432541311379,-0.350811050653663,-0.10358417369352081,-0.4777463409350521,-0.24034039468252158,-0.623754055618618,-0.8710793983463196,-0.8442993521562313,-0.0,-0.7179554415939279,-0.4572840380086683,-0.5776113787312493,-0.4307621276547003,-0.048763922131854064,-0.32907494387533887,-0.22897307981194706,-0.0,-0.18299591689461006,-1.217927123786112,-0.13349517977819667
1 3 5,-0.0,-0.0,-0.0,0.5712135549920845,-0.0,0.6223126180167736,0.6868216266731503,-0.2531525899935976,-0.2031555361492832,-0.15324250360962272,-0.46574015897535115,-0.35124888406083554,-0.5454276145358387,-1.1767618312063222,0.7287068791396669,0.739365536961912,-1.3474665568443713,-1.6651131758107076,-1.622798824384759,-1.4750980371753495,-0.12736831275697863,0.5898882619420257,-0.5346131178237459,0.28789396584921734,-0.8189667121234494,-0.5608275418089429,-0.7665507933476541,-0.0,-0.8756396237957464,-0.0,-0.8385245141763752,-0.6106812280565014,-0.0,-0.22771933572847539,0.012782278914183504,-0.5041726762249649,-0.36583589311628195,-0.00014944978653659804,0.43226755901550407
1 3 6,-0.0,-0.0,-0.0,1.0929276595527233,-0.0,1.0885615101134256,1.0575763277391341,-0.11431382942297276,0.0,0.15107606664982884,0.02207505990844142,-0.0,0.018461677431453896,-0.57154850435141,0.7404532099662188,0.9590824154707789,-0.7022903161763554,-1.199875183864791,-1.3610019987756097,-1.4130898779673426,-0.47060904043922785,0.379143821825329,-0.7226665387908973,-0.06674317511635486,-0.788030565892188,-0.06442554375943477,-0.30887522399561335,-0.0,-0.5383658212969488,-0.0,-0.6990519648853494,-0.7266570460221731,-0.0,-0.5374115331773437,-0.17491968733525481,-0.0,-0.0,-0.2976406591113331,0.09186088513664974
2 1 1,0.0,0.0,0.0,3.2007820583992768,0.0,2.9414152156073627,2.5824394662283643,-0.01206298341019587,0.0,-0.006623085036436051,0.05772176006027729,0.0,0.08210781459624712,0.13330093179145383,1.7763156950679992,2.170527837194439,0.16861317905578105,0.31165120258199763,0.4177030466373918,0.5560230693787938,0.9107310818037995,1.4401398700449233,0.685132432017036,1.1583765347660242,0.48223822848717174,0.0,0.000549574628397461,0.0,0.12717484085061612,0.0,0.30261618695308495,0.5195428144967641,0.0,0.767784303294581,0.9954703198181913,0.0,0.0,0.0,1.2781672993450766
2 1 2,-0.0,-0.0,-0.0,-1.2578239319622462,0.0,-1.216064344178173,-1.1537788731483558,-0.31752290590340054,-0.27119510299100225,-0.3747630535138948,-0.4317504323678759,-0.31523377687601256,-0.4081128922198908,-0.4019323795491851,-0.9783790120112864,-1.0724484232043374,-0.5232329653065064,-0.5819229647262281,-0.638679997358483,-0.731440842234494,-0.6792061816453641,-0.8785368606088988,-0.5994804290987827,-0.7770491327736345,-0.5474746275670999,-0.35612292812767116,-0.3753439226405654,0.0,-0.3924413241595808,-0.0,-0.39345153340933525,-0.4175297200628819,-0.0,-0.5151338048535022,-0.617723478042598,-0.0,-0.0,-0.0,-0.7761041145150238
2 1 3,-0.0,-0.0,-0.0,1.2133862461590672,-0.0,1.1656230904822578,1.0703252447296348,-0.004052885591489381,-0.0,-0.08951992987157033,-0.11370690417671556,-0.03326868655328225,-0.1780540943801871,-0.5182908405921192,0.6249866932883723,0.8966455041832704,-0.8209602014512035,-1.0900279563122792,-1.2525792069508277,-1.37314296134875,-0.4281474752118496,0.2741116343986271,-0.6621481629663576,-0.09875604837301416,-0.7636834009204697,-0.1857636665123062,-0.38446596365256797,0.0,-0.6039143954629184,0.12575395357679892,-0.6951381454101764,-0.6133895442728671,0.8500226424353079,-0.4139266289084957,-0.06599709259712261,2.0404843784078475,3.572420709319108,3.9420903546105555,0.13972549859954075
2 1 4,-0.0,-0.0,-0.0,-9.074457174210652,-0.0,-8.66309016380641,-8.055574971422256,-0.28741261854009537,-0.35575369820927394,-0.37287264436219175,-0.6325023092074153,-0.44506141315209063,-0.694160140008769,-0.792359065113763,-6.364934997154967,-7.27132396247181,-0.8792502417099469,-1.0387728013131912,-1.2777845892825697,-1.4449605990999115,-3.3084057288443764,-5.379903058473136,-2.363617417626472,-4.3446871096951725,-1.61329535008128,-0.5408521033337963,-0.6648537564936529,-3.6446827567824136,-0.923088746821489,-6.38161096571666,-1.3565420281567337,-2.0262350478000424,-6.844853006549893,-2.9829190026728445,-3.9983823537271213,-7.62559253644503,-9.770809169534495,-12.098029662491323,-5.088462483038176
2 1 5,-0.0,-0.0,-0.28791178552913793,-3.0032133080488634,-0.623783569655209,-2.945131663529504,-2.855998172711988,-0.5400324712204131,-0.47177756256398173,-0.5369224024367146,-0.5172092351169736,-0.5044353656324124,-0.5096705440938344,-0.7536639570713131,-2.6064374791190144,-2.7379418000506313,-0.9394487814634206,-0.9059792610511996,-1.3415925339738184,-1.9761765115540733,-2.1583774302332634,-2.4786409507920655,-1.8868499869674373,-2.3441470147082173,-1.5455366042109495,-0.5642400595667023,-0.7326431822234825,-2.0967068115359386,-1.0035449739784947,-3.8653464552399943,-1.3379905308519502,-1.725294710642403,-6.033628212115943,-2.034962107323743,-2.244705036804069,-6.460648823689516,-6.485812060637314,-3.913351374551801,-2.4527527023397466
2 1 6,0.0,0.0,1.1018707649099675,0.1221130488519983,1.174503607143763,0.08409423667751141,0.0628506451619258,-0.32369513116273246,-0.0,-0.09211860878939178,0.23469462924797535,0.0,0.36716058743449975,0.291501695922539,0.2755060798734281,0.10978182435225936,0.4450525931668379,0.7996647498483626,1.1166205938553324,1.2947600514123845,1.1084569524662757,0.5563976221995693,1.1599594501329376,0.8743426746297909,1.0162615266935888,0.10000544210859566,0.3108748129865565,0.1774850449086508,0.5810699109150543,0.0,0.8885672627042299,1.130392036974912,-0.0,1.1525410997084231,0.9825035665894837,-0.0,-0.1525823540064984,-0.011993652662007921,0.6662312163818068
2 2 1,0.0,0.0,0.0,1.1361679521632986,0.0,1.1566080291469472,1.1803496428788107,0.016194387774648922,0.0,0.03121690686048864,0.05218541371115272,0.0,0.06701593863119905,0.2332145947673864,1.1916649992798107,1.1968395556189444,0.339420265437305,0.4787272852560052,0.5261083793820798,0.568391665251246,0.924231978847248,1.1520017899955475,0.7397166343814353,1.0656376246345916,0.5474499747494717,0.0,0.08670279775657469,0.0,0.19954634607040925,0.0,0.3678182179592948,0.5598039114383188,0.0,0.7628112615835871,0.9072747033695588,0.0,0.0,0.0,1.0121190131517541
2 2 2,0.0,0.0,0.0,1.7367259628173293,0.0,1.535266020823968,1.2588051654044443,0.2985507819251836,0.21304675059188838,0.3325312384004826,0.39136868763931576,0.2070283397996292,0.32159389251616005,0.04266969119473983,0.6291959683862567,0.942689623184589,-0.0017352500187893171,-0.22935163052522914,-0.39843444210150164,-0.576807650105881,-0.17413148135200118,0.3277172703350292,-0.26223869238102654,0.04322946831507893,-0.2148292294951844,0.17549163759288064,0.05786886691161658,0.0,0.0,0.0,-0.0032134273957648875,-0.10519350360839295,0.0,-0.07622688706170029,-0.0,0.0,0.0,0.0,0.18848851129966124
2 2 3,-1.3437907405640173,-3.873709072118947,-5.524870036324599,-3.144915027154088,-6.059686301380626,-2.8984327395869913,-2.57941663524658,-0.3507439794501024,-0.7629085067855385,-0.6974060911906238,-1.2816933914928161,-1.048996593197796,-1.5179273926318315,-2.2260498994016733,-2.103546201948864,-2.2723794924272562,-2.4849241842387317,-3.0365283662199776,-3.373961743847401,-3.4461581037374565,-2.6273871561835365,-2.152490575454381,-2.7404984939006414,-2.3778593953780467,-2.6431910081328955,-1.3927745029274445,-1.8266486876623056,-5.3594696571401705,-2.290950364240995,-2.8687925088037125,-2.6853687906825536,-2.886431788409499,-0.9163262630484711,-2.7834767999771777,-2.5336727261176244,-1.3368157549966497,-0.444227738117332,-0.0,-2.2576705480606685
2 2 4,-3.924512837360435,-1.891099700482579,-0.5270619074788164,-0.2668588355271592,-0.1530695566654087,-0.24369337081121792,-0.23352870281819077,-0.7525973656554945,-1.2881420000080184,-1.2442893076656412,-1.7506799298291533,-1.5008234033023664,-1.9074679877554963,-2.002660380573798,-0.3856541861721929,-0.26997516299247604,-1.9594809452263726,-1.6236260326959338,-1.479580575604215,-1.4007809409040364,-1.1179726560227423,-0.5855521042020964,-1.3550794778865036,-0.8443313949894619,-1.5198490117419252,-1.6472702580681802,-1.6900719236837207,-0.0,-1.646290325172402,-0.0,-1.5229331585812431,-1.3471136195704507,0.0,-1.0807970497488022,-0.8217419630470346,-0.0,0.0,0.0,-0.6188079440354491
2 2 5,-0.0,-2.030745403775945,-2.419902949556803,-1.9324919248584076,-1.5713506552925611,-1.9993590362808407,-2.0955068796179215,-0.39060184541831977,-0.41585343340709696,-0.36805965722392314,-0.5511413145685072,-0.5558478276438942,-0.6115881587184496,-1.489233122947514,-2.300109478001828,-2.2078811714985056,-1.8100499949195084,-2.099359022086788,-2.1687887494533027,-2.2073816821912957,-2.087473393770423,-2.320532697826175,-1.9118800503445317,-2.2399135271085266,-1.716537187388422,-0.7775026795361286,-1.0480563447700335,-0.24083989395056957,-1.3464760200971881,-0.21711200179801493,-1.612866420644584,-1.8531230785148032,-1.2323508974757054,-2.05633588819585,-2.190365081959914,-1.6686443407236473,-1.5827705293260732,-0.10510500002533216,-2.293432513131953
2 2 6,-0.0,-0.0,-0.0,-1.6496740141050166,-0.23899629486640706,-1.7554549640768653,-1.9092500458982267,-0.10484290031999734,-0.0,0.09831022530351248,-0.006837804345815468,-0.0,-0.013042970026483492,-0.623365635899052,-2.294932451290921,-2.0993104236233875,-0.8773881539050514,-1.6099588906602578,-1.9619550978736373,-2.40157327014822,-2.471583307894726,-2.454966338810658,-2.227867700815131,-2.5319242805719,-1.8029542384565487,-0.1535655828563768,-0.5118877404339258,-1.4219736169818307,-1.0018091861111678,-1.185193196135027,-1.5779352838736875,-2.09013935893061,-0.0,-2.424851478524083,-2.5265239474035655,-0.0,0.0,-0.0,-2.452626080250902
2 3 1,-0.0,-0.4413087048966455,-3.2179444611231425,-3.337893952668614,-5.2588215229759445,-3.4383282427026693,-3.579026860185219,-0.053297787859599384,-0.10998799233142378,-0.13026213147756444,-0.4285722937440283,-0.31406880465559955,-0.5493195195771119,-1.2570745698339323,-3.884651472643484,-3.7407507367675983,-1.7322677701481854,-2.557228956070669,-3.0503307876855463,-3.533693843907966,-3.7124200260682745,-3.9633790031830247,-3.303749952787151,-3.923772124882776,-2.725035096731907,-0.6501577874414552,-1.161640699424866,-6.781063789051718,-1.8034847627337687,-7.681462554347741,-2.51162839156591,-3.1829879997357997,-7.35593979767253,-3.7049226402721858,-3.941547585841482,-7.573865034438959,-4.940692558117091,-2.975969997651911,-4.004794918818163
2 3 2,-0.0,-0.0,-0.0,-1.6311524479615138,-0.0,-1.5513857195097494,-1.4338911573000965,-0.18518951843237116,-0.09434588700594197,-0.15400318581596456,-0.3839487232323992,-0.1341218374812622,-0.3149158399752572,-0.11457572716366808,-1.1444868813316362,-1.2885382884215735,-0.10437234380795436,-0.24457630078533446,-0.41607673717357385,-0.6796225287214993,-0.9029272336617642,-1.0350335708460563,-0.8004976926943309,-0.9663723382766496,-0.6521808949210296,-0.18191812977593866,-0.2435103706153395,0.0,-0.31655517228547236,-0.0,-0.4718458454471597,-0.6390175355353004,0.0,-0.7809393087555864,-0.9033683825738342,-0.0,-2.595338637911869,-2.253499472622043,-0.9912543620258009
2 3 3,-0.0,0.0,0.0,2.938676495792328,0.0,2.8948149641182934,2.8042679375387043,-0.2991394437297605,-0.11605951244284722,-0.18572079515536516,-0.32779000088968796,-0.10474384914113986,-0.1823651499024909,0.0012130645394300644,2.36351624468078,2.634260099787949,0.02752909317983263,0.3154646109519109,0.5347978299410896,0.7803579594404754,1.281103758373943,2.0132144837255392,0.93466242800079,1.6399638006040584,0.5988039660634593,-0.07111286389718603,-0.0,0.17253673081074714,0.04183362771989108,0.0,0.32169464305486956,0.6816478419670596,0.0,1.063879047616286,1.4194524917631197,0.0,2.1641394642720773,3.3234754905465724,1.782856436029821
2 3 4,-0.0,-0.0,-0.0,-4.550430419470534,-1.3556791382973536,-4.443259640452297,-4.24746065278428,-0.14520601396246874,-0.04783972889607096,-0.022700501441425665,-0.2998930665526356,-0.09882647859965363,-0.30006652351957985,-0.45919385681546293,-3.4598613169567787,-3.9225701032462528,-0.41905694757425227,-0.5873908548295668,-0.5673223751357495,-0.6641704076581448,-1.8989983952710099,-2.9163026446102633,-1.4534567952969983,-2.3816117223463125,-1.0381835774901762,-0.19872951271570133,-0.3049063981966201,-2.563304455193642,-0.49764022562687876,-3.0280432712767342,-0.8494208115718682,-1.2792890281471292,-2.984886125641459,-1.710876097850918,-2.1627342641770593,-2.076792969996421,-0.14596661765475888,-1.0068915257978244,-2.682269499208436
2 3 5,0.0,0.0,0.0,-1.5662820981289776,0.0,-1.57562822093231,-1.5658980865540923,-0.08128015941798857,0.0,0.1768128791776975,0.14445637264145303,0.0,0.2013442358480945,0.11348762203440155,-1.3286129421612662,-1.4991832111178345,0.20303764681920275,-0.01802022981149083,-0.013989705040241539,0.010274700221735985,-0.28273925577253134,-1.033399474150168,-0.02289634332285863,-0.6527720265751372,0.09412026792123877,0.013431357712321877,0.012835423935616428,0.0,0.01783023874370051,-0.0,0.014967116070852429,0.0,-0.0,-0.04969812526546786,-0.4358642353450432,-0.0,-0.0,-0.059748828503253755,-0.8266583489637851
2 3 6,0.0,0.41795823681025857,0.0,-0.8522646781591677,0.0,-0.5647372391846955,-0.16315052919218076,-0.03926845632367807,0.21990492191220157,0.3190680611484625,0.6239187967387514,0.4226955802695159,0.826009994528016,1.1343798023943186,0.7564712944407059,0.30387512592667704,1.3947847277947154,1.5311800979536963,1.7341900069953886,1.8462212104228344,1.5560572350127861,1.135318652414617,1.5659120053170865,1.4093886165384046,1.4553972747449793,0.6612377435008086,0.9139541422323741,0.0,1.1738879794546677,0.0,1.3927732469186582,1.528598091815701,0.0,1.5177259484150294,1.423786206947359,-0.0,-0.35641164029034184,-0.2890068501829393,1.208606786664748
3 1 1,0.0,0.0,0.0,0.2430338394982749,0.0,0.23437914340662364,0.21858143371201666,0.006141020859818151,0.0,0.009956665998115836,0.021408450650406103,0.0,0.02707863102570007,0.06486673925213089,0.15749273305021688,0.19274660104033417,0.08262752238708607,0.10162987535413649,0.10535470213992486,0.09740650899129695,0.07395522126333516,0.12003113288374309,0.06779797710272034,0.09053947877703561,0.06583184358141775,0.0,0.0,0.0,0.0,0.0,0.0,0.0,0.0,0.0,0.0,0.0,0.0,0.0,0.0
3 1 2,0.0,0.0,0.0,1.471041765944795,0.0,1.3290818182658217,1.14957921003199,0.17038805744475283,0.048023585962628616,0.16175094844880616,0.20059302152906786,0.014229766893074024,0.15666271058780262,-0.14295109378747708,0.8598456474423578,0.9783540945590733,-0.242989373616714,-0.311426843706353,-0.29160997067533334,-0.12445518105308287,0.495250268203209,0.7789305386617683,0.2836957213625829,0.6702430064240593,0.09952852976467981,0.0,0.0,0.0,-0.0,0.0,0.0,0.03874330762534891,0.0,0.3034464120401663,0.5411374048860769,0.0,0.0,0.0,0.6925177149337687
3 1 3,-7.5587012665176045,-5.649248562230294,-3.2437662591643908,-6.500688819427072,-2.7647969562046826,-6.253218706220425,-5.8696161150323265,-0.8297272697142509,-1.3320959723254755,-1.2535760704418009,-1.8341235400328018,-1.645720367415674,-1.9892147853305842,-2.688153846045182,-4.699433468062685,-5.341243553040165,-2.952343965726001,-2.9144077452672166,-2.9596477083741206,-2.970377686219975,-3.0338671215713315,-4.024991404049201,-2.8046691756027804,-3.438506512764672,-2.6605883323849224,-1.9714532373979772,-2.2739907192933146,-3.2007211428845195,-2.4870996515721737,-3.8081442137558876,-2.642635414612147,-2.753900680425863,-4.360139028052584,-2.9166573938969997,-3.2600005752882786,-4.111589622350405,-3.901877217810417,-2.0538998565506494,-3.796552265040481
3 1 4,-0.0,-0.0,-2.0311956108154083,-1.116915944556697,-3.555060106797699,-1.226677415238914,-1.3901424188395628,-0.4883713132013423,-0.3953628185707222,-0.49455618614109126,-0.4931683392858942,-0.42595016582845935,-0.3948486783238383,-0.41116731548335783,-1.8571732521418975,-1.604758277571225,-0.7636332647149958,-1.2083229180452624,-1.5555959567612572,-2.116063541775375,-2.353605720837495,-2.1193612238924713,-2.1427844684335247,-2.3217068141490405,-1.7305310161981156,-0.4946585484887621,-0.6629346340556246,-3.286978717625778,-1.0051657509137317,-2.7181415406153353,-1.4842495058621419,-1.995495763461629,-0.3411229128714257,-2.329092737840985,-2.4286315911590837,-0.0,-0.0,-1.2314595282355238,-2.2373612457216465
3 1 5,0.0,0.0,0.27593509652286474,2.610361668653062,0.4281453499329158,2.623874612572511,2.6458709336841544,-0.07086515769336664,0.30387752719719424,0.3790557812600707,0.7761717863784625,0.5148916074446344,1.036289267744911,1.47177650689719,2.6952193556715462,2.6745504658758303,1.5800294095924383,1.4606256847235173,1.5793018334096345,1.6735344882130534,2.3295647836083306,2.673000535587487,2.0111381587800436,2.560431358717868,1.682426765640886,0.7510685774343401,0.991242205342267,2.569725917025627,1.2602727867574377,3.310602787968672,1.5165721529096257,1.8540370369112686,1.288727770246384,2.194999500630457,2.456660144939275,0.801579905847325,0.26837150271006704,0.0,2.631125402285473
3 1 6,0.0,0.0,0.0,-3.54226516222483,-0.0,-3.2814240516951445,-2.894133532707195,-0.09051211798045661,0.04405292594879665,0.22772388598911583,0.3635079354260052,0.0520517849715609,0.453181089219292,0.00591270901672476,-1.8608143112817228,-2.398417075482936,-0.25480703143588085,-0.9080398259407897,-1.0685689340821056,-1.216271442687119,-0.871174531705674,-1.3800680098750906,-0.7765250978193857,-1.0452644038508536,-0.6495297711128203,0.0,-0.0,-0.0,-0.2058390014298179,-0.0,-0.4766144297796081,-0.6495269341092871,-0.0,-0.7547994540541585,-0.8917669499042703,-0.0,-0.0,-0.7088460463181474,-1.1302843206302222
3 2 1,0.0,0.0,0.0,4.251520609272202,0.0,3.9213372896877536,3.4456362129866216,0.00879620324854255,0.0,0.015391685815751325,0.09118818471745209,0.0,0.11040333467633871,0.16437163551355935,2.236251592856312,2.859692806619913,0.18242231275595763,0.24336321419173504,0.31290146826589776,0.4324708966061472,0.7617025613112214,1.644795106601179,0.5096598218371391,1.1408310842961014,0.3519008023894329,0.0,0.0,0.0,0.07143225834992974,0.0,0.1632480879013829,0.3130077311408103,0.0,0.5548983629275255,0.8989196081143562,0.0,0.0,11.698827551207286,1.3721340685145953
3 2 2,-0.0,0.0,0.0,-1.794195642212014,0.0,-1.579372309380699,-1.2692309684817993,-0.17538522808070617,-0.0663414039639515,-0.1931223573165692,-0.2613939594332807,-0.05226726783067702,-0.21211965183522874,0.1048454709836574,-0.486302270734795,-0.8874013718459473,0.18440387273803377,0.37124697156908476,0.4744197267390119,0.5489896425006691,0.33909146267889556,-0.12155781794698431,0.39359185556345555,0.1627384794247601,0.33434411263565544,-0.0,-0.0,0.0,0.0042337137993289885,0.0,0.1571551088653218,0.2535431907588141,-0.0,0.23398442367524594,0.08274416035937546,-0.0,-0.0,-0.0,-0.0
3 2 3,-0.0,0.0,0.0,2.749806067475203,0.0,2.6179893706139943,2.4606039186195447,-0.35710345041423347,-0.20535541104337707,-0.3001776401352279,-0.40455428730801746,-0.15531132405000234,-0.2635438806219921,0.32116365377492734,2.2775121277046084,2.3313542498655755,0.4947411621088576,1.0613290403198459,1.4245613226114975,1.680657794018602,2.0440615552831165,2.272951240554513,1.7083374480800206,2.2235921085071806,1.2565290190955152,-0.009262546679495028,0.03200075626365857,0.27975578656262623,0.48925994608869383,0.3666426047089222,1.0133375033216243,1.517935800157137,0.0,1.8675354426194013,2.1248920636324002,0.0,0.0,3.0782055820231116,2.2227202760499116
3 2 4,-0.0,0.0,0.0,0.6469242259101844,0.0,0.5873193379362539,0.484090763336788,-0.11513801913907402,0.0,0.08028445203533886,0.07456788052248961,0.0,0.1546521310459171,0.061260658921656254,0.10268275737728456,0.3218103722170953,0.00520474228895537,-0.23636947945220563,-0.33288104063163365,-0.46396194097200777,-0.39161671443065793,-0.13258464505073578,-0.368046990421445,-0.3139422833943912,-0.2782934545212555,0.0,-0.0,0.0,-0.0,-0.0,-0.13813808815808976,-0.2504106020810238,-0.0,-0.2695768142908787,-0.2608626487371668,-0.0,-0.0,0.0,-0.12231128416668714
3 2 5,0.0,0.0,0.0,-0.57553062299621,0.0,-0.6739553369109454,-0.7925288423860661,-0.05021648346565199,0.22152052478882742,0.3444692313187225,0.6099629623072238,0.39362430333325543,0.811834061932436,1.120638077309809,-0.8845831337807191,-0.8842951179813536,1.2521658570422358,1.0404413713591094,1.0136603947949883,0.846538879285776,-0.15058737565623267,-0.753503524942328,0.22134841505669292,-0.49646497874845474,0.5332659099076908,0.56287249916671,0.6699722034830475,-0.0,0.6834995357774084,-0.0,0.5450415952443414,0.2490643192338322,-0.0,-0.0,-0.312639162681808,-0.0,-0.0,0.0,-0.6516213048271967
3 2 6,0.0,0.0,0.0,-0.0799830820408088,0.0,-0.2526446314271598,-0.4857944647018164,-0.03475621710528169,0.16927807979725146,0.3059006920314435,0.5239461572870036,0.299898993181708,0.6727474842666962,0.7936602055210251,-0.8667082598205468,-0.7256343669716451,0.8455982127215471,0.572058023428619,0.6124493601074444,0.6891846482621653,-0.11302142386943283,-0.8022690289774307,0.24246203469647426,-0.5138482361408077,0.46495078181992255,0.4094874639219712,0.47616982626687954,0.0,0.5095376888785259,-0.0,0.4450166067560761,0.2616042980492287,-0.10430712016012215,0.0,-0.25811310764796797,-0.0,-0.012921275709931046,-0.0,-0.7022598769159031
3 3 1,0.0,0.0,0.0,-2.6275959119511683,0.0,-2.1531119965223158,-1.4955242633961086,-0.003797678765167621,0.0,0.051849794790723956,-0.004450685642039941,0.0,0.03652421973762052,0.5252807810722327,-0.02169228285774653,-0.7405620968435556,0.8368891172436809,1.2034766525207075,1.3898446164243525,1.4555383525739187,1.2014695120607106,0.5680672936223014,1.2196831091291473,0.9843386211641661,1.0720457930246352,0.11433198951009368,0.3463165693159671,0.0,0.6290581647643444,0.0,0.8988163592404614,1.114396582752602,0.0,1.161222146956405,1.0174879026288588,-0.0,-0.0,-0.0,0.6547320519692935
3 3 2,-0.0,-0.0,-0.0,-1.9739333800387144,-0.0,-1.877961554191639,-1.7257652897679874,-0.02399880224313101,-0.1232827243830966,-0.08928541932387701,-0.616892554286254,-0.2526930292305951,-0.7623959965428264,-0.7274484806909981,-1.2613586594250732,-1.5129104810008323,-0.6036179462767947,-0.6306176985856805,-0.6711985358351364,-0.8906826865409901,-0.8086475963736739,-1.0275211023665083,-0.7884616975109349,-0.8730783543858074,-0.759076589136933,-0.36539944688198556,-0.46468984618048886,-0.0,-0.5807700286933906,-0.0,-0.6755650779577818,-0.7167903815385999,-0.0,-0.7359038950422608,-0.7671484383559378,-0.0,-0.0,-0.0,-0.883323179771329
3 3 3,-0.0,-0.0,-0.0,-6.436002107573984,-0.0,-6.114027810522698,-5.5980808664530315,-0.008799862709186784,-0.0,-0.004335053789527331,-0.3311292397228796,-0.04767036313549873,-0.40443292268434144,-0.3962574829590207,-3.8902984318447165,-4.852080139728892,-0.3080908669109674,-0.4284276576726588,-0.4653999818957281,-0.6435096510491396,-1.0407488503792819,-2.811007078120257,-0.6071283204212955,-1.7988596237814531,-0.41728117412950194,-0.09998129905112224,-0.14538592644275314,-0.0,-0.21068467848952743,-0.0,-0.28688400295693706,-0.4238184188733004,-1.3289183285513122,-0.7039189777608932,-1.3823204506563487,-2.7634057794739246,-6.691822860279224,-5.984047167649759,-2.374804079350156
3 3 4,-0.0,-0.0,-0.0,3.4844678251353343,0.0,3.433552139283769,3.314109930977981,-0.08082315816685078,-0.07232271381426505,-0.036821276156800135,-0.38498228956035846,-0.19899181977339128,-0.4993554006239431,-1.0163412062274293,2.612901300975337,3.0622968148862264,-1.0552786563685514,-1.227709157437494,-1.119892562207974,-0.9460670952439704,0.4216578360019664,1.9546812993094858,-0.15916415170037881,1.1725523708199794,-0.5120434507423293,-0.3691124870665473,-0.5203745827857199,0.0,-0.586637493222722,0.0,-0.5065674113309929,-0.2056402270737938,0.0,0.06919984834977838,0.7913152494853727,0.0,1.8499710363423638,0.5963743820105367,1.5888705502150298
3 3 5,-0.0,0.0,0.0,3.952335229493449,0.0,3.730950018243908,3.3963726331946553,-0.04801110460526184,-0.0,0.07371933547777447,-0.03932011689528709,-0.0,-0.04617113436491379,-0.1946163662087462,2.4063383661577404,2.947981422266168,-0.10230768050248211,-0.04103585694803088,0.16504849089699944,0.3835323648848453,0.7691745197096951,1.8105152928080819,0.45552905048742703,1.2345528885456845,0.25974422243021233,-0.0,0.0,0.0,0.0,0.0,0.08735436942013207,0.2547875605029265,0.5850393611489335,0.5334078024300831,0.9514242125272951,1.1408380408346315,0.49979143168915807,1.8033699065720492,1.4949733536223877
3 3 6,-0.0,-0.0,-0.0,-2.3693081508233256,-0.0,-2.369159440328296,-2.3987595570507176,-0.017826077540041396,-0.0,0.060754728104480425,-0.1421628788376411,-0.0,-0.1898407168857373,-0.3283541241392676,-2.645944640497753,-2.4909934015224025,-0.33154839035304967,-0.637558787716302,-0.8072716789794765,-1.1402398967722032,-2.4255947467034265,-2.7753067647397147,-1.9073848308852377,-2.7308795657609366,-1.318372251878813,-0.032319815598930414,-0.20921104383010103,-0.0,-0.520990377650804,-0.0,-1.0014032961423092,-1.6052468056649398,-0.614017244415134,-2.2098470099030307,-2.6508072437169465,-1.6189899033928552,-3.7138026882476183,-5.508086012063229,-2.80172186092027
