,Lasso 0.00048828125 electronic_coef,Lasso 0.00048828125 electrostatic_coef,Lasso 0.000244140625 electronic_coef,Lasso 0.000244140625 electrostatic_coef,Ridge 9.5367431640625e-07 electronic_coef,Ridge 9.5367431640625e-07 electrostatic_coef,Lasso 0.0001220703125 electronic_coef,Lasso 0.0001220703125 electrostatic_coef,Ridge 7.62939453125e-06 electronic_coef,Ridge 7.62939453125e-06 electrostatic_coef,Ridge 1.52587890625e-05 electronic_coef,Ridge 1.52587890625e-05 electrostatic_coef,Ridge 1.9073486328125e-06 electronic_coef,Ridge 1.9073486328125e-06 electrostatic_coef,Ridge 3.814697265625e-06 electronic_coef,Ridge 3.814697265625e-06 electrostatic_coef,PLS 2 electronic_coef,PLS 2 electrostatic_coef,Ridge 0.000244140625 electronic_coef,Ridge 0.000244140625 electrostatic_coef,PLS 1 electronic_coef,PLS 1 electrostatic_coef,PLS 3 electronic_coef,PLS 3 electrostatic_coef,PLS 4 electronic_coef,PLS 4 electrostatic_coef,PLS 5 electronic_coef,PLS 5 electrostatic_coef,PLS 6 electronic_coef,PLS 6 electrostatic_coef,PLS 7 electronic_coef,PLS 7 electrostatic_coef,PLS 8 electronic_coef,PLS 8 electrostatic_coef,Ridge 6.103515625e-05 electronic_coef,Ridge 6.103515625e-05 electrostatic_coef,Ridge 3.0517578125e-05 electronic_coef,Ridge 3.0517578125e-05 electrostatic_coef,Ridge 0.0001220703125 electronic_coef,Ridge 0.0001220703125 electrostatic_coef,Ridge 0.00048828125 electronic_coef,Ridge 0.00048828125 electrostatic_coef,PLS 9 electronic_coef,PLS 9 electrostatic_coef,ElasticNet 0.00048828125 0.5 electronic_coef,ElasticNet 0.00048828125 0.5 electrostatic_coef,ElasticNet 0.000244140625 0.5 electronic_coef,ElasticNet 0.000244140625 0.5 electrostatic_coef,Lasso 6.103515625e-05 electronic_coef,Lasso 6.103515625e-05 electrostatic_coef,ElasticNet 0.0001220703125 0.5 electronic_coef,ElasticNet 0.0001220703125 0.5 electrostatic_coef,Lasso 3.0517578125e-05 electronic_coef,Lasso 3.0517578125e-05 electrostatic_coef,ElasticNet 6.103515625e-05 0.5 electronic_coef,ElasticNet 6.103515625e-05 0.5 electrostatic_coef,Lasso 1.52587890625e-05 electronic_coef,Lasso 1.52587890625e-05 electrostatic_coef,ElasticNet 3.0517578125e-05 0.5 electronic_coef,ElasticNet 3.0517578125e-05 0.5 electrostatic_coef,Lasso 7.62939453125e-06 electronic_coef,Lasso 7.62939453125e-06 electrostatic_coef,ElasticNet 1.52587890625e-05 0.5 electronic_coef,ElasticNet 1.52587890625e-05 0.5 electrostatic_coef,Lasso 3.814697265625e-06 electronic_coef,Lasso 3.814697265625e-06 electrostatic_coef,Lasso 1.9073486328125e-06 electronic_coef,Lasso 1.9073486328125e-06 electrostatic_coef,Lasso 9.5367431640625e-07 electronic_coef,Lasso 9.5367431640625e-07 electrostatic_coef,ElasticNet 1.9073486328125e-06 0.5 electronic_coef,ElasticNet 1.9073486328125e-06 0.5 electrostatic_coef,ElasticNet 9.5367431640625e-07 0.5 electronic_coef,ElasticNet 9.5367431640625e-07 0.5 electrostatic_coef,ElasticNet 3.814697265625e-06 0.5 electronic_coef,ElasticNet 3.814697265625e-06 0.5 electrostatic_coef,ElasticNet 7.62939453125e-06 0.5 electronic_coef,ElasticNet 7.62939453125e-06 0.5 electrostatic_coef
-6 1 1,-0.0,-0.0,-0.0,-0.0,-0.4925284458047263,14.513830822321992,-0.0,0.0,-0.5309118688671736,13.788143616441937,-0.5521143402168162,13.379462792381071,-0.4997938364573665,14.376808226729118,-0.51227674682952,14.141160527439308,-0.07593629511153507,-0.0893183625598758,-0.4326650613191348,13.112730792831437,-0.039580076802115435,-0.17488399066500374,-0.16604318112918498,0.17122720584985973,-0.29304563796567235,1.6863160184082027,-0.304428427560867,3.480680044309087,-0.29728479983733974,5.808450700742133,-0.286371483785321,9.825308550052887,-0.2380268258756881,11.588680038881654,-0.5512906071136892,13.157705776795513,-0.5642348629882068,13.106299084804004,-0.5050328912471707,13.37661926313788,-0.35285970925115767,11.722679128174557,-0.15653233881265335,11.885264134592438,-0.0564983970352247,0.0,-0.12244711817598967,0.0,-0.0,0.0,-0.16605720688126754,0.0,0.0,0.0,-0.18964908811614917,1.615133850908915,-0.0,8.014864462218494,-0.20425201971603604,4.940201433952477,0.0,0.0,-0.2418884150353457,8.373002128533285,0.0,0.6213761705504309,0.0,0.0,0.0,0.0,-0.44275458409093477,13.939258542525193,-0.49751218605508224,14.346710184982745,-0.41023174810819285,13.59539958024433,-0.31521052135572075,11.875909531177086
-6 1 2,-0.0,-0.0,-0.0,-0.0,1.749426800283517,28.994700247647376,-0.0,-0.0,1.6947494419454112,26.891500336806924,1.6465290304188416,25.3132979829813,1.740585119566912,28.630632859216856,1.7240600095690546,27.97526135638943,0.04231640620826308,1.5212652242056364,1.188406681861205,16.71370813794597,-0.04995112527834222,0.06350730560727764,0.07331665318101409,1.174633704703809,0.07357275352027376,0.8500160346398004,0.18861884780588858,3.2693538844766996,0.39106783958526065,6.784273270724353,0.6577368584229472,12.056506468493518,0.9210667861184607,19.342398626482762,1.473677406304399,21.174626990580876,1.573939508399938,23.34087907309825,1.3449928214324987,18.94847947848942,1.0044817888000739,14.449358970504145,1.178605111585857,24.254418231806074,0.0,0.0,0.01720500263854742,0.0,0.0,0.0,0.17685578885983919,0.7450544354099037,0.0,0.0,0.3629103003029501,3.7463892024888774,0.033593735106960315,0.0,0.5862154024857782,6.746696901550356,0.06957193592936806,0.0,0.8184641253075858,9.695913954327072,1.9447363873122578,0.0,3.1683624467335276,0.0,2.688184715818567,0.0,1.4044019484330554,18.370045542807958,1.5392910035794114,20.794191711205567,1.1984142391711474,14.978536984806071,1.0234026327120636,12.143892226005093
-6 1 3,-0.0,-0.0,-0.19910943916681043,-0.0,-1.8194455592655217,-20.498405263614792,-0.9847538957649608,-0.0,-1.7385321234842108,-18.87216485695442,-1.6676801245871098,-17.637946606669523,-1.8063106319527036,-20.21860207194911,-1.7818163502496167,-19.71309307370242,-0.14208607551925426,-1.2117714533576525,-0.9958243999148552,-9.790333628880482,-0.21603174687169047,-4.004140563345436,-0.22668019877232956,-1.282805300231388,-0.2845569143931641,1.5588600813703528,-0.2524125140875764,6.361466122690502,-0.13038857753378277,9.523986174530515,-0.055341155315540694,10.669657023651117,-0.11234952795798572,14.436029751457696,-1.4144925344022847,-14.35447590126007,-1.5614493272110717,-16.084900100867102,-1.224673139701368,-12.39153531062497,-0.7451084899719482,-6.18373219622781,-0.17856686723270554,14.36579169556303,-0.16027057257569652,-0.0,-0.17135167907805868,0.0,-0.23632643305451054,-0.0,-0.18976469197455448,0.0,-2.0430040932937574,-0.0,-0.26299100349620014,0.0,-1.5074457409288715,-0.0,-0.40253999148535435,-0.0,-1.417695761102788,-0.0,-0.6114305071936227,-3.3729180682626447,-0.0,-29.995805654909898,-1.9451082464454135,-3.5454078189653697,-6.468631309798996,-0.0,-1.268010967839938,-13.203192541782276,-1.5952465196766896,-15.447951364954532,-1.1043779945163865,-10.525334473289435,-0.8658628002985873,-6.853466141542472
-6 1 4,-0.0,-0.0,-0.0,-0.0,-0.687489863361821,-61.90235346055734,-0.0,-0.0,-0.6346734345553539,-56.57485162311685,-0.6059780852589678,-52.60470657244162,-0.677361694470368,-60.97927437320457,-0.660102609724389,-59.318006502996404,-0.03163606758153034,0.2843270302552048,-0.5882558649059969,-32.3380220076576,-0.07760023092941262,-1.3088844502893844,-0.05037587419170974,1.2670786147663384,-0.13679608015454295,1.1580599959043936,-0.17487417289701246,0.47429241519798093,-0.13376369741375274,-0.24678778192466372,-0.15740105986753275,-3.7906513916730704,-0.3677492704468143,-9.42569074236062,-0.5873983560211334,-42.64336281633324,-0.5869272506813837,-47.74252364169368,-0.5970050015865858,-37.635316124644625,-0.537436172903639,-26.024151224216663,-0.517898336088286,-15.66566034236698,-0.0,0.0,-0.005637538880428293,-0.0,-0.0,-7.085583168795866,-0.0751119513673599,-0.0,-0.0,-41.83440549575271,-0.19069461195547885,-4.379813135931681,-0.0,-90.72237855087278,-0.31821481573149635,-12.759197147191717,-0.0,-83.09083252221514,-0.42810864135681365,-21.993080023507613,-0.0,-125.7473136038475,-0.0,-53.15369783024167,-0.0,-51.55917442567814,-0.4146189216063602,-40.95417840634518,-0.4425385458560037,-47.03678969269837,-0.49888021025565177,-35.75201544019298,-0.4889137306279844,-29.58347053912565
-6 1 5,0.0,0.0,0.0,0.0,-0.16913923761846514,-7.746685867688059,-0.0,0.0,-0.09347805049381198,-3.8583701836084585,-0.030281460855559227,-0.8487934673253354,-0.15667009508180535,-7.084535319375429,-0.13359037448681116,-5.881051949494505,0.2033229052720282,5.365352474612137,0.3001335293695482,11.906553207556076,0.04694273006962213,1.1948487367033602,0.3287118320352654,10.29122047115141,0.23157519706371407,11.904602920895556,0.26305837148660083,13.324117273892615,0.3263983709407585,13.928140048717006,0.30068601808218803,14.33986679652317,0.24604957742249667,15.142251189314138,0.15596881195974158,6.858604926696124,0.05652250826143805,2.94579660477659,0.24487871805250763,10.029404917537699,0.31776834799888504,12.56595880380078,0.3077541284498829,16.44959423730006,0.1240741816444735,5.414471919842698,0.17526592840882335,7.935923927282974,-0.0,0.0,0.210873483844068,9.700551960705235,-0.0,0.0,0.211193068790348,10.721748489250706,0.0,0.0,0.220369818509064,11.3705953168715,-0.0,0.0,0.23675742604913771,11.024989323290923,-0.0,0.0,-0.0,-0.0,-0.0,-0.0,0.13601612049112408,4.491602135242855,0.07768926741916797,1.9099368334276654,0.17719917381945793,8.614256777950219,0.23083740316940202,10.315910282814965
-6 1 6,0.0,0.0,0.0,0.0,1.3917751477767035,-12.130021637212458,0.0,0.0,1.337376889419627,-9.369584210961179,1.2945647311238746,-7.246364517631666,1.3825258334752406,-11.658145766469973,1.365713609135655,-10.802471157728268,0.10799735878109987,2.8986330905214146,0.9572839737530195,1.709101030024351,0.004214711114660941,0.6035754849796705,0.21151666641141537,5.537734740768055,0.19451561950708357,5.962697833233172,0.2996566009459545,5.593900594597509,0.38990410711252005,3.83006546036732,0.43000045018897165,0.968470937881584,0.5081559410578063,-1.3708247546505632,1.166016959794386,-1.7785383785746218,1.237243028487257,-4.569663552824366,1.076152607279996,0.5036717983880581,0.8052766024308088,1.7845160655381036,0.6379032417234997,-2.0165193814056126,0.06362620251317865,0.270553223889093,0.1382963712229749,0.5213718816528061,0.0,-0.0,0.23143495912157397,0.0,0.0,-0.0,0.3510691535034327,0.0,0.0,-0.0,0.5131473530391532,0.0,0.0,-0.0,0.7046392305049712,0.0,0.0,-0.0,0.29702547779885746,-0.0,0.14910422915005592,-22.241880410916593,1.1667307371579996,-0.0,1.250180188367419,-4.358141867493526,1.0243021946208195,-0.0,0.8772939928355661,0.0
-6 2 1,-0.0,-0.0,-0.0,-0.0,0.4525521349271684,-12.66551790976735,-0.0,-0.0,0.4090534102144477,-13.521360263967207,0.37905587396371304,-14.082743984178256,0.44481329699203703,-12.820907670720729,0.43108022060940115,-13.093491139044856,-0.04932680046093937,-0.6896083459605028,0.26280465123480073,-15.798214125839623,-0.027674370871366864,0.16778094759564016,-0.09125798075282361,-2.7741428830812125,-0.17307363930560649,-6.3871848843541175,-0.18696599014055545,-9.677398231344569,-0.14385364543781107,-12.43977145734578,-0.0828540783313227,-15.360935982945215,-0.038142670118512224,-17.416112052126707,0.3193146028425236,-15.119796174403511,0.346635895730362,-14.657981854727511,0.29620898853306765,-15.47887959706951,0.2026996327441634,-15.889608093204656,0.08517614300098644,-20.55361896089967,-0.0,-0.0,-0.0,-2.3334252412992877,0.0,0.0,-0.0,-6.255777209203478,0.0,0.0,-0.0,-10.590714683568567,0.0,0.0,0.0,-13.309821255043046,0.0,0.0,0.039864868622100355,-14.030247869840403,0.0,-0.0,0.0,-0.0,0.0,-0.0,0.23151867040596993,-12.654205749342463,0.27673707470653747,-12.322571102219927,0.18262967615334127,-12.180033706046771,0.13885223453178133,-13.110481456753709
-6 2 2,-0.0,-0.0,-0.0,-0.0,-0.93879632775088,-19.012196212415123,-0.0,-0.0,-0.9506015972138604,-20.141835057390292,-0.9537374725389651,-20.645607164153446,-0.9413096687884571,-19.236950207458815,-0.9453826981403647,-19.6131857240533,-0.11344912934486023,0.8443398110234548,-0.7898666220755984,-15.121600054633834,-0.07152044537246707,0.48941416315731423,-0.20459341099652345,0.2991234372682694,-0.40273951915524,-0.5155179390297309,-0.49035488782255565,-1.401200094800516,-0.48740813694918683,-4.147635658228349,-0.4880275857911624,-7.2107393989485296,-0.6140486494144131,-5.491551711216715,-0.9197336645721547,-19.710601389245614,-0.9468963470413706,-20.67147626067905,-0.8664374483687455,-17.695420215824218,-0.6985694621527995,-12.511492068739381,-0.6723850083184431,-6.861887150256063,-0.15722732473879666,-0.0,-0.2642204031135491,-0.0,-0.0,0.0,-0.356139545850953,-0.0,0.0,0.0,-0.45092760271906995,-2.6466354475429177,0.0,0.0,-0.512152723201193,-5.956239959324307,0.0,0.0,-0.5919956714014509,-9.169228754136789,0.0,0.0,0.0,-0.0,-0.0,-0.0,-0.7359424307394158,-16.834159376291712,-0.680192921014123,-19.696092905147566,-0.7400996504345186,-13.50345810626921,-0.6591794778017247,-11.173179009534598
-6 2 3,-0.0,-0.0,-0.0,-0.0,0.2800653104234205,-35.04756183610756,-0.1608594284881593,-0.0,0.20704865931657626,-33.182194502383396,0.14285015838938897,-31.776823890812423,0.26829668271690155,-34.72527304237398,0.24624563199146302,-34.14445916144989,0.039972472144367735,1.9511801295040199,-0.27556282168780766,-22.569490121224106,-0.025235108584845477,0.2773300081270665,0.07460620714755903,3.537456937485806,-0.02167100044297252,4.477049157400948,-0.02830995960023325,5.323214483167828,0.0003113250560323217,3.384464396525503,-0.016316791469311934,-0.32759424559066397,-0.22963839517994136,-2.9306529959006276,-0.0681928910658971,-28.005069838513094,0.0491152507146857,-30.008752131969867,-0.18706465944850273,-25.667452456141632,-0.3089731314273191,-18.25336446779222,-0.36336705288828397,-7.740437004086348,0.0,0.0,-0.0,0.0,-1.609333432661062,-0.974133424556973,-0.0,0.0,-0.0028186847319362526,-0.0,-0.07124096975286918,-0.5888567880380893,-0.0,-0.0,-0.16972572293460383,-7.531494792550354,-0.0,-5.556229755490363,-0.24993201232856688,-15.058641536155465,0.0,-14.189150475500806,-0.0,-82.13003111100481,0.0,-7.871353098437351,-0.03913241813393306,-29.298216607228383,-0.0,-32.614937460010744,-0.16886919429695735,-24.93268790998201,-0.2411698509216724,-21.149194152101934
-6 2 4,-0.0,0.0,-0.0,0.0,-0.6288465803915086,-19.48106771499981,-0.0,-0.0,-0.6635870744129717,-16.77852437954738,-0.6865058427189596,-14.871688735603477,-0.6351169100510666,-19.00355200325952,-0.6461577822358451,-18.153181421393416,0.18597851966718726,6.314340122191326,-0.6595023731904559,-6.814743705780829,0.06418606167719915,2.1285262393657343,0.2562567688910675,11.156296218464613,0.0737933147987753,11.783101749539014,-0.015896178610458202,10.815112344470469,-0.06842259965175775,9.866059165067721,-0.19663584284741897,8.115725682135114,-0.41083419557452466,5.484566604070098,-0.7204786983025508,-10.729558879016635,-0.708938891309909,-12.71797653391651,-0.708694015456735,-8.943250462574929,-0.5621382356585164,-3.758230214226433,-0.5436495087300157,2.951568405640901,0.003768303983004764,5.383306769893237,0.0,6.667046994564818,-0.0,-0.0,-0.0,6.2525414180246965,-0.0,-0.0,-0.06265675906930723,3.417454231664447,-0.0,-0.0,-0.24596811774251484,0.0,-0.0,-0.0,-0.41942071083256666,-0.0,-0.0,-0.0,-0.0,-0.0,-0.0,-0.0,-0.6412875310052429,-7.216921691674064,-0.5756208807029436,-8.790082431106125,-0.6450357619260855,-4.983256984076213,-0.5600811431156258,-2.13591822203878
-6 2 5,0.0,0.0,-0.0,0.0,-0.3937355478386882,-16.83175930934266,-0.0,-0.0,-0.43391064222886766,-14.711351952628267,-0.45739757285726645,-13.12243361088762,-0.40122612345175857,-16.464319411310072,-0.4141985194560213,-15.803313664158892,0.11897544896781365,6.819770998837803,-0.37046077982823833,-3.600828604331237,0.03410765791493899,2.631950944150875,0.17554282786238304,11.486703992137521,0.06429515863044949,12.261171054701004,0.03689415747270415,12.007179145667363,0.01497006993969637,11.356815440716433,-0.0883234287757905,9.419978599540562,-0.22522646013317335,6.878540783302813,-0.4680547683109439,-8.889942536989242,-0.4738702728265732,-11.12955768069435,-0.4318874856464833,-6.41858226579289,-0.29229701714583295,-0.38351654843995286,-0.26447610563064006,4.730299069700528,0.0,6.161395839968451,0.0,7.774596341193621,-0.0,-0.0,0.0,7.771368991873333,-0.0,-0.0,-0.0,5.680380659224551,-0.0,-0.0,-0.024467463962594752,2.119658532027262,-0.0,-0.0,-0.13506235309584022,0.0,-0.0,-0.0,-0.0,-0.0,-0.0,-29.410688843492526,-0.3549804827786223,-6.024786956222451,-0.37309398784039993,-9.091306370398161,-0.3460678260609464,-2.7452889563257026,-0.25104450255333594,-0.0
-6 2 6,0.0,0.0,0.0,0.0,-0.09689354128237099,-24.583325407505594,-0.0,-0.0,-0.12601974044590508,-21.00742021823298,-0.14273048382147546,-18.3320738526639,-0.10232203808071702,-23.964635480593852,-0.11173371305520123,-22.85031676365003,0.25469424264259616,5.906113411701269,-0.026105293236034888,-5.257958168325621,0.07725517067489902,1.8723730186255514,0.4278105306242868,10.27172430543562,0.38756837058496235,10.470330730081685,0.38152853152881117,10.306038948820616,0.3563867179041979,9.556054548934785,0.2521370242964038,6.943262563498128,0.1635176316990723,4.023765233549179,-0.1406445816945846,-11.5882170184189,-0.15256668229076092,-15.040207575131808,-0.09682444122387462,-8.317765044341964,0.056424862386071764,-2.2177536028239264,0.16493542599960387,2.644502743113482,0.2322115164400284,4.685372143937453,0.27130146243392694,5.830893566019616,-0.0,-0.0,0.26086991061340653,5.379662534703474,-0.0,-0.0,0.19905237991549513,2.9842505742533874,-0.0,-0.0,0.1169423169904811,0.0,-0.0,-0.0,0.0,-0.0,-0.0,-2.0429951114494624,-0.0,-9.563279568874561,-0.0,-0.0,-0.006142929191081248,-8.673840176735284,-0.04787496419535786,-14.643434983514112,-0.0,-4.647045507950188,0.0,-0.9300589189870456
-6 3 1,0.0,0.0,-0.0,0.0,-0.18566795047181117,10.662595959617143,-0.0,0.0,-0.18962592073656076,10.784618235873396,-0.19062084166161997,10.669254176724063,-0.18650798605145724,10.701577621793712,-0.18787345187492568,10.754333818041685,-0.009572380764415495,0.3225038089267793,-0.11303956730935054,5.731929471708055,-0.01580285654009617,-0.08856268156534716,0.004616099129150671,1.1961502162335385,0.02320387893546062,3.2723792848381232,0.04612290392502454,4.952844686631772,0.054671405205256506,5.607705734515809,0.05106558012302802,5.4976568613195385,0.020878112991290415,4.263989499090811,-0.17638512594399225,9.08494183146828,-0.18781302195735955,10.173739496247112,-0.15181818123467483,7.470089353898707,-0.06534641166252876,4.3309017720478264,0.003287744948538242,2.359225295722183,0.0,0.0,0.0,0.0,-0.0,0.0,0.0,0.0,-0.0,0.0,0.0,0.0,-0.0,-0.0,0.0,0.0,0.0,0.0,-0.0,0.0,0.0,0.0,0.0,0.0,-0.0,0.0,-0.07617780654121403,4.158061972882152,-0.09933182931306987,5.579935682483799,-0.029341573549653575,2.3517243536128776,-0.0,0.5830493677182712
-6 3 2,-0.0,-0.0,-0.0,-0.0,-0.5810114153398233,-6.62819329348183,-0.0,-0.0,-0.5467660078895373,-6.5161267642993685,-0.5158292089736826,-6.455275819099356,-0.5755394074112856,-6.606147604221864,-0.5652433344440082,-6.5692301368837995,-0.04249544638454604,0.11201083338454046,-0.2500973535134605,-5.537305454410689,-0.023530226504854593,-0.014715219275559549,-0.08363010015545852,0.1333902786181959,-0.1491873024806551,0.5828742943711009,-0.11740292385838232,0.9682538220978675,-0.08380442717849722,0.7311884914945952,-0.03381189456723474,-0.4185925001601993,-0.06521230521098853,-2.4101327473955,-0.4032776291205198,-6.28361590892314,-0.4684227513977356,-6.39282715929055,-0.3259408539964822,-6.0211827115922185,-0.18896781982204025,-4.817202509509438,-0.1289682315865232,-6.35162018766128,-0.0,0.0,-0.0,0.0,-0.0,-0.0,-0.0,-0.0,-0.0,-0.0,-0.02713317786544238,-0.0,-0.0,-0.0,-0.05440627034466751,-0.0,-0.0,-0.0,-0.09876441068278208,-1.512576511468368,-0.0,-0.0,-0.0,-0.0,0.0,-0.0,-0.347081108349923,-3.8309557708250668,-0.3989566802985377,-2.227239866006432,-0.22525767989971454,-2.9849400386087277,-0.14754217310947096,-2.2595557846410848
-6 3 3,-0.0,-0.0,-0.0,-0.0,-0.3239018633156043,-8.703386802678613,-0.0,-0.0,-0.281248562466077,-8.71578294454084,-0.25016105866743427,-8.727523596771782,-0.3164462892804196,-8.704148918456685,-0.3030935162957681,-8.707203553101,-0.054901923924952245,0.070880257387349,-0.11588030696906722,-6.301220249933157,-0.01837745743089071,0.17676847781644753,-0.135028463393611,-0.3018583916996291,-0.263549292345767,-1.2098436635051648,-0.22979632508753645,-1.1076960895309016,-0.16473196331616802,-0.6416057968572373,-0.05842657596872388,0.9886738447304215,-0.012774999552339225,2.0735203188660383,-0.1759613124070475,-8.45296793329699,-0.2131370569247584,-8.695937599889318,-0.1426775988263388,-7.712010450740515,-0.09933986293498163,-4.421140439415469,0.00216136157870412,1.1301838203510703,-0.013630871236284994,-0.0,-0.05008420972541977,-0.0,-0.0,-0.0,-0.058598106216981506,-0.0,-0.0,0.0,-0.03637415099776408,-0.0,-0.0,0.0,-0.0,-0.0,-0.0,-0.0,-0.0,-0.0,-0.0,-0.0,-0.0,-0.0,0.0,-0.0,-0.02756715982704653,-4.793356347309552,-0.05872070910869795,-3.606303111168485,-0.0,-3.192768328383531,-0.0,-1.083208902543845
-6 3 4,-0.0,-0.0,-0.0,-0.0,0.024487102571725722,-6.8700789667149875,-0.0,-0.0,0.05776129074997436,-6.897913237343122,0.08096184696286103,-6.8906433192083325,0.03037771067072071,-6.876521965591746,0.04086013429336451,-6.8867659647793875,-0.040581231886845766,-0.01926355827930092,0.1055996841469959,-4.596336774376075,-0.032746581601252815,-0.13510926174166882,-0.07764751760849158,0.061179656176668276,-0.18188515235209796,-0.5857339668635339,-0.16174422722976103,-0.9088384453118242,-0.1298919896645069,-0.8431762051191154,-0.059951197744547456,-0.013498501222154931,-0.0008196056775465928,1.0714024960798894,0.12423324828509691,-6.481965437525697,0.10596795677425896,-6.799611031093732,0.12649650502981347,-5.761614530717549,0.0599250488826733,-3.202239177970311,0.07047711537052129,1.4982928563080788,-0.0,-0.0,-0.005476250061633512,-0.0,0.0,-0.0,-0.02559033246629321,-0.0,0.0,-0.0,-0.0006238970673105629,-0.0,0.0,-0.0,-0.0,-0.0,0.0,-0.0,0.0,-0.0,0.0,-0.0,0.0,-0.0,0.0,-0.0,0.015557163339175445,-3.3215891542074583,0.0,-2.7867394906417364,0.03443220091716629,-1.8119277907495834,0.0,-0.19942161141834894
-6 3 5,-0.0,-0.0,-0.0,-0.0,0.22375130901780874,-8.62306079206594,-0.0,-0.0,0.18802299119558255,-8.943955877631646,0.16641572730852766,-9.086245399127112,0.21713595907043587,-8.686464154045817,0.2056417460979378,-8.793127093511199,-0.007813149273322354,-0.42444021720408037,0.1581473016637061,-6.704350138384075,-0.026619978178997045,-0.5326352599607556,-0.0016293422908954921,-0.4422411656599239,-0.0816656894741894,-1.3611413563802115,-0.09830307731426008,-2.197153048696584,-0.09576100764884887,-2.7118881929333982,-0.06695748210216358,-3.336301190806511,-0.011799796479430417,-3.356801650489975,0.14493591385397667,-8.692992900458508,0.1488515842015125,-9.070966685919677,0.1537628498916813,-7.857176121551361,0.1369778633640794,-5.492234649769183,0.11092157586791153,-3.172157002597753,-0.0,-0.0,-0.0,-0.0,-0.0,-0.0,-0.0,-0.0,-0.0,-0.0,-0.0,-0.0,0.0,-0.0,0.0,-0.0,0.0,-0.0,0.0,-1.2745149538407972,0.0,-0.0,0.0,-0.0,0.0,-0.0,0.0,-5.662706152064099,0.0,-5.727920586653988,0.026516137863071044,-4.424296409476561,0.026900976480979673,-2.9559412119877364
-6 3 6,0.0,0.0,0.0,0.0,0.24433325478269222,0.8486647175061155,0.0,0.0,0.2183644281022431,0.11563723387578853,0.2007283968719929,-0.2891403233022376,0.23969072629917199,0.7098581161038241,0.23147336846909758,0.47142260610195974,0.007764427039481934,0.04603328854386563,0.14996621916485073,1.104870194095861,-0.001382407969726331,-0.03523158498149142,0.017968078999766653,0.20256802224248197,0.015185175985094088,0.27953735346871567,0.022164773178749667,0.4226607789617346,0.029800202881898295,0.5949304216133676,0.04183191375150246,0.907786131598144,0.06466613499113366,1.3569690527887033,0.16826165808454446,-0.3250397467433641,0.18226882816377024,-0.5256191048261668,0.15968353188084947,0.3402185759790732,0.13053914293710805,1.5103182260672594,0.09788287645064087,1.9676737183355526,0.0,0.0,0.0,0.0,0.0,0.0,0.0,0.0,0.0,-0.0,0.0,0.0,0.0,-0.0,0.0,0.0,0.0,-0.0,0.0,0.0,0.0,-0.0,0.0,-0.0,0.0,0.0,0.03446290981013233,-0.0,0.03407100269443845,-0.0,0.02866947734101754,0.0,0.016922551066754967,0.0
-5 1 1,-0.0,-0.0,-0.0,-0.0,-1.1942222164868175,-62.49243115120601,-0.25650998939331277,-0.0,-1.1983739117843024,-59.31743510671948,-1.2027812110260778,-57.01378447690606,-1.1947694100395494,-61.93557266424163,-1.1959385236889466,-60.94034473011913,-0.17109851300753257,-4.669300065262781,-1.1067338722773377,-43.75751645214265,-0.11993602663422788,-2.871112489855312,-0.395316343299872,-10.67701384796426,-0.5745250186408937,-16.018161392495575,-0.6759939852529667,-18.789384755031357,-0.7003974580671978,-20.05218952720976,-0.839737505890625,-24.953124807331147,-0.7810591269796752,-26.41247152726628,-1.2052037873902648,-51.26339743167521,-1.2078431982163886,-54.24243275586834,-1.177139793395012,-47.93777794537754,-0.9934231998120714,-38.38848352305261,-0.8013136937526196,-30.662825163084193,-0.31155128142701755,-7.409282304720685,-0.42970948424919786,-11.492975267042082,-0.40309364119595864,-0.0,-0.532802579941438,-16.308469925001745,-1.2890748819094218,-11.490407475952033,-0.6110105089108602,-22.153677586578368,-1.9075247103692619,-6.815505860120684,-0.735246060712172,-28.340179483827733,-0.15510809710821444,-21.565304971255486,-0.9062076243195876,-34.95509965117729,-0.0,-45.89297826124753,-0.0,-1.9688869257060273,-0.16838766527942867,-0.0,-1.1942047688700415,-51.588804200242826,-1.207428117634633,-59.329960831505275,-1.1751140506959625,-45.83336337790321,-1.0786480527404345,-41.522959999131785
-5 1 2,-2.574226410981678,-0.0,-2.754951068984487,-0.0,-2.2047005851824517,-75.41712257248355,-2.1510490370900777,-32.13854000689776,-2.1718358915851215,-75.047432583255,-2.132388536345137,-74.6159754411567,-2.2003044802363014,-75.36545174816152,-2.1911248695778207,-75.260667978353,-0.18549474809110447,-4.966875504505796,-1.6032348124246325,-63.90188550676799,-0.11730858829914204,-3.4139284449361176,-0.44241547140298104,-9.983689099438132,-0.8191162105689805,-14.547260864651216,-1.0343930767426845,-17.181265523637357,-1.13733907881732,-19.157828137262168,-1.382625506454187,-26.33482007972966,-1.4141707540860873,-33.964720183061694,-1.9397385335836832,-72.13395028796056,-2.0585074223185473,-73.76260909996117,-1.781424374158671,-69.1382839865315,-1.4220253985785822,-55.659687092764344,-1.4897100497835079,-46.42733028692327,-0.46097511824660636,-7.407683605384002,-0.6700769235299544,-11.760419040593346,-1.6451221777205216,-69.98583260707615,-0.8582656637837281,-17.641898559455683,-1.6792174733805367,-92.7012333040589,-0.9953689867881073,-26.32920255583471,-2.64594341881837,-82.37242664533801,-1.1530864914122076,-37.78526227912151,-3.9802134414177615,-48.646050749477496,-1.3335582071926342,-49.727917790852594,-2.9229082601272403,-67.50936321191513,-3.4617717927608305,-55.71025953943945,-7.071205540471906,-2.2885702307870974,-1.8305288374620237,-70.36688883462136,-2.017154364591461,-75.1936099519203,-1.7383559965332562,-66.63462407858945,-1.532260827646052,-59.25106550562806
-5 1 3,-0.0,-0.0,-0.0,-0.0,-0.383038841163592,-5.463033356161451,-0.0,-0.0,-0.3268954707891466,-3.860894780280282,-0.2902827276059667,-2.92436628251476,-0.37283592917612535,-5.16253657682646,-0.35494416915307164,-4.644258091127229,-0.042058695026717385,-0.2364009242193515,-0.20744895578532752,-2.9240733444666214,-0.07347728781842842,-1.1919857546895392,-0.1707017441423959,-1.9087511719271673,-0.4216083976112054,-4.728398456148858,-0.5558338312757797,-5.246389208432697,-0.495479904326759,-5.237012246683149,-0.4210296788277322,-5.138652523376789,-0.2986898659141757,1.7785317615475964,-0.2268778621725967,-2.0556259635970755,-0.2535901715316942,-2.1955256791913773,-0.21236056800813086,-2.4629547410153663,-0.21557000850052604,-2.990970803134941,-0.2922426190952113,3.4325961737023554,-0.1508602354610171,-0.0,-0.22134450850164397,-0.0,-0.0,0.0,-0.2508922453186152,-0.0,-0.0,0.0,-0.2272281500825099,-0.0,0.0,0.0,-0.1989926591675189,-0.0,0.0,0.0,-0.17169327084674058,-0.15360235138532288,0.0532049395434487,0.0,0.0,0.0,0.0,-0.0,-0.12866671706477092,-0.0,-0.12828060473433148,-0.0,-0.12156380993835152,-0.08605189159832717,-0.14058358414922914,-0.1186389185581775
-5 1 4,-0.0,-0.0,-0.0,0.0,0.12733705769574472,33.93434583457681,0.0,0.0,0.0772181801084134,29.886274823359685,0.05367126633884704,27.155887264643713,0.11736173569052281,33.205741892599704,0.10069686074250746,31.921725052083143,-0.12392091825561337,-1.5690567469541485,0.042458949683182694,15.981418199919625,-0.15939717564689115,-3.8332314960029974,-0.17572709405547515,0.1575392306932992,-0.27361034263470907,2.691596634572615,-0.3389312206155354,4.167914537213421,-0.30595972192996757,7.322444948334582,-0.28553082324158874,9.884422088559981,-0.37348306413567967,8.383044866622983,0.0562430489715376,21.529089928430096,0.04448995430282488,24.206582433662298,0.0677049037107443,18.9688248964076,-0.033572297129526314,12.4849529813665,-0.42590623090847446,7.379913285538833,-0.13180389844468507,-0.0,-0.16527925993023027,0.0,0.0,0.0,-0.1744461956909076,0.0,0.0,0.0,-0.14590747164348644,1.8709235714198564,0.0,25.27721339996536,-0.08142770401522131,4.747651388085877,0.0,0.0,-0.0,8.171971886474477,0.0,10.07702341037943,-0.0,0.0,-0.2657278224064924,-0.0,0.05105158399050108,18.510107873623905,0.0,27.454352561468536,0.0,15.004578162969597,0.0,12.057872242116273
-5 1 5,-0.0,0.0,0.0,0.0,-0.9004037104998093,15.422989587590596,0.0,0.0,-0.8149186491712829,11.924665313512378,-0.7427017844625555,9.045116221804308,-0.8863044337095815,14.841319938889685,-0.860242384422555,13.770383352444455,-0.24946039419851213,-1.210851558677563,-0.200149490643985,-6.8106374457962096,-0.2363547113522767,-2.4209632616794674,-0.3018286557042091,0.8642877840785478,-0.16652684017732963,6.544763692004759,-0.025812244875433495,6.993621597299369,0.10305624584950883,6.532572242904087,0.19466370611866304,6.297452281884331,0.1237984036080911,-1.0486921780891747,-0.5043413354636709,0.4672856513287349,-0.638860857770119,5.098509696288222,-0.349988024918025,-3.938407138296835,-0.08382909665714419,-7.14029085815589,0.09967847184056561,-7.307868765039934,-0.14345757524977995,0.0,-0.06898007140763711,0.0,0.0,0.0,-0.0,0.0,0.0,0.0,0.0,0.0,-0.0,0.0,0.0,-0.0,-0.0,0.0,0.0,-1.897929095297355,-0.0,13.458066840230561,-0.0,0.0,-0.13618653249635848,-0.0,-0.28241196441930233,-0.0,-0.457198669199891,2.3134185014827926,-0.18704448455562328,-1.4518707699244402,-0.0,-3.3485950472752317
-5 1 6,0.0,0.0,0.0,0.0,0.7739535318676793,26.072046410460352,-0.0,0.0,0.5701239935376532,25.271735731921083,0.42148426253065613,24.644445481558463,0.7384100428135589,25.935840121485178,0.6746480957833986,25.688363082615474,0.11043491968867103,6.886594962459494,-0.08899959844683245,20.00149413503543,-0.0011807728725366571,2.264922817221846,0.18425515681436497,12.964728362564978,0.024117685818344167,16.438432495955784,-0.0050665361296810775,18.98482042978021,0.016396240778305652,19.351487346139745,-0.024671038983719598,19.241062561584886,-0.09353888457979397,17.518655296735393,0.08612693177389179,22.79716830916279,0.2475669637687666,23.81219432408819,-0.029792822287777142,21.553189456622057,-0.09799594836535223,18.283250744141334,-0.07522200987262709,16.823047458821268,0.0,9.18229463129111,0.0,12.892364805038445,-0.0,0.0,0.0,15.016341887163998,-0.0,0.0,0.0,15.32730952657493,-0.0,0.0,0.0,15.014064022208107,0.0,0.0,-0.0,15.749060054546575,0.0,0.0,0.0,0.0,0.0,0.0,0.0,19.635190546848158,0.14965077332567453,21.871957777452895,-0.007870839168020557,19.08146516041377,-0.0,17.30859643958322
-5 2 1,-0.0,0.0,-0.0,0.0,-1.4282442264359354,11.105307832006337,-0.0,0.0,-1.4819140595586444,10.206360284239393,-1.5129202268521755,9.744880951695269,-1.4382867702497848,10.931181236267694,-1.455644130307124,10.635811898404054,-0.14116698090337662,-0.006301083092419073,-1.3330790287433565,10.406144094841327,-0.09129572796295618,-0.3567048602147471,-0.27623753789551425,0.41440436627529775,-0.4684553386654422,2.332964909555613,-0.47971828772266917,5.667370195830208,-0.4862834014153168,9.253463000482043,-0.5879136728841906,12.028429772593393,-0.7191173520152515,11.129884167588491,-1.5213721666095403,9.770167997337794,-1.5336815879403853,9.52019361978375,-1.4568730847244846,10.296077019696355,-1.1559428602965893,9.527549995099887,-0.8986724241134157,7.4816244492465875,-0.19397881610564974,0.0,-0.30199553334082363,0.0,-0.0,25.56017682282627,-0.43343267155674386,1.3136164625001756,-0.0,37.066327628479925,-0.6072460963340673,3.2393201058945493,-0.0,0.0,-0.8132741515512223,5.712784115514523,-0.0,0.0,-1.0475595919024923,8.036829733434358,-0.0,0.0,-0.0,0.0,-0.03243649155117732,-0.0,-1.4841556255493582,10.769004683331502,-1.4984663248133168,11.949487571726488,-1.4082215116589671,11.068849395411759,-1.24300750523322,10.310970270060169
-5 2 2,-0.0,0.0,-0.0,0.0,-0.02217233919179496,24.257618667223454,-0.0,0.0,-0.17546483801594057,20.687333432835125,-0.29737895430928174,18.10951712514474,-0.04799206262139235,23.632919565813555,-0.09520332101131647,22.514284012130823,-0.06083242168281465,1.839867464791046,-0.8258293174943635,9.805334026419013,-0.1509740744487816,-1.5252524920916648,-0.14644773264084332,3.4385941079186595,-0.28360955489939943,6.755233579855051,-0.3346065239948903,11.500295155164684,-0.31656288088053464,15.627495806761813,-0.5073812711952581,17.18740562104523,-0.5961805608836942,23.219267399511992,-0.626535939557385,12.481517062993573,-0.45624103545878764,15.142885902525387,-0.7645539605218925,10.682831665380128,-0.7927890642725559,9.532471829905184,-0.7534898045651426,21.76370023637974,-0.10106925417778977,0.0,-0.16424067942139725,3.1961135856801497,-0.0,0.0,-0.2719392085317298,6.23642875888728,-0.0,19.194745416818524,-0.40057353353500497,7.683190732059603,-0.0,0.0,-0.542039202984305,7.8466399978354,-0.0,0.0,-0.6890992301934905,7.616085534344932,-0.0,0.0,-0.00020998566561435892,-0.0,-0.0,-0.0,-0.6358448506249299,9.019526032704615,-0.38052556726909564,12.94396775409186,-0.7516491758772148,7.903501971042468,-0.7701510736169715,8.001593571827119
-5 2 3,-0.46776577855631607,0.0,-0.0,0.0,0.281818280883154,61.487380338296326,-0.0,0.0,0.3181604109635698,60.48353882536972,0.35811096054700964,59.484762707287665,0.2868873331658725,61.33435100322671,0.2972403282759748,61.03878125185878,-0.22443020355682153,2.1188059345239934,0.5470805710549249,47.37095042301686,-0.21064267962386315,-1.5350542902143491,-0.4053046501239064,3.9179417743398686,-0.5373227143129388,10.818187507241666,-0.5432121492202472,16.680021271110345,-0.41400468968693577,22.998774863853395,-0.32747952679172276,30.58245094932015,-0.18756531031199372,43.948885462740485,0.5069945285017535,55.207123290023425,0.42416027974336273,57.79930393445576,0.5668936653123889,51.6775467805231,0.4127280121118631,42.27993510822166,-0.06314042931837857,48.578043556294006,-0.3479784408604488,1.8020988569899996,-0.368852319174942,8.207008814104666,0.0,0.0,-0.2985278460266765,16.29987012104961,0.0,5.647185268357559,-0.13172160870994412,24.654867075422626,0.0,7.790625146354087,0.0,32.15256940000635,0.0,21.43084637762004,0.192354673407232,38.76631537379474,0.0,34.90943995188614,0.0,28.72418924958681,-0.0,54.93322838866492,0.5392934790759443,52.397865422604845,0.44569210909957924,55.27812732619756,0.5448652362439779,48.442980999991676,0.4267016591016515,43.52807247368538
-5 2 4,-0.5595028370487878,0.0,-0.0,0.0,0.4746035982817015,-8.388563398907808,0.0,0.0,0.4616460764694879,-7.240251156540122,0.44286701092000186,-6.1715976068364045,0.4732030854748424,-8.207765266884774,0.46984194182782896,-7.864728366236434,-0.3281277704231288,-0.07643134408281277,0.19555784015916364,4.821557101594806,-0.31726392463335124,-2.819785712027815,-0.45752475693790756,4.026641428241705,-0.4417088055482819,12.031677796394389,-0.3298527859487693,16.055317631153486,-0.14984107123275425,21.081264747527893,-0.011177804254805057,25.89173371207871,-0.026246619431632087,24.562014055784122,0.34936548423966496,-2.062196904906244,0.40621306781230954,-4.484650886812556,0.27801837624706077,1.08531782677705,0.09864443942394543,8.849220621060132,-0.022571525559284777,22.191490826299322,-0.3677691689917948,0.5429744347649552,-0.33579799020569057,6.000774324002343,0.0,-0.0,-0.24045254238365182,11.358176864277134,0.0,0.0,-0.09333692594503701,13.369695675084577,0.0,-0.0,-0.0,11.134377431045879,-0.0,-0.0,0.0,6.899432815151939,0.0,-0.0,0.0,0.0,-0.0,-0.0,0.2881790294027045,-0.0,0.3384331645805312,-0.0,0.19780018453639858,0.0,0.08246876051602504,2.1186251341122144
-5 2 5,-0.0,0.0,-0.0,0.0,-0.45431166435887743,32.93345367702513,-0.0,0.0,-0.4772447933973069,29.98478339708999,-0.4886807857293284,28.09231731412601,-0.4587661299296123,32.39372429831693,-0.4663160163104496,31.451195365569607,-0.0679354983561798,1.1273351623037435,-0.4046759485030761,20.994518753273585,-0.11835759016556256,-0.4951489239196587,-0.08478631888907386,4.324236240685247,-0.32996697963967675,7.157288001560281,-0.3448647127346202,7.820542079772297,-0.2503661541535399,9.097359456057168,-0.17641488926131346,13.253506489019777,-0.22530722246431728,14.654958010914772,-0.47948366507943196,24.655719240175564,-0.4926153526418106,26.19861605869607,-0.4472316666345159,23.148748534847517,-0.36231993961418246,18.012968210487013,-0.1678184309117933,17.15950238275241,-0.05546357583170539,0.0,-0.12288728753658393,2.1437228443597958,-0.0,0.0,-0.16221520755447316,4.828111764122356,-0.0,0.0,-0.18221967578738843,7.570165547366831,-0.0,0.0,-0.18538869838100805,10.745362446258401,-0.0,0.0,-0.22242655553875137,14.30862668118267,0.0,0.0,0.0,0.0,-0.0,0.0,-0.32538553319527824,20.62737993845834,-0.31910765109335626,26.32759444619411,-0.3258907132511151,20.800944568439636,-0.29438986550461904,17.96524599217957
-5 2 6,0.0,0.0,0.0,0.0,-0.5082218293723256,25.790917125115847,-0.0,0.0,-0.5071559938393705,24.968259695880292,-0.496051392708355,24.311686475663823,-0.5089020096894736,25.65199669152483,-0.5092902934634702,25.39847996335225,0.005160698859283398,5.707208664594536,-0.18341749062800874,18.902065900026678,-0.03779402610517716,1.5605999977547484,-0.004544603185689625,10.872426000795883,-0.19079087863224314,13.252336151113214,-0.16809305105684674,14.546654415639606,-0.10305876994173917,14.244771422875214,-0.09480022603207496,14.425148520011613,-0.06579794349617868,14.912500446568039,-0.3968361279441753,22.301980235617613,-0.4636486574516793,23.42222106607729,-0.2956384535606024,20.85326646885386,-0.095946247802966,16.530980866158732,0.05387975265333358,15.6809979385906,-0.0,6.3522786597555845,-0.0,8.744121053500107,-0.0,-0.0,-0.0,10.065764861282524,-0.0,-0.0,-0.0,11.363808426334932,-0.0,-0.0,-0.0,12.400951868838215,-0.0,-0.0,-0.0,13.683478071010311,-0.0,-0.0,-0.0,-0.0,-0.0,-0.0,-0.2189249294683113,17.07041143341583,-0.2929265287738798,17.670802099418797,-0.13131856390368912,17.41094569331983,-0.007382654674338332,15.176054921028713
-5 3 1,0.0,0.0,0.0,0.0,1.651561365509209,7.351960831947128,0.0,0.0,1.5978341115572716,8.716752910542327,1.5399268778255744,9.621421048240705,1.6438070490736052,7.598679283810526,1.6283324784731972,8.032541427501867,0.02356802224363606,0.5645852317553445,0.8930058837802692,11.671568651991414,0.021521190075626116,0.1513207975803072,0.019171499531321586,1.2808260244323653,0.04526604135964326,3.9297200278181137,0.17064101884493343,7.530283511384144,0.3254756740655492,9.739683972815177,0.5493616480000959,11.926497488513798,0.6498161565692967,13.062827233954629,1.2855146685596721,11.262492747208677,1.4387787622119639,10.553139176312168,1.0930654550169998,11.638176539371845,0.7098891034653128,11.314684185987876,0.6478093323567738,11.838103649145769,0.0,0.0,0.0,0.26921125223966663,0.0,0.0,0.10734664172024931,2.707427206156241,0.0,0.0,0.2542164461645182,4.886011679713866,0.0,-0.0,0.40889209400377374,6.181643326965484,0.0,-0.0,0.5744456626098012,7.095389123435733,0.0,-0.0,0.0,-0.0,1.0734844180639447,0.0,1.072797080250466,6.3945194698106755,1.2555473041623555,5.429952612411129,0.9573836236168153,7.2123788203808035,0.7645028314168356,7.475345123927111
-5 3 2,-0.0,0.0,-0.0,0.0,0.7663446443243751,-2.641748561079058,-0.0,0.0,0.756082475767258,-2.448391802205111,0.7447706538830969,-2.4288053888982786,0.7648843550080046,-2.5968521472639337,0.761945824750795,-2.5273357115342097,-0.10249373170658284,0.2531069578971596,0.5782813855044479,-3.058158551276031,-0.061564277689194265,0.1297892830116664,-0.1648119269303849,0.5159233976597006,-0.2226953472391434,2.1655571630924406,-0.11949483442413462,4.402432274830777,0.028409771333259275,5.134990218314148,0.22341051742235896,5.78947398360949,0.28596302578702765,4.953434673842114,0.6924409881309942,-2.9609887255718452,0.7245739170975465,-2.5890918537031853,0.6458708715477552,-3.2794635065272133,0.4773083664441324,-2.022234827553249,0.3293735578776559,0.7797312287229774,-0.028778466316115938,0.0,-0.00576398810735064,0.0,-0.0,-0.0,-0.0,0.0,0.0,0.0,0.0,0.0,0.0,-0.0,0.13622311014420194,0.0,0.0,-0.0,0.32532388273705265,-0.0,0.44887872479551666,-0.0,1.5029622242086478,-0.0,3.7689359457638014,-0.0,0.632710403447274,-0.0,0.6750541975541492,-0.0,0.5799159029165922,-0.0,0.48119289448358743,-0.0
-5 3 3,-0.0,0.0,-0.0,0.0,0.7393412151340375,4.139553857468537,-0.0,0.0,0.6832974706399816,5.356103830506655,0.6279643985735579,6.348469370395285,0.730836016208581,4.342770955439041,0.7143441278578716,4.71591932042376,-0.12776207123380598,0.1301940755243458,0.10121054701865882,11.679849091836624,-0.08683039226146577,-0.014753047234443784,-0.2359868831628473,0.7193473658019657,-0.4740062207099062,2.0875027841079308,-0.48282610593896963,3.7006895098514287,-0.41259588979273276,5.889196561804764,-0.30176885309862816,10.677552390797874,-0.3173711670220312,14.036769038205952,0.4111625382017578,9.286335867957142,0.5381382132976761,7.700640939209639,0.2590041263528307,10.789524838716925,-0.04793204064879109,11.439382835324786,-0.28643175516865654,13.834672246945726,-0.1944724940696091,0.0,-0.27817510573157606,0.0,0.0,0.0,-0.3148232948992451,0.0,0.0,0.0,-0.29168050667922285,2.254651933583386,0.0,0.0,-0.16929876035906596,4.747286898718568,0.0,0.0,-0.0018127683771437628,6.395187473941749,0.0,0.0,0.0,-0.0,0.0,-0.0,0.25602847523611155,3.9750277025983713,0.42075749970328574,3.123421475433396,0.09198228611687963,7.0971670596222305,0.0,7.515349012365031
-5 3 4,-0.0,0.0,-0.0,0.0,0.5701900666840486,-3.078965511616322,-0.0,-0.0,0.5844642867866487,-3.014395024732136,0.5897994494144316,-2.7716738838218182,0.5730995007528586,-3.0853094877152776,0.5779160534813624,-3.079422287190033,0.0666065889634329,-1.5065873543294124,0.4169332270988576,1.3662825157590581,0.0042866736365345486,-1.0136070551873486,0.07155960997762523,-1.6858285083639244,-0.15031675290612145,-2.315906908779133,-0.13029167180286993,-1.9673619182794335,-0.021183185592902685,-0.21417326519270083,0.10185718372835859,4.083949635851203,0.06761294890492886,6.219056037029023,0.5618260368720563,-1.1130291270250332,0.5860994456296538,-2.1686426049900267,0.5067090485509406,0.2002996386014654,0.3004919503137065,2.0344785739133346,0.07022499479032775,6.6821497821726705,-0.0,-0.0,-0.0,-0.0,-0.0,-0.0,-0.0,-0.0,-0.0,-0.0,0.0,0.0,-0.0,-0.0,0.0005982215072599639,0.0,0.0,-0.0,0.13444975512194957,0.0,0.0,-0.0,-0.0,-0.0,0.0,-0.0,0.45885364328334455,-0.0,0.4909563950311895,-0.0,0.4030984797469008,-0.0,0.28929665325580745,0.0
-5 3 5,0.0,-0.0,0.0,-0.0,-0.346253074904913,-6.569771744857959,-0.0,-0.0,-0.3404040595074499,-8.688988006697775,-0.33335038235896175,-10.21407274198664,-0.3454375336207636,-6.9416908519532665,-0.3437868754738244,-7.60640067178369,0.20120955666147405,-3.795120082806397,-0.17168671108893593,-15.732311407857184,0.05352926886763436,-2.2799978657776516,0.3203183358661593,-5.5596517214992955,0.18410048140501525,-8.093498658541504,0.16194501344668966,-10.765859266001229,0.15014751990052372,-12.481144532104725,0.11142219059806854,-14.288577758385571,0.03780909386482783,-16.462159575525114,-0.2896188480110277,-13.665545255151967,-0.31861871492439264,-11.98693744356818,-0.24031276454219908,-14.978493437104392,-0.09265328377011059,-15.69040374849712,0.06100978603313641,-16.650712066665914,0.089824925331809,-2.2042305694964446,0.08437231616565827,-4.6567625788027485,-0.0,-0.0,0.04928485248356212,-7.213484906284863,-0.0,-0.0,0.0007824582814182543,-9.74482224178078,-0.0,-0.0,0.0,-12.062084688561319,-0.0,-0.0,0.0,-13.863896957343506,-0.0,-0.0,-0.0,-0.0,-0.0,-0.0,-0.15211054257810736,-13.341681356788678,-0.2168688540744937,-11.486444153734038,-0.06268357553322641,-14.774006006657913,-0.0,-14.964712509622032
-5 3 6,0.0,-0.0,0.0,-0.0,0.22437646269868972,-2.4832491186760666,0.0,-0.0,0.2509657072486281,-3.970244210179726,0.2766068465647679,-5.001338996555716,0.22849219254265316,-2.7471462132899975,0.23637445888062697,-3.216102944256014,0.1974268346434917,-1.5517103174974298,0.5068620471058165,-7.442975174772912,0.05630632298046149,-1.1121747014302854,0.3337687287261675,-2.0943070580692478,0.303405715177336,-3.2186517687013616,0.3350037948869803,-4.679207384136342,0.36098391659160345,-5.772396257304244,0.39510300095297046,-7.34454401397329,0.45178611343126557,-8.374832796259557,0.3787645500382052,-6.986154922024545,0.31837409233330255,-6.113814632912891,0.44978863942467207,-7.415207586050024,0.5204041912917268,-7.199779351824586,0.5559560324180132,-8.12440438708524,0.15168276639167022,-0.0,0.20245689435193798,-0.0,0.0,-0.0,0.25503828314559535,-0.3545830088718147,0.0,-0.0,0.32998648716875595,-1.537653374445192,0.0,-0.0,0.4197324926427912,-2.5714182674689208,0.0,-0.0,0.4714958044338475,-3.52775671385412,0.0,-0.0,0.0,-0.0,0.0,-0.0,0.2790621842732136,-4.235436318573598,0.13176548589615525,-3.836694578036634,0.4029267494304159,-4.827178589845165,0.456506140907793,-4.494131995101117
-4 1 1,0.0,-0.0,0.0,-0.0,1.709230724431396,28.245359727523553,0.0,-0.0,1.7537040198832483,27.515379128066744,1.7553488258014787,26.217923227171767,1.719646968449442,28.18385198167802,1.735752518368522,28.00983099689589,0.07603497148664941,-1.715630180126527,1.0020084463868528,3.0985674025750023,0.03072597137677556,-1.5691965931204372,0.084271364769717,-2.854643899948814,0.01173599288347192,-5.708511726159148,-0.05991547486187297,-9.120988140609981,-0.13084124292845903,-11.120066260002769,-0.17518923987549434,-14.385236351494477,0.02219029340838037,-17.202817146913784,1.5550672762236837,18.164279659675763,1.702451220538679,23.32553272733498,1.308735536498657,10.969381604713732,0.6845179126251473,-3.6954581382310954,0.25408480860214405,-19.494558385692297,0.0,-0.018158671645399985,0.0,-2.343107850985959,0.0,0.0,0.0,-4.89741009897618,0.0,0.0,0.0,-6.4761392406628095,0.0,0.0,0.15103805810828363,-5.9984550521528135,0.0,0.0,0.42864846106167037,-2.424861615673663,0.0,0.0,0.0,0.0,2.0093104774381922,67.43402332559451,1.4579521304416643,13.509533574461699,1.7233477752669735,21.52373981340485,1.1373138003060954,4.229866609066287,0.7740998917676594,0.0
-4 1 2,0.0,-0.0,0.0,-0.0,0.2752607312854824,-31.76252040256216,0.0,-0.0,0.21287020967560727,-33.15937157356106,0.16391423931676272,-33.990327438966354,0.26468949601757247,-32.02340270710567,0.24542403929290318,-32.474301354837515,-0.02583277999137478,-3.539472871576344,-0.06537682109610951,-33.16136962914344,-0.012324671352261233,-2.9972097592841354,-0.08013472501757127,-5.92529491099265,-0.053604893251935466,-9.449859920085146,-0.063842246241994,-13.440262982391841,-0.16088508068806143,-18.000868137507297,-0.3126926474712431,-25.44248969491697,-0.25426115095792184,-25.70355189319363,0.03339811484996306,-34.84159624348314,0.10090144638416045,-34.668063460429956,-0.025147783328414167,-34.35993081024184,-0.09046232763142854,-31.00475134346556,-0.26725664154832224,-27.991968343002423,-0.0,-3.4539808220518595,-0.0,-7.850348985004412,-0.0,-0.0,-0.0,-13.560255267738397,-0.0,-0.0,-0.018267532222020065,-19.469845081674343,-0.0,-0.0,-0.019036045415152147,-25.332662197392274,-0.0,-0.0,-0.01344990568591054,-29.471275967199887,-0.0,-0.0,-0.13404549424274662,-0.0,-0.0,-0.0,-0.00570581803513339,-31.163186524818425,-0.0,-34.443839054726396,-0.0,-31.701210576446908,-0.01399373387760524,-31.22606572021198
-4 1 3,0.0,0.0,-0.0,-0.0,-0.6606336553040331,7.2525271127179565,-0.0,-0.0,-0.6191712219009258,5.75713451854026,-0.580203023231769,4.830530563301282,-0.6541798422118046,6.976629320547289,-0.6418430576070776,6.496646035993766,0.11628143722433609,0.7174975399240251,-0.24672851772438004,4.047092478270799,0.10857268417561507,-0.11505670029596372,0.1628362280767647,1.6233153559811009,0.2401381367651922,4.139079557374612,0.3034136533103535,8.207338304939224,0.274549934034234,10.762172342723591,0.10033368745141064,9.755053002971632,-0.008350157803309534,14.02946189381382,-0.4389189037632011,3.583361476922033,-0.5198677861377294,3.998481651039545,-0.34562277971193567,3.644401878850386,-0.1390081162842273,4.754475776932738,-0.33543330399354293,13.322407374617493,0.041109535842823244,0.0,0.08671183109825946,0.0,-0.0,-0.0,0.08378350483406387,1.9594117570540854,-0.0,-0.0,0.02960322854938263,3.2024195962620765,-0.0,-0.0,0.0,2.8383187376436103,-0.0,-0.0,-0.002949078523745221,0.7889113815455557,-0.0,-0.0,-0.0,0.0,-0.0,-0.0,-0.3786920166046124,0.0,-0.4004869598893614,0.6276546718471459,-0.2660891061013382,0.0,-0.13512128791887043,0.0
-4 1 4,-0.5890669808104305,-0.0,-0.4307445679181276,-0.0,-1.022248781304022,-19.279872271799693,-0.0,0.0,-0.938287913872155,-17.37119269832781,-0.8792941844810704,-15.912802499450352,-1.0073472605865281,-18.951943725895575,-0.9808869736359354,-18.359175462784513,-0.3644728534987193,-8.84652828040066,-0.5905630433271526,-8.775554861276325,-0.2962919219975883,-7.862346365992366,-0.44783160218260104,-9.514247444139103,-0.3327745721670051,-5.694367224736622,-0.2680024391497961,-5.356016330920234,-0.2149107156563578,-4.388773860953574,-0.2608664353639212,-5.564570137711681,-0.257114035748387,-5.019351360925748,-0.7426667476507597,-12.036996193551152,-0.8113472697153407,-14.059548280779966,-0.6711272354299047,-10.164626940396122,-0.5033322939879683,-7.90908290295435,-0.47341243960746404,-6.36203855747575,-0.35637481782084063,-6.143396961772635,-0.32258652216948586,-4.547681611702645,0.0,0.0,-0.2939860883441717,-3.4485940864746216,-0.0,0.0,-0.2982294479345389,-3.5689333566518,-0.0,0.0,-0.36409996600219086,-4.506651414980497,-0.7488738110164563,-0.0,-0.45772716373650174,-4.66889819916722,-0.01653120741657272,-0.0,-2.52866860202469,-0.0,-3.3437037334665627,0.0,-0.6264614235432138,-7.3947088922202635,-0.6618746283519755,-6.151050969627578,-0.5907074208357908,-5.721535565240569,-0.5392604583497428,-4.123235338379302
-4 1 5,-0.0,0.0,0.0,0.0,1.8757236994335038,18.358334494250375,0.0,0.0,1.941671044184968,21.1722760616195,1.975126859159531,23.35942821350639,1.8884188435982594,18.83674881026854,1.9100531076136158,19.707028944661985,-0.31411391755057255,-4.1680193076113845,1.5277388543394212,30.870565632614657,-0.3037575147131309,-4.936953417992516,-0.2537340845622249,-0.17816060139467546,-0.16318219079699714,8.35449505780828,-0.1553133539102375,12.449304764583127,-0.03893598160254075,17.159252840255675,0.2392757531922433,24.016660300559067,0.4805556771278153,23.949283419142596,1.9325401149855908,28.916413972379797,1.9850525985359724,26.123822463302172,1.78404809928959,30.81935072028045,1.179026636811356,28.699966956354213,0.6818874066010921,25.11357569536333,-0.18314582689930128,0.0,-0.07949233578616141,2.1503803168201507,0.898671970998034,0.0,-0.0,9.202427919949166,1.9169964583641037,0.0,0.14638885638428045,15.619297779563086,2.2655182168906256,0.0,0.5469930446473377,21.35406930867763,3.4401477043215523,-0.0,1.0078130205671672,26.90637874312278,2.984004747912397,-0.0,3.8532367780294736,0.0,3.3736482787978943,17.908388046002617,1.9870870300483732,30.867718420633228,1.9923392643094446,27.496718789193398,1.773559060509649,31.057802938170955,1.4438683475561254,30.487217960930572
-4 1 6,-0.0,-0.0,0.0,-0.0,0.3676196669144903,-18.595111163159988,0.0,-0.0,0.532216205637887,-21.6391293892337,0.6518041608369055,-23.778607292591033,0.39627984781448,-19.131756429718614,0.4477569067141579,-20.089107835859423,-0.36082058909448783,-6.546340367561111,0.849260334041825,-26.332133277101164,-0.35718576522386086,-6.7140711650836815,-0.38085230640237844,-7.0428793171596435,-0.23137492111186775,-3.539128620207788,-0.17487267990319444,-4.0003701059246355,-0.10188953723621291,-5.13843914038055,0.08056654844274493,-6.284084897329608,0.21178694645836937,-12.575588683124094,0.8958143650784504,-27.75900991023883,0.7874260602236557,-26.090467918777104,0.926898923959182,-27.973669526642965,0.6648197017960596,-22.904570970031685,0.33344430033100264,-18.93536146222666,-0.2808608451588818,-3.4195473159765934,-0.21560161533907057,-3.295413804292928,0.0,-0.0,-0.08041847172922184,-4.845832993978515,0.0,-0.0,0.0,-8.489423360887335,-0.0,-0.0,0.19284240129127309,-14.156002537834791,-0.0,-0.0,0.4943925431377565,-19.71116385559927,-0.0,-0.0,-0.0,-0.0,-0.0,0.0,0.900690581618477,-25.51124735547154,0.6770152139750509,-23.13247953784249,0.9268323783180723,-26.331576909527563,0.7622752728810143,-23.73651423159318
-4 2 1,1.1505921595246857,-0.0,4.626485077569266,-0.0,2.0734660940117386,11.1751088521732,5.925550365602446,-0.0,2.1231254752940694,9.019980570445773,2.176260283450748,7.333691855870694,2.0805666593353696,10.80755020408016,2.0948420820986406,10.140657728218331,0.18124842091392804,-1.911701693414222,2.422694812495664,-4.733230974349766,0.10749146307178309,-0.5992457341208299,0.34590922341083263,-5.637334033821393,0.5786825489953763,-10.687280105859008,0.7437499286324439,-14.300573103329471,0.8891805961944917,-17.548906828624297,1.079167205424644,-20.76185501375838,1.3596048834638532,-16.805071103183185,2.3757011821902676,2.325636417708988,2.2639085612736096,5.085967698809659,2.4579706442812714,-0.9685068014823971,2.203705113385893,-8.52432647943435,1.6603546585743256,-13.645508650703112,0.31840879187973614,-2.4128921584313776,0.5418820774415218,-6.281907796923969,6.098261933838858,-0.0,0.8353097426815869,-10.214788230956968,6.03033585587831,-0.0,1.2262917314566364,-12.203162072955168,5.386103829634113,-0.0,1.715585598067981,-11.488776778796465,5.143935765231587,0.0,2.19894568083174,-8.58749963582148,2.966727172872415,0.0,1.978429025575011,0.0,3.8479828857424128,0.0,2.479882860157197,-0.0,2.3710793374783754,-0.0,2.5798535309904063,-0.5786401281704375,2.494462016460482,-5.112504917378814
-4 2 2,-0.0,-0.0,-0.0,-0.0,0.3497223898520815,71.07344022673387,-0.0,0.0,0.32164215945167024,67.30089076723554,0.3123590482748001,64.17197620438067,0.3437731449487528,70.44688862171007,0.3341451777210728,69.29292334970968,0.07656252400252798,-2.5550572151486293,0.33474641644787634,38.96796072109443,0.04595805207322613,-2.1307485809932367,0.044796828784690504,-5.525635499869552,-0.10742947954013048,-8.40885020293553,-0.21078991568223956,-6.395265654775224,-0.24077899097618552,-2.396001534515447,-0.295944609123526,0.5287719155887902,-0.2708420762056803,10.404990285533149,0.3406662668732975,54.14073920268787,0.31763481053019554,59.77170654829191,0.35894186745019874,47.27722834684279,0.2513734684187038,29.118614456305494,-0.22113668591556174,18.986946442694595,-0.0,-1.385507406257004,-0.0,-0.9256141762660678,0.0,5.886092726946292,-0.0,-0.0,0.0,67.69703266110645,-0.0,0.019876958068296716,0.0,103.02046844155694,0.0,11.420544057603973,0.0,107.02938245213234,0.05906853394556384,24.527978122702063,-0.0,113.96274832420706,-0.0,103.06697675586757,-0.0,172.03235092490098,0.17378154707012902,52.46857604953145,0.22745917400973598,56.38967274297237,0.23266845360207775,45.344648963209565,0.19018356470065553,36.10405467462098
-4 2 3,-0.0,0.0,-0.0,0.0,-0.7397440145325875,81.23226708308114,-0.0,29.42470844364661,-0.614792912038737,78.08053748580019,-0.5173719701332341,75.45347490858006,-0.7184849483142959,80.70985913580836,-0.679839629117195,79.7466830504496,-0.10627155459399536,2.433429634213944,-0.06664667682932537,54.38782852275305,-0.08582323455711693,0.03612793097034474,-0.19441512981385212,6.276928214895135,-0.28470194387857967,12.660799643266843,-0.2964026265259663,18.548922511767962,-0.3094287620692165,25.54006876773017,-0.43880905068251874,29.14989106565147,-0.4220631150255012,37.13706236647306,-0.2556999796006136,66.96827004537816,-0.39186993424299177,71.73818528707903,-0.13686347239210342,61.2091679589583,-0.05975362276018983,46.34633747612884,-0.46003222759648726,41.14544425707812,-0.1195860712445867,4.206602599704295,-0.15098147064562403,10.622076571401502,-0.0,51.42174337666618,-0.1795601355318889,17.96773581616691,0.0,42.66439726504849,-0.1402309883678957,25.471834103673576,-0.0,18.595698980047917,-0.06552775545831878,33.921942624027245,-0.0,2.1222136818607753,-0.0,44.510363534261224,-0.0,2.4036238304160853,-0.0,28.787018213496115,-0.0,24.142708953337696,-0.19790424425084255,67.15210449837637,-0.4119534069059841,70.01535808262841,-0.0,62.63534508846011,-0.0,54.796498914886556
-4 2 4,-0.0,-0.0,-0.0,-0.0,-0.6355001968180821,31.68246555730165,-0.0,0.0,-0.5582817611837835,28.16183834606433,-0.49344992821456424,25.2868169706236,-0.6228111146323294,31.094883665596857,-0.5992839494034531,30.01534080526271,-0.12790196495081813,-13.268121026246707,-0.14462752545271199,6.947407678177899,-0.14462861002254232,-9.32585977829764,-0.12686660988867338,-15.70998497913229,-0.30439887596098825,-12.427008792337778,-0.44221693641619636,-13.829913108766226,-0.4285238177566123,-9.37592709572779,-0.42195857799140996,-2.9937013280235454,-0.4522219092212822,1.2782506100861675,-0.3009110137992727,16.679053283535048,-0.4040526593883332,21.363048990727506,-0.20636984085907098,11.725189879527655,-0.1302789478554064,2.5622552059488646,-0.4939700207758805,5.513268614829751,-0.13722868728899773,-11.905675475716965,-0.14970567707943355,-10.960589696475608,0.0,0.0,-0.14450513267729972,-8.370617718765528,0.0,0.0,-0.11772341193185105,-5.290461065612182,0.0,0.0,-0.06148405660675716,-1.8295229827118882,0.0,-0.0,-0.0028610287256948413,-0.0,0.0,-0.0,0.0,22.457913672101423,-0.0,62.919388858553795,-0.09286978717379835,11.055033889984276,-0.08561190300149675,18.579757059865184,-0.056175897494129275,4.850431976427502,-0.0,0.3176790361311898
-4 2 5,-0.0,-2.7159519642004972,-0.0,-0.0,-0.41100275141683756,34.90601057942599,0.0,-0.0,-0.40046794148688414,29.386180620291917,-0.3816662715150345,24.729445140627345,-0.4101239740696872,33.99931622792084,-0.4076193724338009,32.31828206422718,-0.18880224491231512,-13.089829546729007,-0.06353995452450416,-3.4878788087759136,-0.2674822015582711,-9.61092841179277,-0.14037445198261067,-15.322907709546822,-0.04329325021241604,-8.0523471076426,-0.03485474583179266,-10.294711418799915,0.0036075761651903327,-10.405826092082442,0.0331653074579013,-7.203920434617334,-0.011024416014233656,-8.779538186627594,-0.2658982738123353,10.410875191794828,-0.33983482461231757,18.21277242030799,-0.16565626226129243,2.671261773916274,0.010296191847583175,-7.319046836154733,0.029105463512894062,-10.571885151307688,-0.07902026458922047,-11.361261073434482,-0.0,-10.946551620648371,0.0,-0.0,-0.0,-10.61915021590697,0.0,-0.0,0.0,-9.887678285664293,-0.0,-0.0,0.0,-9.312129203254397,-0.0,-0.0,0.0,-7.5309168126095445,-0.0,0.0,-0.0,0.0,-0.6053789254183585,0.7755583097769511,-0.09244535841169428,1.2411647580889,-0.10407654612796155,7.617091347010639,-0.0,-0.0,0.0,-3.8196379927195347
-4 2 6,-0.0,-0.0,0.0,-0.0,0.14576396031919264,-48.89907868300859,-0.0,-20.74514657169053,0.17302888029864194,-48.85949556607806,0.18243216864155457,-48.6028183354575,0.1514735056230065,-48.91012272259013,0.16077541450910338,-48.91302560072004,-0.05566043791568559,-8.863845257166188,0.04342051525648129,-38.045110143366436,-0.1445050610413804,-6.318679563339261,-0.015861083734019402,-11.225858535225049,-0.07418597397967798,-10.142709646485526,-0.12512394957910633,-13.536479453921178,-0.1173885727262217,-16.10334480709334,-0.11874615930633309,-16.41711094052341,-0.16187860107770985,-17.944345731167243,0.14633434976459256,-46.02699726176065,0.1767654669754767,-47.8210502947718,0.09659030822894965,-42.78419316414317,-0.003020188175105536,-32.29586945191728,-0.19967675531694634,-19.93933009429846,-0.0,-8.15722598091582,-0.0,-11.122880702641856,-0.0,-24.302270094790845,-0.0,-15.151752160042111,-0.0,-39.026199688060125,-0.0,-19.287572317196425,0.0,-31.235553630141336,-0.0,-24.499932266606102,0.0,-4.324255139707258,-0.0,-29.816569972511445,0.0,-0.0,0.0,-0.0,0.0,-0.0,0.0,-45.38369266266383,0.08104894975294784,-49.013255149400436,0.0,-39.64857929108468,0.0,-34.7022631607875
-4 3 1,0.0,0.0,0.0,0.0,0.2302935409339134,0.0740715828219572,0.0,0.0,0.252489395843711,1.1746541793359877,0.27287951282314504,2.573360529447865,0.23381307073614294,0.2127451320230938,0.2404628776212198,0.5135954873620168,0.004152644665178926,0.07355174213141948,0.4215006063173291,15.711815930031387,-0.03716613192255383,-0.48195412092452966,0.11609237749777009,1.4918502315768507,0.2795163384268665,4.473382297072593,0.37598936544336947,8.935136634350526,0.4266881776326963,11.851991265360471,0.3481550883314284,12.376587145443253,0.20442470435352222,14.221051091247325,0.34733464754196025,9.072036012214244,0.3045096222720386,5.185581232994773,0.39266014363599894,13.192737966429398,0.41762349677421895,15.51243384526271,0.09364576779717455,14.162811472057468,0.008230296998912714,0.0,0.11432659926748119,0.6663694329774333,0.0,0.0,0.19258455687781476,3.0704766858854957,0.0,0.0,0.2561173488778335,5.672141689570015,0.0,0.0,0.30686802012754105,8.76494961152772,0.0,0.0,0.3540271002625092,11.674100818028455,0.0,0.0,0.0,-0.0,0.0,-0.0,0.3484712024737767,7.177499290258164,0.3171140599593767,1.5272810159905479,0.38697457600305746,11.407557814447406,0.38413418976297115,12.87159716442158
-4 3 2,-0.0,-0.0,-0.062226306441690714,0.0,-1.1684970224105038,20.84244761039233,-0.5227791841468802,0.0,-1.1960419921585097,18.749738515867378,-1.2167744801873017,17.09704015395785,-1.1732056447165722,20.48824050400425,-1.1817544831249693,19.84250624208515,-0.21994394605329265,-0.9591277551252675,-1.141265585838683,8.265057437895729,-0.18203388593967235,-0.9339870541074137,-0.322307521296143,0.16563838118849758,-0.3201745506918974,1.2166044754969898,-0.21472804769422624,4.8232828132755685,-0.09572569789887218,9.018138181243053,-0.21197948058624155,9.874255578206988,-0.3774355408799984,10.052630102639275,-1.25366511532581,12.499419143152283,-1.2402176855762974,14.931055100085603,-1.2317374708526112,10.170427494896552,-0.9651742583718723,6.83082190147852,-0.6414420272320291,8.675143810296053,-0.1824180448355489,0.0,-0.19228818577475207,0.0,-0.5553996878045613,0.0,-0.2429555024579604,0.0,-1.3316480074986548,0.0,-0.3533524198081334,0.0,-0.5758068674535741,0.0,-0.5545253275230979,1.5212444442126531,-0.0,0.0,-0.8085102241973706,3.1750847017175854,-0.0,0.0,0.0,0.0,-0.0,0.0,-1.2376931372870525,10.512582192330889,-1.2485129056559157,14.448093119288476,-1.163455936915433,6.267211809671109,-1.0260352312902603,4.829667481908612
-4 3 3,-0.0,-0.0,-0.017983959602559704,-0.0,-0.3142995111600311,-31.485009026350536,-0.0,-0.0,-0.30282075183692747,-30.4993230851978,-0.29417242795695836,-29.671030627617746,-0.3122970737158219,-31.322317274276557,-0.30871312120036504,-31.021627662453728,-0.20914627479178013,-3.5455410253370547,-0.23680361448594803,-23.444493982230956,-0.21089227053726106,-1.4705719928404204,-0.33315981213898493,-4.940422893473207,-0.4105388545162458,-8.516396378698763,-0.38373965737516114,-13.24752495997322,-0.3012575222630212,-14.396206273811998,-0.39032964466673525,-16.677651669904897,-0.48302985721245933,-20.460297003746042,-0.26784730096399667,-26.99991748647943,-0.28265455717574495,-28.49497656430915,-0.2505030590093522,-25.279393517101017,-0.23638093187175815,-21.49788164284503,-0.5935127005515423,-23.379777250041766,-0.27103824427911394,-2.1493414148328998,-0.2812811896940463,-5.165576866147827,-0.0,-0.0,-0.2703089875616795,-8.835451358821576,0.0,-0.0,-0.24692572975401475,-13.36481794689296,0.0,-0.0,-0.20924573286309964,-17.386607206906973,0.0,-0.0,-0.1726966721170384,-20.03090725827182,0.0,-0.0,0.0,0.0,0.0,-0.0,-0.1897540366021468,-25.01677961000426,-0.060335922789017865,-25.859003652453275,-0.15051321043467022,-24.066119248140613,-0.161912253702352,-21.771731988835594
-4 3 4,-0.0,-0.0,-0.0,-40.48657732196142,-2.0854894555318797,-46.72564735567101,-0.0,-35.52431449315868,-1.939048322632872,-47.53348778529804,-1.829681483795231,-47.9924968761733,-2.060095387832831,-46.87663923529423,-2.014425047409235,-47.13801120100227,-0.026111618866499414,-7.919924252665171,-1.1588421955074724,-43.687374189902336,-0.12324449659442838,-4.390312117235198,-0.0040864250986546264,-10.790968420463196,-0.13359129391205382,-14.939081039290706,-0.16758399364794274,-21.808278234242064,-0.1768049737421099,-24.971040921727454,-0.2620900091217992,-27.81349831750666,-0.45025632945882926,-33.683336265602776,-1.541089373483158,-47.85964006714912,-1.6934308273036829,-48.249986511015734,-1.3686616469471196,-46.40149239358932,-0.9094701146214128,-39.73196681916908,-0.5441566875540846,-36.47457624781516,-0.0,-9.206503586629841,-0.02416570195805528,-14.387294053786203,-0.38799551063499904,-38.586400216244165,-0.10659980093586983,-20.47756419514368,-0.0,-64.56100412885996,-0.251290734196177,-26.929703193147304,-0.0,-85.58849727461563,-0.453729396918835,-33.42745531106166,-0.12880204904421833,-27.83798813655524,-0.7184525501461376,-38.565795964379014,-0.39567015372389913,-13.660347466655631,-3.8209565957382687,-0.0,-3.6162388743540084,-34.6809667155945,-1.5690094819760476,-47.47038434772017,-1.7764619851414476,-51.13306546222234,-1.2735295868597611,-45.580117428394686,-1.015761801146158,-42.349722645004924
-4 3 5,-0.0,-0.0,-0.0,-0.0,-1.3877930460556018,-48.545430961135615,-0.0,-0.0,-1.3141393931567589,-45.085577685805916,-1.2593475490549162,-42.059224026608625,-1.3750226696539598,-47.98613030062439,-1.352047541052611,-46.93997178754655,0.06985435640463486,-7.454722227397061,-0.9265954587141256,-21.359150813060612,-0.018776355676649432,-4.395668855112271,0.08505939832259436,-9.864402137337418,-0.24945400964026543,-11.513452778880636,-0.351935141206334,-15.295527934969918,-0.31546404319469645,-16.823896388031955,-0.30996150498047614,-16.842324321581447,-0.44780500716839716,-18.585907347217226,-1.1192980340061478,-32.091733269113845,-1.1921207689538655,-37.64901233356754,-1.0370440219673587,-26.266425467274793,-0.7744513858304312,-18.052827337237762,-0.52414545397829,-18.036081543883668,-0.0,-6.860321360777502,-0.0,-9.480959226781042,-0.12646806476055544,-0.0,-0.08332849552219224,-11.717961220545583,-1.682905397532617,-0.0,-0.21936513544810776,-13.051169179320466,-1.4726299765797042,-10.229844818293616,-0.3902902742694389,-14.123050014308225,-1.0581988421372914,-86.70170382245773,-0.595543942070938,-15.570771809706784,-1.9314700271138494,-70.15328703878953,-3.0617139016786545,-46.11713868881218,-1.4475381578500126,-0.0,-1.095615566956038,-29.993726090589185,-1.2011150588293655,-38.22867327462978,-0.9274051156242659,-23.094395616181725,-0.7898153167956523,-18.60813151925911
-4 3 6,0.0,-0.0,0.0,-0.0,-0.06094063728945412,-23.796743791031975,0.0,-0.0,-0.03206720371876737,-23.524960860508216,-0.005701349565524613,-23.045758282578248,-0.056370861363682905,-23.774148936651272,-0.0477200095676159,-23.709417721973185,0.18774396506128696,-4.66348786041968,0.21741965557662266,-14.99225214783495,0.04968115622462474,-2.4906023007403464,0.28523667139164904,-6.364245514414841,0.1362471946763006,-6.324891649247567,0.19969464098435988,-7.713264595268004,0.29751609020660175,-8.587245002744408,0.3484345216812943,-7.970344500673175,0.38129682064735687,-7.043378233694357,0.08841245871887084,-20.208843964317907,0.03444672281189461,-22.003642961665527,0.15196166476150233,-17.76480711656778,0.2731917448392792,-12.234306298456424,0.48433795854295375,-5.900974189373884,0.09600862862232978,-1.8286217923337216,0.15066618489741368,-3.0296021213523137,-0.0,-0.0,0.2136908608913597,-3.8522845351481747,-0.0,-0.0,0.25638985613285087,-4.338176731336169,-0.0,-0.0,0.26953850250188544,-5.729101355157982,-0.0,-0.0,0.24458123511630944,-7.891621303017774,-0.0,-0.0,-0.0,-0.0,-0.0,-0.0,0.043217191343749246,-17.465274678410786,0.0288981675761821,-18.997502768178204,0.09907848695501516,-14.178273564576456,0.16709736890521495,-10.65976471323396
-3 1 1,0.0,-0.0,0.18122842864171648,-19.670143224725898,2.0926580412683125,-43.31013503030238,1.2364800027658673,-67.76803463810157,1.9718894922648451,-47.31774693095385,1.8897704149751584,-50.31462774586976,2.0709849966224776,-44.00185699829042,2.03272831788274,-45.24981464823361,0.19586272923622985,-9.85288889257437,1.49496695081535,-58.37241190756899,0.19925419162347727,-4.252553949678248,0.30147087007795814,-15.896565940391113,0.33226404444476104,-20.73939969989075,0.3646048254749962,-24.833256457414123,0.42143421206764536,-29.53319599650419,0.6901422476513941,-38.05884254489447,0.8849700194029033,-49.6983455080873,1.7153001666976675,-57.252616888177236,1.7999016303684532,-53.912876863288425,1.6248410910598106,-59.13553096226837,1.3001876740607656,-54.25999037188263,1.0246755487364085,-60.358602591396426,0.21629804199778385,-13.008329102715349,0.3039878442903803,-19.12564246714288,2.360006679001046,-44.12135386943993,0.45401374385206955,-26.75881300478426,2.581390185274206,-46.099051725995146,0.6806565933018681,-35.439649149083955,1.3254209703079918,-30.80114804557817,0.951763919530976,-44.67728061353987,1.3571647779404612,-0.0,1.220538941870905,-53.029439916939694,1.6897884271610135,-0.0,1.546805474821754,-0.0,0.0,-0.0,1.7393303335600319,-58.818687627397956,1.6735917649561471,-56.81340695441818,1.6026464891672703,-61.482504797981704,1.4441631436805922,-58.84243627647596
-3 1 2,0.0,0.0,0.0,0.0,1.9762320132568962,-33.832690069708704,0.0,0.0,1.8406792004555397,-33.256956188072515,1.73338330385948,-32.37074126957407,1.9532853117510058,-33.773040881622144,1.9114623057576188,-33.62640132403918,0.3926332787310208,1.713957150045691,1.0887340227511746,-18.640235244300627,0.2958890759791673,2.178205735406492,0.5907098335069667,2.7280209702548466,0.6906932405666323,0.5606680074592947,0.7220149169749145,-1.2749685533469557,0.7267147565254263,-2.721795859582872,0.7779209664068376,-5.015890296055033,0.8231786998389397,-6.735423427027781,1.42528685605342,-27.39584891012283,1.5911634623066198,-30.52173197884151,1.2515377737930966,-23.216408307547038,0.9542616282422391,-14.187100118404803,0.7713644617431249,-9.298690107401578,0.5139656706626914,0.0,0.6156217016771542,0.0,0.0,-0.0,0.6862666508256533,-0.0,0.0,-0.0,0.7388252559579028,-0.4448132829873337,0.0,-0.0,0.7952389964641597,-4.029769030588206,0.726382880329728,-0.0,0.8652132719252661,-7.978991750066672,4.066127143851999,-0.0,4.176849327303596,-0.0,2.8500515153285986,-0.0,1.3371820250497852,-20.899959738211557,1.4736839830074708,-31.472985570234336,1.127447148943634,-16.82926637966582,0.9851787951686153,-12.466122299876918
-3 1 3,1.1199657601578663,0.0,1.6067294917523045,0.0,0.9010178166907966,-12.906556273076115,0.0,-0.0,0.9890661588891402,-13.471754485705329,1.0477615495916044,-13.78853369728089,0.9168374355043618,-13.013235914726152,0.9447676936555359,-13.196773797989069,0.28465315194807106,5.401925102987818,1.0733496451437616,-12.28464306683717,0.2768351996983628,5.794673958609084,0.40116728235662846,6.788101510968862,0.4764765142765903,5.23997878169204,0.44948418324356615,0.5040364417527504,0.41290979833335845,-3.8962100164860893,0.5301343470284168,-6.8095111808158055,0.7749099311107869,-6.41691300754492,1.140309646676821,-13.849299781266971,1.1061395170620358,-13.985223808215718,1.131542595117488,-13.280751028985717,0.9677205815424883,-10.719757468058877,0.9384068842763811,-6.133282740926556,0.35898082453964136,2.639244516574992,0.45214505550798856,0.7963377665159896,0.0,-0.0,0.5359209913609105,0.0,0.17948572894465006,0.0,0.6134605171215292,-0.0,1.647090172246623,0.0,0.7205391704333617,-3.1926132738081168,3.1639433350544275,0.0,0.8583725985420645,-7.24310773766582,2.069027494310049,0.0,0.5831425694597091,0.0,0.4493494201286077,-0.0,1.1394347174895585,-12.526669119386284,1.0377140639253526,-12.004708619339489,1.0818955092981377,-10.25204053032987,0.9933681411290187,-9.672325921526516
-3 1 4,0.0,-31.09537523600568,0.0,-127.946038294846,0.7718133752396638,-72.3139688124653,-0.0,-136.8252090491557,0.5858679434969685,-74.22776591511152,0.4595446047795655,-75.40226979223188,0.7385952774739031,-72.6653052528037,0.6797716594577531,-73.27890828015516,-0.07349236658845333,-7.389377837056787,0.26683276237869524,-69.40105206065546,0.0014608087835157903,-4.801829133795536,0.01327385166102189,-8.3034599428186,0.028437720508935505,-16.08736370894719,0.12730259349987744,-26.825448645674374,0.20049354847827874,-35.686786443754535,0.3081335363615511,-50.52785618594629,0.5121598084986824,-58.67501118663188,0.23841225885719314,-76.11943577053482,0.328630181545308,-76.31354451196248,0.21990827025683873,-73.97467616787016,0.33653083772803233,-62.43837553306771,0.5344875617267243,-64.63453567830634,0.0,-10.0841491031318,0.0,-17.67441874102808,-0.0,-150.76515281303563,0.06265848573560776,-28.146560145000812,-0.0,-148.82435615143834,0.18217485921875004,-40.69160121781562,-0.0,-137.1217262952952,0.26343507836121965,-51.87424511517097,-0.0,-138.09731846713584,0.25039345456743906,-62.02241804344745,0.0,-84.77022973170565,0.0,-58.83723374189665,0.9408520042760278,-142.1992488345275,0.1373187210694174,-76.75174419653827,0.08841528259040285,-77.72177176906604,0.11416056585481318,-75.65137597323886,0.18136532788762094,-70.84499986247653
-3 1 5,0.0,-0.0,0.0,-0.0,1.8222247971553354,-54.495552583868154,0.0,0.0,1.7398641195765152,-50.56925335447012,1.678450404449191,-47.037434336897086,1.8079445552051936,-53.86865710707813,1.7822577715683523,-52.68805220971213,-0.10802460351361236,-3.8226043658121145,1.3408370706903825,-18.458989227116273,-0.13788297934323784,-5.141881765639961,0.062105636707042985,0.40517689741001794,0.3217096279123334,6.130714901109132,0.4900856271765859,2.681232205144622,0.5961921087634674,-0.396292306396634,0.9195106493112647,-4.136878761517756,1.1656027000152964,-9.189461195675072,1.5208960622405583,-34.62734964300702,1.6026400507326637,-41.71263245836188,1.4360766964174043,-26.481623180260677,1.2190083598698847,-11.63304775486719,1.41385759415976,-11.410775568504631,0.0,-0.0,0.12976976826296865,-0.0,0.3259059793343567,0.0,0.4009130380119818,-0.0,0.0,0.0,0.6839215667658763,-0.0,0.0,-0.0,0.9502001106136719,-2.3348440199696645,0.0,-15.986512982039727,1.1485257490265228,-7.470360672945671,0.0,-54.211697006843856,0.0,-39.274010122269864,0.46998637343024413,-44.39943536124845,1.4627046336865914,-33.2052091972562,1.5382204614513777,-37.016949196452515,1.384196872342529,-23.726675034961286,1.2765992643239088,-14.234501926007741
-3 1 6,-0.0,-0.0,-0.0,-0.0,-0.760663168750513,-51.71872427305811,-0.0,-0.0,-0.7409129104440887,-49.356017193408746,-0.7241293743624613,-47.62550357549307,-0.7574029004470253,-51.307381952644604,-0.7513821381699897,-50.56879100336573,-0.2831771778541402,-4.317223283792647,-0.5457885893429519,-38.5108705439631,-0.2841250324577976,-4.366563738211158,-0.18655378014676022,-2.047201731791086,-0.051919547835674866,0.44431120671991353,-0.06934795949761469,-5.068336417923973,-0.07061265385424197,-9.125372812012674,0.001874982678770447,-13.366087778699589,-0.05153425930858804,-22.867160814614813,-0.663733079072665,-43.533308270368785,-0.6992380645765419,-45.57573550713719,-0.6136887390603603,-41.449942928981066,-0.45968190247833185,-33.59816620772293,-0.14678902499242158,-31.726900929500662,-0.12490342721367098,-0.33603416992507296,-0.08333814965187532,-0.7606598102139885,0.0,-0.0,-0.05494635203412292,-4.190665468757394,0.0,-0.0,-0.05690225790800884,-10.986011986062772,-0.0,-0.0,-0.1316461313619279,-20.112026625949795,-0.0,-7.3131935010367854,-0.23849620323999002,-29.24923756884015,-0.0,-0.0,-0.4241824505896895,-0.0,-0.0,-13.99528631426244,-0.48995901439020445,-39.89954140917485,-0.4701685654307603,-41.147723871309765,-0.41475887469713035,-39.58617277944556,-0.3438842955710148,-35.80852439109016
-3 2 1,0.0,-18.369254044540646,0.0,-37.73128983007043,-0.12599019359820796,-83.36220107435885,0.0,-15.879482795275301,-0.058029659095110875,-81.34772649387166,-0.010927946257307622,-79.82977117474991,-0.11389858068703167,-83.01345648055106,-0.09244887449200757,-82.38583933039816,0.11813571650432753,-11.317995058425941,0.16619237864615796,-67.15501907567098,0.055998408932473716,-6.867904710961493,0.2266972278132852,-16.987379220571093,0.34047524090522047,-20.655384055985927,0.4273505310389717,-23.705330245327914,0.5088287126886044,-26.636241279659963,0.5619573628800437,-33.33186729031799,0.46871394946780276,-42.20328715744553,0.08683071924779757,-75.5161015430408,0.04100694806675849,-77.88571838891181,0.12452880436844617,-72.27282587269893,0.22665774152283988,-59.275798522791796,0.30291277103152703,-50.572411218653,0.14158777733454525,-14.206678784839102,0.2777557383215362,-18.8881122451953,0.0,-39.153860151238014,0.3770387819476116,-25.389477770043673,0.0,-32.63765595616525,0.3947694993090206,-33.872268108837346,-0.0,-71.45760581878693,0.3125047343704429,-43.96963553764991,-0.0,-113.6863853857488,0.22265664977767502,-54.63321300687777,-0.0,-102.4454580848781,-0.0,-103.33606415173949,-0.0,-94.8367870954546,0.004690483722229035,-77.13796944991618,0.0,-81.39113722660483,0.07275878642908064,-71.40889843982832,0.1393892239598259,-64.15559820485461
-3 2 2,-0.0,-0.0,-0.0,-0.0,-1.8089437236440469,-81.02184931873113,-0.0,-0.0,-1.6943796311397226,-74.56370347516541,-1.5946055067456402,-69.56829880436455,-1.79034483110874,-79.92055767376029,-1.7556503723223729,-77.92078550261436,-0.04595801273441535,-6.217106745368551,-0.8103559038642236,-45.73969555096775,-0.07274025251477292,0.6633987970615471,-0.01195765807307777,-9.962586844389033,0.06310162140172924,-18.373644648618235,0.07238151462468002,-21.574472360121028,0.034237446218819544,-23.43450043727894,-0.08635496531463854,-29.690279072685346,-0.19933643476592414,-38.395136755441314,-1.2562735799576705,-56.47717405956716,-1.448010703206684,-63.224272308473395,-1.0354431211826247,-50.46581449918866,-0.5981394172803992,-41.61005476593582,-0.2675091362564566,-43.049119993097925,-0.0,-6.193013070551435,-0.0,-11.672321360709764,-0.0,-0.0,-0.0,-18.33725660179876,-0.0,-37.721692605847046,-0.05415584921286145,-26.41658013585571,-0.0,-25.251582243575594,-0.2239728952949401,-34.069286057242884,-0.0,-7.68169051470439,-0.418524087716378,-39.64414826855296,-0.0,-13.211806799010281,-1.8588753578981942,-33.9072141672188,-1.4903797246328627,-121.90765189022694,-1.1174799608802057,-52.25860922088048,-1.352077945997799,-61.65272103204659,-0.8569025042437187,-47.59110716541704,-0.6306718182400415,-43.51027168409289
-3 2 3,-0.0,0.0,-0.0,0.0,0.5912560653324825,25.0739015558237,-0.0,0.0,0.47702159973349256,20.042780019076982,0.38097135959727607,15.834060310946692,0.5724121137989209,24.243255343265425,0.5375720755629683,22.70792522634061,0.013568171615953457,7.92735069867044,-0.2654866267098851,-8.469368837431123,0.05901536921789805,11.132215798025044,-0.06350202384778794,9.15819085877435,-0.04541023902408463,4.665187864999995,-0.10688461494482876,0.9415549926660902,-0.2295095837662766,-0.679907998833325,-0.4174083877052664,-5.120097949496689,-0.552933753160629,-9.2638580905894,0.07521048238042424,2.929791268532094,0.24498875258943026,9.962773111062281,-0.10722628408343265,-3.890927803100557,-0.3610616900164901,-9.340827502913184,-0.5969511160552178,-8.315950703466463,-0.0,6.35990223942788,-0.0,3.982408680456593,-0.0,-0.0,-0.07498569790500734,0.5129193355003357,-0.0,-0.0,-0.1896189146956232,-0.0,0.0,-0.0,-0.2562821387862952,-2.9047135839246003,0.0,0.0,-0.26793806161842465,-7.5659015817931,0.0,0.0,0.0,0.0,0.0,-0.0,0.0,0.0,0.22566554314230303,0.02233441363860712,-0.08101291993982612,-4.04610641628035,-0.213033383044357,-8.488370673276727
-3 2 4,-0.0,-0.0,-0.0,-0.0,-1.95220782092332,-25.042689273900752,-0.9031649972604043,-34.527526957374526,-1.85598947611933,-22.981499846181123,-1.7770772135461312,-21.51007728540175,-1.9361373034917444,-24.682286088589468,-1.9066352192562077,-24.036190273118386,-0.044059855606010924,-6.267955977340207,-1.1589468838861046,-19.812428258239425,-0.10915943523650305,-2.252611755335104,0.043277827293845626,-5.731456716284636,0.05160636953605355,-10.574031956568929,-0.021020832743038228,-16.77630274621499,-0.15438158002059474,-17.374456861335467,-0.4009393142306982,-22.234986269867022,-0.6258199550243939,-23.853462966797423,-1.5269777468961225,-18.83059057386639,-1.6670268936704133,-19.91633598118008,-1.357970043327124,-18.837648472680588,-0.9278380044100814,-20.726441222685505,-0.8682294754499013,-20.392034537510366,-0.0,-4.549572940958065,-0.0,-8.24946149742801,-1.2188669836307828,-42.21076368610027,-0.032926106715273115,-12.412174733563969,-1.381326820931704,-9.589890599748548,-0.24306870928834315,-17.01567224539863,-1.3724250869907797,-8.841066217866745,-0.5123413135158198,-19.451320561940726,-2.031175725888285,-0.0,-0.8290302636562743,-20.63425740919618,-2.430107570975562,-0.0,-2.219625731940878,-0.0,-1.035095155479675,-0.0,-1.5938292823214117,-17.197602085469512,-1.7315093231664027,-14.96981862461708,-1.341365362102864,-19.23058363561696,-1.1260772544561495,-20.015916343095274
-3 2 5,-0.0,-0.0,-0.0,-0.0,1.8995807294762725,-22.723758976010743,-0.0,0.0,1.7210542432364446,-23.369930591852963,1.5755651347803379,-23.688000599015098,1.8697667083223841,-22.846192064720313,1.8150074870383412,-23.057371130039332,-0.1882018635101067,-13.872275435894567,0.6960290890422998,-14.82787250090778,-0.2103465226193403,-10.890693389821179,-0.13244455706390165,-13.089632165672542,-0.2023765500116444,-2.5035389943039084,-0.0990166810540543,-1.8282043006014115,0.058582825897919674,1.389173141024517,0.3859381968502309,5.003458321715394,0.6124095773850754,5.474642319450177,1.1451878948763092,-22.509236277106044,1.3779238227343416,-23.643842421528124,0.9079170365788692,-19.55138462302625,0.5208162920113341,-9.431441383539093,0.7565969391603097,5.331986419747776,-0.0707424460580018,-8.747379750324363,-0.0,-5.0679699589309894,0.0,0.0,0.0,-1.493573070625231,0.0,0.0,0.04562436449136942,-0.0,0.0,-0.0,0.22227330110848947,-0.8217329425315846,0.0,-0.0,0.40763975047117046,-4.963292579976975,0.0,-0.0,1.355994349092343,-0.0,1.4243131393899344,0.0,1.0696042341658871,-19.493490608879167,1.2444346494010576,-18.885665790026074,0.8254871287290392,-16.850856243667092,0.5917296715633608,-10.644942309534683
-3 2 6,0.0,-0.0,0.0,-0.0,-0.6800576755894889,2.1346555381009096,0.0,-0.0,-0.5831402699888159,1.6530850263386876,-0.4895621736620299,1.306979525812987,-0.6651544373959212,2.0498720769229313,-0.6364787059535063,1.8986738030867212,-0.1585038236464735,-11.580610561679203,0.2847249298239318,-0.18467708904664565,-0.2759124235620557,-9.222317054184222,-0.0438345739790477,-11.878550579815409,0.12978199818145017,-3.678941322385089,0.2062938965029211,-4.445548989491974,0.29717761501755413,-4.9168429203947035,0.39342120405431535,-0.7684729783968693,0.4153538789469483,0.6915116392937478,-0.13499846880027827,0.48737020803895087,-0.34033997452143183,0.8978413602432926,0.09364265360644373,0.12582118066884942,0.3875662533872645,-0.6092924428276879,0.48050512353559105,1.0240533856535337,-0.0,-8.163707996065977,0.0,-6.642735004549421,0.0,0.0,0.053894016447462355,-5.188961302282148,0.0,0.0,0.19084680903372997,-2.404978787970648,-0.0,-0.0,0.2905984500003502,-0.0,-0.0,-0.0,0.3364687339811144,-0.0,-0.9297247195062732,0.0,-1.2238524595975795,0.0,-0.8266206455617892,0.0,-0.012117258745773341,-0.0,-0.19882940396270302,-0.0,0.089502051205231,0.0,0.25384148955317193,0.0
-3 3 1,-0.0,0.0,-2.1166397623562134,0.0,-2.388251671604921,3.5078703513087612,-3.930982727400212,0.0,-2.3955415065877057,2.7300393782219796,-2.38550405991545,2.5362953579545553,-2.3908430490772083,3.339267900891357,-2.3942132398482836,3.068959609666737,-0.26410179070598655,-0.7318478506321826,-1.9047841945550603,8.55737896726425,-0.19098133273938137,-0.594960947781126,-0.41111554024638947,0.637599573575752,-0.4839883115992303,1.9296146467483652,-0.5442791287581589,3.887285892330902,-0.609660782968084,6.031476315604055,-0.7831944677689557,8.57961188603472,-1.0163881953467957,9.580719480448042,-2.2572919091056325,4.345242386219122,-2.3459734869259976,2.9418732718380194,-2.110525826133942,6.527523241881647,-1.639196044967745,9.404766918931013,-1.2496903419414092,12.326382473086646,-0.3153712108449649,0.0,-0.45577783793303445,0.0,-4.636201884938539,0.0,-0.6496945968106277,0.024519738725311286,-3.8400372381615417,0.0,-0.8973918185174374,2.448118874078863,-3.195352343195323,0.0,-1.210808310410279,5.321359846132825,-3.945304407738119,0.0,-1.5544606550018845,6.893948962333229,-5.950381655538882,0.0,-7.226055148058684,0.0,-5.292933564103015,0.0,-2.3837742980286962,3.266772566083761,-2.5779921587115244,2.091031091041834,-2.1093779063389047,4.732145709610199,-1.8762267238353105,6.542317321392823
-3 3 2,0.0,0.0,0.0,0.0,0.5772275298302282,23.857900997633386,0.0,0.0,0.5520047477031179,19.732975918473908,0.5313535274757081,16.789040087698343,0.5730127161389499,23.13323989604841,0.5652770521904326,21.838414590538758,-0.2154958004628901,4.103979251914808,0.36865272915554137,8.528423695705053,-0.21590951441682732,4.5770198927958905,-0.18106833759887858,8.77873573875647,0.030099229459061058,9.845215532551485,0.13580896300109546,9.601622049917273,0.18870616557126915,10.997533738962773,0.11315354515660499,9.494010321920998,0.07157167013339502,3.840220689744636,0.46633422660543694,10.629018491606518,0.5026508312638869,13.467419170754933,0.42241647722976944,8.969195405850542,0.3009881639985577,8.744826598318216,0.12431800670990102,0.7882458719891282,-0.0,4.964243292915566,-0.0,6.303492805231186,0.0,0.0,0.0,7.0377203196618385,0.0,0.0,0.0036770519694151477,7.041286232001067,0.0,0.0,0.12443950600863671,7.352715840423443,0.0,0.0,0.22244977579804578,7.3325055909822145,0.0,0.0,0.0,3.0136198046390588,-0.0,0.0,0.33432453841830284,12.537483184848591,0.14354422009111983,12.917404835996887,0.36317574122659724,8.187249848824809,0.2875126573723145,7.474928814024041
-3 3 3,-0.0,0.0,-0.0,0.0,1.281502107936787,20.472964902847117,0.0,-0.0,1.1891423795951737,21.089621439972255,1.1119262920684052,21.08534634218353,1.2661997476381712,20.62186232781789,1.2379835545208844,20.84825088369305,-0.14957056496985116,2.8982137565036594,0.48364552728863547,13.924109531242618,-0.24489642702620162,4.292189114051941,-0.08241549604537467,6.38565664145534,0.00936714867091009,6.20478882708784,0.04755372727211531,5.419645776113694,0.08387623297512316,8.013399031796542,-0.0706955928977779,8.185198185810025,-0.1322801032188342,5.687045816508346,0.8578347419969803,18.618204144227043,1.0017957050937636,20.360707663115754,0.6817066531044933,16.228445364640976,0.29186568828193543,12.069970965583764,-0.17915253604804157,2.8238717472774244,-0.025319978557246655,2.506575100792107,-0.0,4.332780200805019,0.0,-0.0,-0.0,5.928357452760648,0.0,-0.0,0.0,6.713628310391015,0.0,-0.0,0.0,6.534759750039499,0.0,0.0,0.0782838297614687,7.9306184019040735,0.0,0.0,0.0,0.0,-0.0,0.0,0.5991764096587272,16.86196740772313,0.6708647585398442,19.614956397720086,0.4882045280738599,11.810841055294734,0.2688415207404149,10.233892631786135
-3 3 4,-0.2610982998542503,-0.0,-0.0,-0.0,-0.9630095021123055,20.32505737926123,-0.0,-0.0,-0.9998241145742507,20.01253544989945,-1.0275998951054142,19.659498864800156,-0.9693362312941908,20.281562704009442,-0.9807792186641199,20.19280528334032,-0.33026420327285244,-3.799131765543993,-1.084568544415497,14.72455410524219,-0.3338666174652637,-1.4598440901919376,-0.3915290021609225,-0.7188136558747713,-0.6127521856713513,-0.6413124864501148,-0.759841942390498,-2.6910692214522975,-0.7964367172479315,0.17187737386737326,-0.9221258356466682,4.587652122940216,-1.0606885797365195,9.2806150879714,-1.0914967830070477,18.037725309405058,-1.0610883354606255,19.027665386010757,-1.1048694343065975,16.646275624329075,-1.0178683887075017,12.065058202988075,-1.199256077662894,14.91220460959508,-0.4730288700115735,-0.0,-0.5349357543492169,-0.0,-0.0,-0.0,-0.5948082944335435,0.0,-0.0,-0.0,-0.6895023520852831,0.722377706221626,-0.0,0.0,-0.8298520425598281,4.457494852933713,-0.0,0.0,-0.9501383948097255,8.6773177814222,-0.49996291552010047,16.61924865460602,-1.805509770491688,0.0,-0.8615523241469449,0.0,-1.188102634117042,19.886811329813813,-1.3765861464889144,19.052343551068248,-1.0869218261976548,15.00744873707857,-1.0595982338084957,12.431139375509101
-3 3 5,-0.0,0.0,-0.0,0.0,0.17324422562415914,-7.667361200759343,-0.0,0.0,0.11665669500320423,-5.217299979338954,0.07309874585165753,-3.0822460030441867,0.16357990186679283,-7.270850189795951,0.14604405048425104,-6.529574474041087,-0.11478142952491581,-3.459675065216439,-0.14019643522628827,11.463715332244242,-0.16864768959643733,-2.9757240258583937,-0.11287652903880778,0.802223598844468,-0.3565752950019238,7.983877756364767,-0.47292631670771373,8.894132069955473,-0.4318007695108114,12.870146544782378,-0.41705435737415836,20.034944191181527,-0.5040433858715644,24.873609580568292,-0.03996671470911763,3.8772821559863244,0.01818239042316316,0.010079266848209815,-0.09342521538857376,7.940192363942742,-0.18328990281585292,13.856051721310289,-0.5324312664220667,28.955141845919798,-0.13563919298291646,0.0,-0.15056297732853705,0.6006910066527956,-0.0,0.0,-0.14653072344430382,5.233901008769961,-0.0,-0.0,-0.1342009807643381,10.421181695948315,0.0,-0.0,-0.10895626882531695,13.432446455164648,0.0,-0.0,-0.06763605900855704,13.373105523526744,0.0,-0.0,0.0,-0.0,0.0,-0.0,-0.01837518372046544,5.849630194204032,-0.09449102441982479,0.24893809067693923,-0.0,9.34887920312279,-0.03347404373705536,12.434489341742903
-3 3 6,0.0,-0.0,0.0,-0.0,0.5427674260264016,-19.12106084410183,-0.0,-0.0,0.5921947459800319,-14.303256642609412,0.615955737807829,-10.64663832984371,0.5524321997357057,-18.293712751674708,0.5687607879763449,-16.7970250000134,0.08984698635358035,-5.186889231529086,0.3832641869898414,4.62726232558821,-0.013947377151073064,-3.270824643516262,0.15987832295707813,-5.552323297642092,-0.12656074186624328,-2.7864168646629297,-0.19917721865376145,-2.210079656074514,-0.15851109492927842,-0.1962698599482624,-0.07246191763375778,6.4367939428010255,0.07609496493360472,14.966664694987946,0.5849678616918162,-1.548328507098878,0.6212962801563412,-6.129152770318323,0.4996467553607806,2.213555244129046,0.26257310285616126,5.5778769485443185,0.25506030540661817,19.768934763772393,0.0,-0.39244986279683186,0.0,-0.0,-0.0,-0.0,0.0,-0.0,0.0,-0.0,0.0,0.0,0.0,-0.0,0.06668345091070758,1.5315528804231164,0.041679210019983745,-0.0,0.15805052911881637,3.0393523850523962,0.0,-0.0,0.0,-36.79598699880558,0.0,-95.43445703697701,0.5651767383342815,0.0,0.5298544702146426,-0.4788066166226287,0.42607958810701496,2.318947225387122,0.2693789525377333,3.666324965176828
-2 1 1,0.0,0.0,0.0,0.0,0.6784386516303131,-1.013019662012607,0.0,0.0,0.7475106760218762,2.3848939062852925,0.792951606537371,4.843948802139315,0.6909305796694049,-0.41790351492826266,0.7129002956235982,0.646890456616651,0.26778551080325397,4.82432146586628,0.8692354851897601,14.517620906408583,0.16639861354201985,3.4265835619788203,0.4020227223059424,7.253062969278929,0.5348543580004277,10.222476972891705,0.6172694463096822,12.264378560178056,0.6837006843077784,13.810036900328779,0.8063653456166571,16.84880447038038,0.873769788529656,17.67809720996891,0.8684831363088675,10.511610342011082,0.8382447660551899,7.727470103967988,0.8775339866086749,12.823878817834055,0.8447943659251673,15.43018317336044,0.9299682430240483,17.956656394026798,0.3311119505599675,4.408735185193043,0.46349741293193747,7.124509664901853,0.0,0.0,0.5942423476335483,9.848235851721844,0.0,0.0,0.6882239607026983,11.66403058600038,0.0,-0.0,0.7506041793756055,12.529885883916755,0.0,-0.0,0.7898365637749813,12.553783239263478,0.0,-0.0,0.0,-0.0,0.0,-0.0,0.823415209013104,7.3340439653659475,0.9342065987572454,3.97074536139531,0.7957382272811637,10.112437544314506,0.7997908306964858,11.566824792880096
-2 1 2,0.0,0.0,0.0,0.0,0.0017827835288820716,-2.4060089342683426,0.0,0.0,0.062041727598223836,-0.6864365536979599,0.1006190325880259,0.36960465078010324,0.012776466364683887,-2.088035454356631,0.032020830022017874,-1.5354736220702798,0.03450334232707864,0.40787604982565634,0.15015462221969259,1.265694362475205,0.018439601240733326,0.36509937650701374,0.06860300873166417,0.9943980357066583,0.11079300843870533,1.6004489940659539,0.13441488115869213,1.847536170695463,0.1514478114146147,2.229385136943793,0.16869800386860087,2.8230072578665832,0.1810154205497644,2.806518209408352,0.15806343310260296,1.709945326174443,0.13714033171070683,1.295472301834577,0.15960671128537138,1.5883668424898665,0.13954637898178887,1.0488229644976765,0.18591174052363713,2.4952619674803884,0.0,0.0,0.0,0.0,0.0,-0.0,0.0,0.0,0.0,-0.0,0.0017415233323487267,0.0,0.0,0.0,0.008598095589092985,0.0,0.0,0.0,0.016230892711411937,0.0,0.0,0.0,0.0,0.0,0.0,-0.0,0.044913966397485704,0.0,0.039136519618429934,0.0,0.027874703493013988,0.0,0.019861835632742592,0.0
-2 1 3,0.0,-0.0,-0.0,-0.0,-0.31278559503664527,-88.3474579304493,-0.0,-0.0,-0.480092834842577,-85.91221374319275,-0.592321554485861,-83.58606744154196,-0.34278215705463716,-87.96815697353419,-0.3958029013515315,-87.24437981793915,-0.014683787539519898,-0.7458891253919254,-0.6706807962657602,-57.04995876250111,0.11199774220980861,2.720339470870227,-0.08290689622968882,-4.576372791176582,-0.20530628229445608,-9.67820178396486,-0.17974566676816003,-13.508069783416866,-0.18232776608033888,-16.686046798770878,-0.11784475250505609,-21.655883317753766,-0.05276710274615673,-27.530390180103407,-0.7732879444680372,-74.10075689141354,-0.7051229285997195,-79.79114108713088,-0.7623788318744196,-66.40707765550707,-0.5278492495713301,-46.58433838066717,-0.1546851342079523,-34.695175448190334,-0.0,-0.0,-0.0,-5.015029530350002,-0.0,-0.0,-0.04948113821676601,-11.805424642579037,-0.0,-41.93505143106946,-0.1338527761731053,-20.74753455193073,-0.0,-130.4623217624374,-0.2542249814425095,-31.882703207420427,-0.0,-179.32201215782268,-0.40431718101641734,-43.76749685994574,-0.0,-163.71030218071436,0.0,-267.4683919168191,0.0,-262.73463187891,-0.6026730569389795,-75.7798516202462,-0.47274935999258355,-90.08649592217942,-0.6652705778654211,-64.26489704930418,-0.5521885024673248,-54.731773448091886
-2 1 4,-0.0,-0.0,-0.0,-0.0,-0.0533086633798912,-2.3278701835203375,-0.0,-0.0,-0.14440705409267693,-0.9884189262875117,-0.20278353274677047,-0.12337663572253166,-0.06993501183302124,-2.0853103403222333,-0.0990300728179204,-1.6586937359238152,0.26953987357718096,3.9722034365138366,-0.2817775049512501,-0.25781905437454467,0.3562897307185093,2.9630319423952125,0.08992809521462812,6.902506129609,0.0019775861153304175,12.931552746357701,-0.08412088557678774,12.456470270705816,-0.17204801339791986,9.11393971304851,-0.19838733037368103,-3.0322916835430536,-0.20196400737477377,-7.4792700092325175,-0.2921031783533433,0.9554124813430531,-0.2585472372064806,0.6652494516156471,-0.2972855132967185,0.5381432865861273,-0.2524382869940455,-0.7852572866497973,-0.16051754206887056,-4.7236387135265225,0.05161844935194499,3.9508810921647863,0.0,3.1328040937098605,-0.0,-0.0,-0.0,0.22349255981499241,-0.0,-0.0,-0.07485712091489052,0.0,-0.0,-0.0,-0.137358027100981,-0.0,-0.0,-0.0,-0.1749547847682699,-0.0,-0.0,0.0,-0.0,0.0,-0.0338157939622017,-6.509713742315241,-0.0926877025567501,-0.0,0.09338744023220483,-5.331784436989041,-0.24162877471295383,-0.0,-0.2024016553320683,-0.0
-2 1 5,0.0,-0.0,0.0,-0.0,0.26284200481055614,-9.168885135856792,0.0,0.0,0.21161087495942216,-9.378678806584995,0.17199585499316258,-9.268625650037995,0.254078160535067,-9.228322133335164,0.23819943418962994,-9.312765573720949,-0.43680727857150065,-9.658626572235725,-0.05378257639739633,-3.757138914617063,-0.3159818484999306,-8.213435678316772,-0.41082900514120546,-7.59263671401074,-0.2604171750635032,0.10452733748836696,-0.09318048246685666,3.347283043054669,-0.08028423390085436,4.6053782188972106,-0.07144442387342044,-2.540319064229161,-0.06689693473304696,-7.369805760868518,0.06200284606936148,-7.3622999042046775,0.12065596648463982,-8.680941924451927,0.0015113879685569956,-5.494218443402631,-0.09692841979122546,-2.735807234968614,-0.03579622345609385,-8.394908052666665,-0.2691010909304693,-2.384713971772247,-0.2016892266773799,-0.0,0.0,0.0,-0.12408554415301648,-0.0,0.0,0.0,-0.11459485044204105,-0.0,0.0,0.0,-0.10093925797240245,-0.0,-0.0,-0.0,-0.06096689180220947,-0.0,-0.0,-0.0,-0.0,0.0,0.0,-0.0,-0.0,-2.914129474966195,-0.22880652027088705,-4.895192750751025,-0.0,-2.5323609466264516,-0.00807390447477796,-0.7152350385269237
-2 1 6,-0.0,0.0,-0.0,0.0,0.5284260533679974,28.389962488951447,0.0,0.0,0.4904969293350102,26.58829590215962,0.472559139177205,24.82341816031412,0.520889736055157,28.114881010243487,0.5082873854910951,27.58349599485219,-0.31812566932489106,-3.720823826847775,0.4285739647514715,9.694591928072727,-0.2891303865668615,-5.443969740707983,-0.315494871266552,1.2242644558685134,-0.3469562138805633,9.64979051675597,-0.33934100484528024,8.666738702787072,-0.25757844049988377,9.072596497006598,-0.04260002093965601,8.846875677257241,0.1724573674668852,6.2667752525215334,0.4721877059845922,17.972539678893646,0.46520225770825135,21.9675326477074,0.4724698544980821,13.467369297482641,0.3212951060270891,7.618685575064876,0.37161349280638684,4.03216966961578,-0.2814398565739363,0.0,-0.24767814529097779,0.0,0.0,0.0,-0.15680792820311043,2.562593650978122,0.6006886090634955,6.161500622872567,-0.0,3.679040944242358,0.0,6.794806566334788,0.0,3.9670783962113525,0.0,14.256419537573866,0.18283534202257118,3.9246399875437743,0.0,34.82638477030366,0.0,41.134235140777506,0.5140817437021549,6.409697375845559,0.3907197135899231,16.11681667104048,0.021710854227555063,21.910873170682937,0.4791176483781564,8.650277742536911,0.3666251776565032,4.9515047130289345
-2 2 1,0.0,0.0,0.0,1.5925709602100921,0.39899962721016424,-1.1491450833472823,0.0,2.8172991527513913,0.37980920137270424,0.1747357649721329,0.36503113785629493,1.5415750810373305,0.39573552358018804,-0.9525869228136861,0.3897963434483348,-0.5668363348257136,0.042121477313107517,-0.656286756967209,0.3276605721820002,16.321864175328738,0.013803130544043451,-0.9451241457468352,0.11043609307572931,1.0738782899223218,0.23262125309619958,8.389682945168724,0.32856660270629784,15.738891391426858,0.3684600025575154,20.55212543436745,0.5049584592602234,25.897616213941742,0.6217792708126877,30.49942410595734,0.3310975467982235,7.376365024568249,0.3470421233842367,3.87163709533756,0.32423500040073855,11.813200130378881,0.332235677270712,19.645975595003204,0.7124971567015171,35.015410291652906,0.03569711727020841,0.13815903258906453,0.09967315977034884,5.553558782172726,0.0,0.0,0.16981875550443698,11.960115934163786,-0.0,0.0,0.23929952017252007,17.921099807166758,-0.0,-0.0,0.2757513769586221,21.176479580346967,-0.949095805766475,-0.0,0.2913317601803547,21.039719292920775,-0.7328014949400432,-0.0,-0.0,-0.0,-0.0,-0.0,0.198490456454065,6.091979378738318,0.2729802755672381,4.7781040144021825,0.25309165837509695,13.133852826258,0.27295559824490184,18.241018541793725
-2 2 2,0.0,12.65880283458709,0.0,19.168731002770972,0.4408573050942211,24.627562698366347,0.0,20.68666518641799,0.402585504409323,25.064523081296617,0.38170946157610686,25.154244293729125,0.4335900267184213,24.723671090901455,0.4211239298050253,24.876742477065825,0.12799925049488176,2.7259538189447503,0.45808320276803366,20.288147105824994,0.056982166032823516,6.479055918345161,0.25790925021538463,4.381195192174115,0.47895204795176144,5.472118814208656,0.5909288976002052,10.29890513509994,0.6014516138184158,18.292148719939657,0.644591214062898,26.8614223977877,0.7058696548207563,27.657382306085022,0.3824035699282032,23.888742569206048,0.37019260983560714,24.8583178998017,0.41907260810261254,22.25850875253106,0.47229829763253606,18.213531345918202,0.8626357071698294,27.863271510798125,0.21844143714601494,4.864580887568636,0.27525088338168563,5.705847748740354,0.0,0.0,0.32943376253441803,8.4190099394215,0.0,0.0,0.37543206407090446,11.919976829112361,0.0,17.03218015945717,0.42426553331081446,15.109604183478606,-0.0,36.312024208134574,0.45462330896482595,17.993797223017985,-0.0,62.54105202604066,-0.0,17.085272206093737,-0.0,23.75409148608454,0.464692938305324,24.75902177843855,0.5092456841779618,22.88813026778851,0.40504290217844624,24.64043324860811,0.4384374021982204,20.639373036959928
-2 2 3,0.0,13.032833040022181,0.0,10.980596355782819,0.24483118295288467,39.736875626955985,-0.0,28.330601768950075,0.24028519071506077,39.88015106879187,0.23697857602950026,40.14292952759702,0.24401169656165606,39.748373629067146,0.2425747653610698,39.78199656197895,0.040392169901844445,7.419004799367141,0.16041709359805606,43.436377268117226,0.005193868964295768,10.926995545710383,0.08947518974506288,9.901249479126598,0.14764336103033848,13.988688765079175,0.1530207116139923,20.37638090081234,0.14934629303985075,30.40746700672209,0.13365607606340937,40.28981187646182,0.05686904963733319,44.824771097913704,0.22182259812594357,41.737860985233034,0.23194723803357623,40.731877541373656,0.19953719263953212,42.88737998335357,0.11294449405462176,42.54563165282213,0.04043092860626601,47.24600697678543,0.0,11.61840100342101,0.0,17.050737534175752,0.0,13.064134011017183,0.0,24.837557401309038,-0.0,0.12481094083314768,0.0,31.98104765924347,-0.0,0.0,0.0,38.1641844062625,-0.0,0.0,0.0,41.83697775886415,-0.0,0.0,0.0,0.0,-0.0,3.19069550267156,0.011186102821022548,39.51895133892954,0.029584220418334476,34.798837569312184,0.021677119582451734,44.43640639473513,0.01845976706542808,43.66822836194816
-2 2 4,0.021802040946799463,0.0,0.8082975879689155,0.0,0.5322872782264125,-29.435403925716766,0.0,-0.0,0.6208529831485887,-30.664453797164885,0.6788568254652779,-31.36280133701137,0.548299076967826,-29.665440073497265,0.5764728669827401,-30.063257813613106,-0.029238635249567158,-0.7229911575352417,0.7375732752751579,-25.596031741018557,-0.08122998861739594,2.932776105283132,0.1066325447360547,3.390938184988403,0.29501972271741694,3.622236231154041,0.5637931204575949,2.4223397385797276,0.7055881801368546,2.9164457349579873,0.7464548999000257,-6.798922801813892,0.7338285644259441,-15.980498028176147,0.7671516260645049,-31.237971095605534,0.7350773547069981,-31.76693555275215,0.7647067975365351,-29.22379328892712,0.6984536856330145,-20.586002761246807,0.7498681527436686,-22.232729416853907,0.037878858875160105,0.0,0.19734038852705296,0.0,0.0,-0.0,0.37277333721933914,0.0,0.0,-17.58782901866553,0.48928044661095055,-0.6974405404201502,0.0,-40.40794520176501,0.5740979072763635,-8.065552000582036,0.0,-57.2970218342787,0.6476195872972259,-15.45428290279356,0.0,-67.28777434207332,0.0,-53.3258553931232,0.0,-0.0,0.7434747267784344,-33.70831782382405,0.6631384454057884,-35.32512090705835,0.7179988851391547,-26.781553063041653,0.6811077108038472,-21.825168022322732
-2 2 5,-0.0,-26.58476859825779,-0.0,-0.0,-0.7631329215465172,-20.83406694248549,-0.0,-0.0,-0.8628789672046787,-21.390592934361205,-0.9305498687274966,-21.88577523538958,-0.7809940182161781,-20.92359344751458,-0.8125725447547482,-21.091409335171097,-0.1929415221299577,-11.527254602833308,-1.026366135501072,-24.65590303691204,-0.17036319556471097,-6.645911346434329,-0.1758471707956968,-13.367657996951738,-0.3882028020776478,-15.361727856750614,-0.478619008182188,-21.205949041033485,-0.6171938190237534,-20.996692641194084,-0.735951851869236,-23.679660260887058,-0.9178389727329919,-24.547254758382714,-1.053607085036687,-23.565566845651684,-1.001609313009192,-22.625504596536373,-1.0667200482864463,-24.42173927132728,-0.9267759304739913,-23.8667040374961,-1.0665541809284742,-22.062976270214087,-0.20001172215112864,-12.361086438028602,-0.27537914726420254,-15.614713111567578,-0.0,-0.0,-0.3838870009810812,-17.872488545928416,-0.0,-0.0,-0.5376922964344001,-20.373633963343977,-0.0,-0.0,-0.7121091232103328,-22.03968047885171,-0.0,-0.0,-0.8712659508207421,-23.558171995438993,-0.0,-0.0,-0.0,-0.0,-0.0,-0.0,-1.2014178635110493,-24.353563911694692,-1.4975355742135272,-21.820659316657018,-1.0753380973469684,-24.645199480522315,-1.0075976816208245,-24.54627706733204
-2 2 6,-0.23222092434064145,-0.0,-0.35656315170968905,-0.0,-1.7069266392889761,25.70996636222636,-1.175375612064853,-0.0,-1.7304954356439233,25.832583827296663,-1.7586242622574486,25.638636770066427,-1.7100203130075733,25.755019744610053,-1.7165744128054232,25.813122031362106,-0.3292174004822726,-9.748490648742326,-1.8646143337199643,15.932196978739555,-0.3665851831703599,-8.36351167590482,-0.29965778973955837,-7.696749346732244,-0.3617701126003829,-0.4475823444310807,-0.5584440936582833,-3.541979860118016,-0.6898953510031963,-4.183003328721597,-0.8728878622403778,-1.4369864905749332,-1.171606937931544,0.9284178093769107,-1.8705709351113824,23.095487207282083,-1.807596891783591,24.871789924284627,-1.9101121374786794,20.080290360323044,-1.689819627303998,10.9596870646113,-1.4606691996657082,3.536257422278682,-0.3671692753139471,-5.117902922919228,-0.44932665066096444,-3.384011770941736,-2.31655740371611,0.0,-0.6002876233302894,-1.3208125258458017,-3.7657949145370337,0.0,-0.8742931267529026,-0.0,-4.2983383956710215,0.5343932290800416,-1.2607209574289093,1.3073285775623351,-3.574025954123542,0.2305130327111605,-1.649387348744314,7.9701681892491525,-3.726618808814375,0.0643622441507013,-3.5575230069828248,0.0,-3.4349812406290408,0.0,-2.119549771584049,22.76207166355778,-2.3915530157743823,21.17355228180163,-2.027578694511304,19.80761731862272,-1.9267921458630723,14.293810558893808
-2 3 1,-0.0,0.0,-0.0,0.0,-0.11255971838607447,38.358949226787786,-0.0,0.0,-0.1162736475310246,39.24427681100176,-0.12043425800668772,39.53544402707658,-0.11308805838638986,38.5436235234547,-0.11414974632223902,38.845613143737594,-0.10905973958016339,-1.7966620642568805,-0.18913544625145973,28.844242175102245,-0.04851471623406122,0.6129193882409187,-0.1610264441049495,-1.328992663084813,-0.22566933384818405,-2.0752187198770806,-0.32167657334237254,-4.008503728431494,-0.37678494046490235,-3.9553374689301926,-0.4232961542622767,0.25375414142563774,-0.42634120432101313,4.665909749536163,-0.14124638692382654,37.64306763733179,-0.12815959647883735,39.22102669657272,-0.16121264576037908,34.28276736836562,-0.22366139441790525,21.41338846012554,-0.4106005209677686,11.780603792048863,-0.049091261163918536,-0.0,-0.11163709338140618,-0.0,0.0,0.0,-0.1732294764737306,-0.0,0.0,0.0,-0.18867045715626019,0.0,0.0,38.846688532798915,-0.16251315439010358,6.925369912111397,0.0,42.15128266466406,-0.11716098547795432,16.209517673650286,0.0,30.72747498342575,0.0,8.753540670033946,0.0,42.21856455490854,-0.00756646023651846,36.4800127611162,-0.0,38.591270764842854,-0.036255810233837144,31.99242516784431,-0.06345632448014203,24.768127086080224
-2 3 2,-0.0,0.0,-0.0,0.0,-1.7682288915522584,16.651452843578095,-0.0,0.0,-1.7059244652705245,16.993303494170203,-1.641452081769367,17.36879374659284,-1.7589861678888037,16.70030410609378,-1.7408402711227517,16.798336766582402,0.0018543320549072263,5.280199423378134,-0.9257494801032035,21.683279938068978,-0.04431164535602093,7.74621927892989,0.05372274714494046,8.445656167245751,0.16027720294389233,12.545301013001705,0.11882284168882806,15.619740817771783,0.034254147451166304,20.834100188220997,-0.1178429221011986,26.036847146022026,-0.27342779990137567,26.782089651335067,-1.3655230897542359,19.09845371175941,-1.5313036303907803,18.0405193367869,-1.1544973567142214,20.461422777611702,-0.698100215433436,22.019139087334473,-0.34251226880403146,25.741903050016106,0.0,8.985454435208606,0.0,10.643434809647772,-0.0,0.0,-0.0,13.316285658459526,-0.0,39.99627356559061,-0.028941340205761883,17.271001847291817,-0.0,45.50560913785616,-0.2487721529796132,20.289043143525873,-0.0,9.944077843306948,-0.48761663737512645,22.279712617727462,-0.0,0.0,-0.24864672965479714,1.8872222423275518,-1.0302764188705265,12.184336801964283,-1.2778858416263292,15.985155207144404,-1.644963168807844,10.234820103199139,-0.9701084764355382,22.280289208517257,-0.7352607748058229,23.073852607017134
-2 3 3,0.0,0.0,0.0,0.0,-1.05490852032116,9.799990389601755,0.0,0.0,-0.8743360637134503,15.0126004503859,-0.7399986026960609,18.6204806880388,-1.0236071605506238,10.72646443065947,-0.9672868933152573,12.371266300205287,0.035247180141084626,3.996633884052944,-0.13755699835614746,26.96737487951113,-0.07050948581678179,5.060196100587537,0.17099651418718878,9.0907318173827,0.3330089349413024,12.592922398965614,0.36434162502555756,13.635081368596675,0.33079951759470977,19.048893797959277,0.13864668576785238,20.158501756894175,0.030842165393427382,19.744639548094998,-0.40886904245343,25.64767751990076,-0.5763574981463861,22.52760626663308,-0.2594925610416986,27.198729497708086,-0.04152204782192651,25.056535946348543,0.008440022748100134,17.706997882658104,0.008360922317309522,7.206012837516764,0.062298147798167086,10.391913950848295,-0.0,0.0,0.08040678184886631,14.343770338522987,-0.0,0.0,0.0344829517282566,18.513439141837573,-0.0,0.0,0.0,22.188167521863093,-0.0,0.0,0.0,25.414121360782367,-0.0,0.0,-0.03835423412371498,0.0,-0.4890106692776082,-0.0,-0.16392991090230227,24.56878752337976,-0.3509482134241894,22.310207549178983,-0.09931530024534747,27.83398723674511,-0.0,27.255484682743493
-2 3 4,0.0,-0.0,0.0,-0.0,2.321615960103817,8.838574219075236,0.0,-0.0,2.273643625372782,7.9433674228648785,2.2176745349286318,7.338836150310042,2.3149701613074125,8.677859050464788,2.3014076648822837,8.394138938692285,-0.26389273103519484,-1.571487267717711,1.3166715586423232,5.12310195440809,-0.33923178452761116,0.4364800247515941,-0.14839983401464119,3.409923494982853,-0.1056664406667958,2.5933272874870137,0.019708889465546973,-1.509383210640648,0.15098164260691255,-0.23581344609954522,0.3352833400249531,-0.4427008935335843,0.5643008880264959,-1.5458056957672417,1.9270579719938452,6.155392003187624,2.110800784483718,6.696902828013709,1.6550607768526764,5.694019919375641,0.9622891711829199,4.279691794263935,0.7332161204048904,-1.7458345599379217,-0.0997322559226939,0.0,-0.0,0.0,0.057303293082118095,0.0,0.0,0.0,2.083355153035546,0.0,0.23043818000315125,0.0,2.3572593770509638,0.0,0.4874492361044736,0.11681641240784774,2.07363532258363,3.0480607069074352,0.79909944556303,1.686963455809237,2.434940856178185,0.0,3.4223905871415785,0.0,2.9358035652912715,0.0,1.751398886441382,3.667690393285399,1.594242290400859,4.3067909561548126,1.5342728551927285,3.019889624021787,1.1469303331070064,2.6437413446995692
-2 3 5,0.0,-0.0,0.0,-0.0,-0.4949080592415631,-50.17703291897781,0.0,-0.0,-0.5076756439644372,-48.884949699531276,-0.5032164763996673,-47.39052420062617,-0.49828959171356196,-49.99848144247263,-0.50324610103703,-49.63310822504739,-0.13415919277095362,-5.951974608080336,-0.11350813514293377,-26.617753754800354,-0.2501642854450108,-3.533229540482822,0.029226966444657828,-4.350758494984736,-7.221462469025517e-05,-4.088151586429509,0.06568957149266104,-8.775668465706504,0.18767428668618338,-8.342465535571744,0.35612233301087226,-6.941552734230648,0.39508843818314876,-7.1234894605954695,-0.3943572393322324,-40.09360808779832,-0.4721470981613244,-44.616764604451134,-0.2664799407067778,-33.851720216339274,0.024547484567138015,-19.526067053817478,0.3499999511208787,-6.5460316051608665,-0.0,-1.8862636993734747,0.0,-3.1457438446507324,0.0,-0.0,0.004624549795496765,-4.45112071428377,0.0,-0.0,0.09299739123290612,-4.945298672485685,-0.0,-0.0,0.09800821149582155,-6.935077631933561,-0.0,-0.0,0.013999838978302795,-12.095889433372001,-0.0,-57.523372771047256,-0.0,-91.09604463798755,-0.0,-103.80852707357775,-0.3033215592779675,-35.717260438943505,-0.6433904439329606,-43.7929036255531,-0.06829137326862313,-27.271326240617498,-0.0,-19.186858574797643
-2 3 6,1.611514032790145,-0.0,2.261320572499402,-0.0,2.2631060556304345,15.821332102172743,3.2434613478056704,-0.0,2.2433815728993034,15.603752421391183,2.230192534098211,15.610314026184636,2.259524391714934,15.767008322318063,2.2532470471493364,15.68602675329288,0.22748084765571364,-4.563384946530864,2.0253033540697087,14.20676259174284,0.030989470051594553,-2.9380075653371986,0.5351562565167197,-4.660117993925125,0.5835122253471837,-3.443243815692833,0.7152069679420511,-4.240018858184313,0.8423826527199125,-2.7674458299585134,1.0608106284046763,2.48065559507056,1.353044891305327,10.420228617919836,2.19309454046919,16.100253193154707,2.214834928809253,15.818078874350217,2.143428457328842,15.827134133088508,1.8063359980801854,11.087985375975343,1.6296214909464326,15.326085423938057,0.36375781678043,-0.5092036808302562,0.5649321984070699,-0.2892379585721575,4.37464500020544,-0.0,0.8121819377021473,-0.0,4.475439275466251,-0.0,1.1370170340607082,0.0,4.500729020977288,-0.0,1.500921380245599,2.314940067714304,3.8684179274419503,-0.0,1.8381273442355461,7.125562180143834,3.907096445743567,-0.0,4.218858518916217,-0.0,3.9813776007642923,-0.0,2.241590982394044,14.858322798025876,2.1805480704132347,12.390938842133323,2.203877666355318,14.112280931389693,2.0731082047841727,11.083314391770184
-1 1 1,0.0,0.0,0.0,0.0,0.017251984193247565,1.6478306671281908,0.0,0.0,0.012943619351429288,1.4708236287455785,0.010124222788570452,1.360678680838909,0.01647015818208138,1.6151759042093858,0.015098034337982647,1.5583749294971663,0.0026619663637418227,0.31396267234027125,0.004780162287342459,1.2094427759547455,0.0014457320054179369,0.2113636418421346,0.0035143446169064903,0.40631771592182986,0.006379123134830797,0.6758751010285221,0.008579803534759584,0.9306086104900644,0.010234170163925823,1.1354285881694746,0.010305343137130104,1.2198794424743187,0.00873101160982785,1.1481392497544043,0.0053021844187068155,1.2019830944979395,0.007296670451306454,1.2595264801591306,0.004498635874679251,1.1923598650003975,0.005828605318965792,1.2235647504162668,0.006887488522487086,1.0156802214634857,0.0,0.0,0.0,0.0,0.0,0.0,0.0,0.0,-0.0,0.0,0.0,0.0,-0.0,-0.0,0.0,0.0,-0.0,0.0,0.0,0.0,-0.0,0.0,-0.0,-0.0,-0.0,0.0,0.0,0.0,0.0,0.0,0.0,0.0,0.0,0.0
-1 1 2,-0.0,-0.0,-0.0,-0.0,-0.03518557093542652,-3.8566465747899707,-0.0,-0.0,-0.04074267771143231,-3.9193475950478667,-0.045089062714287795,-3.9658831285657876,-0.03612747797697833,-3.867434511160109,-0.03784393185687103,-3.886948408053597,0.00486419277396819,-0.22568729843862867,-0.059128976558852284,-3.8244696984840134,0.0041789485860181125,-0.008476621303772277,0.003595865652929132,-0.580498402978525,-0.002521017519865444,-1.1433115784073287,-0.014107478099062628,-1.774486549745469,-0.02496831419974655,-2.3440696826060283,-0.034255476272564166,-2.7742108741903717,-0.04450931425429396,-3.180274111007259,-0.05616878772901574,-4.048600929805536,-0.050606925930689946,-4.017949121033565,-0.05978576748722956,-4.006450932903176,-0.05291687892572637,-3.4606813573613486,-0.04952580894814545,-3.3441021367747017,-0.0,-0.0,-0.0,-0.0,-0.0,-0.0,-0.0,-0.0,-0.0,-0.0,-0.0,-0.0,-0.0,-0.0,-0.0,-0.0,-0.0,-0.0,-0.0,-0.0,-0.0,-0.0,0.0,-0.0,0.0,-0.0,-0.0,-0.0,-0.0,-0.0,-0.0,-0.0,-0.0,-0.0
-1 1 3,0.0,-0.0,0.0,-0.0,0.5176967882003699,26.635737959413714,0.0,-0.0,0.5685480891615312,23.86987436098545,0.6077605923842715,21.663366629299055,0.5263826855545611,26.168789858794,0.5421391827262255,25.31651819546209,0.6436405895294757,7.834425018982185,0.7695282997629155,7.140028227415914,0.5225907583885977,7.966021528028904,0.6614771795669816,5.060226200264059,0.7721234514135302,4.728833127300444,0.7219015063291254,1.738448662165541,0.7561464725967993,1.091646481997318,0.7534110336184415,-1.3077331469887779,0.713957348368964,-2.2746475170660694,0.7092230890549956,15.136163919857626,0.6573812196640997,18.69870544057152,0.750749685757035,11.178342374161994,0.7627581045097217,3.627003148079785,0.6105845961552127,-4.178375392560307,0.6907483659278875,2.9400822949761656,0.723982886916946,0.47434142204978197,0.0,0.0,0.7289601116975528,0.0,0.0,0.0,0.7368599152256256,0.0,0.0,0.0,0.7330718080612143,0.0,0.0,0.0,0.7351253638208528,0.0,0.0,0.0,0.0,0.0,0.2921207080698724,0.0,0.8788092502749156,1.2207535698411087,1.2447598354197462,6.105869925270341,0.6880114142660089,4.675826715448449,0.738495865254362,1.4028308718919384
-1 1 4,0.0,84.10250747377947,1.1333937504192377,85.7499925448341,1.505526286287575,66.25241923309731,1.2217709486303687,87.66785675064264,1.578319208136846,67.06430160912605,1.607720046636055,67.43105610844273,1.5202990263135536,66.41190875264041,1.5447749339145656,66.68108454886556,0.511859222130087,15.47673646966373,1.2124183440008234,59.10792519588257,0.41960156652556696,10.990613991619526,0.5983211407272583,21.97285175635061,0.6730368310462191,32.92234281869176,0.7438204525714229,36.9765211320497,0.7928292917077826,39.788962957470936,0.8025019653535571,38.58789967547383,0.7660617525943063,39.974805510459035,1.526615910995692,66.31245564717969,1.6013882200966763,67.38978604710695,1.3840227855636618,63.61588569450126,1.054174943523176,53.12886802500887,0.7271690971175354,45.26111048257589,0.591811749278634,23.748829524611548,0.670652221857947,29.715304239437888,0.9237955776515102,70.02022455805312,0.7451661552549647,35.270252392414676,1.3201500329668052,60.38803019641115,0.8023908726410006,39.77202999025521,1.7284510111262958,36.619737428480306,0.8804807379515904,45.34128923464087,2.145149383764227,40.69872785242436,0.9981394149630957,51.536207060394005,0.38998349863440174,58.21514952544429,1.495472644665039,21.228848201347972,2.9183715491530045,47.03770518804953,1.6602762632157142,59.16051310175611,1.8299339489015758,68.77565337561563,1.3731138197355832,62.52092031878345,1.1759846641987486,58.191686903229765
-1 1 5,0.0,0.0,0.0,0.0,2.702051016486686,32.986181489898755,1.5423251029051563,0.0,2.6709904481686544,31.26574359366385,2.6357839536444825,30.05864655227991,2.6976266096281,32.681304764402874,2.6887534567014435,32.13931068157556,-0.2580692033130158,-7.247634993516771,1.9226654042519422,24.084326412789398,-0.19379633199719054,-6.365511941831482,-0.2795984581898098,-5.686778608040799,-0.1798967122898351,-0.07732222209250572,0.014306434276659969,4.164324796664985,0.1572349176307883,8.75397786310883,0.4026278366890115,9.431840211452785,0.6800925543576841,15.007000583812808,2.4439296824126093,27.390643088112565,2.567904872003891,28.69412807211503,2.23572369104645,26.04712331960317,1.5108634385000668,20.84686179171624,1.054068100519797,22.695895767296733,-0.09376955203479259,-0.0,-0.0,0.0,3.0678037258715536,-0.0,0.0,1.382955371939605,2.4655986526618805,0.0,0.3352028167240278,6.563927714689544,2.2839446041990246,-0.0,0.8081221524542909,11.585613784848459,2.548669266619164,0.0,1.3320914494082223,16.249142583557195,3.3131060737827,0.0,1.5129361028454682,34.810922704174295,0.2983405811944181,0.0,2.334156841860105,26.369446368520894,2.5013788731631728,27.81279993077082,2.2210347123268566,21.621504410560718,1.8220778856891515,19.254942224799798
-1 1 6,-0.0,0.0,-0.0,0.0,-2.508415577975434,24.300803062703558,-0.0,0.0,-2.4074601821008357,20.072927214142396,-2.312934193923577,17.06358151564585,-2.492575403286666,23.555639338295894,-2.462460988651763,22.226997286312255,-0.09443526371433004,-0.10288052453291244,-1.3862879781762731,5.828453480649451,-0.1811171885532932,-4.083847923927887,-0.0064429640094113855,5.398151747537826,-0.1627616382470245,10.089280001970797,-0.3635015648290232,7.118328371251167,-0.5226982824013504,7.668782098594035,-0.6127573221697967,7.647386155835452,-0.6915215993558209,5.656504471041924,-1.9498849476900213,10.377614045866046,-2.1633082125166934,13.610910351438426,-1.6815051291268837,7.761081030038078,-1.0969841582918674,4.657915914120663,-0.7430484447811712,3.5509848848366254,-0.07564096218341107,0.0,-0.15384174214965982,1.3050376284902263,-0.07789546995186462,0.0,-0.2742966957639784,2.8908153143540765,-1.2543871501193102,0.0,-0.43379506584075883,3.177231986375697,-1.1133304382402074,0.0,-0.6331371868104934,2.9499794057350104,-0.8200648565750863,0.0,-0.9043593670135375,1.611976762747302,-0.0,0.0,-0.7872998434064776,0.0,-0.44840756923752345,0.0,-1.9660305157225682,11.222718024596036,-2.3127743304702064,13.699119589875314,-1.5488805317822065,5.148309903749032,-1.218354264419812,2.3097854622027496
-1 2 1,0.0,0.0,0.0,0.0,0.4097750577144177,-19.748250966783424,0.0,0.0,0.43972304624220676,-17.48922049003201,0.46043987851576357,-15.611788426196217,0.41507060602354107,-19.374951711592516,0.4245058318326099,-18.685071298869282,0.004362075851686566,-0.6374177327101601,0.4266102846184844,-4.837414554710844,0.022316117889297386,-0.8310514411182564,0.0011309297223666586,-0.671347701615905,0.0013508945136062515,-0.31292246847936633,0.008890045666371606,-0.8890242905054625,0.02072072297718346,-1.258922159797713,0.023184522531540876,-1.8832560453900447,0.050310160786931644,-3.013318744172918,0.49214210514288914,-10.042557926924681,0.4815715666559934,-13.036268728236422,0.47782758806351705,-7.1604722381732735,0.338187618966811,-3.1376386219959285,0.05060670765261135,-3.8234454838232668,0.0,-0.0,0.0,-0.0,0.0,0.0,0.0,-0.0,0.0,0.0,0.0,-0.0,0.0,0.0,0.07124732586383266,-0.0,0.0,-0.0,0.1849717325287941,-0.0,0.0,-0.0,0.0,0.0,0.0,0.0,0.4075694817061714,-3.2519710330221696,0.40654246320294285,-6.233645904100922,0.3573364721224521,-1.245105832321055,0.2881838394342099,-0.0
-1 2 2,0.0,-0.0,0.0,-0.0,-0.29087375188367826,-10.078369239955281,0.0,-0.0,-0.22837269587183937,-10.868404966808317,-0.18799937916971815,-11.247788467911935,-0.2794955889785733,-10.234015220951036,-0.2595567046666575,-10.49564319851167,0.129587262701747,2.7636097965949498,-0.050352819138582285,-9.50506292280439,0.027540124161194342,8.663874558726368,0.3098294621192394,-1.3319442146389795,0.6198996353080994,-5.797620556462776,0.8015862335288517,-5.9144377086594355,0.8649547335130301,-1.6138556571475213,0.7662100149562305,-0.6935911823172956,0.645537868555337,-0.28362714812376355,-0.12062694410359952,-11.035659134851118,-0.14854035623313214,-11.378613060568602,-0.09760873382260879,-10.310331988881789,0.04891377953700139,-8.693392070691353,0.5793012807829337,-1.2744398207289989,0.28113714419199065,0.0,0.38496937619986316,-0.0,0.0,-0.0,0.42850485745152117,-2.829694736959548,-0.0,-0.0,0.3862349848631334,-4.743601355130808,0.0,0.0,0.254488170438193,-5.3491232951725785,-0.0,0.0,0.06298090903160465,-5.830812244707081,-0.0,-0.0,-0.0,0.0,-0.0,13.806232563548141,0.0,-12.087352979027527,-0.0,-9.504027638128427,-0.0,-8.00239985655938,0.0,-6.359228464918606
-1 2 3,-0.0,-0.0,-0.0,-0.0,-3.0496471556204447,-38.10072368288169,-0.0,-0.0,-2.9480014062935815,-35.804193873672965,-2.854726748499884,-34.37990999391038,-3.03349347168821,-37.67829139159638,-3.0030155198509707,-36.94185212413947,-0.19368568592233731,0.5954522247176195,-1.8646781331612812,-32.35888378549037,-0.1383698801260074,6.641530837748208,-0.26102426212131896,-2.5880032897594445,-0.2876993183242092,-10.653093515978892,-0.3516581313817093,-18.50411265248732,-0.42618953326694803,-16.613700978532762,-0.5714511520888176,-16.037641858476917,-0.7280496865305218,-19.499513182769334,-2.4940260163036525,-32.62597771338339,-2.7078482909031996,-33.13639263366711,-2.209037365896096,-32.74382662720759,-1.4865715824375267,-30.13917697449982,-0.846375790496788,-22.500942775571534,-0.14920323437400612,-0.0,-0.23772801830127033,-4.105379842772098,-1.0988251234575215,-0.0,-0.3781944768786382,-10.04641646217816,-3.582601225426243,-0.0,-0.5795055917611386,-16.579319520257133,-4.133808750656979,-0.0,-0.8967707973450392,-21.816296485849445,-4.612646084287919,-0.0,-1.3066081978994208,-26.310666577864097,-5.637487177453953,-0.0,-6.331057325711588,-0.0,-5.695642862116764,0.0,-2.4520014489723834,-30.405238912066636,-2.7823197850424988,-26.817975041749428,-2.1068358550190682,-31.06502730866581,-1.7194750661128366,-29.697321291652912
-1 2 4,0.0,0.0,0.0,0.0,-0.07911284508236995,0.9075740421350611,0.0,0.0,-0.07284056542968365,3.562284109880284,-0.047264898193595986,5.7446053728057205,-0.07988871331006943,1.348717185795048,-0.07945243275737324,2.1613348952389324,0.0730787160841778,3.215883672607995,0.41549048639595143,17.178672829145047,0.015877190344854946,4.933629480923807,0.15600306770364017,8.968810162726578,0.41960363321061006,12.554417864884378,0.6438748950667039,14.432714563561321,0.7813887682314464,19.436752067705054,0.8209943880480162,15.619257271688603,0.8134608682221502,12.195049791906907,0.1338412891271109,12.117980106165293,0.017655228202532496,8.71174858000921,0.28164314101140364,15.234865573838409,0.4995043937886214,17.431440524315754,0.7401751830275642,11.49805019241314,0.15353168882580073,7.067145506304531,0.2751511919938406,9.124287553781295,0.0,0.0,0.38460676823922907,11.30162108336808,-0.0,0.0,0.45458748669597965,11.85966059418669,-0.0,-0.0,0.4544706383553763,13.662077112851271,-0.0,-0.0,0.43509074089991956,15.885643365289646,-0.0,-0.0,-0.7537161766623032,-0.23702767934347074,-0.0,-0.0,0.13701828790642717,7.200824663801283,0.0,7.467659199859423,0.23276605581675874,13.345578512209743,0.3498610323911471,16.318845282127665
-1 2 5,-0.0,0.0,-0.0,0.0,-1.3753983596154122,54.645243328757886,-0.0,0.0,-1.3645628590581793,51.8808902836316,-1.3468754064273967,49.15785626178966,-1.3743372611408486,54.22493273761019,-1.371635565828247,53.4108919000621,-0.36552045184131077,-2.778894753907306,-1.0094093646917779,23.497493756194814,-0.268788801142412,-3.574988937313365,-0.36308880806300436,1.848436328526172,-0.5016479293704597,3.357946289298713,-0.47084470574126774,-0.26778194312567627,-0.5303985041170419,3.41732076556774,-0.591685558929174,3.9274175462645893,-0.7509077876125051,9.755934408708757,-1.2377135293206833,38.472383538417446,-1.3080399566438787,44.736260627013934,-1.134791256414709,30.994825568861696,-0.8738875283530991,16.946261287491975,-0.8668833260846671,16.298730921196483,-0.3415417402080532,-0.0,-0.4050027267726887,0.0,-0.0,0.0,-0.47391439418020703,0.0,-0.0,16.202087685860352,-0.5717238782434598,2.3267648961113476,-0.0,75.8983388202513,-0.6875055500606301,5.8544031173300946,-0.0,87.09279321110942,-0.811346654105493,10.864260300348779,-0.0,87.03243752521797,-0.0,51.49919004928865,-0.0,86.87570510399561,-1.327097237116015,34.68223299038996,-1.4843121431276975,44.846911413152895,-1.05401237045577,25.846835395852143,-0.9290356626742347,17.82049662454842
-1 2 6,0.0,0.0,0.0,0.0,0.37798542999764284,-22.797345173311346,0.0,-0.0,0.44758709070437047,-21.45929170581954,0.4959346940106436,-20.172166212242345,0.3903553032504916,-22.592143240154083,0.41231236522104936,-22.196411998052756,-0.3114472454306052,-0.7811204313000022,0.5931309783180096,-10.257283914342233,-0.3784470216810303,-4.066849175089168,-0.1893353232965559,4.133528317678467,-0.029123789712608057,7.109511099732286,0.08593651322272705,1.1384186927994797,0.2269457759912291,-0.34157704167950886,0.3988220701530549,-2.1784713301339593,0.5683601721288201,-5.3085518106494565,0.5928626031133112,-15.52508720458023,0.5490286800816935,-18.163130244506554,0.6131361915657952,-12.736548555515466,0.518413707265682,-8.003985736457356,0.6748745509920511,-11.198740872957188,-0.11993611867700235,0.0,-0.0,0.0,0.0,-0.0,0.0,0.0,0.0,-0.0,0.10648040697565389,-0.0,0.0,-0.0,0.2869725905527948,-0.0,0.0,-0.0,0.438812616164893,-3.08823011211631,-0.0,-0.0,-0.0,-0.0,0.0,-2.6141683876043715,0.4685910381869078,-9.456682764410631,0.7013991320712656,-16.23913300342998,0.5448867856451466,-7.305114480529588,0.539424970950075,-5.284282630489328
-1 3 1,-0.0,0.0,-0.0,-0.0,-1.8479629340522976,-98.07460933091168,-0.0,-0.0,-1.833492032303959,-91.09360011230751,-1.8170493319652377,-85.4620528091568,-1.845861595024834,-96.89917395240454,-1.8417067119625055,-94.75130373106073,-0.02116513440297723,0.9940070246635644,-1.3683181327021696,-43.31883049403041,-0.027530953688827724,2.4229144538228007,-0.02363575458113739,1.1004823986883885,-0.01388445315387816,1.8328075912734312,-0.07308114835454026,1.6316510321775735,-0.12825919510307002,1.7140038800378565,-0.24078387153678577,-2.1928025162856906,-0.34918449443721933,-5.948817298047387,-1.7143048247336594,-67.92011007244322,-1.7833382166577676,-77.70842426476914,-1.5831445192815727,-56.260382853328046,-1.0768318299273794,-30.376640616548354,-0.41491001412498624,-10.39773507951812,-0.0,0.0,-0.0,0.0,-0.42812008138236435,-0.0,-0.06554093528570988,-0.0,-1.0316253811460088,-60.59066852787333,-0.24508715869728942,-3.860886428117205,-2.183759054174138,-115.12320975790446,-0.5201383600751469,-12.16203500315356,-2.189302259004085,-116.03853640916158,-0.8619721507651131,-23.98891669311799,-1.4663514115709644,-157.36626772537764,-0.15990477364362532,-95.70370222202918,-1.2958791206139057e-05,-106.48490807595934,-1.6599785385821728,-65.21408890968655,-1.764337316067269,-74.74332505566368,-1.5126153227252719,-52.91346504655932,-1.2293849103523347,-38.15365802345028
-1 3 2,0.0,0.0,0.0,0.0,0.4445557079627222,-3.86850478735914,0.0,0.0,0.4865681152502821,-0.42270151701832487,0.5167982848035398,2.2996354098249085,0.451912788849911,-3.2851408107640716,0.4650816737694824,-2.221861169071886,0.01491507842493203,5.029244741377791,0.5674295605921028,16.12352748695343,-0.027317981803173814,6.697675891423244,0.07283221713586936,7.9890069573165,0.21034761640414087,13.003869801590163,0.23293136100923184,17.969499097134584,0.21419039945643178,24.449229806787965,0.20597393038015385,26.90202068155255,0.23400325895365057,30.277850234040628,0.5799869353291444,9.871374197223565,0.5511814975653316,5.872588400446163,0.5905302389943244,13.561699209229094,0.4988401424128648,17.157995745165287,0.40209048933759645,29.699583467175803,0.0,8.994610380906872,0.009862256454823434,9.48935663173971,0.0,0.0,0.06371953708468125,10.764635479145845,0.0,0.0,0.1377428827465569,13.002868602202138,0.0,0.0,0.2561237408871254,15.231053847185189,-0.0,0.0,0.3794422222631308,16.426558087772715,-0.0,0.0,-0.0,0.0,-0.0,0.0,0.48203690511345054,11.009775648883236,0.43780903336524535,6.299888985474568,0.5305372533730649,13.401522777955483,0.4734772234682648,16.264416015052873
-1 3 3,1.5261399636144757,0.0,1.415590525914713,0.0,1.455557041341293,88.85297738265044,1.9286799548112779,0.0,1.4689847362751658,84.37985469481907,1.4733333924813528,80.41735390120353,1.4583787974770164,88.1312782231033,1.4629726074930316,86.78070689021378,0.01720346852974579,3.995501213095199,1.385565692806917,45.301592402428554,-0.1196895409523283,5.084985865136054,0.26489960112017696,8.802481158379184,0.7416373221206445,12.010366953923597,1.1884674782288749,15.069042475821878,1.4395321797039442,21.609045994766554,1.4928110582069856,22.74548276463214,1.5748621531702875,25.643072349498187,1.4507249495489596,66.25871160499547,1.4692404583687662,74.44054105223996,1.4203997750130857,56.20726935887575,1.3396393770393171,34.95100384055543,1.6994583005605555,25.330201076950175,0.29251074719294023,7.3872332146121265,0.5918372217912693,9.944157806897651,1.385752139040315,45.83118692223502,0.880083037898009,13.507917317503418,0.7181476062565192,72.65681665068303,1.1106033546558438,18.176262951521082,0.4062651120066282,94.71123415170119,1.2705466365362772,24.40086682309017,0.20632170862521515,115.19796490127986,1.3958593655120304,32.93683280194879,0.09362640102577335,105.34252954264882,0.0,138.7789348980289,0.11583761198579404,115.45959388222724,1.4979881977426581,67.65925966439308,1.374234079610311,78.28487851639805,1.4763972556117042,54.284366250264114,1.440571150794841,43.18167574330412
-1 3 4,-0.0,0.0,-0.0,0.0,-1.8811854303647582,-20.387584782441724,-0.0,0.0,-1.8981135470536548,-16.98224001765671,-1.8956332929333377,-14.085529942478848,-1.8854362267868245,-19.829938962607674,-1.8917965973042594,-18.794380645640924,-0.5335328972017654,2.1744814983071823,-1.5010679098873312,3.760115440118462,-0.44919578651163855,2.289832664431483,-0.598614399666146,8.06473499582797,-0.7033608928304246,6.546845026828913,-0.6749362523082275,0.0627256453607218,-0.6817478252820651,0.5888114481409832,-0.7276361155906895,0.07444201980244457,-0.8628015362110619,0.01214123685780618,-1.7935042538550698,-4.984816913097886,-1.8668137426080957,-9.983128395497237,-1.6698535087661452,0.017742789998844943,-1.2963330301345437,5.375157564536221,-1.036215686432958,1.0183409320307877,-0.607165314657092,0.6738428063964192,-0.6403531333156307,0.6667205488684801,-0.0,0.0,-0.6847848589346123,0.5927996465118913,-0.0,0.0,-0.7727621178490242,0.6961417844866666,-0.0,-0.0,-0.9501346839846353,2.3569185858239163,-0.0,-0.0,-1.1736404240341902,3.827053463279786,-0.0,-0.0,-0.0,-0.0,-0.0,-2.0380596469467096,-1.8698122851895669,-0.0,-1.6244315419409836,-0.0,-1.6554568893506374,0.0,-1.4160123417242598,2.5178807425465797
-1 3 5,0.0,-0.0,0.0,-0.0,0.6692615202700817,40.920213209477446,0.0,0.0,0.6549345135745789,38.93886050479449,0.6303142902023456,37.002843134521214,0.6680053790105992,40.61614369169048,0.6645431824485811,40.030779243047185,-0.18938942254733787,-2.4872747301916642,0.28353317971277997,15.929185164543842,-0.2474586390693251,-1.8940485036810797,-0.07476320118404954,-0.1736422928679308,-0.1258239942154835,-2.6675492236913128,-0.0011481088299788102,-11.15229662867236,0.14827188770011554,-13.555718434191146,0.41300461793543736,-13.51062181809876,0.5769579807937879,-10.133841026878267,0.48802999303888256,29.100450788651926,0.5772186009962765,33.819216610964645,0.37799366743428026,22.949857341105005,0.2295531422944254,8.79398096902772,0.614821308216957,-5.813398179192945,-0.025845602945500566,-0.0,-0.0,-1.5622983542521847,0.0,0.0,0.0,-3.3450858504714835,0.0,0.0,0.06885788640858002,-1.5981207585808443,0.0,0.0,0.1347105530732737,-0.0,0.0,0.0,0.15116072478620274,2.0546668667502335,0.0,0.0,0.0,0.0,0.0,0.0,0.31149306138079896,24.91084092351776,0.7041442316844403,31.23898932092228,0.20341368580776698,18.373685942383126,0.16110229519627892,10.45297864557271
-1 3 6,0.0,-0.0,-0.0,-0.0,1.4081791541378141,36.62436289437577,-0.0,-0.0,1.328578076269635,36.44531432314063,1.2541686075577254,35.96021188859566,1.3957057378640059,36.62332954840942,1.3719669724487316,36.592304985313234,0.009291761351535593,-0.9251442983033582,0.5843348934922318,22.6903486692487,-0.07285295725666191,-1.178385247791726,0.22013880177177625,0.7702071289884004,0.15986133884715792,0.57849917235484,0.10836751677967056,-3.0236908145891337,0.02035441306872257,-4.201240498499756,-0.003929546115284104,-1.7691243430823202,0.013605585960348764,2.9296190926611616,0.9763083708965908,32.28464433535984,1.1377033794681595,34.73210700763214,0.7833480372300524,28.28337722385521,0.4012965304495133,16.004319297519302,0.007976676469812457,4.797478460437504,0.0,-0.0,0.0,-0.0,0.0,0.0,0.0,-0.0,0.0,0.0,0.0,0.0,0.0,0.0,0.09934660533308412,3.1020897940329166,0.0,0.0,0.22843551253686262,10.089115383381813,0.1341573882711705,0.0,0.0,-0.0,0.0,-0.0,0.715303024128316,29.48722651810592,0.927187774731809,32.92482138211588,0.568202211156306,24.428485644266118,0.3860223330815091,17.586271153450756
1 1 1,0.0,-0.0,0.0,-0.0,0.13002847177738328,-0.4938740667499179,0.0,-0.0,0.12356603022675099,-0.35228394575808514,0.11859639931528063,-0.2610189495704074,0.128925947352131,-0.4680673238662037,0.12692370088092012,-0.4228790557660582,-0.0006253346424234089,-0.30829728864670014,0.08712198090115675,-0.16349434189377052,-0.0023160388200008067,-0.12048834353182587,0.00454779784913039,-0.3959108657421993,0.015487137960655834,-0.4990080885527785,0.022653906973758037,-0.34913691774121386,0.026571320705521262,-0.30470592256599327,0.02990033564752769,-0.25297759192430797,0.03879822511999977,-0.2643185273958802,0.10562659224189691,-0.11834799642351518,0.1123617116534799,-0.17264287182976057,0.09807871125364502,-0.11532968814512025,0.07062340536868977,-0.2408826964336709,0.04998495565841644,-0.4269766157874738,0.0,-0.0,0.0,-0.0,0.0,-0.0,0.0,-0.0,0.0,-0.0,0.0,-0.0,0.0,-0.0,0.0,-0.0,0.0,-0.0,0.0,-0.0,0.0,-0.0,0.0,-0.0,0.0,-0.0,0.0,-0.0,0.0,-0.0,0.0,-0.0,0.0,-0.0
1 1 2,0.0,-66.45729547899211,0.0,-109.92747308203384,-0.6482821815833572,-56.83974211615744,0.0,-113.9625840936564,-0.6171015339380148,-54.24766263359052,-0.5877700000236521,-52.137702127425506,-0.6433951384731539,-56.40496570472205,-0.6341003341924635,-55.60884674935858,0.4420951353120107,-14.503671805943327,-0.27260729115982046,-38.56436151254599,0.3351420626943741,-7.511784051556015,0.44687843550561523,-22.577350258937656,0.454472228669518,-33.74181869585965,0.29298703255211817,-40.04016089402449,0.2361330338872086,-44.82980876461887,0.1776980332708746,-47.49157221007551,0.06355719106034594,-48.32637560978794,-0.47242676329354766,-45.5901869541812,-0.5408634138399558,-49.21486394529514,-0.38216844532563793,-41.71299710746489,-0.14573603250931577,-37.007335973671985,-0.057997835632551786,-50.216028765226824,0.3419457167430493,-22.20507120229096,0.319017487295496,-28.41936953591952,0.0,-135.64416725798048,0.24000129388214186,-34.00872331562474,0.0,-141.65467140482406,0.12228319941159321,-37.19688592147205,-0.0,-110.54213793572708,0.0,-38.14624631858277,0.0,-118.40096781482687,-0.0,-37.19443972819915,0.0,-112.5385125981992,0.0,-132.3496586780779,-0.0,-114.80423673616428,-0.32206691511519453,-45.36678095341848,-0.5010237090081856,-55.39189422985076,-0.25839453913863997,-40.35970014651468,-0.10688004840665345,-37.93251922043282
1 1 3,-0.0,-0.0,0.0,-6.282488224358415,1.158597446475147,-35.972675834099924,0.0,-0.0,1.072052487080724,-35.427715923401216,1.0079188269243684,-35.05362913611841,1.1435623776166715,-35.8759814539632,1.116544461821241,-35.70403413623645,0.35726950925729195,0.8229094424909419,0.6379241673109409,-34.50381112424585,0.31698755146499497,3.993904807171842,0.2874261016244228,-6.687568459431925,0.17945229586596415,-15.44505478365228,-0.04823268660739568,-27.16581899357595,-0.1088059435245978,-31.673005102451718,-0.09753903430688998,-34.148679375374655,-0.08750559660595841,-33.345542081696905,0.8452751118439678,-34.44563679542068,0.9294868464937384,-34.671652339810855,0.7535515631526186,-34.468231187086495,0.48718364382655577,-33.885143969789354,-0.08334097618737242,-33.83593193982076,0.16263647348491853,-3.322466556150334,0.10194935009693963,-10.756900460581472,0.0,-19.933935646950843,0.046261335899523526,-18.682441773976766,0.0,-35.884940023611044,0.04570113856855473,-25.357857619799017,0.0,-38.52776689806771,0.14635813158982774,-30.60279374912296,0.0,-65.58342415191247,0.3104482995902447,-33.571499488378855,0.0,-10.235495937482792,0.0,-0.0,0.0,-14.094973085268519,0.7520857910446724,-38.44828571227134,0.7412959370947841,-31.94939226216947,0.6182685015485461,-35.95877896714119,0.4737578897021854,-34.58804145469505
1 1 4,-0.0,-24.03788020510576,-0.0,-27.759909376713836,0.07926427317277213,-19.560343771916827,-0.0,-40.92422804207039,0.11941030841924713,-22.691304884786177,0.1283771257480518,-24.999585903328523,0.088065520981945,-20.10447269184119,0.10209538168075682,-21.082279405323995,-0.16264132466541112,-2.74177960642801,-0.23777912270600923,-33.73079969011861,-0.02722224597422003,-1.8205844313179966,-0.4152384595184091,-8.012280389827554,-0.5483288039141142,-18.942041645248015,-0.7235485092127403,-33.58606706255978,-0.693185043074891,-36.9199618678969,-0.676816458902281,-37.60380200678968,-0.5852943505614232,-35.680157886309416,0.026460685662748916,-30.4298528205355,0.10464832540870087,-27.755938353529373,-0.09919942685843039,-32.51446024414503,-0.35699665352056975,-33.94398175786852,-0.4397772043772672,-33.1414323619678,-0.24472633960358287,-8.076573460334721,-0.3622763803467797,-15.126274418115054,-0.0,-14.864391447803092,-0.42226274418296667,-21.903556342556314,-0.0,-0.0,-0.4226483688740415,-27.420332739986982,-0.0,-0.0,-0.3922133889634336,-31.945579452169667,-0.0,-0.0,-0.33007515776738605,-33.6982977557423,0.0,-0.0,0.0,0.0,0.0,0.0,-0.0,-28.82515490476626,-0.0,-26.525302765089304,-0.0661012600442637,-31.342628560383996,-0.22076491568692977,-33.34067249319207
1 1 5,-0.0,-34.37872197118796,-0.0,-12.028821196490794,0.6829397196630808,24.248630689163946,-0.0,-0.0,0.5297647297913379,22.541080424785672,0.418706643658927,20.936004804473054,0.6561387253448642,23.981035194390476,0.6081577431950039,23.472003979462453,-0.4775151087551091,-9.164171625321044,-0.04287793583844115,3.9434882253253813,-0.36883148771604285,-8.899111270478574,-0.6130883235425401,-11.345853525113903,-0.7777717071773678,-14.267827620431989,-0.8166107299597721,-21.864336729432065,-0.7568537699963037,-22.535316183631714,-0.6578448052473232,-22.833422778605133,-0.499372538874956,-17.401221148244833,0.16233351168368623,14.648038781242128,0.28836826267781174,18.37461368312896,0.05430887623379342,9.755155212515975,-0.1492757779979246,-2.321933240528525,-0.2823279061786332,-11.071623550491374,-0.580777327068091,-11.105198727938173,-0.5992725098359485,-13.066631998647047,-0.0,0.0,-0.530688916557246,-14.269012369403791,-0.0,0.0,-0.4150435347199232,-13.283490106784491,0.0,0.0,-0.25726147920204795,-9.600788137961437,0.0,0.0,-0.08036538508498828,-4.13268998180317,0.0,0.0,0.0,33.06039780317963,1.2917646606603606,77.62140561683945,0.0,10.775346886565254,0.3802484770192574,12.586971582184322,0.0,4.595666972071353,-0.0,0.0
1 1 6,-0.0,-0.0,-0.0,0.0,-1.1287802246896768,30.58226354394396,-0.0,0.0,-1.0223747834052035,28.515696113815913,-0.9513197111189453,26.718706510189687,-1.1096382537814444,30.246405371441178,-1.0758750033917142,29.620302490283674,-0.24168706454120256,-2.603830341147892,-0.8206163941697648,12.290622456073061,-0.2794619275646664,-5.834644161858957,-0.19393360073998947,1.821552052960744,-0.347602145782858,5.451436990284225,-0.6084060214581715,2.624495609259469,-0.8051678566003265,2.8725109907028745,-0.9678643622519826,3.05188681376909,-1.0331399544234179,5.123403031195307,-0.8289691669571982,20.598729083293744,-0.878956161818563,24.076619082328172,-0.8129317526830806,16.525356422084446,-0.8282229576179236,8.380063729944565,-1.0628188354585542,6.516414236934889,-0.2726680205664155,-0.0,-0.38907319556244013,0.0,-0.0,0.0,-0.5463716715138008,0.0,-0.0,0.0,-0.7017959229476312,0.0,-0.0,0.0,-0.7981102423733829,1.156974405962652,-0.0,0.0,-0.7970851127092807,3.7803020060687333,-0.7593818231154128,0.0,-0.9742659306604969,0.0,-1.4763417122695033,0.0,-0.8420567856634774,17.77454797048416,-0.6820347620640568,16.299636180888754,-0.8094655704511606,13.33790737799037,-0.7912729205685843,7.807956306295616
1 2 1,-0.0,-0.0,-0.0,-0.0,-0.11713187371566548,-87.44244134312697,-0.0,-0.0,-0.12481628481345042,-78.6900284662708,-0.127101692346682,-71.3202562523864,-0.1187597376106978,-86.00322096627988,-0.12140069290900138,-83.33654982178678,-0.010003207793408735,-2.762217853546417,-0.06647130622261231,-26.055266354924832,0.011324817758391725,0.2798423688206297,-0.04030606037787323,-4.902338418395592,-0.10459300125384756,-10.928835030504363,-0.09913303545683005,-12.33515585342202,-0.08249608737341821,-11.59970392536191,-0.035261150034464825,-11.493526485299617,-0.032823543270980395,-7.971766427621935,-0.11111360738959988,-48.6628008769977,-0.12396034646272167,-61.01639084840938,-0.08948507913388602,-36.29117991650618,-0.050056618296277465,-18.830570581090026,-0.0888963499792528,-8.864073886254593,-0.0,-0.8054168240345287,-0.0,-3.6571498201824815,-0.0,-0.0,-0.0,-5.892556810432341,-0.0,-4.969088706120432,-0.0,-8.204706111678453,-0.0,-74.68358752217307,-0.0,-11.269798458304551,-0.0,-108.67043627519645,-0.0,-15.531794523530944,-0.0,-184.06741964133036,-0.0,-170.6504055501242,0.0,-71.0461570221018,-0.0074309140348108,-43.51515063684222,-0.0,-55.99852528825793,-0.0,-30.882956036460314,-0.0,-21.52366201571027
1 2 2,-0.0,41.96971553137973,-2.7552014171579318,50.81689555975731,-3.1276101933428295,58.10194569846031,-4.867052467352509,40.11396782878232,-2.9785521447462666,58.507939975679385,-2.8512927736294524,58.69917746529593,-3.103131263573636,58.18134757347592,-3.057776649232159,58.31555237788146,-0.1141151590061327,0.4424142329706307,-1.7824576243044243,53.72796589958139,-0.05280427302007932,1.900639497019725,-0.18303305511263057,5.723625903244694,-0.37487429421928375,8.370763089672808,-0.5833760530708284,18.71263957463176,-0.746678066036608,25.96803065573751,-0.9242235752756942,28.913645512500082,-1.0080366412514479,45.35197296544253,-2.417913286677247,58.22027125705568,-2.6655800445435895,58.70902207555759,-2.1157000557294388,56.77241367459112,-1.449407851722314,48.45062592478947,-1.0666645720548797,54.07340513542538,-0.15265439526100882,5.480892240447414,-0.33353439394528034,10.491808164338941,-4.051927046074884,38.16189107662719,-0.5606601502082541,17.87640978814603,-4.11399676426442,39.633390455848584,-0.8095631129040498,26.657414247597426,-6.423138945706893,73.05394505061503,-1.0744933209343164,36.35389462215707,-6.5238714199957055,94.13165903655323,-1.3797228816583818,45.279614493479286,-7.732749444297443,108.8844554360751,-6.720133311313577,86.81052930874202,-4.917318245688802,46.39330390103982,-2.3700306703786507,57.81907323559278,-2.6273786482584445,56.520897106028805,-2.035817844970812,56.808155472937365,-1.7017432786425313,52.785305786043516
1 2 3,0.0,0.0,-0.0,-0.0,1.1752591647056694,39.37761544668597,-0.0,-0.0,1.1442494881062109,34.79004003378319,1.1103173912027815,31.02302649640882,1.1708554901590438,38.61198761028709,1.1619750069285466,37.205849727475716,0.17165759148082302,-0.1217915752078938,0.7443494921827242,6.20836924909447,0.1251309985481354,3.7070398738108383,0.22025705409091784,1.188829837447313,0.3201993560703521,0.923209861390498,0.33124088830526394,2.0156915354130893,0.3074500662872416,6.892816223710928,0.2765793508347206,5.063425126322579,0.3181678159983852,3.676403428346156,0.9646910485834341,19.329674607558324,1.0514720353539844,25.789947239808566,0.8585020168170315,12.375185677877539,0.6253484870879465,1.993051648250039,0.45143827510926104,1.5965773461188333,0.1357103589199751,0.0,0.16129848604240205,0.0,0.0,-0.0,0.18968748552400824,0.0,0.0,-0.0,0.25705419364528403,-0.0,0.9547602786952459,0.0,0.36623130038631707,-0.0,2.427932261290979,0.0,0.5146162332991472,0.0,1.5093258854644784,52.1416536465012,0.0,74.46592618182214,1.272508353304353,30.78014521269884,0.9433788861312717,14.217895351637754,1.0019894287745021,25.413851563200275,0.7919724941545949,6.216235520873601,0.6539092230855602,1.1514802138968552
1 2 4,0.0,0.0,-0.0,0.0,-1.8612166845526057,47.718726449662775,-0.0,0.0,-1.8826361359724981,42.218273123830855,-1.882069680760384,37.9718721319243,-1.8663100161554933,46.778464972519686,-1.8741405345155517,45.073811314101896,0.17468107203407107,-0.30071652388324904,-1.3001184658133287,15.250462100342725,0.07780427603451141,0.5037274504924826,0.3330646050186213,5.433306496157421,0.39731127937600297,4.455859478915078,0.3721364075313756,1.2824408020191431,0.3172396086388289,4.346865862426001,0.19752421183271787,5.605515658685791,-0.08495193330173328,8.757868361331381,-1.75788814028457,26.489303580961277,-1.8504455204477699,32.527100524768954,-1.5788512672076853,20.545665035530213,-0.9311940799269605,10.882650733130895,-0.3726297106316861,12.495859676643999,0.1681224020630335,0.0,0.22259439133262413,0.0,-0.0,0.0,0.1589804133138451,0.43219164310254576,-0.0,-0.0,0.0,1.189269919027009,-0.1650707042662183,-0.0,-0.1660589573210205,2.4027031470414526,-2.5237142480311476,-0.0,-0.6419380809623748,6.0393406435241275,-1.851037064410946,0.0,-1.6478664871881665,0.0,-3.29934441877893,19.29662479194412,-1.7582289507947262,22.6672639535116,-1.8126327839940073,26.224241372194037,-1.4884070722781844,16.39520448427811,-1.1081429068552142,11.012302892461285
1 2 5,-0.4674033313119423,0.0,-3.3605894157088967,0.0,-1.7804489641575056,-15.969041060821425,-4.513987567169668,-0.0,-1.7158404679920667,-16.992200071166014,-1.6802262693337147,-17.6352799447031,-1.7681292711011543,-16.154813228284432,-1.747066720631925,-16.481365893568565,-0.3462304117678092,-0.40379853411657723,-1.6611004563709952,-12.982420925777035,-0.2788743215356968,-4.5472530422486335,-0.4010056651166855,5.447604343287684,-0.709423586205859,8.448871622380967,-0.9148767323993647,2.6801683751674212,-1.1133243360416152,2.9942867361864445,-1.4086972367760937,0.4796493500757291,-1.6729762730590743,2.556098525697161,-1.6581393686120118,-17.92360349921409,-1.6563584725991354,-18.132552381191136,-1.6734460778685079,-16.328306407551423,-1.5788621191678545,-8.334778013215852,-1.767982195600696,0.6549449282682248,-0.48374843917487526,0.0,-0.6605183103030607,0.0,-5.696674998481956,-0.0,-0.8815420098679788,0.17789746681463361,-5.949679082520712,-0.0,-1.1662552362974374,0.0,-7.470954202875558,-0.0,-1.4348015478819223,-0.0,-7.080734798590325,-0.0,-1.614645958156485,-2.9285087371944467,-7.346603274138506,-0.0,-6.781793700852778,-22.62651946167139,-4.916232557423228,-40.05138758742289,-1.8615526579016104,-15.859615162415409,-1.5024703480407378,-19.00129427091914,-1.8252207701453893,-13.61172485320149,-1.7520234421903298,-9.307427006366888
1 2 6,0.0,0.0,0.0,0.0,0.40065088294760465,-22.840957808999466,0.0,-0.0,0.3487251828774836,-25.648897834935585,0.3204673428006435,-27.748248365935147,0.39072648173224617,-23.325567226734513,0.3737775574006885,-24.19992841228687,-0.11763577152342813,-1.2993914692811246,0.3795052610844653,-32.42150961066329,-0.26114074757482586,-3.904574528892615,0.08931327858834505,2.9647057502447156,0.189267199963002,2.8844808489351186,0.2888685010383028,-5.613133249979942,0.37493774862770857,-9.934276842810732,0.45943305746591956,-14.183439052954878,0.559388111802831,-17.63396921237928,0.3103135141775621,-32.54695468047916,0.3028949498178204,-30.26163232535611,0.34166941547266494,-33.62645873034987,0.40238043828196185,-28.381426849331735,0.5799965244636685,-24.880782747670075,-0.0,-0.0,0.0,-0.0,0.0,-32.410535009426546,0.13037728744129123,-1.3402475760574546,0.0,-45.031214003705905,0.2403205530206762,-7.920317641606935,-0.0,-71.38687649645122,0.299638670425705,-17.243457671775833,-0.0,-87.47320328885525,0.3171721822821364,-26.14588247727602,-0.0,-64.59541720746314,-0.0,-31.927980858675806,0.0,-0.0,0.28334545137428724,-34.67901090317591,0.5778858871668353,-36.20488157144214,0.22985010156018848,-33.8881012917036,0.3024554839356125,-32.04134522408308
1 3 1,-0.0,-0.0,-0.0,-0.0,-1.9040057283955334,-59.597640440886956,-0.0,-0.0,-1.7914975547245475,-56.29310199286994,-1.7069481516821723,-53.61577028758362,-1.8845448516631882,-59.04258367130984,-1.8494960762554666,-58.02688157335124,-0.06047333251976559,-2.6676685158196136,-1.1636422975106446,-34.059654519993025,-0.04466523744667427,-0.7111822952249129,-0.0999819622560965,-4.927591422955209,-0.16112719841806758,-9.924823235238382,-0.23290027678708308,-12.07499301331003,-0.29254756049075026,-12.988027421109958,-0.3935334592278968,-14.330002493859741,-0.4870267880033159,-15.439266841897393,-1.4802431444125634,-45.31175241176074,-1.600751954104904,-49.927181870688386,-1.3401757203197038,-39.93215491401939,-0.9462854158974927,-28.012441481484483,-0.5499578077183128,-18.766144285121165,-0.0,-1.707927632987989,-0.07126065948700938,-4.8122929321044055,-0.0,-0.0,-0.1892780126333999,-8.00510303029413,-0.0,-0.0,-0.3464489026478203,-12.37638310722357,-0.0,-0.0,-0.5531813244708307,-17.698200895755072,-0.0,-0.0,-0.7968451915359046,-23.998180886938087,-0.6091030243126322,-0.0,-2.5918855815732487,-0.0,-2.988546661137167,-40.441369272157814,-1.4140868706043639,-41.37947798018299,-1.6088804981175902,-43.65191685194714,-1.2441863344308906,-36.49326022524047,-1.0461523896967275,-30.231090738074222
1 3 2,0.0,-0.0,1.5769048063944504,-0.0,2.89632169599281,-75.13011463175755,3.2894713026725326,-7.825397833030953,2.9229018001745666,-71.57128472112755,2.923245128643269,-68.62268080335751,2.9025488421393355,-74.5383422991811,2.912190693517131,-73.44929770086662,-0.20011839472358173,-1.89976128713598,2.299096650759795,-44.92914226015325,-0.23610004667834714,1.0330609976003422,0.008693699821332234,-3.979242865040473,0.3954661444667929,-9.769955396957279,0.7923659365339927,-13.108705480481774,1.034894605147546,-13.3261176599715,1.1964527600624675,-15.081129081111012,1.457137508535464,-14.736039522718126,2.7812784092825495,-59.10685751533142,2.8872709927644884,-64.46484370588874,2.5839471792961977,-52.580322807985965,1.9482019053579402,-36.38701256373244,1.72844719048291,-20.23499613919711,0.0,-0.45440948144525006,0.26167395768184154,-4.62964041630582,5.539741985030033,-47.25766066828385,0.60765503796672,-9.64572491541944,6.972624406213607,-83.63115696462378,1.03603770955207,-16.32303801757417,6.562682025029655,-73.28626960079417,1.4720608297206195,-25.04820822322515,6.054069732424647,-89.20816124395563,1.928607567266769,-34.45034840362191,6.092587804964587,-163.9294412391279,5.57143813855412,-217.5581630352348,5.056844974546033,-226.35045553704535,2.9569512980964228,-58.7398751059016,3.1232006710816753,-64.03902091590332,2.6783686938108073,-50.95927460708977,2.3298114857949845,-43.187148381220844
1 3 3,-0.0,0.0,0.0,-0.0,0.34774656986912394,-43.36399564245501,0.0,-0.0,0.41971995204702317,-42.61050685869341,0.4771578284051786,-41.802497469309024,0.35983609743363804,-43.25320299691982,0.3819794599825982,-43.03496017186207,-0.5047750079940159,-0.03727208376295531,0.6662716065020711,-27.94824006368328,-0.41866141994873174,1.8908448327255754,-0.4962183743095565,2.2416316580636777,-0.3595157258239841,-0.5632824061482573,-0.1145060555474734,-3.1939289020297226,0.02883707309910717,-2.5995386727415988,0.14330952699721214,-3.7205197309460516,0.32881738635850505,-2.0267570990500534,0.6277377666200827,-37.74155031038426,0.5515227948941471,-40.31749603849245,0.6771813958367695,-33.659123600146124,0.5746092901886569,-21.078527401332202,0.5287995089253743,-4.422393707288443,-0.3478506007651631,0.0,-0.21887247503088672,0.0,0.0,-0.0,-0.023207801498393854,-0.0,0.0,-0.0,0.0,-2.5306705417118103,0.0,-0.0,0.2162111261245525,-9.92762430933829,0.0,-0.0,0.4872863719927339,-17.1629849599253,-0.0,-0.0,0.0,-0.0,0.0,-0.0,0.6585221242440515,-34.86951744850621,0.7335416444831843,-40.44536385764544,0.6967109286088631,-30.132541518439627,0.6561803351582127,-24.438522912411834
1 3 4,-0.0,0.0,-0.0,0.0,1.0852606044136146,-28.11924217881315,-0.0,-0.0,1.0987598539122794,-30.93571201765272,1.0953766058292362,-32.475914149187254,1.0887423291291713,-28.65299651502305,1.0938983607570703,-29.56967749489356,-0.5804061128029709,2.3133985209601446,0.6466114819867178,-21.494145697038178,-0.4107018072133125,0.8685253160999147,-0.6891975251736557,8.09430524625086,-0.7958646117251247,9.28969828820454,-0.6959885197285373,3.988089816943025,-0.6874888208199175,1.725653766693937,-0.6741188682041952,-0.9706364191701404,-0.5560624985982076,-1.2384481587693748,0.9923847572491239,-32.0607992215288,1.0669041999272737,-33.286497929066854,0.8559128244302032,-27.988594756481884,0.3612125331385996,-13.986773020394011,-0.3697030580456892,-3.740397013823016,-0.6294885097563219,1.3833908546896132,-0.6412277937371685,1.284408558467432,0.0,-0.0,-0.5717237360985571,0.0,0.0,-0.0,-0.37458906165938943,0.0,0.0,-32.14478674574503,-0.06715622192298501,-0.6508200676632052,0.0,-63.08435841992511,0.08014180750680978,-8.065364566636188,0.0,-56.23624261489214,0.5349209397715768,-38.38777099014541,0.3030888168349442,-0.0,0.8863439286920394,-28.267154242097337,1.23906350904453,-30.6156588971384,0.723047153105973,-23.65482284652212,0.45562131029700975,-16.115422316914117
1 3 5,-0.0,0.0,-0.0,0.0,-0.013300636841200466,-22.37317696974107,-0.0,-0.0,-0.05763727040751517,-20.37558368653887,-0.08422409140395612,-18.873063940643558,-0.021578172479800112,-22.02708795862155,-0.03588433890479569,-21.4045407264693,-0.21580513509955146,1.5819886263342875,-0.17834156988682218,-8.879322715002793,-0.17653319226441533,-0.5724742852348165,-0.170208700793837,8.05765075733577,-0.29491880044057905,11.548491829902874,-0.3208296859768049,7.552066063163854,-0.38083481969294963,4.923576861900149,-0.3929202817505762,4.048777186436829,-0.40441306529930116,3.867415622851193,-0.12207530754282284,-14.718405173207895,-0.10745357982969753,-16.96055210759965,-0.13915456354255928,-12.066175235342877,-0.23987941009598485,-5.21515594170091,-0.4678359917410812,-0.014053854199170752,-0.15171467076027237,2.0967696572129384,-0.198387934518445,3.500375690968847,-0.0,-0.0,-0.24619175028019308,2.884849363782273,-0.0,-0.0,-0.2671301755713011,0.936407980568636,-0.0,-0.0,-0.23814022449485012,0.0,-0.0,-0.0,-0.17932802550720234,-0.0,-0.0,-0.0,-0.0,-0.0,-0.0,-0.0,-0.04106723794460006,-12.659413344571476,-0.0,-12.803792725212361,-0.04787488279087617,-7.113370909264774,-0.09699043024982808,-3.3454988267826917
1 3 6,-0.0,0.0,-0.0,0.0,-0.8631698510361522,-20.565240841617555,-0.0,-0.0,-0.7613008296784188,-18.222246338887643,-0.6959513627563366,-16.440667163266767,-0.8445857496861733,-20.162425588094763,-0.8120559511399387,-19.43438920388345,-0.06026292819367778,0.5537562640030563,-0.5307456650844842,-7.125996709577272,-0.07971549976446066,-0.564986874776733,0.09487156594678087,3.786288036302097,0.0590227076449111,4.968933872751103,0.021339969164990757,2.1456145687253994,-0.08843646503804514,0.34515078223796153,-0.17509267861437033,1.2623632596535137,-0.23927174478032376,2.416402475928712,-0.5921325451530962,-11.78265190503026,-0.6331398405963322,-14.20211818272281,-0.5686727477812278,-9.410833634922538,-0.4505786789598955,-4.823225574971968,-0.31681961537123554,-0.08707751491449907,-0.0,0.0,-0.0,0.0,0.0,-0.0,-0.0,0.0,0.0,-0.0,-0.038003290925073416,0.0,0.0,-0.0,-0.15131624987349726,-0.0,0.0,-0.0,-0.28914429115887263,-0.0,0.0,-0.0,0.0,-0.0,-0.0,-0.0,-0.5455424157570599,-6.505830492265411,-0.4578099811842523,-6.422335899736053,-0.5061841641881232,-4.487706344690724,-0.41771804626505527,-1.4855433544840246
2 1 1,0.0,-0.0,0.0,-0.0,0.5535552520716442,-16.075082135445754,0.0,-0.0,0.5366961963302227,-15.590326774729803,0.521949823630998,-15.182758843634229,0.5508293085915401,-15.995208751573607,0.5457307274878164,-15.847395009074512,-0.002488392528356271,-0.37063922392496274,0.37331211908205414,-11.069697068419767,-0.008411989660814521,-0.10393400637049728,0.010227823970451987,-0.5582252739874086,0.03914752711859356,-1.0112387710836512,0.05610799596907827,-0.5548155660659593,0.07054484826930571,-0.5169114097466203,0.08354474062635824,-0.6732324166972994,0.12637985444445293,-2.4806737259176175,0.4708384698547865,-13.832178477331453,0.5002300730388999,-14.603014389339878,0.43096276669232403,-12.749487012780715,0.2941673743174804,-8.626388307859154,0.1771225945825013,-4.911623717033266,0.0,-0.0,0.0,-0.0,0.0,-0.0,0.0,-0.0,0.0,-0.0,0.0,-0.0,0.0,-0.0,0.051705037465183686,-0.39563948000078514,0.0,-0.0,0.15668217070522925,-3.858703580959608,0.0,-0.0,0.0,-0.0,0.0,-0.0,0.37991731533494805,-10.51847915172726,0.44044817606936676,-13.357539428910036,0.326835256885836,-9.118618941206691,0.25786723029098424,-7.105639805695891
2 1 2,-0.0,0.0,-0.0,0.0,-0.5550310987245499,33.79407300275854,-0.0,0.0,-0.5605079417058267,32.80583580168961,-0.5616808750077109,32.120266169468294,-0.5562278481151642,33.61666575627668,-0.5581406156435842,33.30392649031051,-0.28216816276938245,12.307863765578416,-0.47112052508614327,26.836436039923665,-0.22142112864663366,9.614600715426729,-0.29676893634293894,15.163228781352716,-0.31649937512550097,18.647743728976643,-0.24796599479648096,19.686344937488194,-0.2558784893445266,21.173007915251258,-0.30048284753713134,23.036075039804075,-0.31850301479342,23.420661837042182,-0.5437965331465234,30.27934556851893,-0.5578240544697105,31.295491812374664,-0.515308772760196,28.825876020534178,-0.4163287123508792,24.693318027433936,-0.31602807570495417,22.52128377199992,-0.1972349971768381,13.505657671771408,-0.21631697398016594,16.373800100444704,-0.0,0.0,-0.23038109099874776,18.91489378962721,-0.0,0.0,-0.2611277276464385,21.120577144386292,-0.0,0.0,-0.2991558056597599,22.44285193476249,-0.0,0.0,-0.3308788648867114,22.92216112974826,-0.0,0.0,-0.0,0.0,-0.0,0.0,-0.45439431336475017,26.077701346053768,-0.3075063043267723,35.244464249836966,-0.411298558242401,25.436512207103796,-0.35792565160986617,24.033066051316816
2 1 3,-0.0,-42.07417891070423,-0.0,-50.89463197072817,-0.42681458053133914,-6.040714275940696,-0.0,-42.874695913814634,-0.5055318748234561,-9.082009945047933,-0.5706950886968096,-11.829393785397187,-0.43987996596737317,-6.524772702827283,-0.46395512835009983,-7.438143202130617,-0.008281609362846418,-22.200460588871024,-0.8933363741595042,-32.69591006212563,-0.002826235478634322,-18.113623024235594,-0.07030072164660263,-27.024141177996995,-0.12484012785759019,-31.038468667259426,-0.20479271713297323,-35.294022839610896,-0.25091625688025937,-37.126979213026914,-0.36252817485159655,-42.071860183637504,-0.48409137406232905,-48.622880350256615,-0.7657645382200357,-21.3776993860201,-0.6606414350714076,-15.963460287474561,-0.8581804428191658,-27.33938280595996,-0.8365332649152378,-36.35231106375935,-0.6145287266696371,-55.418225954220375,-0.0,-28.014165961771532,-0.042374010939536,-30.645143539964554,-0.0,-51.30373791235709,-0.18755223880433228,-33.1207285339912,-0.0,-40.57519940992483,-0.3602392252894618,-36.3978059511652,-0.0,-28.111303685389885,-0.5885820815816185,-39.08801056146239,-0.0,-10.664670018477466,-0.7999328301218045,-39.02027811334216,-0.0,-0.0,-0.0,-0.0,-0.0948628990312314,-0.0,-0.7866047109926791,-19.061247037994338,-0.7097911158404998,-16.799466625759695,-0.8620760487098101,-28.14143595704782,-0.8867623782763059,-35.20462122014482
2 1 4,-0.0,-0.0,-0.0,-0.0,-1.8105361267068152,-9.899541772971004,-0.0,-0.0,-1.6911347997857105,-7.328172310694051,-1.5902211185424426,-5.507020800118053,-1.790914858813345,-9.447252347146243,-1.7545521508926643,-8.639445045004935,-0.26722510833737323,-7.648160682230398,-0.9302133158061878,-1.8859315057631814,-0.20042404878907585,-9.177731797811953,-0.31351572277928247,-7.724089073422428,-0.4602803758437763,-4.981686987471042,-0.5458628521132237,-8.06909761603601,-0.6009226309970248,-6.016195393595903,-0.6127530552668807,-4.1936826263645415,-0.7153657917054651,-1.7961201370061155,-1.27325958398322,-1.9560820985932823,-1.4477846217605594,-3.504688009348259,-1.091358446883229,-1.4098952241202631,-0.8006392077119507,-2.8989461350174857,-0.8030742772725581,-4.131781234834898,-0.2758214564220847,-5.398825962427954,-0.35829378177825494,-4.693055662144947,-0.0,-0.0,-0.4405064762309082,-3.7656513936934783,-0.0,0.0,-0.528581277020743,-2.8323511650446904,-0.0,0.0,-0.633053268047216,-1.6860384865678335,-0.0,0.0,-0.7431446902376649,-0.6280810396466938,-0.0,0.0,-0.0,-0.0,-1.5285239240908932,0.0,-1.2002064861290365,0.0,-1.1189292405436921,0.0,-1.0485820894307267,-0.0,-0.8689636560506425,-0.0
2 1 5,-0.0,-0.0,-0.0,-0.0,-1.4675067223330895,7.351730931239477,-0.0,-0.0,-1.3269229700270828,7.026537011422389,-1.2203273626266389,6.574935019093033,-1.4433304970573053,7.312820928718143,-1.399636486305912,7.225971452135499,-0.41306838991811073,-6.489507546971341,-0.7457071438493523,-1.9408463259810604,-0.37658574250965227,-8.12860842430008,-0.40054656666823507,-8.008459125426882,-0.5043287281218155,-9.703054800166365,-0.5628791232251534,-16.99345462265657,-0.62336337561246,-18.937103934414456,-0.7284961017573318,-20.35906746803854,-0.7464412174843154,-15.647681609219546,-0.9505640602477182,3.928699189966324,-1.087890881250796,5.632432315992903,-0.8316767449965639,1.3466393141356412,-0.6906097996126804,-5.561419149719974,-0.6672245845894514,-13.982773864547516,-0.4022643974647958,-7.485002307127673,-0.44462190665628754,-9.313810546714633,-0.0,0.0,-0.48084739624675804,-11.145879835156624,-0.0,0.0,-0.532525824451545,-10.392695096448337,-0.0,1.2556949771299504,-0.6000598550759805,-8.200720781968016,-0.0815365268683157,7.182257167977112,-0.6388409849975638,-5.008810477566597,-0.6234141034301933,0.0,-0.3091745497064883,0.0,-1.122284874186488,0.0,-0.8769002786124288,0.0,-0.682599141611785,0.3940927945259003,-0.8042831503660611,0.0,-0.6963668227251938,-1.117267331366331
2 1 6,0.0,0.0,0.0,0.0,1.8199298087063183,83.47918285350582,0.5498971985938781,20.824435926931546,1.706721026011351,80.5451996500522,1.622658954972161,77.75205526816642,1.80030166628332,83.02257907610651,1.7649855477542182,82.15053671254819,-0.16453481621698918,-0.7911364716894181,1.22163987115853,48.69179278285308,-0.22572526248319633,-2.9606991839725074,0.020827697073906474,2.567362397920687,0.18838140481438584,8.401787626446728,0.33779162079885855,12.237943359271704,0.41209508034211345,15.863133449109437,0.5203802061887358,19.88458635864356,0.7451870556972189,24.99490073273564,1.4172137265830624,66.71066789625073,1.5208003054259944,73.2561578016551,1.321240146978623,58.2730695943301,1.08709198700373,38.90352384096437,0.9477200173164438,28.115247997291007,-0.0,0.0,0.01828889364404686,3.7815724382581406,0.8265007886298635,73.72910654322536,0.24179715618329659,9.683624735096073,0.0,86.49998981137972,0.49245317826417073,17.329246178534365,0.0,95.27766525100736,0.7623696990961147,25.89814580736709,0.0,132.60782913051983,1.0173878391420945,35.61856230285733,0.0,156.20127574963448,0.0,177.74360675566533,0.3304301771333926,171.06828156325724,1.479380356251474,67.5708165838626,1.6374981998018903,72.80965851796209,1.2852678109061688,56.737594687078634,1.1767807156223016,45.49727189639642
2 2 1,0.0,0.0,0.0,0.0,0.4190762820911257,-35.35058371009147,0.0,0.0,0.3813972418291308,-32.36510428763012,0.35280943627431527,-29.728355691045792,0.4125972653692503,-34.8696605751236,0.40088708314394506,-33.968470571609714,0.01775333497062853,1.7358242080597928,0.2088742024482004,-9.729254148172558,0.011292979347747924,0.8122905743368936,0.025968058872297174,2.8670945933591145,0.049683208745057994,4.774152693700783,0.08934372153935022,5.079024128474268,0.11616639704504331,4.691994652669214,0.14293540006657887,3.894342549837321,0.13850549917645968,1.8124613029153556,0.27933253623745724,-20.74940049409494,0.3171543195947698,-25.825173396387168,0.24322781912346497,-15.092072246980678,0.17443777476277883,-5.219951109474391,0.13627388161763127,-1.0192797887251346,0.0,0.0,0.0,0.0,0.0,0.0,0.0,0.0,0.0,0.0,0.0,0.0,0.0,-0.0,0.006008914404049636,-0.0,0.0,-0.0,0.04053060774759158,-0.0,0.0,-0.0,0.0,-0.0,0.0,-0.0,0.12958049035765445,-16.42809878518708,0.16866048210525866,-21.018075864976794,0.09242870027547681,-8.63304548319403,0.06830985946612234,-3.6525280247298397
2 2 2,0.0,-0.0,0.0,-0.0,-0.11848538963821639,7.187913568439169,0.0,-0.0,-0.1598977010024533,8.120573919436273,-0.18131133142646239,8.440364992727861,-0.12648869236115087,7.381699621740016,-0.14008152110021976,7.699130745028001,0.28594945725463605,-3.4061589629643643,-0.09044641004879,0.8165726552946155,0.20819112531150838,-0.9475510704946613,0.2831927167962434,-6.878829190029299,0.2867033129160108,-13.816391562361444,0.16723778101682896,-12.163415580726818,0.12042215148285182,-10.740646857823057,0.05376111748267818,-3.255589128429109,-0.011623137206409399,1.5665237767327982,-0.1779291285259047,6.780615093917898,-0.19172665331970892,8.173555698412198,-0.14003500750042389,4.160112430608348,-0.03753566569976103,-2.4046910232471186,-0.07060663877938023,-0.35766716570172774,0.16901409684887322,-3.366095501977944,0.14906081447895972,-4.6954840673161256,0.0,-0.0,0.09886169820586298,-4.35899605251338,-0.0,-0.0,0.015527342298391658,-3.8178400924923213,-0.0,-0.0,0.0,-3.3679069853089243,-0.0,-0.0,-0.0,-1.735637609522233,-0.0,-0.0,-0.0,-0.0,-0.0,-0.0,-0.05302718829874461,2.5280811939658157,-0.16088540302725512,0.3559050538642124,-0.005276720657140729,0.0,-0.0,-0.0
2 2 3,-0.0,0.0,-0.04810220634352351,-0.0,-2.1984791184792924,-25.79856518595476,-0.5856509887800827,-0.0,-2.036809737112332,-22.703212590885784,-1.9166706475363393,-20.01785323176138,-2.1704730450872143,-25.296199928195993,-2.120055077864349,-24.358649211876145,-0.37060094357805706,-2.7624437277295755,-1.4096819510712986,-2.8504076646729244,-0.24458748125554244,-0.2720678142911477,-0.5441319719254485,-1.3115083944184807,-0.7860179145778367,-3.89018433936702,-0.9959830557449222,-3.2166592160476712,-1.0717619978869772,-1.7107601466065965,-1.0752413155811644,-4.183175364740736,-1.1546031502309142,-5.190519602561192,-1.6282588780315927,-11.324090928650557,-1.771751320619354,-16.138656500919243,-1.5078621569793305,-6.472065265699813,-1.3121526665941587,-1.222088203993393,-1.2421637532078431,-6.448746112923476,-0.5343051566124443,-0.0,-0.6863539187997635,-0.0,-0.12491749226370949,-0.0,-0.8465990089116124,-0.0,-1.1823674679686536,-0.0,-1.0130148601326867,-0.3716719654120358,-1.9368984584955844,-0.0,-1.156268702237429,-1.2811999936836878,-0.9209108802321448,-0.0,-1.2761045720381672,-0.49231920699733556,-2.8784592114950818,-0.0,-3.1282837981447438,-0.0,-3.2993298632569723,-1.5215968675253042,-1.5786554984406758,-9.558348190516611,-1.526869821928167,-20.333686171408825,-1.528367876184756,-4.260555278508667,-1.4016385698391876,-0.7351464618970485
2 2 4,-2.9208470992288698,0.0,-1.7577688623196273,0.0,-0.4116512089516615,-40.96561767295112,-0.8085077927102711,-0.0,-0.49939219493380543,-39.42861895122707,-0.5706381828610971,-37.769125258119416,-0.42638083001939087,-40.7425081935237,-0.45334077637789855,-40.299205195410636,-0.7311452518597611,-1.15800740647516,-1.052997161341923,-16.214746758440874,-0.5248155488052246,-1.9552670543562236,-0.9807663208202737,2.760896878857029,-1.2018029336825389,3.3023771024563335,-1.2221722031098847,-0.463207332030132,-1.1984556134488644,-0.21439502529413992,-1.1514223788556963,-0.5134880050656665,-1.1172738027928464,3.1784388161269352,-0.791994152094499,-30.06334359951151,-0.6691228299593949,-34.802690155839144,-0.928686000321775,-23.594728967959504,-1.1306323415827348,-9.20997643573327,-1.1005887619984078,2.7967187530479296,-0.985829877385477,0.0,-1.0952930146286628,0.0,-0.8777231284183975,-0.0,-1.1473981774766269,0.0,-0.04373968725578996,-0.0,-1.1707372851902622,0.0,-0.0,-0.0,-1.1829978422140874,-0.0,-0.0,-0.0,-1.1588205991959515,-4.842151832272907,-0.0,-0.0,0.0,-0.0,0.0,-0.0,-0.7098827968419881,-24.662003883098848,-0.277197825118672,-33.212310760903314,-0.9995165325866489,-18.212805844992346,-1.0821596419836519,-11.532611822015161
2 2 5,-0.0,-0.0,-0.3011606957761188,-0.0,-0.40448909699072977,-68.44015506544619,-2.0665497995364746,-0.0,-0.5605739348085765,-65.50426322751876,-0.6688079327240023,-62.73715814026913,-0.4322138615532111,-67.9819163503165,-0.48145145348990903,-67.10790456877635,-0.32272292172036643,-0.7857094003590557,-0.954718572242085,-36.83877119665229,-0.2723819285349267,-2.517330130403814,-0.3133690331233163,3.0163278090811945,-0.42373551622001915,2.406947109359618,-0.4974566194892018,-5.4176600620115885,-0.6781068960245211,-11.235908716409721,-0.881077582993605,-16.81082101703349,-1.0330363640923865,-18.671557291921165,-0.8826918959195567,-52.24005223571914,-0.7865427973856004,-58.36771469907054,-0.9384390849567354,-44.784828334865026,-0.9342857502027859,-28.999902012267928,-1.1387875260169795,-24.513208037705063,-0.31126302636337205,-0.0,-0.40603523605020897,-0.0,-2.1447147035113487,-67.09448002250413,-0.5565537957854796,-2.5069653721496534,-1.032007420418778,-128.661936144728,-0.731340370447232,-8.29025035841513,-0.0,-110.7402659693098,-0.8841803604487649,-17.104359130638624,-0.0010620231134081965,-110.41760492497112,-0.9586186137915883,-25.935647538541918,-0.0,-104.87028651682436,-0.0,-149.1822386303561,-0.0,-179.50359939456618,-0.8219587325811624,-50.62263244664415,-0.609948253974033,-55.127059284586366,-0.9523278967671609,-42.43069690473605,-0.9535895983997729,-34.29237500645706
2 2 6,-0.0,0.0,-0.0,0.0,-1.321907745453135,37.95901305804301,-0.0,-0.0,-1.393172115253101,36.48694070654487,-1.4308514760736433,34.95074369924766,-1.3355642728212485,37.74311834080519,-1.358871678973669,37.316017239724225,-0.059130750128357265,0.915971133625657,-1.156811885454913,19.092314253249796,-0.07311105084967573,-1.1882904203448246,0.06122682004417129,5.698969874395632,0.015216359382832532,7.533783044143055,-0.06199943748750468,5.164489788490098,-0.22050428596743157,3.147567864961423,-0.39394115610201136,4.85162703256616,-0.5543004515952444,9.533601519026984,-1.4175426157380153,28.593722831588178,-1.4490638971091276,32.36013479544732,-1.31895890717306,23.990136830858944,-0.9455900876533598,14.290762032997195,-0.7425229141985291,10.017336757483633,-0.0,0.07596031603085049,-0.0,0.999494614098728,-0.0,-0.0,-0.05532239415378654,1.6313838490683938,-0.0,0.0,-0.26535338881138826,3.614884044465352,-0.0,0.0,-0.5432393908042096,5.189066368770629,-0.0,0.0,-0.8247503930885667,8.726715739741218,-0.0,0.0,-0.0,0.0,-0.0,0.0,-1.3592089915908145,24.008165620359136,-1.2896699640301377,29.339927743905335,-1.2785003697214063,19.43695280671896,-1.0764961621168339,13.707723703788105
2 3 1,-0.0,0.0,-0.0,0.0,-1.1841719779834399,19.524800958419466,-0.0,0.0,-1.1851642903879904,18.161923247238786,-1.1825094350183458,17.07549795814204,-1.1846329732623517,19.295363022445084,-1.185181163060064,18.875731218284404,-0.08925984132816005,1.741708027056596,-1.0323103841973544,11.136379104185098,-0.03716662994332642,0.8390736889839131,-0.14609641460000383,3.1083613183909504,-0.3045871305201807,5.5608194629605405,-0.46298330321986503,9.263617857314479,-0.5880712548934072,11.912111896913899,-0.7349392427765299,15.019985655472707,-0.8185094977031149,15.4027160646568,-1.150228004997734,14.039870265642605,-1.172959385873094,15.645877924308358,-1.1061920652930233,12.476775314260234,-0.9253272647950603,10.168074954973504,-0.8941209325492574,14.846070742966011,-0.07652887934981571,0.0,-0.1982499050808148,1.7309790118932262,-0.0,0.0,-0.3608818870717301,4.32512009316121,-0.0,0.0,-0.5528769050481973,6.411215973139666,-0.0,0.0,-0.7445646330928348,7.581247450997957,-0.0,0.0,-0.895160902887856,8.315646529123631,-0.0,0.0,-0.500869008353919,0.0,-1.515159439621064,0.0,-1.1395797887303472,12.142991418748665,-1.182416537222239,12.91970886235106,-1.0534417786046666,9.936062088181783,-1.0060164281458794,9.282355238845536
2 3 2,-0.0,0.0,-0.0,0.0,-0.9220445849543646,38.315846027350524,-0.0,0.0,-0.8555051918080643,39.738510906762954,-0.8129558355622536,40.41347742674353,-0.909894203191589,38.59434989322074,-0.8886369134260951,39.064709848118675,-0.2420446616948157,1.2848709676572438,-0.7321059645888931,31.132660695610955,-0.1291398869891202,1.3802129411372954,-0.22912906428645635,0.36391748983129674,-0.3968255406636204,-0.39292461502676723,-0.49649243271453103,2.2683927273918383,-0.6352531761286735,6.224960902343579,-0.7735964593648496,12.090535189004646,-0.8360398052135586,16.111544706069182,-0.7476076261284561,39.24224000993584,-0.772441408912124,40.514632398128626,-0.7391966804879111,36.071275632240145,-0.708629360637268,25.148828479601292,-0.9197731700925802,15.731712958349998,-0.2075197753879549,0.0,-0.3098253195182317,0.0,-0.0,0.0,-0.4391942218232153,1.9916112049703367,-0.0,0.0,-0.5753313659822893,7.593715637637098,-0.0,0.0,-0.6623986970740624,13.652936729070026,-0.0,0.0,-0.6891566678597727,19.844735916287608,-0.0,0.0,-0.0,0.0,-0.0,0.0,-0.6119049378228425,36.29865829467549,-0.5972355626700246,41.09618145400281,-0.6701170666707482,30.95280609312511,-0.6849579295052627,25.909829554400506
2 3 3,-0.0,0.0,-0.0,0.0,1.17423281168091,-31.422232070089198,-0.0,-0.0,1.1689764869937322,-30.469212596375215,1.1456486792975484,-29.475147509116994,1.175028239457172,-31.281126162794827,1.1747870280771353,-31.003892220717766,-0.32795211888574144,0.8152457195764659,0.6043993997444194,-16.68404876475331,-0.20860162218822892,0.8837851281814088,-0.25545998757753813,1.153981108038403,-0.33988575812081134,0.6180672118423598,-0.2837889553465384,0.9102974262950855,-0.3599852001069883,2.5007067540996837,-0.3407945972558216,4.770358607155751,-0.18878840819643175,4.936980456830355,0.9693309646750428,-25.02920065816243,1.0846375930347432,-27.745482769992112,0.803177425030498,-21.276254044500682,0.38704250453117406,-11.552331470470168,-0.026056174089630305,-1.0557465964432688,-0.2072869603346768,0.0,-0.2258532497708285,0.0,0.0,-0.0,-0.208932640436869,0.0,0.0,-0.0,-0.09486747830798696,0.0,0.9890257698157547,-0.0,-0.0,-0.35733809680342943,1.5490456379719477,-0.0,0.14386875865503884,-6.961152227708103,2.7678769390198545,-0.0,1.729086550685587,-0.0,0.18686961518549886,-47.77877074010535,0.9779483893924185,-22.55912479599522,1.1090960785223793,-25.66347718518763,0.7220824209318142,-18.372689243842924,0.43644681954974,-12.90716999245685
2 3 4,-0.0,0.0,-0.0,0.0,-3.0332902738103655,-29.896756182157212,-0.0,-0.0,-2.966223954899802,-28.45634702392379,-2.8896655059748366,-27.036268055630845,-3.0239535053311175,-29.677375614057,-3.0049261582865547,-29.253046440187504,-0.15026130190545708,1.6866298513191347,-1.830546443666,-12.895444019924215,-0.10125782707352181,0.13223864963918086,-0.09083247379632663,4.476197258219044,-0.20656740722715725,6.377962522434718,-0.2413168401109346,3.9488029339092208,-0.3630406251556233,1.7886947625203307,-0.4191777528631194,-1.14688632213757,-0.5015825428808158,-3.1315290050836584,-2.522994543542335,-21.360248877311054,-2.7493096866545685,-24.711699190366858,-2.2098162060609825,-17.24337509575081,-1.414086514871738,-8.695416272730128,-0.7199362907502761,-7.966245448621848,-0.0618590935256517,0.0,-0.12833390555873206,0.0,-1.0757907014085755,-0.0,-0.264104069252944,0.0,-2.0921838565483672,-0.0,-0.4652951720065434,0.0,-3.078599184945982,-0.0,-0.7839569327495767,-0.3242101233424984,-3.9048743057831814,-0.0,-1.1977131056396162,-4.903371891734304,-4.341061010614415,-0.0,-2.4600506050373014,-0.0,-0.6866190081246897,-0.0,-2.444124583011865,-18.49553258836994,-2.6349456947573167,-23.564720112121332,-2.098336952632937,-13.718735706362363,-1.656697629110211,-9.046122370553391
2 3 5,0.0,0.0,0.0,0.0,0.06770861708565111,-6.171598577377204,0.0,-0.0,0.07480357213442929,-7.501831743114181,0.07258372811889538,-8.519936599228854,0.06960934396375448,-6.398963232203381,0.07236909552422927,-6.811406168797888,-0.028532321045738936,2.1986845552512984,-0.03454459454523208,-10.487581411664811,-0.05667983096748485,0.009657368604988463,0.12844586769874297,7.063982881144598,0.16197880375071436,11.383149716367242,0.22742614292671462,10.749744366779309,0.18230686777048408,9.25063720004192,0.1668895673865365,6.605716896339529,0.13372960476306134,4.730438568317137,0.026673360985651262,-10.938429044297745,0.057990115022427714,-9.771423002269053,-0.011567738509519941,-11.441228091556205,-0.025949026426537503,-7.485579577710618,0.04349181648872582,-0.021046254924898145,0.0,2.7465375197441886,0.0,4.43220513993844,0.0,-0.0,0.0,4.11710018729613,0.0,-0.0,0.0,1.56497532502377,0.0,-0.0,0.0,-0.0,0.0,-0.0,-0.0,-2.3749929008013684,0.0,-0.0,0.0,-0.0,0.0,-0.0,-0.0,-7.838228496003571,0.11445539016630431,-4.7255010606986705,-0.0,-8.28619057572331,-0.0,-6.027093246588328
2 3 6,0.5506363072494833,0.0,2.5379419855470355,0.0,2.2216179016295143,-13.221567246351078,3.5787199102741503,0.0,2.220337037844864,-11.68790673942227,2.2070744326679574,-10.01852699004927,2.222413975582137,-13.00211663166504,2.222865812955795,-12.561809143875609,0.0426105795560272,1.1664261501216022,1.695034922010329,7.54464021461085,-0.027383428904638022,0.062137332906210256,0.28881740217803975,3.8353229346881323,0.48617021423525775,6.6490625124201905,0.6736566662765542,7.749158449900899,0.7324594643921623,8.936587364055411,0.8520914623970078,11.749045485537714,0.9845257287750854,15.42181470650341,2.079387786896759,-2.722987223777048,2.167312284460256,-7.100933841563595,1.9239867437984652,2.5980977734964585,1.411691690484061,10.684449029059964,1.0626271136917895,16.541717234916934,0.16628924808429063,0.2468806796021957,0.3506018400505522,2.6925256353637907,3.7729460369169527,0.0,0.5596934179893869,5.447304694601533,3.263657023162303,-0.0,0.7942496137388022,8.159733730874496,3.1103223446036887,-0.0,1.0586465410016033,8.848554232166537,4.327621209587086,-0.0,1.3607016175013882,8.543522797913333,3.483754255949011,-0.0,1.2070193094535557,-0.0,2.47805533947792,-0.0,2.151246059926271,-0.0,2.356549456079893,-2.8682139054083713,1.902859725399671,1.0192541769311245,1.64853134984177,6.201163676991195
3 1 1,0.0,-0.0,0.0,-0.0,0.13679814744783272,-7.650928036795067,0.0,-0.0,0.12228912242507649,-7.569488027509589,0.1106108348216588,-7.42621192070823,0.13435906966883815,-7.643763329902352,0.12989653091736758,-7.6241519993763225,0.005869638855492475,-0.42555708434226447,0.04058248228466565,-4.749499308877981,0.004282373789553094,-0.16941692585065352,0.007379667293338366,-1.1412137771154676,0.00987829724494177,-2.347656448132427,0.011637943761010282,-3.7177188622044524,0.015031058224554458,-4.471699878680936,0.019825060033155484,-4.874116446428676,0.020567160498218683,-4.1863049659002645,0.07622206040465762,-6.505479073454874,0.09485014146785781,-7.101438759385946,0.0570753616108081,-5.657836997013698,0.02909366216382628,-4.0341267418685876,0.018466260736289708,-3.0445206005509227,0.0,-0.0,0.0,-0.0,0.0,-0.0,0.0,-0.0,0.0,-0.0,0.0,-0.0,0.0,-0.0,0.0,-0.0,0.0,-0.0,0.0,-0.0,0.0,-0.0,0.0,-0.0,0.0,-0.0,0.0,-2.1040092273964093,0.0,-2.1847412165848996,0.0,-0.9126897440147056,0.0,-0.06739000263205176
3 1 2,-0.0,0.0,-0.0,0.0,-0.27705378167168326,28.468101280637644,-0.0,0.0,-0.2705651772284017,28.08776398703663,-0.2617425983290144,27.491540065035235,-0.27627861050046115,28.429452953311586,-0.27454184964508016,28.333272255557752,0.15371838523963324,2.992365204090951,-0.14463345576691106,19.279806324484106,0.11881824991486566,2.127684967369727,0.1417648589414994,6.05101201015875,0.13925519435945666,10.246482905349906,0.044913255910350024,14.528935559891588,0.006822503060709095,16.636208526619768,-0.043864185339813164,19.665892653733717,-0.0728461337923737,18.593527002777197,-0.2158942681680089,24.140176112381763,-0.2442857964991332,26.237452587952568,-0.17995605512519977,21.538442713471767,-0.11359925739547648,17.903895707610765,-0.08246845209695575,16.33534774953326,0.008428757219955512,3.2252537167100397,0.0,6.958719029567207,-0.0,0.0,0.0,10.500135048382019,-0.0,0.0,0.0,13.575694215352833,-0.0,0.0,-0.0,14.283311984076539,-0.0,20.777540050446714,-0.0,14.852194762931727,0.0,39.928945667492286,-0.0,0.0,-0.0,47.3450383724599,-0.09572463999536328,19.960602695492593,-0.1407572804321376,19.763930285401024,-0.017647695082945128,17.31522018613927,-0.0,15.6378618020433
3 1 3,-6.535848123900826,-0.0,-4.177348250634792,0.0,-2.3839045231558402,10.931669316671531,-2.7151843076174527,0.0,-2.1901963775925455,13.42593257272873,-2.0402299812931624,15.356401728043808,-2.3508797083562674,11.355601839031491,-2.2909056690496317,12.127160440835285,-0.8134563624515392,2.131497546060157,-1.3684119799235452,20.93817244274811,-0.5786012445505643,-0.24841444127223736,-1.0255325744678279,-2.0254851829008227,-1.3164793924174574,0.22817196074838655,-1.4380009164497252,2.898958922795735,-1.5615062722648458,8.187514192601538,-1.6425509397890155,10.143394379083494,-1.5779550538005616,12.633371760674628,-1.6476214553982396,20.0415800709511,-1.8495791754660456,17.752093775150165,-1.4752823968712825,21.358611039112862,-1.3356850486466736,18.574518657036958,-1.4187688255228876,12.97641506328231,-1.0884231852006216,-0.0,-1.2758236341753602,0.0,-1.2989201144481626,0.0,-1.41165687980966,0.0,-0.021804826001251033,0.0,-1.4808086998877812,4.339826650396354,-0.0,0.0,-1.4615542775783725,9.611383786689535,-0.8520035358233544,0.0,-1.3874938759691808,14.705234331554234,-0.1209931538716308,-0.0,-0.013569127285049413,-0.0,-0.0,-0.0,-1.465974522142334,19.95688007062601,-1.6750392597877168,17.899767886592663,-1.4308093236540342,20.210266982819366,-1.3806534429684307,18.456818645845434
3 1 4,-0.0,0.0,-0.0,0.0,-1.1991783011621717,57.84980795618191,-1.61242864059471,0.0,-1.4088094483669726,51.049394877636935,-1.5469324181678499,45.890696109449905,-1.2370779715668132,56.67945297281956,-1.303741462617211,54.56543360958225,-0.43890097870325673,-0.6587121298313345,-1.6755626263685386,19.83928570025166,-0.34056039850107,-1.9988391882292689,-0.42817378574385156,-0.3863285185754176,-0.43507809414474047,0.511234671816026,-0.298593524721185,-1.220561854063132,-0.37573374295031536,-1.348681038477197,-0.591161045109362,-3.7783800706440003,-0.8644335463599709,-2.5317035103400753,-1.7727992558889587,32.503240865260494,-1.6846552181505083,39.42921471001725,-1.7758137554414595,25.884874939301046,-1.4664014912065808,14.084532634458384,-1.1001851694678342,-1.821766250188044,-0.3512869876347556,-0.0,-0.39727543114105185,-0.0,-4.370795066874941,0.0,-0.5036202689828811,-0.0,-6.788613046102944,0.0,-0.7101440377426381,0.0,-7.045053225334373,2.5592552132750783,-1.0387436707944127,2.5620651236042833,-6.647685912845188,11.865547695985459,-1.3755323416642489,9.250104674742703,-5.929200114465498,19.111704644564863,-5.180463186601982,36.95859444915816,-2.046659364829265,62.92139546611522,-1.7995184435892855,28.183796696150306,-1.7100632359603545,35.187536377825424,-1.8366317860876642,21.199213960180703,-1.6653727373984182,14.829721299012117
3 1 5,0.0,-0.0,0.036023293342919746,-0.0,1.291368867504144,13.668515513935398,0.7730383615866941,0.0,1.4014572249286779,12.410373338577058,1.4718302634663794,11.324192623489726,1.3114065233602497,13.463420616023486,1.3465418425676239,13.081720618763221,0.03788642342887686,-0.2180877167285248,1.4306231545662036,3.3410528058015148,-0.04941704332650752,-1.587802343896018,0.33306563717066323,1.5640943806634244,0.5778063955732422,2.010464218105438,0.8526518186241709,0.6864667747927705,0.9135187079230569,-1.1721847674227057,1.0012867080269447,-1.1752419693440885,1.0624803526506095,0.2248168287286563,1.5609192541551073,7.705107041663629,1.5358884726383735,9.743017262560345,1.5257132605977497,5.438889996544718,1.2851584209165994,1.739814436618816,1.071988797427014,-1.504704545735193,0.22773808450602281,0.0,0.41297501442848517,-0.0,2.437553689946405,0.0,0.6026604301170934,-0.0,3.2234905406666012,0.0,0.8043159396639733,-0.0,2.9033683089824556,0.0,0.984977310278351,0.0,2.866179331701323,0.0,1.1995579866903476,0.0,2.125919576152136,0.0,3.1918169148349285,0.0,0.7572950246170924,0.0,1.539227114579464,3.146790027007783,1.5559575108058847,7.788314428086024,1.486989055898263,0.8118700228920634,1.3812786228376952,0.0
3 1 6,0.0,-0.0,0.0,-0.0,-1.789940455508423,7.791884494222111,-0.0,-0.0,-1.576482943102612,7.9958065366807975,-1.4140987404262255,7.88420081581897,-1.753232012579815,7.84955565606281,-1.6869012380835584,7.9316915293232615,-0.005227140446599465,-0.13881094037460176,-0.5572161187806692,1.213711586565507,-0.06311763638723783,-0.675387436784158,0.1900280598215166,0.25049474743013683,0.27739084640918177,-0.5360824943408456,0.33756332264735545,-1.185846018164502,0.23173189223243382,-2.420359117559576,0.10585372330684341,-1.3797849457266094,-0.03862298814199164,0.5293370052324189,-0.9858913721554702,5.843355416128372,-1.209343343571714,7.2768376654788405,-0.7647037335996998,3.6195595653359405,-0.3689531817998956,-0.5673597165635812,-0.2192829453298456,-0.05186037264574285,0.0,-0.0,0.01861918842068994,-0.0,-0.0,0.0,0.0,-0.0,-0.0,-0.0,0.0,-0.0,-0.0,0.0,-0.0,-0.0,-0.0,0.0,-0.16824974512861618,-0.0,-0.0,0.0,-0.0,0.0,-0.0,-0.0,-0.8358208029515817,0.9567108752716497,-1.106998741585388,6.204429380107546,-0.5904144738166166,0.0,-0.3702612823950355,0.0
3 2 1,-0.0,-0.0,0.0,0.0,0.9492890083308474,-25.04305941823302,0.0,0.0,0.8563502272885589,-22.50386191306462,0.780898072197959,-20.351937974447516,0.933718059679713,-24.625908799909546,0.9051771937834858,-23.85281929840432,0.021352356021552492,0.2098538756278934,0.3015621648305511,-5.377884315166041,0.006133936213376718,0.18034479014664143,0.03305347890285307,0.03449831312144905,0.06788797879197646,-1.1110089031467982,0.0804559020862383,-1.4557914088185753,0.09725615093497383,-1.4884291188317678,0.12142473581438198,0.3491315193993372,0.14738211542924254,2.2074054901764892,0.553752353576989,-13.441007223400288,0.6778800920061347,-17.287329129089745,0.4219578725263896,-9.247258042092058,0.20890927765083536,-2.4750284956494992,0.17216300137744592,3.021243222150699,0.0,-0.0,0.0,-0.0,0.0,0.0,0.0,-0.0,0.0,-0.0,0.0,-0.0,0.0,-0.0,0.0,-0.0,0.0,-0.0,0.055015265782790396,-0.0,0.0,-0.0,0.0,-0.0,0.0,-0.0,0.39510994118893916,-8.634758851227826,0.5580923229810986,-13.016506265149195,0.2721479600997712,-2.8425113676368805,0.1503721350959517,-0.0
3 2 2,-0.0,0.0,-0.0,0.0,-0.788274959813018,-27.524394847444796,-0.0,0.0,-0.7197890697838133,-23.611027114433874,-0.6702787682807249,-20.396900477866797,-0.7762768851785481,-26.872084665121122,-0.7548116970311289,-25.673032932479618,-0.1765746109720054,3.642575151917757,-0.41471789101260803,0.13154086181536745,-0.12230297225042287,2.236742800063013,-0.18016136176343517,4.687687069558412,-0.1939983787200279,7.31706764980884,-0.10418599233724757,10.00525448105114,-0.07467473074119585,12.620100487719542,-0.02447820008991038,14.30923819084587,-0.020022017174300074,13.080122175310333,-0.5532986225041289,-10.56157914749772,-0.6120552185250543,-15.957305736332975,-0.4920528788917666,-4.87556251461541,-0.3175306499369987,3.7772071999080468,-0.06223119058521203,10.030854845413778,-0.049399580245510354,1.7906683255653515,-0.04576938520853179,3.805439877264683,-0.0,0.0,-0.03522051338040452,5.722637126380463,-0.0,-0.0,-0.03695928618955371,6.13635856907856,-0.0,-0.0,-0.08465526818040561,4.56169349334962,-0.0,-0.0,-0.16901907256736312,1.6061913542384652,-0.0,-0.0,-0.0,-0.0,-0.0,-0.0,-0.4107571901897699,-5.8148800050557,-0.5547488165777062,-9.31966802203877,-0.34040225645010147,-0.0,-0.255780403254504,0.0
3 2 3,-0.0,-0.0,-0.0,-0.0,1.664169282786228,5.293876677803699,-0.0,-0.0,1.4664536126758123,4.1229360764025005,1.3027054310465176,3.272611079655977,1.631344641818508,5.088078955594511,1.5708689390625648,4.7208296535972565,-0.3626495626308648,2.618304613971088,0.20970328071845395,-2.262635983273379,-0.2490221888381878,1.7765331056662625,-0.3395690706975449,0.6335294376451851,-0.40245203637615073,-2.9508251006277786,-0.24638346077844397,-8.304484333288165,-0.26721495137858925,-9.570910354999086,-0.2635689061049416,-9.273837831456268,-0.2556935107160221,-6.290240971567067,0.7950278796505523,1.0302225133047718,1.07478536372963,2.228917432305151,0.49311384476956777,-0.43462028421283333,-0.01815506486478009,-4.1848788819322476,-0.28161946743631766,-5.5650894621260205,-0.25994766737710145,-0.0,-0.2841779474537371,-0.0,-0.0,-0.0,-0.28151944954148417,-0.0,-0.0,-0.6203043656390486,-0.24790174439072735,-1.8242280643499145,0.0,-0.0,-0.1727675483670759,-3.2632857192823534,0.0,-0.0,-0.023338215621971893,-2.3312222371109463,0.0,-0.0,0.0,-37.16123788120907,0.0,-7.452718372550048,0.6733910283475844,-0.0,0.8405339428242263,0.0,0.2831580588274076,-0.0,0.0,-0.6330855225161122
3 2 4,0.0,0.0,-0.0,-0.0,-0.22146400180085157,-9.11946973488633,-0.0,-0.0,-0.24123472382918343,-9.767077490746319,-0.2532500348384419,-10.479287344507886,-0.225107680507572,-9.211664789659872,-0.231457705451712,-9.397139596733759,-0.07969619523048446,0.566951965591258,-0.2333979692974727,-16.915632320674256,-0.08029023945651173,-0.07545794289152942,0.03994267925421755,0.9994322224497155,0.06615730240087371,-0.5699938126311246,0.1244277423022611,-4.182511509005111,0.03308583116683601,-6.47768579177247,-0.03161443401921635,-9.179516955028799,-0.13350170082736842,-10.792182931560182,-0.2628919400495859,-13.594325561395479,-0.26268498581070776,-11.733296329751731,-0.25173629922200513,-15.659069899115094,-0.20859991197106084,-16.281424392392058,-0.2663335288891367,-14.453210220753153,-0.0,0.0,-0.0,-0.0,-0.0,-0.0,-0.0,-0.0,-0.0,-0.0,-0.0,-3.789554787780238,0.0,-0.0,-0.043359373296989225,-9.560420912948448,0.0,-0.0,-0.07979470771595706,-14.073347933106245,-0.0,-0.0,0.0,-0.0,-0.0,-0.0,-0.08930894815856298,-13.02460276432367,-0.14136450803548584,-7.8499041183029625,-0.10596786094359634,-15.815038052486367,-0.09806489711316888,-16.120055022667415
3 2 5,0.0,0.0,0.0,0.0,1.50843547416323,-36.13589883205147,0.0,-0.0,1.4321628038655352,-32.919978311322275,1.3778049748165988,-30.194881067230078,1.4949685170242086,-35.60695439574356,1.470987475338058,-34.62749725152441,0.035739260468437596,0.4965833143528677,1.0714351958009625,-10.431121643224444,-0.03501791599568061,-0.20168451122472666,0.29334821236886544,1.9057642924809495,0.47753799126307256,1.564626000870501,0.6781297457541892,0.5676557616942004,0.7081796874934484,-0.42788829935460415,0.7799437029643985,0.27852525663451305,0.8266588517948745,1.3059185555321215,1.2464064798240753,-21.323795822456283,1.3138548392318048,-26.29303686879475,1.1698992764656426,-15.77125448324551,0.9490501402707722,-6.007443492233736,0.8020199025599626,-1.3022321272982142,0.15553631261204845,0.0,0.3104511662989223,0.0,0.0,-0.0,0.4606859823493871,0.0,0.0,-0.0,0.585926087197289,-0.0,0.0,-0.0,0.6970633250787477,-0.0,0.0,-0.0,0.837260010666363,-2.486158949656309,0.05475468505771366,-0.0,0.010399397046076666,-0.0,0.0,-0.0,1.225051014442194,-18.921793673316994,1.3478917586630912,-20.90109900610124,1.0948614285479301,-11.732605099500143,0.9747373807301443,-6.33340650893336
3 2 6,0.0,0.0,0.0,0.0,1.6011052741159337,54.56532217666765,0.0,0.0,1.469661300953292,51.81803841684258,1.3635926633495064,49.212539623882236,1.5790933484919576,54.13834682128832,1.5387165792813768,53.32186745864811,0.0506604809722326,0.6150218237336998,0.7759235734386619,25.678057206603018,-0.024236868193944324,0.007746708256415458,0.27386773458894687,1.2819014067989698,0.45776563518656116,1.3812679740838347,0.6524025783603701,2.606670589792677,0.6713689454349462,3.77867072348184,0.718613212067902,7.275322059841528,0.7059259577509072,11.934961624064508,1.0622120962416453,39.36959462309243,1.2222837877645023,45.09498516712049,0.9077374345365071,32.57401995342433,0.6700124213445137,19.381275955637484,0.6442105667455157,14.862668614299347,0.14392273725153393,0.0,0.2755338913670922,0.0,0.0,0.0,0.37465174008497537,0.0,0.0,0.0,0.4440490647047267,3.665147873910047,0.0,0.0,0.5121319434552629,8.306083184149074,0.0,0.0,0.5957871743009543,14.176331034039992,0.0,0.0,0.0,96.88573239013246,0.022812760340463988,147.75050320243906,0.9176550269869225,34.80846291598218,1.049578846675266,43.52302606746456,0.7980916737323718,27.557520567490087,0.6884997350412487,20.867529432879167
3 3 1,0.0,-0.0,0.0,-0.0,0.3086166354065271,-18.967578356560065,0.0,-0.0,0.4487496144734491,-21.18123167480079,0.5498266469072904,-22.543619527078977,0.3331577708785389,-19.37549794020715,0.3770773553002676,-20.08599266689306,-0.013197970422418801,-0.18420732201569243,0.8154474577053634,-21.14874621630047,-0.002648269787114477,-0.005025169521340691,0.008440713352494454,-1.2676361748904528,-0.0023490929575070963,-2.3305508247763966,0.07332503257135377,-4.391738845735566,0.13720531295751492,-6.072113051296061,0.27689523284143225,-9.034391867585597,0.4308818892707942,-12.802553240945166,0.7692771236530825,-23.985728279034713,0.6661778351414285,-23.695196385668673,0.8278264735218199,-23.09341989847672,0.7203619000258286,-18.337441132950797,0.5389682188827182,-16.438279785722987,0.0,-0.0,0.0,-0.0,0.0,-0.0,0.02552834737832077,-1.4304859246346213,0.0,-0.0,0.17726160780701097,-5.356396317258864,0.0,-0.0,0.378217809681494,-10.144538182904585,-0.0,-0.0,0.5739248284955909,-14.172041637439994,-0.0,-0.0,-0.0,-0.0,-0.0,-0.0,0.730725633958998,-21.345823391827825,0.624978378103718,-21.983270359706374,0.7762560536806749,-19.796510077512675,0.7195995811235746,-17.48505165303372
3 3 2,-0.0,0.0,-0.0,0.0,-1.1309794264645838,-4.816598513024888,-0.0,0.0,-1.0263771134885153,-2.969368991592438,-0.9405203384162145,-1.9169994946678406,-1.113537060763111,-4.468352719621916,-1.0814821980914213,-3.869136704247048,-0.08265416700598577,1.908625580467214,-0.38976112539955027,-2.4325730853712604,-0.016735302493288636,1.2913973646746446,-0.16688032681313192,2.4427862166022565,-0.36513283550977876,4.685625187640842,-0.3724575405711775,7.449603181240089,-0.35577169334029096,9.620293502196013,-0.21662702167613468,10.632458240517627,-0.09759620525755194,7.765176537667605,-0.6776338076638936,-1.2433288793186612,-0.8219434629691984,-1.1763242263597926,-0.5248402165629148,-1.9848251327359485,-0.29553719916589705,-1.5459150646078725,-0.10608945977253119,3.0247298167060355,-0.06933676601171775,0.0,-0.12506786039944282,0.7274304572927736,-0.0,-0.0,-0.1452218415071397,1.9186816414535937,-0.0,0.0,-0.16227090492635166,1.6544186655226023,-0.0,0.0,-0.16533416579434076,0.0,-0.0,0.0,-0.1884385767658483,0.0,-0.4824970913132566,0.0,-0.8425579992467848,0.0,-1.3785090201434642,0.0,-0.5566325399244242,-0.0,-0.7576622438950424,-0.0,-0.3664164782362414,-0.0,-0.25114091345828177,-0.0
3 3 3,0.0,0.0,-0.0,0.0,-0.959810583693652,39.85128270474056,-0.0,0.0,-0.8459819290988645,38.16421791732462,-0.7462057957635221,37.145660620877266,-0.9414150002201374,39.536309703597716,-0.907004791365876,38.99211324490203,-0.041740909644348255,0.8710724310463602,-0.06292648791825765,31.300111283032873,-0.0061364880982676005,0.5547440859415549,-0.05941025341867757,1.053368681064138,-0.15178342250439372,2.154607579856196,-0.12707830600031667,4.6580151521353805,-0.11895862737424923,7.6969840616285525,-0.033816892440038736,12.56886688193394,0.009271254349569791,16.375311407053392,-0.41416665118391904,35.47243230261092,-0.6000403644603048,36.2158997220471,-0.21893938565955523,34.24613234894846,0.017594182323525363,26.077215525910464,-0.061550679716471886,18.575995659628898,-0.0,0.0,-0.0,0.0,-0.0,0.0,-0.0,3.048350358441568,-0.0,0.0,-0.0,8.285740032459296,-0.0,0.0,-0.0,14.650791946011589,-0.0,0.0,0.0,21.85119267106036,-0.023748221107280774,0.0,-0.17789704668915915,0.0,-0.35119386556588045,0.0,-0.23622100924554595,34.42062527314442,-0.5382452084126128,32.00628878934158,-0.02606892168081473,32.900877480070136,-0.0,28.481683552564512
3 3 4,-0.0,-0.0,-0.0,0.0,0.10042939929554968,41.05533337417312,-0.0,-0.0,0.08629231751552366,40.23241614482951,0.06375580827059207,38.89217499775615,0.09899771040665689,40.974199700795744,0.09543443299271656,40.768669043424396,-0.08416448346294024,-0.13738200421596278,-0.31077159675749216,15.10569520260006,-0.05636114613896217,-0.16809132553776143,-0.09457957616683989,-0.4214435440886985,-0.23316874398081214,-1.6375481919790058,-0.2923625117158156,-2.939347705303375,-0.4062919552735677,-3.5801242938136286,-0.4801033962800026,-3.639368493740184,-0.5303576463281913,-3.0954408525807056,-0.07193909645766053,30.659654220340943,0.014825719926250874,35.94870973530347,-0.19085773084677984,23.215260902241155,-0.3916140946618894,8.120020344645305,-0.6087204204809076,-3.443451068416007,-0.04192650073117437,-0.0,-0.127165619507733,-0.0,-0.0,0.0,-0.2266064515803554,-0.0,-0.0,0.0,-0.32091523327440796,-0.0,0.0,0.0,-0.3576370407516442,0.0,0.0,0.0,-0.34271223979597515,0.2748151235290685,0.0,0.0,0.0,0.0,-0.0,0.0,-0.0,25.29802471471025,0.0,29.58251293400765,-0.12791141705197728,16.804985668041954,-0.2550014811931428,7.827186389258126
3 3 5,0.0,-0.0,-0.0,-0.0,1.2397805583688044,20.98518820546606,-0.0,-0.0,1.1506067556517527,19.662282167612435,1.0646424691959335,18.459041932266743,1.2260133140984661,20.773371451533826,1.1995959227135908,20.375616415062478,-0.03217430819208225,-0.37376442801333776,0.27222619374339474,6.574613647267729,-0.033480019147036966,-0.3386227821056091,0.018863500461852225,-0.5729866382074824,-0.02121733460179885,-1.4988738081130992,-0.0077364756516506,-2.7146137054229977,-0.0702681164988588,-3.5713690014798742,-0.10584194941429616,-4.439269849671508,-0.09622534016351986,-3.4309213277956445,0.728484076833775,13.796105799726112,0.9259558173704,16.56108325029248,0.4934736990401421,10.268152147994416,0.11343032605175904,3.4038115518116254,-0.10632910921298284,-2.710260427456649,-0.0,-0.0,-0.0,-0.0,-0.0,-0.0,-0.0,-0.0,-0.0,-0.0,-0.0,-0.0,0.0,0.0,-0.0,-0.0,0.0,0.0,0.0,0.0,0.6856196182639023,0.0,0.03844316111182958,0.0,0.0,0.0,0.5480588938701636,8.697130716927129,0.8829788271770637,9.19483388074742,0.26993424524711235,4.8913195374796805,0.056272734649956344,0.3834847255340125
3 3 6,0.0,0.0,0.0,0.0,-0.6127538829818983,0.5655830934162601,-0.0,0.0,-0.5708635065019122,-0.003299279379024294,-0.5574490201391361,0.04794808077073165,-0.6038903525882778,0.42490009053164046,-0.5895229791731903,0.2130877265818414,-0.01754400026492175,0.4935875138833239,-0.7057497108363949,8.454243451181524,-0.012430820375079282,0.23431253683782913,-0.00024295449025682196,1.2340892548824618,-0.07838850673574424,2.606090853512505,-0.09985513904788966,4.522872807689006,-0.1781308157137373,6.393879616179018,-0.2328522092752648,9.049012305800401,-0.34621389584157386,12.302501137961832,-0.6170782166211509,2.9095404435753593,-0.5687311815495184,0.8856375095421192,-0.6803806957888107,5.790128191145491,-0.6519811522350276,9.831477572120237,-0.5146212126482853,15.018660690641669,-0.0,0.0,-0.0,0.0,-0.0,0.0,-0.03664647228121992,1.461003842135862,-0.0,-0.0,-0.19180906435077788,3.99730663331996,-0.0,-0.0,-0.37436644144155756,5.644126719962689,-0.0,-0.0,-0.544585357484255,6.738018490898034,-0.0,-0.0,-0.0,-0.0,-0.0,0.0,-0.5921939853816242,0.4053423162518562,-0.4528495937133724,0.0,-0.6289376703918913,3.542451368948335,-0.6302471320797262,6.210234645558061
