,Lasso 0.00048828125 electrostatic_coef,Lasso 0.000244140625 electrostatic_coef,Lasso 0.0001220703125 electrostatic_coef,Lasso 6.103515625e-05 electrostatic_coef,Ridge 1.9073486328125e-06 electrostatic_coef,ElasticNet 0.0001220703125 0.5 electrostatic_coef,ElasticNet 0.000244140625 0.5 electrostatic_coef,ElasticNet 0.00048828125 0.5 electrostatic_coef,Ridge 1.52587890625e-05 electrostatic_coef,Ridge 3.814697265625e-06 electrostatic_coef,Ridge 9.5367431640625e-07 electrostatic_coef,ElasticNet 6.103515625e-05 0.5 electrostatic_coef,PLS 2 electrostatic_coef,PLS 1 electrostatic_coef,PLS 3 electrostatic_coef,PLS 4 electrostatic_coef,PLS 7 electrostatic_coef,PLS 5 electrostatic_coef,PLS 8 electrostatic_coef,PLS 6 electrostatic_coef,PLS 9 electrostatic_coef,Ridge 3.0517578125e-05 electrostatic_coef,Ridge 7.62939453125e-06 electrostatic_coef,ElasticNet 3.0517578125e-05 0.5 electrostatic_coef,Ridge 0.0001220703125 electrostatic_coef,Ridge 0.00048828125 electrostatic_coef,Ridge 6.103515625e-05 electrostatic_coef,Ridge 0.000244140625 electrostatic_coef,Lasso 3.0517578125e-05 electrostatic_coef,ElasticNet 1.52587890625e-05 0.5 electrostatic_coef,ElasticNet 7.62939453125e-06 0.5 electrostatic_coef,Lasso 1.52587890625e-05 electrostatic_coef,ElasticNet 3.814697265625e-06 0.5 electrostatic_coef,Lasso 7.62939453125e-06 electrostatic_coef,ElasticNet 1.9073486328125e-06 0.5 electrostatic_coef,Lasso 3.814697265625e-06 electrostatic_coef,Lasso 1.9073486328125e-06 electrostatic_coef,Lasso 9.5367431640625e-07 electrostatic_coef,ElasticNet 9.5367431640625e-07 0.5 electrostatic_coef
-6 1 1,-0.0,0.0,0.0,0.0,14.238547742538337,4.263327015088036,0.15591841236792073,0.0,24.37397885551714,16.75743994309268,12.575659384092464,9.124234435691216,0.15672101131767924,-0.4309609977946149,2.2524465105845324,5.641831307971747,22.052620729109726,10.616875704988132,28.03761011836828,18.02983397286562,37.188246290474694,28.952366045509205,20.176667354870414,15.216396428766604,34.89984757590888,28.60413243670578,32.9617911747472,33.46490689569792,6.066472686239564,23.235433333059632,30.58964145337899,7.931697194874966,34.159685187280374,0.0,34.298296933088466,0.0,0.0,-0.0,30.623210206191093
-6 1 2,-0.0,-0.0,-0.0,0.0,5.7177667964705385,0.0,0.0,0.0,17.161704334476564,7.9756851498706975,4.590798341697326,0.5382595777742147,2.9614164086449386,0.15649901221768492,1.6249053584256388,-4.882715038801477,9.925818562924988,-0.99137440695725,21.73045361184915,6.660143619969046,38.41226723880203,22.67117707337823,11.857435442719432,5.999694713516895,28.149418767761386,21.205889460032818,26.769112315125344,26.182972195175125,-0.0,15.092532544532252,21.241584021566084,-0.0,24.470568355186057,-0.0,23.095299002777644,-0.0,-0.0,-0.0,19.843877593289708
-6 1 3,-0.0,-0.0,-0.0,-15.153068873291456,-44.81907340183218,-3.6438199437695222,-3.064693452105694,-2.9735249345443813,-41.0487296148283,-42.36846289079823,-47.027540803005756,-5.735020770312117,-6.623327945452818,-9.867274905652973,-8.688452939163776,-12.879923257927233,-3.9749027102778305,-4.224718381892833,-4.251448516240992,-2.137764305731063,-12.62489393830849,-42.55459317352843,-40.786708088294866,-10.305651642793253,-39.4556856201086,-22.824448398363437,-42.8591792955143,-32.033912226373594,-51.091048934920245,-18.925860283644532,-28.214227956121647,-53.81626560729603,-36.12820414960538,-42.24745674090985,-40.226280596480265,-44.307182908457904,-86.96795487009554,-20.98135062247021,-41.1806342152562
-6 1 4,0.0,-0.0,-0.0,-87.32309045213776,-255.45026773389992,-0.0,-0.0,-0.0,-205.5606959611119,-243.68973369364983,-263.06874208028194,-2.990749685847843,-1.6197187522820493,-3.2254418860733804,0.9393835177252396,-2.8773166101836405,-9.442361609990908,-4.744373679135843,-12.895840510142188,-7.549366598208426,-25.81887732191284,-178.08773979628415,-227.19501359551572,-12.76478664756381,-106.84686710108927,-41.43021539414079,-144.4531482684118,-70.6397381360233,-280.0042327157572,-30.52197229527371,-57.06963577332235,-402.646531714176,-93.25995342954829,-531.6857030226705,-132.68505725281815,-510.92545585259614,-522.9179409526906,-606.7167483255644,-170.1501807792521
-6 1 5,0.0,0.0,0.0,0.0,43.29049453158893,13.850192241513685,10.66410103013902,6.606826980138434,39.322837585967925,43.53197894973409,42.636532417516705,15.91744253354082,8.216650085191247,2.9444273419497122,17.900521667400678,19.517418901198422,19.88510552130896,20.107602484882545,22.429011891656195,16.444674212115277,22.118443846734063,34.15414952161342,42.46194693856795,16.180180193607004,22.080743929429755,17.046001258193954,27.881331818024666,18.352146013258285,0.0,14.200669338249153,14.922311065976272,29.756985754519583,17.989697697009525,6.560331562914924,23.50636272526809,0.0,3.7599743248909094,21.595731502214356,31.026047094519942
-6 1 6,0.0,0.0,0.0,0.0,23.58228970033582,5.5998990627448935,4.036229812576362,1.799948009137796,43.13451241543317,30.73133764308931,17.958217943861936,6.617408675343895,4.249424324293676,1.4873716699973492,8.58638161463312,10.511367516299455,11.660229676782997,11.474798959160335,12.65547240949807,9.656412000765583,11.92399953061127,44.952957123096475,37.870026165785866,8.526640958565718,33.88247829292121,15.64543581981646,41.87716646491947,23.832670781548533,0.0,10.625776259994495,17.840986733628245,0.0,28.574575706112284,0.0,37.3803839986906,0.0,0.0,0.0,42.100805407842586
-6 2 1,-0.0,-0.0,-0.0,-0.0,-44.4658031962626,-4.61209765500768,-0.7625543628446022,-0.0,-29.442951526300522,-41.6500557963806,-45.835378836802185,-9.47864910561432,-0.09284174436219247,0.41345719703554623,-4.248731735012345,-9.436953505832582,-22.089967542026795,-12.80854224601877,-29.2825571973889,-16.97617093383675,-34.857743826844796,-22.036664763448897,-36.60991697734652,-14.358844652753284,-16.13679386576226,-19.15171270657171,-17.162526027309873,-17.728617342108784,-0.0,-15.354615726882834,-14.747720668958532,-0.0,-12.43208013464396,-0.0,-13.095211960492378,-0.0,-0.0,-5.216577124726292,-17.22959497106376
-6 2 2,-0.0,-0.0,-0.0,0.0,26.875236669060385,0.0,0.0,0.0,6.687054725843245,18.738529536824235,33.39108058389632,0.0,2.8209510388101062,1.2060475935336699,1.6092075207146346,3.0370268562457152,2.4684560331256655,9.437926952593099,-7.411181854664248,7.525507290141055,-14.016768434431581,5.69992836292323,11.169996371768633,-0.0,4.221200880610428,-1.3594616794361454,5.786904283323438,1.0338786894542185,0.0,-0.0,-0.0,0.0,0.0,0.0,1.9122890421302694,-0.0,-0.0,-0.0,3.5542444658110153
-6 2 3,0.0,-0.0,-0.0,-0.0,10.440181511638304,1.7599094890056908,1.578474381931145,0.05775807693764858,-6.740638014955563,6.083908581676785,13.253867492440015,0.0,2.8219182201913644,0.6834154262282979,3.4864250057285067,5.963252582304247,6.242476971901575,11.55579822916795,-2.9512985900257602,9.64556447325531,-16.041350674632433,-13.423748127016697,0.16319791001997522,-0.0,-19.637557481215598,-11.828278605715255,-18.236120844085463,-17.19076265318974,-0.0,-6.969246503621646,-13.847704531353584,-0.0,-17.925599588716235,-0.0,-18.20048764155139,-0.0,-0.0,-0.0,-14.631473804102894
-6 2 4,0.0,0.0,0.0,0.0,-64.51602685302532,14.907408707392335,13.29413977158844,9.481017316406614,-60.84452638069543,-64.16150156328462,-64.57600394747126,13.883362393307646,11.467280316014781,5.24525880534267,23.507921024034133,22.328943895908143,17.264880078475105,20.345302414296377,14.071556670212303,16.936468469796765,2.477224323313739,-56.032253194568696,-63.14162973126403,8.550017015067061,-33.150845703206926,-3.070504453551808,-46.92323503667744,-17.30940648353615,0.0,0.0,-7.30110068745135,0.0,-24.23028487635069,0.0,-40.142625761291264,0.0,0.0,0.0,-51.161401762054886
-6 2 5,0.0,0.0,0.0,0.0,-105.78104716538661,13.422570463891473,12.90369789580495,9.744100328335104,-88.660565332571,-101.91770067894157,-108.29738617386292,10.434388388162944,12.88288774995857,6.485832126340652,23.64320317952897,21.405159788094686,10.749084756318867,18.658879069973786,4.367065329049536,13.051500891106144,-11.281177560436989,-77.77500259054848,-96.40061496373089,2.9292622183681702,-46.02539472882388,-12.050976653013553,-63.25805418245462,-28.204765341939083,-0.0,-1.6886216475588305,-19.368842521923625,-0.0,-38.01475097194474,-0.0,-56.73332014130738,-0.0,0.0,0.0,-72.2821917305967
-6 2 6,0.0,0.0,0.0,0.0,-72.67845967286314,6.928854363570085,7.73441917453449,5.9467342202321305,-50.43427270214231,-66.32621794147666,-77.2287636865601,3.795290887786215,9.872566308937865,4.614028655694764,17.848986806864897,14.211772504322424,1.5718965989292795,10.121151451319285,-0.8564933598521587,2.9140380305511164,-10.25591397440137,-41.86817084440988,-58.68738673795592,0.0,-24.58942275715761,-8.658346136839146,-33.15031922612881,-16.412898249830775,0.0,-0.842631997098491,-10.041689116116283,-0.0,-18.432823616156696,-0.0,-27.459503662479015,-0.0,0.0,-0.0,-36.11128355200628
-6 3 1,0.0,0.0,0.0,0.0,74.66341611290821,2.8193813566026695,0.0,0.0,71.9400874232366,75.89460334958092,73.15874962616806,6.528366147632605,0.28578800091037815,-0.21824216996442555,2.107455833077998,6.2341741730988804,17.046690267475732,11.288937208228372,18.83950653449815,15.051535600506327,22.708619952545426,64.61374909927503,75.48605831915353,11.168350091986627,42.709362102943366,23.25482214999433,54.24683717071802,31.989094194814193,0.0,16.814837943235286,24.89071980559979,0.0,35.137379825170434,0.0,46.68889664766168,0.0,-0.0,-0.0,57.161151735064394
-6 3 2,0.0,0.0,0.0,0.0,-1.4785973203390441,0.42493309241086197,0.0,0.0,13.438309367451788,2.8182049353776804,-4.459810613934682,1.7373771344894695,0.5230621880987208,-0.036262241944772455,1.4408627671576055,3.692887151101378,12.367656356904766,8.645099395185234,8.624869712738734,12.240684117109787,3.2332167899061814,17.352132579741664,8.097914274658638,1.9621625701385692,15.775118917096163,8.740880600315265,18.221171145137063,11.8704620079486,-0.0,2.6628077281112743,5.3714647097266,-0.0,9.798302462652295,-0.0,12.99877802223978,-0.0,-0.0,-0.0,12.61936555645101
-6 3 3,0.0,0.0,0.0,-0.0,-152.1517399890083,0.0,0.0,0.0,-114.63424944828708,-144.33498834076775,-156.71418166557635,0.0,0.5818361045964537,0.435604878918491,0.05358775150903992,0.5856712443893485,7.4040801407783325,2.7639618528603145,4.585385437381992,6.123609337410681,-2.10917214762712,-92.78202035931466,-132.03940728004562,-0.0,-45.44423968979863,-11.814410470669308,-68.68786624350304,-25.89965158849021,-0.0,-3.1649078157882204,-15.869369456132354,-0.0,-34.0823901110286,-0.0,-57.13980210279527,-0.0,-0.0,-0.0,-82.23483003542813
-6 3 4,0.0,0.0,0.0,0.0,-52.928416277809056,0.0,0.0,0.0,-46.09119025073565,-52.295848149318715,-52.969000605173704,0.0,-0.31052285085019693,-0.3329454115844076,-0.046549228253983874,0.3416726142574303,4.79814590457073,1.6003953261959036,3.5556343702234967,3.823631687532202,-1.221891872556567,-39.32938701435252,-50.29198962151979,-0.0,-21.07957535401632,-6.19379387584344,-30.523972999029674,-12.624092383770147,0.0,-0.0,-6.072931661138343,-0.0,-14.295631691401201,-0.0,-23.929552810545186,-0.0,-0.0,-0.0,-33.38535233091547
-6 3 5,-0.0,0.0,-0.0,0.0,-12.288989686976178,-0.0,-0.0,-0.0,-16.01104517071293,-14.302074273744074,-10.534311887001405,-1.0018147034274616,-1.6963081667771007,-1.3125559533518572,-2.2867758453364493,-3.8051331421664307,-7.239244889957575,-5.176526796611968,-8.209164660674174,-6.769023239205467,-10.980369815631894,-14.751620983498974,-15.806633890302527,-2.864953214019562,-10.754091371981295,-8.514518711693716,-12.674988862290618,-9.46681904936191,0.0,-4.276107552686587,-5.693963988426294,0.0,-6.850126496810992,0.0,-8.542799213078005,-0.0,0.0,-0.0,-10.43560492731407
-6 3 6,0.0,0.0,0.0,0.0,-14.375088871839129,0.0,0.0,0.0,-5.287291087750317,-13.308594970322133,-14.546101807892189,0.0,-0.1077393567644487,-0.08682006260134871,-0.0034516798856363703,0.11929294727882478,1.5272887748609623,0.23482362351551878,3.390993107998268,0.6296727629907158,6.162515540379845,1.1475645539473416,-10.427510065209809,0.0,9.146342488431532,6.132098091706033,6.622434750145334,8.521540895186131,0.0,0.4638413023717472,3.1857504965239314,0.0,4.7021201163547115,-0.0,3.2625806816410505,-0.0,-0.0,-0.0,0.0
-5 1 1,-51.73983740700645,-116.40940108576078,-188.38323192942747,-228.14426326612474,-216.26312643282535,-35.147004687735986,-23.2457418523574,-14.209220849216667,-193.58129395163715,-209.15684145267699,-221.65634161814398,-50.996205044053575,-9.144140791628653,-7.075190237274427,-22.511817704389074,-43.095890884141426,-73.08061212815463,-51.51396360346673,-88.98874458064336,-59.72293635582993,-115.27569005118099,-184.7275219920513,-201.36308054530653,-71.45008120349728,-153.99341652233733,-104.20407818595926,-172.2395025099607,-130.30286260698531,-183.2131821601714,-96.28975853496611,-122.53818384640506,-165.539540690349,-148.6060525819791,-183.60154807340896,-168.35048839220818,-208.45423083237006,-222.081915411402,-157.40563349811381,-181.4989722687186
-5 1 2,-35.630437654805405,-40.22887820373178,-46.61146341024361,-58.41396231207427,-83.8238351193294,-35.143723030969205,-25.400974535089205,-16.789881678993652,-87.4199603086735,-84.553579548909,-83.33760321796461,-45.847726255818124,-11.41110043141317,-8.412834150424638,-25.702208428676705,-46.2729569662403,-67.96486539896588,-54.112216445827436,-74.00388502619124,-61.79575388999472,-80.81932669461561,-90.05836364640388,-85.65115026823902,-58.19402586757647,-92.75314308257929,-76.906692197159,-92.69306442387624,-87.48106278206869,-36.83370262935798,-70.96305283326569,-83.07432189173274,-31.378210458276637,-91.67296582333806,-42.565210051855104,-93.4674270775286,-1.5629782787440842,-30.620877400275795,-64.59910193736093,-89.88953807653489
-5 1 3,-0.0,-0.0,-0.0,-0.0,-13.36227359461255,-12.262572270408205,-8.595057078872157,-4.628332018291269,0.14462962855988584,-8.301039341615333,-17.294305548308117,-14.691541309383616,-1.8234520803405274,-2.9373721873832324,-9.602225735782273,-24.77298678508416,-24.82370417693516,-24.883340307726634,-24.621677695782278,-23.582475298736917,-19.234980642953232,1.0959323190625987,-3.2787099267420277,-13.426223837060347,-3.326335266153729,-11.996147637902665,-0.25247098256151673,-7.541167119849185,-0.0,-10.784506057660717,-6.830362731525849,-0.0,-1.3253156976767493,-0.0,-0.0,-55.74010639177855,-84.2841469497829,-101.96665179517717,0.0
-5 1 4,-0.0,-0.0,0.0,28.957258075981038,116.20488856040438,-6.861131174366284,-6.445253802973064,-5.7815179166677435,89.12351151803091,107.19406698779291,123.1643767015537,-4.708953632529053,-8.618748995748524,-9.446109183656537,-6.897913838879596,-15.175463441808066,-7.954949705870864,-17.49372471702567,-1.4893173349215192,-10.68947238990022,5.187441208662369,80.09861989308291,97.74680175444601,-0.0,51.07212964487192,14.955680234592029,67.78231251690605,32.21787884658344,98.83176715739002,6.232992124998901,23.66950333900259,115.90281074782877,43.204482403602086,129.22073269264132,60.88691288031806,86.78123909279661,136.6076990240466,185.47449020281252,75.80678988651707
-5 1 5,0.0,0.0,0.0,0.0,24.856013571079366,10.654797471085068,4.429359051434467,0.0,2.1860766096298194,18.242973591031884,29.531084943712422,16.629666207844814,-3.3156547148819686,-5.9659019611237225,8.698884328088106,20.727140529416854,33.408817490461665,23.43156081897903,35.49291299369228,28.5585622750617,31.704788197378196,-3.7474668087795746,10.25090399903462,20.013134656211516,0.5089276732968285,16.91433153088104,-4.703534901393236,9.259441687350254,0.0,18.495573677735205,12.355894057294798,0.0,2.9238275120855115,0.0,-0.0,0.0,0.0,41.04831085820942,-1.6822831907864684
-5 1 6,42.49192699401626,69.86525700205979,84.08150932675574,168.49914534078025,145.6281931129583,27.047272703737473,19.536331453757843,12.463266341518995,124.24872747325026,139.0937500246606,150.394606627769,35.48810606166838,11.965077690278957,5.581376508656286,24.05459343781088,30.90202824312344,48.28791704516655,36.775831194306775,56.5306566282384,40.30290260440798,65.54000195063449,116.56094369325577,131.62863470082493,44.50078508890376,91.83532457226379,59.54168999185686,106.29407947308009,75.00138547389324,296.235870371837,54.621106604414194,70.70890508063275,326.52337054218617,88.77133329147979,342.83823413677817,103.4544875275822,333.61600516846704,304.5313068025852,167.49656415906247,114.89310688396992
-5 2 1,0.0,0.0,0.0,-0.0,-132.82145288925602,0.21932402161299783,0.0,0.0,-106.6084626853127,-128.15601334845522,-135.22106639887193,0.0,-0.33900230680730276,-0.8790163232882948,1.4479452893128637,3.28836322575655,6.383531678272462,8.977729319700869,-3.8452371707418296,10.621084221415774,-12.681179222949988,-88.70000101941238,-119.79681952980158,-0.0,-46.38958835015988,-13.788595353870415,-67.71806747795614,-27.748089563585324,-0.0,-4.917433632592121,-18.083698733002596,-0.0,-36.911881097499915,-0.0,-59.323235987269996,-21.464659952921583,-23.584710852794796,-0.0,-79.46890324640977
-5 2 2,0.0,0.0,-0.0,-0.0,39.39801993822611,1.5806479458595135,0.0,0.0,8.74145583455138,30.160032402741994,45.88507799993674,1.2433743059360256,1.1596992044222134,-3.758630697876023,4.795661755057526,-1.1143921882337677,7.573964017670965,10.846795663805196,-0.03677424399845917,13.30193119939743,-2.2592104779865183,1.5543727205246567,19.164794259904607,0.0,-0.978303653489912,0.7938395398520254,-1.2288423460982731,-0.029614898922001545,0.0,-0.0,-0.0,0.0,-0.0,0.0,-0.0,-0.0,31.26215050266708,45.29568353277123,0.0
-5 2 3,12.526769766190608,73.94960852945495,128.99026597322904,162.80107594953435,212.98515215319375,24.852527419790494,12.142077854235154,3.2884598508343816,208.04373051760223,214.3106380748101,211.4712417784194,41.06601656555427,4.022722795204621,-3.7827849539807157,15.462908479232384,16.328284043835442,73.82484603849527,38.17602644937871,87.16474348931098,63.49634327796984,102.77614869422462,194.73365576353518,213.6621770543949,61.33734101040482,147.7766269877656,93.98235467362943,173.6976671857498,120.3616251713093,145.23541952649921,84.29510271522398,109.52253175120198,150.50756729726376,137.28769168290657,198.2988018743744,165.04603480355664,213.5151130552501,243.77066194422238,263.2332856521319,189.50647673262063
-5 2 4,0.0,0.0,-0.0,-0.0,-220.66087693948904,8.248243273413326,2.548677292104901,0.0,-178.32224515697968,-212.30129496944224,-225.42884900232096,11.25370955149679,-3.5523115046182676,-6.948707308208084,11.640739837833882,17.963157863540125,31.558331990527122,21.830908751996674,27.519849163681172,29.86784967272815,3.5709687075403216,-150.81203051084063,-198.66785235044154,7.7626428657976,-80.31526177844484,-14.565811056858962,-117.2280162774894,-44.35656294040556,-68.93370172554687,-1.1453109035650135,-29.66523132233862,-144.62873032116272,-65.3403693433129,-166.48082025115085,-103.18264949528186,-149.85841312617674,-193.25485094026538,-191.12741568444113,-137.89227246701037
-5 2 5,0.0,0.0,64.16344712548073,80.02576961498576,65.85438549209667,14.876932734659237,7.680912276123029,1.9615264266830137,65.72119382600596,64.51867993269882,67.46472284952753,24.053368082930298,0.7817256496182584,-1.2201795801772475,11.20558093054819,21.19287961862247,41.76418887572969,23.942820388807082,54.87748133400576,30.058687097504276,63.406937708020436,66.54749905146846,64.45368108824684,33.97784940460019,60.03564874274029,45.50048241402086,64.7992766621404,53.27207684254954,31.10950834145957,42.65597251650509,50.829644549287245,0.0,58.14065704464754,0.0,63.16432213414583,0.0,0.0,0.0,65.43359556301114
-5 2 6,0.0,0.0,0.0,0.0,87.95261101538001,19.257568850759537,14.356982969973316,9.164884142692026,79.44068328879094,86.07463368533584,89.26014700805449,23.422921775507497,9.395554888845647,3.8457364200875737,19.38627831027757,24.058608183662905,32.37417542381784,27.35162111220388,36.066745132793336,27.288851544300037,39.37634160040473,73.0285258517295,83.45140203048358,26.963913660663337,52.74197163246279,34.13926712808309,63.78337116297441,42.195172908017554,0.0,29.863284306239358,36.24296584683315,0.0,45.788568371613316,0.0,56.98861492064413,0.0,0.0,108.31650987736113,67.40469764913948
-5 3 1,0.0,0.0,0.0,0.0,74.00449819436868,4.513665875253062,0.6012716132484937,0.0,60.438367802175435,71.8941598376418,74.94567368368567,8.80948630465588,1.1574289724794256,0.37289497834712937,2.0894879381210636,7.038280653611117,21.270771056258305,13.732055758113905,22.481367578317705,18.358126750177934,25.520797804381974,50.57952620292546,67.64310623600784,13.115574652845678,30.82662468082336,20.839267059718473,39.89206145218887,24.734269346094017,-0.0,15.772029546778143,18.609586287476972,-0.0,23.514388117768867,-0.0,32.21902001626078,-0.0,-0.0,-0.0,42.17826218954722
-5 3 2,0.0,0.0,0.0,-0.0,-38.76616974522701,0.9301519435519562,0.0,0.0,-31.580307759393868,-36.7097251046087,-40.408786662512824,1.5754516759943407,0.7265961784613958,0.3198355589729143,0.19531507300848153,4.182367368169055,11.536318916822118,10.217925066911997,3.7089553343024337,13.0004184701918,-3.605185228086248,-27.319270658357183,-34.43059213750082,0.0,-14.853268221803273,-2.429020785379563,-21.481354790500006,-8.28679522174336,-0.0,-0.0,-1.7429336992415692,-0.0,-9.063992497418427,-0.0,-15.319398630122667,-0.0,-3.6700164637669466,-0.0,-21.55483019463622
-5 3 3,0.0,0.0,0.0,0.0,61.16656030202066,4.937343215228094,1.3623790574564438,0.0,49.15407078491908,57.752889117887825,63.502236907132755,8.32214483592757,0.5685250431302529,-0.036355460168140376,3.3637422918929016,7.474210916820257,23.78711694736814,13.092653201468414,19.451935753014197,21.632656502254616,14.39217596940493,45.052528107864696,53.523803241106855,11.602603873931901,34.178759001392955,20.085219274940012,40.46534239028154,26.677903181096013,0.0,15.20330520440529,20.1018165426016,0.0,27.877901762462564,0.0,35.37480336434446,-0.0,0.0,0.0,39.996493172664586
-5 3 4,0.0,0.0,0.0,0.0,72.20488763937779,-0.0,-0.0,-0.0,48.326787321298475,65.21158718362929,77.26178838540682,-0.0,-4.005551485589413,-2.4977992909136804,-4.497041137468127,-3.269250193693142,4.434554131497949,-4.089403865919722,6.882068971026723,-0.34142523527648394,5.783300303345779,39.52448149337932,56.96551277177183,0.0,20.888527015853178,5.956123116261667,30.30942652638842,12.371789848044088,0.0,0.0,5.011770838489812,0.0,13.528829311606605,0.0,23.627413556340926,0.0,0.0,0.0,33.39738277294033
-5 3 5,-0.0,-0.0,-0.0,-0.0,-10.924861054499644,-20.508465718329212,-13.43946252027256,-8.062985112605828,-23.775284742279833,-14.045473441369932,-8.880587620334634,-28.330975777117402,-9.565496480278377,-5.618525466332216,-15.723949581435884,-20.708815695262896,-45.88456615029665,-31.54070603744607,-49.643126209626196,-42.20392953295784,-56.57903674564153,-30.21788958274738,-18.33746521508304,-35.46362662104828,-42.50980906139874,-43.77341261873321,-36.997945046743446,-44.99556319248573,-0.0,-42.02255741715537,-45.44611347258614,-0.0,-43.46917725854916,-0.0,-37.776443730889675,-0.0,-0.0,-170.06735991432606,-30.003983508601337
-5 3 6,-0.0,-0.0,-0.0,-0.0,-13.051658203190852,-6.999313625930639,-3.4227611412922028,-0.8012131769855664,-19.493636470345173,-15.499762036148983,-11.144099824704707,-10.995357794351301,-4.311245686417866,-2.7406963737947105,-6.6262890361228735,-9.560545284039675,-23.590658977205905,-14.95786731722007,-25.562252053165793,-21.232041368248147,-27.897157748210745,-19.966422005572237,-17.903703566947183,-14.307416280013463,-19.835857188739315,-19.92023572301882,-19.82836462217226,-20.09708062518482,-0.0,-16.722357484461394,-17.652196921238158,-0.0,-16.99139377371425,-0.0,-16.407361843352394,-0.0,-0.0,-0.0,-15.849550076807793
-4 1 1,-0.0,-0.0,-0.0,-0.0,32.99382402828947,-15.707762842315992,-8.163249868948704,-3.351438348673375,37.72240502155121,41.53493956212426,24.636874878419835,-25.994871418892117,-4.937459471508192,-3.866920733770868,-7.691463489790427,-15.681929118202365,-45.64435087092659,-23.26288551495208,-62.66521269059536,-34.847801311941275,-82.41325216516631,18.639527975946102,44.97042212897551,-37.3391946914973,-31.913499108357605,-50.273588868362864,-7.373933285319096,-47.265081392475416,-0.0,-46.235331763132976,-47.84820168156184,0.0,-36.90361470066495,0.0,-14.673935705853841,0.0,0.0,33.05191123437565,6.396298324812168
-4 1 2,-0.0,-76.81891194219885,-85.20380572346366,-93.58829682300092,-228.2222815354169,-28.33043277963547,-17.038631116690226,-9.448689850947122,-192.5703093841792,-222.1015070607427,-231.03981222623102,-43.92377303777912,-9.817689360051029,-7.385927685828639,-19.213761271762362,-31.17134514375599,-67.74895380182778,-36.22246911575436,-91.82140748815564,-51.475048645719255,-110.16529586955342,-170.17281134758306,-210.52046575735682,-62.451925446729824,-125.67693056199987,-87.78774792734056,-147.0033520309082,-106.38152105442511,-188.40361175896393,-81.85153271384537,-100.66956625378717,-233.03289334121868,-120.8688147835733,-248.16203159753985,-140.80204397970198,-260.42836184092386,-328.3869962700697,-337.9265577759028,-161.8864990354079
-4 1 3,0.0,0.0,0.0,0.0,11.724415293897692,0.0,0.0,-0.0,7.300755661256677,10.45572245625084,12.859881227369684,0.0,0.651667008250925,-0.2835305288606214,1.8060892375765631,0.4410603328420415,5.971396352136495,9.910092360404404,-0.23766998396173894,9.394295476275724,-4.741142127954526,3.5947926719251333,9.192576713443446,-0.0,-5.719436956859777,-3.46255570127497,-1.6412231711410283,-6.17177015072142,0.0,-0.6504055879608862,-2.6456176819190294,0.0,-3.623650460863715,-0.0,-1.0633080260476884,-0.0,-0.0,-0.0,0.0
-4 1 4,-0.0,-0.0,-0.0,0.0,-51.73333286281804,-20.787763507619935,-22.69892254634502,-22.541999407908282,-9.237891160814476,-38.96600241081475,-60.9094421766218,-16.98179145746494,-24.7174897861152,-19.37492747055082,-27.250408261111907,-27.897206549060787,-17.779843166530068,-21.127809291474392,-17.20643366978751,-14.18789591215046,-5.051749939731314,3.2314800950372042,-24.01182723730035,-10.898214114109836,13.318606144622214,-0.9551913741232217,11.47331493361562,8.1945034542399,20.765872065002785,-2.0885049372688305,2.377396711288177,53.044368395039534,11.035118419180224,0.0,13.863778137517494,24.145560703352032,47.027983956033914,5.090978286907844,8.90660570736387
-4 1 5,-0.0,-0.0,-0.0,0.0,132.54248533412027,-2.527196163011357,-6.186488319833299,-8.675263285587803,117.54565233872869,129.3452697998427,134.70457841069205,-0.0,-14.876772087497747,-12.165975644729802,-7.316647280672457,0.6919014657298616,2.651425583942509,-1.9755409468368694,3.6903121176024762,0.7506316944036521,6.58361789804053,105.57208851983903,124.74554338958853,2.253863666623863,64.1256078064131,22.1910964720318,87.26862393669157,40.89331035907786,0.0,12.12627258004486,29.39716776055282,31.770896565653068,53.64423806221234,65.54761074547223,77.50968654898236,103.12708797124641,113.87637082195813,39.64383452238306,98.07147018046938
-4 1 6,-0.0,-0.0,-0.0,-0.0,30.951685007578856,-19.09257207608877,-15.772686045810069,-13.188379172546338,6.085579627246602,23.545912409247098,36.34005276278322,-21.56932234241603,-18.446189028608917,-16.545269796085105,-19.39267663829873,-18.341089765132573,-30.111353605978255,-24.210772055889812,-32.6509837813497,-29.412684333522638,-32.49523737324475,-2.5454802506275698,14.921020978155505,-22.708125942499628,-17.96091766589285,-25.63628995076947,-10.800083713753299,-23.047735369358136,-0.0,-23.79099236971739,-21.78990623637552,0.0,-17.848515001274315,0.0,-11.241678667224788,0.0,0.0,42.606734023476406,-3.7854402550702835
-4 2 1,-0.0,-0.0,-0.0,0.0,146.7732739799226,-8.499039112214188,-4.8044913815821255,-0.7995320280458523,101.3408448217045,134.4965027387356,155.22326982268382,-10.12573871399261,-2.263846976792824,-1.476702004104933,-9.336452008950305,-15.837707319566123,-22.4889139224523,-18.58044930815362,-12.668184753215677,-24.304235434183187,4.953097612053456,82.57788733101873,118.93848796585533,-6.186585271805908,42.3109797656266,6.717775020785132,62.773068051065295,22.88494081433319,115.02450377414941,0.0,13.731222249202835,192.2359392986237,33.760282195082866,207.30754491311487,55.2964214928593,232.002679958707,221.78361262917716,297.75862249605643,76.28827106297065
-4 2 2,-0.0,-0.0,0.0,0.0,36.10641482978697,-21.042951863792382,-17.40308112968076,-12.034130221748397,24.14027140740017,31.46239840939449,39.83943423025064,-19.378040369637823,-7.140668579846839,-5.250735250393969,-18.23588552830717,-37.34870705211451,-32.099567602323816,-40.32736463402106,-11.893423531857273,-37.97868936876247,11.001517372824043,22.719188006394447,27.077264848358872,-11.30856825242606,18.70178397766624,1.0953916560897774,21.599319154383004,11.893248332138093,0.0,-0.0,7.713542717456644,0.0,16.96114032440465,0.0,21.56561703798936,0.0,5.638367680786568,0.0,23.24988215480715
-4 2 3,1.996941774561829,50.676416364731395,96.37278083951317,133.92813462706005,272.383745278518,24.819115644837655,12.800255929475316,3.4659405226832054,231.28626849330655,262.96982861810045,278.332168062746,39.60279640173603,3.2810239028401207,0.08902889921501783,15.8538313422468,17.91581430789915,66.74344223965966,40.3599368238813,72.44291614424627,64.52876954569126,89.68239096005223,208.28054970648063,249.39738158793324,56.58602588972393,148.41073613289964,88.52905270898695,180.19474156606634,116.61344219003279,199.6406414497964,77.16709693090472,105.23305909404283,233.9192978533977,136.9535832246751,222.96661897230663,168.90034940333274,267.45266794129077,279.08606715588377,198.2475222829425,198.42270464988616
-4 2 4,-8.859984547242636,-26.151000906895888,-19.806577835619404,-0.0,7.237248897404017,-28.533100808778258,-27.966372174022542,-26.023843439340496,11.01035470987632,8.582481285872804,6.333419219448835,-27.009685822956442,-32.63196323774598,-22.981416538272534,-32.2656575741506,-32.02117776947014,-27.23284115246238,-34.482300290535846,-21.761055949550162,-27.78998079126974,-15.115479710047055,10.162078055614943,10.11459143497824,-22.992054606899178,1.8062445144680308,-12.76633276724907,7.009771703462287,-4.990979412983822,0.0,-16.871658493395014,-6.047882230602926,0.0,-0.0,37.85069302038705,3.177975857710218,0.0,0.0,3.1561620348284394,6.5662060695722015
-4 2 5,-26.375435802652845,-0.0,-0.0,-0.0,21.12286031461793,-16.753883897759305,-19.267935513603728,-19.7473210520224,0.22523540702000502,15.396007629577584,24.921232161314116,-13.16018970524114,-29.83180576741836,-23.68390201029232,-23.503088119739942,-10.426632057411576,-3.3984492956000762,-11.814738577726905,-5.905493750757274,-5.899112418501042,-12.619382683819989,-5.6706820802723845,7.987481344611766,-9.979794874173784,-8.227339360488553,-8.993265848158627,-8.179064448160569,-8.138697890637017,-0.0,-7.7395261754764455,-6.3879156873930345,-0.0,-5.571327419115993,-0.0,-5.334567824317914,0.0,55.37568567714655,53.6982080649615,-4.8473723284047265
-4 2 6,-0.0,-0.0,-0.0,-4.299742924362789,-101.9439235274886,-18.672981335312738,-15.61453593648326,-12.37711376722216,-77.09966917750826,-95.68407541574521,-106.20472633427514,-20.9425087574645,-20.69807012641326,-15.570918978955193,-21.861353329523773,-15.975621000007042,-26.422856597063884,-21.29873827531359,-27.312924297162382,-27.00875503423843,-22.687943434655942,-64.83711054272355,-87.40715031429984,-23.661611004293885,-40.784043941715645,-28.723351728705723,-51.89191392811864,-33.19945797448125,-30.078764718476027,-24.300377214750757,-27.7057466852645,-32.29708671144817,-34.93802000792872,-57.9896926648504,-46.11338964112544,-91.93718041211538,-109.9406311756327,-41.558422511671786,-60.221545198842186
-4 3 1,0.0,-0.0,-0.0,-0.0,-59.5512676683443,-0.0,-0.0,-0.0,-38.29080568141266,-56.14678303311803,-60.773229776654894,-0.0,-2.0340603241177004,-1.1876640512093801,-3.2001061364569434,-2.260300341527657,-6.618337176929532,3.035409017274207,-16.577239464521377,-0.5013443733577619,-20.083395888651847,-26.95040989931516,-49.03473422940609,-4.132736392842523,-15.347212107616734,-12.20009798598954,-18.929914573846556,-13.996303578835063,-0.0,-8.566439828341027,-12.126683725460952,-0.0,-12.848235683222574,-0.0,-14.794241358074686,-0.0,-0.0,-0.0,-19.79965882588621
-4 3 2,-0.0,-0.0,-0.0,-0.0,-148.8212556953314,-6.109385417575552,-2.839698898809734,-0.9876908498315058,-141.03390410338952,-148.0010401907168,-149.35600935131467,-11.682327262074173,-5.276176034939599,-2.3015942810706407,-8.162525370115308,-13.733743233676982,-23.304219299330203,-13.127382466034401,-32.983970854592776,-17.081828894832167,-37.01538262383305,-129.38464114650918,-146.15635277230703,-21.125799863952647,-85.45613752396393,-41.96292326445277,-109.90976543621754,-61.390378394476464,-0.0,-34.27836469239565,-52.64416391592739,-68.99647766657304,-76.39932072729819,-112.01400605740115,-101.32190523594302,-190.6366445352005,-104.99695839760781,-110.0587969296751,-123.20404288796888
-4 3 3,-0.0,-0.0,-146.42331846171837,-274.7191561295799,-230.33966524201855,-22.275183786384336,-12.612284117565162,-6.73242276284889,-205.0499406448847,-225.0804083802473,-233.67119526522865,-36.026205858149154,-8.422074138985158,-3.6238833008866442,-11.427639115739408,-21.860742743749327,-60.60696903878716,-34.39256559165746,-82.9879027811483,-45.70490073482149,-102.652070423551,-187.05586230898004,-217.12375970147608,-53.5699267713964,-134.32965502898105,-81.3500168736457,-162.68949820240928,-106.16063180808577,-320.1082658511541,-73.95902100424787,-98.18539996412808,-302.2790835722873,-125.63316016680403,-282.3032759606669,-154.4213453106535,-300.8687777902125,-472.4573647328739,-547.1716554304463,-181.35035945792941
-4 3 4,-39.679872167993224,-103.15975547403812,-74.5748871006803,-46.359193799836355,-57.674632394975724,-33.875154955024264,-24.17683147816512,-16.583190498806438,-54.38399103031048,-56.38473807818714,-58.576739076778324,-44.446065241263234,-19.07353922817727,-10.818905055167466,-26.027340876959762,-32.58236662743269,-65.92044087993716,-47.925402755599016,-74.73363373466145,-58.13326283871817,-80.38371622741946,-55.345664780448935,-55.01521376949893,-53.188501331667794,-60.142562947947766,-59.928345618139645,-57.715847092154185,-61.21844135360203,-0.0,-58.87138148273782,-61.95179060513252,-0.0,-60.40801755997158,-0.0,-57.28095466491416,-0.0,-0.0,-1.9875493213077464,-54.378519655199426
-4 3 5,-0.0,-0.0,-0.0,-0.0,16.104032485865662,-26.50612056478077,-20.56771680893913,-14.941664847011138,35.16075832424296,22.9233493897933,11.091577803072092,-30.76094777015907,-17.92119666447833,-10.832105492163725,-23.946919316536597,-25.749603473259135,-45.93265817646653,-37.62679678603847,-44.617292598879864,-45.349525999574496,-41.79894184754054,34.06935184439362,30.22192294934906,-30.917259665422073,8.168841912630446,-24.208818667419816,24.57812174770345,-9.979275742104276,0.0,-25.93749157948708,-14.333469249689257,0.0,-0.0,0.0,14.769644133358812,0.0,0.0,-0.0,27.394755449432655
-4 3 6,-0.0,-0.0,-0.0,-0.0,-39.36587469640935,-7.592025702079437,-6.038150158261888,-4.288128078869404,-29.924664630593472,-35.81673600348905,-42.071447768105244,-9.588726556595576,-10.13107940771123,-6.137511207030188,-12.83038535609099,-8.262117011869782,-14.78177750583648,-10.27348662682227,-17.16255982557328,-13.735253822543863,-20.77091218699547,-29.610897609127925,-32.24148530554879,-12.61550125962924,-29.397610467365787,-21.24483782180858,-30.252688811104374,-25.94125864771427,-0.0,-16.85992260918452,-22.818625926543184,-0.0,-27.745541431368842,-0.0,-29.01840033898623,-0.0,-40.30806638325827,-123.6214833669286,-28.77937339666564
-3 1 1,-22.865119936273075,-47.262201271140235,-56.62573274717,-53.380902581390586,-81.41822242616233,-48.44014577727339,-36.53025367898733,-25.444328053255408,-102.60419818287143,-88.62656978298416,-75.79913115422804,-61.19665360834782,-21.966244505738647,-10.479432030112688,-43.92131410296715,-54.30898015910853,-79.70452655247215,-66.74130588499803,-89.94087029170481,-75.10042344294583,-112.30398932937238,-107.29547217950876,-96.12580247809525,-74.5784619570956,-107.91410619595294,-92.31773401668983,-109.36504428111347,-102.25872913702958,-0.0,-88.56258647021984,-99.41905721186762,-0.0,-106.62334158764196,-10.66494305778641,-108.64874450555821,-49.80454648846544,-2.041634279937742,-9.806628820790213,-106.75921294614156
-3 1 2,0.0,0.0,0.0,0.0,-63.15216220509558,0.0,0.127123427216587,0.7015954137498251,-40.9415110622636,-60.499894185892956,-63.606517307767994,1.108859581423454,3.873194244495787,5.367682390842099,3.3552367160658707,1.3861456708032691,5.0679853156192225,0.43129381553927315,9.681370252955817,-0.19761671418432544,13.82740137773619,-25.228520893380015,-53.429710562609074,3.0204058504968208,-0.15286066071045912,6.24895840780841,-10.550457169981811,5.071442160710659,-0.0,4.4723315998679105,3.5764022826106787,-0.0,0.0,-0.0,-2.2941609175531634,-0.0,-6.440297911573546,-12.119216553594748,-17.40033760317987
-3 1 3,0.0,0.0,0.0,0.0,57.03456834836148,31.645200236547463,27.152526992761107,22.131592225750925,50.79925113523253,56.12516215883996,57.26989715928754,35.26086980531959,17.745356050240076,14.279628807649203,29.891580734897538,38.73580341663753,44.175364463949826,42.61855599899712,40.95702124554738,45.166018396619265,45.86292524784315,47.503141534946614,54.02538466088547,36.943944689580555,44.26375761017256,41.547614584034,45.317335008562985,43.27587670379956,0.0,38.56020599786259,40.702994875589305,0.0,41.84146044889038,0.0,42.08746581700012,0.0,0.0,14.591588977057949,44.1916634330075
-3 1 4,-34.363678504681694,-59.38391911850305,-101.56570516204668,-125.75167439574037,-128.6242258668115,-44.23617884973625,-32.462596668088146,-23.006954565307275,-138.5169707525647,-133.09855821455847,-124.97656379167573,-57.49234861416719,-22.54695381709798,-11.832993213791559,-34.1263793520419,-48.52821994117577,-89.9621274003523,-57.360037348323445,-100.55032068327161,-75.55351558243318,-101.76772528518626,-136.18379201155412,-137.01552011336548,-71.89163881521085,-118.4698357542132,-90.92072321607246,-129.3947537778069,-104.96794010182056,-185.99973456577476,-85.5180041648381,-100.68914656141773,-233.98590709355108,-114.44477392785632,-212.86183746787563,-126.24346094415864,-190.7051682094518,-218.58288280854276,-190.58260523931915,-134.34547835425536
-3 1 5,-0.0,-0.0,-0.0,-0.0,-33.789707933926145,-0.0,-1.754061780226545,-5.273917766682097,-28.47397845277644,-33.24964322535707,-33.8159412270152,-0.0,-13.63710535165822,-12.670973985874227,0.21207928017095115,9.784689124879693,-7.713936869121231,9.531385829633788,-18.6503408258956,3.1957135105496186,-26.662927473383295,-24.36144595803408,-31.59502519818487,-1.6553848430138318,-16.972090334700074,-10.93803837297389,-20.31723302966857,-14.074808160469455,-0.0,-6.301880828594951,-11.108600796003854,-13.397805294164593,-13.81272826598753,-94.98705229079614,-18.01661759077172,-66.16505299609041,-57.28287854812876,-57.39095302783469,-22.9930034739427
-3 1 6,-0.0,-0.0,-33.2655146461256,-108.02119944452902,-125.96495003875248,-10.515768161950339,-7.483566226868593,-6.871996668632788,-101.15386584244054,-117.88834125384993,-131.94591264906353,-17.677732603934377,-12.983098449941819,-10.760382687961142,-3.93717359653059,-0.49737981226713485,-35.86249945410756,-10.715362365887291,-54.10465199466194,-24.67094794732826,-75.73913349347723,-95.47643720667287,-108.98192322196596,-31.217590204573902,-83.98714244894238,-57.42524085972576,-90.78362959339141,-72.7179797459477,-128.14525450133732,-50.22915567708206,-67.62587495972441,-119.51940202024542,-80.69093561112993,-71.50779702466522,-90.26582247836147,-118.23353049238416,-181.0467457425741,-131.338942735022,-94.64952683161184
-3 2 1,-43.13843488343651,-56.14678478312608,-105.53513085447679,-177.7463362298665,-289.3017800291836,-43.07783481300263,-35.960081762244855,-28.410484182059644,-252.52041275341585,-281.2150077786772,-294.5655098021994,-51.29337948284333,-27.333025876514416,-16.924356859307366,-45.995158204197594,-52.28126848669713,-56.82076850301738,-54.199713312573515,-61.2183876628398,-53.35831968393333,-71.66579410328562,-228.1153988737063,-269.48779855865257,-62.91813964644124,-158.0257036693393,-90.536234320687,-195.63102222331472,-121.14330061083004,-343.67335153854236,-80.78870548411544,-108.22168776211448,-424.72897023054253,-144.75519286472337,-438.5207456249261,-185.15663291526297,-443.8526655800796,-504.03820373786334,-539.9486337267791,-221.74004942878216
-3 2 2,-42.91907188173664,-73.70693157716403,-74.60731436079325,-56.465883922172836,-110.09844999951417,-41.68090820366525,-30.855158006294626,-19.729030115722935,-75.21605959056711,-99.06994213417074,-118.19366143280992,-51.46439677815386,-14.900590975710779,1.6347923353661395,-42.023973439636315,-56.302790689587475,-66.54414435235687,-64.56307018433037,-71.80168010660724,-60.58664587180519,-79.21450497477504,-67.20142338313165,-86.62669742459543,-59.167454245032246,-65.26922028336855,-66.59648407433998,-64.10793130893171,-67.31086017518847,-28.959336924105482,-64.79942432364592,-65.96657859603984,-6.9546540869919005,-64.17285835179689,-17.56521867854064,-62.32885033521718,-39.88204112178782,-70.99765272448128,-5.494735117700119,-64.0613234202039
-3 2 3,0.0,0.0,-0.0,-12.600141778427258,-68.0041401246762,22.965257935358093,24.380628716824013,23.582662410899207,-81.58401444746349,-73.67252613137639,-63.50913843433509,18.753058792097104,25.343919708800964,27.432761625229155,30.79528382639066,32.20151325442782,19.67115008115144,28.464131671400228,9.732407330845495,29.05578380227709,0.31313279128171567,-78.68575688587545,-78.9868129686797,11.302720330800375,-48.50278539861905,-4.808670119658986,-67.64406295191716,-25.678555875293192,-29.945628589259126,0.0,-16.21180886092526,-62.245065723165425,-40.06143299207414,-39.53252233914965,-62.98035411781265,-48.947465131524346,-17.515124808036642,-0.0,-77.82557327903966
-3 2 4,-0.0,-0.0,0.0,0.0,-21.42993954042301,-19.280054412319153,-16.932164466542762,-13.53301371853163,-9.536044017622165,-17.348111691140645,-24.447336108823748,-20.182977261779126,-17.92221369424488,-5.551038754500248,-20.405245792112154,-26.062718420553363,-30.564252070895137,-26.79267176014676,-23.002758247737017,-23.40981165457033,-5.550350483080694,-8.399334021625162,-12.939338270342768,-19.09036432712438,-12.70157863325378,-18.37906978795669,-9.7942773511946,-15.785403594842283,0.0,-16.995477677928132,-14.752254486999252,0.0,-11.94684379615767,0.0,-7.356694171524466,0.0,0.0,-0.0,-5.363976346555179
-3 2 5,-0.0,0.0,0.0,-0.0,-101.29388439763682,-8.35554102390467,-16.728981329951228,-21.55226901709163,-89.68055464357079,-99.04069456185606,-102.96640567253104,-0.0,-35.43033739796303,-26.83758571671116,-24.519069530469487,-5.831637795703739,25.17415092245291,6.2243897907714585,27.563777584728122,23.597757734939613,20.843728121591056,-77.68229135849677,-95.79723881526894,1.3836480787362824,-36.03813408409046,-1.3434664926942368,-58.752146641484025,-15.28382607924907,-0.0,0.0,-6.8586174297498586,-9.35544242151671,-26.33674249172336,-59.174985717898096,-48.98620359849054,-54.09426855397559,-77.35714422347488,-26.182610413300196,-71.23630890193857
-3 2 6,-0.0,0.0,0.0,-0.0,1.7929953375328005,-0.5817523870529218,-8.406946042913278,-12.679031252683234,-2.4533455307831646,-0.10695738245347919,3.331436680051333,1.2982324038429778,-27.747350040284665,-22.72625953088375,-18.510867936026266,4.567987112668353,29.55523578692223,11.576258699028184,36.38926654809219,20.58852878974379,44.61824486189612,-1.0676767034357209,-1.8052633471752901,10.273339423304954,9.520809383716584,18.381590961059658,3.124335295502212,15.602124405994937,-0.0,16.514319364858995,14.548891212481486,-15.49230300618159,8.375306239102184,-0.0,0.6564336500439475,-0.0,-0.0,-13.56192273583297,-0.6530018199235622
-3 3 1,0.0,0.0,-0.0,-0.0,-55.724504427686234,-0.0,-0.0,-0.0,-31.00596804550853,-52.29363101860563,-56.64469419623388,0.0,-3.928272823089415,-1.4661431428319602,-5.431901714444628,-4.511372702090864,8.14902474530772,-2.777606149597307,9.900895079246238,4.7159242880159,10.712572423046582,-15.744747923005807,-44.21628421111954,0.0,3.2152300161729315,4.028058985953234,-3.3973860409764844,4.90740137924985,-0.0,0.0,0.0,-0.0,0.0,-0.0,-0.0,-31.55221734776579,-117.49934593258028,-46.86000394441597,-8.876497802098928
-3 3 2,0.0,0.0,-0.0,-15.418000328199604,-13.541887048923535,3.62502740644506,5.0784550469217935,5.237920021627249,-46.86578633454998,-25.263005405777232,-4.773279511518288,0.7745860777885475,8.244944898131166,11.27900302608912,14.582569809629302,11.989876701134392,-3.138106180717985,3.8332564426393314,-10.958366750758321,0.3388129346651045,-15.60637347088716,-49.64312287918643,-37.64585973623421,-0.0,-35.587965164399264,-12.794723792113883,-45.22502545337679,-23.86445332654176,-17.943027749694107,-5.460871999424115,-17.407232257995187,-0.0,-29.82496358298592,-0.0,-41.89556105903395,-0.0,-0.0,99.22971866526119,-48.131020828626646
-3 3 3,0.0,0.0,0.0,-0.0,53.43318372276921,5.2753210975381775,4.109502176862997,2.222531056795897,40.496603189608976,52.409768567956355,53.16652570714509,4.657602959502357,6.705292090175733,10.57710369188852,13.759023194221253,12.758559525091565,3.5293920970150605,10.831658001023756,-7.807476677988458,9.50586996198393,-14.74981087583339,29.665054749311267,48.4335708788865,2.7182917389206507,10.60994977036973,5.909595177108004,18.737425400024314,6.620154208515262,0.0,0.0,0.0,0.0,3.5845688558262436,0.0,11.966144444558985,2.6909097960076473,83.40072784627453,244.40455447313752,23.59876961850727
-3 3 4,-0.0,-0.0,-0.0,-0.0,71.84075093336905,-12.174919648056353,-9.522296558374595,-7.014137406544488,45.33478769095076,64.3011685100926,77.16488261970925,-14.67935284459026,-13.18098494095255,-3.5974468751620625,-12.780771617011025,-15.205053165182196,-26.45817485243545,-19.836071230410422,-31.92447847132901,-21.299072898397817,-24.4410230582347,35.29084699123263,55.14159844522902,-14.534498390363252,12.250739024250219,-10.604199534798274,24.462739242820312,-0.3175053773603661,0.0,-12.09911121561441,-2.638672340796375,0.0,5.197310572010952,0.0,19.55178154509393,19.36878255464617,24.838368617923788,102.91666630333381,32.502744859013724
-3 3 5,0.0,0.0,16.19656202800306,9.659738570167612,135.82743058790965,14.592675551696683,3.9268494131991907,0.0,108.51233784725753,129.05534721379266,140.4139035649793,27.027072104740117,-10.576987046770201,-7.332981083453561,5.087018933126532,23.41633040863564,56.806329595531686,34.904466651399595,62.830932533983706,49.922330204624444,67.63473047025865,94.7246967963017,119.99257354661854,39.11106285576497,67.39571921394403,50.491952043012574,80.14504199963427,57.889379443260076,25.68093689657095,46.78558927045596,53.05337295417472,92.01287894293347,62.6326821286626,189.94458077888171,75.05403670273928,154.35427307947847,172.29273460613118,224.05589462386882,89.0942603449221
-3 3 6,0.0,0.0,0.0,0.0,-68.11109908475908,0.0,-0.0,-0.0013372323282247345,-46.184236239245855,-62.20115331395518,-72.21202710460007,5.558318726768575,-11.721347087633903,-8.060188051638852,-8.465144651164568,4.914891564470633,31.55921042534805,15.389114459566787,34.18773790691254,25.66879119853617,34.443771430582075,-36.632459769788674,-54.741645002826495,8.705709134321237,-13.921044490248457,7.148892366503973,-25.826085829122306,-2.195969422865229,0.0,6.78823334321036,0.0,-0.0,-6.432388695727318,-0.0,-18.583489317641117,-0.0,-0.0,-0.0,-30.70955504216279
-2 1 1,0.0,0.0,0.0,0.0,170.5086364692564,30.461083244054674,21.899022459805764,14.632088978321445,166.91392298595372,174.19720845847738,166.48000301265762,40.18077283851091,13.19102090854479,8.444019748644306,24.526677081604692,35.54365129487046,57.52081332206346,42.92458944138204,63.96628134440276,51.04196637625582,70.76292910743688,151.0417604748877,174.24285577962053,50.58596714313185,106.55443518482237,68.98155604711788,129.38839943101934,85.97607321507996,0.0,63.27432027630975,78.4195905002423,0.0,97.73444179298056,7.827223207702103,120.35482599995386,4.076111275562803,0.0,24.21969216103493,142.7425565844641
-2 1 2,0.0,0.0,0.0,0.0,49.604812832060446,3.3579441404760857,0.7346940247223703,0.0,54.46984011951558,53.81833224181715,45.58852964948694,7.049074115435344,1.0540967113506747,0.8997026600053487,3.2865844564901567,6.391316464342261,17.029041002044767,9.581920841275828,21.610131436772903,13.628631785508833,28.595772779391417,49.40383098800725,56.05551520013973,12.041868603059983,36.2239834396032,23.44605655967572,42.83190545658524,29.807109195220455,0.0,18.327298711741054,24.80390909161105,0.0,31.365171495697282,0.0,37.39742981098377,0.0,0.0,0.0,44.03664264167839
-2 1 3,-0.0,-0.0,-0.0,-27.69118527630318,-75.72488404234421,-2.3831502310525194,-0.0,0.0,-89.57848771903443,-81.02099976757266,-71.54904073125168,-10.728450145639924,3.5937258713803777,6.703645132115059,-3.2973495074346895,-8.709621458460205,-20.14503410317907,-14.268855068019063,-29.258996826601482,-16.792012315163706,-44.49876008068788,-90.00763995690147,-86.17982723131163,-21.572407167109418,-78.05844215615795,-47.04186375436391,-86.54247976261624,-64.132135193045,-62.28351966903915,-36.89403921543106,-55.15759300373453,-77.13150548076794,-71.77918907557587,-94.91696421580296,-82.99668350408992,-168.2307965237175,-63.70516169515045,0.0,-87.52288453540022
-2 1 4,-0.0,-0.0,0.0,15.207812977191573,215.97351532990203,29.18306109348333,26.306190431703097,21.17580388170858,176.1819550998299,208.3648851513273,220.16669204655452,30.583611545155815,12.14200745267351,7.301704390071931,31.651701016784116,45.09997538683479,23.64665874948114,52.42810436357675,29.224038214548457,33.59939627397871,44.43421201118542,150.24245421603794,195.5682748461193,34.04049313490174,90.27008963443781,48.83256418867618,120.08245590027173,65.71037515659114,103.94158255442139,42.63110078964852,57.36533997691541,169.51760100850902,78.79419993988033,209.4579914906348,108.55975474867087,289.8193004157697,364.25831883868295,370.4965523459853,139.70575998865954
-2 1 5,-13.105860713536474,-42.48917524442433,-19.182951828858513,-0.0,-63.65261537889461,-21.20185775229969,-21.087705205704268,-20.866616965713078,-66.65023059080129,-66.09964745814668,-61.41838167354571,-21.73655432873904,-29.08189393783861,-20.240105579644762,-28.9880595329445,-20.15073791068938,-28.617628683705867,-6.9566199918287,-36.15615818667281,-16.95152241658154,-52.73076584683037,-62.73100077909948,-67.55790206110424,-24.351975914772275,-48.61755880756795,-34.500606845639176,-56.27267485929147,-41.12405376533295,-0.0,-30.01303698999237,-36.38715137328188,-0.0,-44.85426663114872,-9.218518820898916,-54.386934570130904,-33.61069878201374,-35.46393884293021,-7.96895506531652,-62.17456711172501
-2 1 6,0.0,-0.0,-0.0,-20.809269713343937,60.35737523719004,-0.0,-0.0,-3.679438537461315,49.618754348502655,59.42316444573009,60.38259156830498,0.0,-13.499042296341857,-13.41539967436649,4.06477884700653,11.466077552691749,-3.308130988436016,9.574751489910701,-11.555658400052122,3.221347237728629,-17.978162012053915,38.86597352710152,56.308251491690484,0.0,13.020288133406499,0.6024325830836451,25.532667621080318,4.4774763837767,-0.0,-0.0,0.0,-0.0,6.115387742990494,-0.0,18.09467958704711,10.955996838497336,62.53705072778843,3.540536480591935,32.61280762321183
-2 2 1,0.0,41.11775325408153,63.947029229273916,50.42762259296394,125.67670180173481,19.111188290158587,6.964156247182955,0.0,95.10909935442291,118.22006003172184,130.35350140758698,33.08585331497233,-2.158355567723824,-2.329039058075124,1.421691677071668,16.94523690338804,69.88835513487275,37.62743192467533,77.99456101623242,62.80686290366554,81.29430988746728,82.81372341983439,107.71424417817026,46.352360324680554,68.11583296107813,58.96979930919238,73.55619599013458,64.31170108176421,68.7710107101675,56.24058103770454,63.601277837816966,98.14616018765332,66.07753575212834,103.56040332399077,70.74031343200545,118.5016831317532,122.54670046620622,163.1035480614253,78.47829015448289
-2 2 2,36.83337557585243,66.2645088958128,95.61908845922706,120.81084155840718,156.43024847020936,22.400473598901957,17.411695385527054,15.258443923612898,142.5838234672802,154.31243483814507,157.49925469098824,30.348442645916183,9.443599673446686,15.96612927643977,8.95768486385657,13.04406916642693,60.79654765181574,21.227007296409244,64.35379338423817,50.428856158787944,63.72672057561518,130.1914591485847,150.18365770193307,41.491088849837446,94.28875690868384,59.81864505204612,113.26863705778807,76.08714602707443,155.3744798962507,55.80330340528223,71.17858399931727,173.92913094011817,88.86943143173345,166.76174779945993,107.28769991135009,211.5645167129843,253.07876423662466,180.93982403432616,125.99763974958547
-2 2 3,55.599832615864564,77.30858478679389,112.18646445012456,145.2052653383334,181.38656197616965,50.22592221057843,38.945522882074044,29.91223376671941,157.4503560222063,174.1402539298516,186.84181243325204,62.66210945804013,25.556165944363027,26.927043952794502,39.20851164157527,52.69734251459106,88.16924015169887,67.22138160939168,89.52140521265775,87.88968198506876,92.55682393859071,147.48280212021783,165.99623015686296,75.49121030321865,119.43919617877627,91.01022971905715,134.64610144708035,104.33718859251783,157.2266509266955,88.28768887753417,99.49012934685634,134.49364891014997,113.860485602053,175.5954283252174,130.44591252546644,201.76322853933354,143.5426993492795,65.53971567189352,145.12661229246174
-2 2 4,0.0,0.0,0.0,0.0,-15.030871492946817,5.639395693185602,1.139071743886704,0.0,-8.043164582969352,-11.819961623301863,-17.7024405916971,9.392969115033598,-3.6432599055054693,7.227145903035173,1.0646757551318233,8.201521313056169,18.083264690736467,24.18394259114874,16.28055879577524,26.39444241900866,13.096015858651784,-8.28488733124031,-9.132895662822218,9.548166469720119,-5.429810472649307,5.549496904178693,-8.012656380835983,-0.4034914286006105,0.0,5.824218630366095,0.0,0.0,-1.8232778090506943,0.0,-5.2141853032422185,0.0,-0.0,-55.98282384034276,-5.689795092229079
-2 2 5,-59.11252153169198,-23.13809429940645,-46.19251466931208,-70.3804088189829,8.704999057833206,-31.370406589817875,-28.156040623497464,-23.956878585182583,-21.206162752673062,-1.736938499549057,16.66073029951673,-33.94363063980835,-28.811350404012916,-16.377305745499754,-29.4981632240391,-31.910188161504337,-42.32820306730769,-34.1441469361127,-35.489774634841055,-37.60762918954036,-42.27114666197394,-26.70333167922805,-12.59630487850853,-36.833736499107914,-35.07847212682924,-39.831419974002294,-30.756526888776083,-38.80803222445029,-68.31243265870634,-39.829303007299,-41.7804572867555,-19.490164723076155,-39.29749559664121,-0.0,-33.73429512239824,-4.441607407962644,-0.0,-0.0,-28.640871759305796
-2 2 6,-0.0,0.0,45.52047749820006,124.25974294294883,120.49369588673834,0.0,-4.131422115918059,-9.980574582450018,127.69214832685411,124.22603322344924,117.53751289616113,10.079571509134569,-25.122276781979547,-20.609933037376205,-9.405709987606542,8.74552767812927,30.261840782920864,14.666004070086812,41.94653722857024,22.388071868952114,57.72886376040148,122.19140631536061,127.43677143556737,23.659771082003328,90.86073455244254,49.71580515987856,109.46597887918269,69.84523136746421,117.78326578773617,41.26249070322203,62.50878461166708,101.69879537860815,84.70231885734077,120.69349132873404,104.77439266321282,128.4243654582984,106.06677804563323,103.65245146496495,118.9397976054225
-2 3 1,-0.0,-0.0,-0.0,0.0,110.75247261840865,-8.095999791048287,-3.1461684745965526,-0.0,119.60128839226844,117.40966316968816,104.94990258969803,-10.702630247154987,-4.309900123158725,1.5103975505107774,-8.545677373468578,-11.821261359124723,-20.247432133693213,-23.214808066630795,-16.538553286955498,-24.02152698851853,-2.7272435848512773,107.73856552847317,121.80551318102228,-7.4144633011880074,59.101030443458285,8.6413630087063,86.40657855511712,31.347975618254996,0.0,0.0,16.46253807667745,0.0,44.33463884817138,0.0,73.17976730610624,39.93395269712678,97.43578814327932,43.14876262405132,97.82192288844433
-2 3 2,3.6565813583160827,12.637044558258292,0.0,0.0,81.94468252809867,24.846434177273675,22.027662815722227,20.808666299691517,75.4725521548008,80.54525652545027,82.50773416364578,30.963676766149703,16.759076548558813,19.088759221981448,25.082708878546015,25.019880534732632,44.38011660818561,20.395065479226812,56.06309865499369,31.867971719639424,75.7207910480136,74.53261229684723,78.08431165927216,41.66232776951758,74.98673036321195,59.647713934643285,75.4082447804049,69.7974700424979,30.180423923693013,54.24301961573921,66.08826151777156,75.5832589729842,74.71236017670999,33.29274780752364,76.33901389831207,63.79435401020953,4.304245915090967,1.3939854621897467,74.60272147006745
-2 3 3,24.26834529607956,35.14593585663708,56.12671443872928,62.55029405473993,-14.50726059150484,20.033726568544864,16.318080952127776,12.59033124382229,27.043223095795586,-1.031358966151215,-24.502124994566348,24.005742081036082,9.719397360871511,12.46967862668985,24.7530377158485,23.95352037078229,28.480361639865727,25.18954008951854,29.64552295551964,26.77032165398886,36.60966074614467,36.55686177322693,13.83347389982639,28.323940005490446,43.08728260156189,36.434613627606666,41.85811554894509,40.83538623867759,0.0,32.8852264131585,37.6544115118387,0.0,41.430817381134936,0.0,42.26232667074368,0.0,-0.0,-9.99123954132559,38.688486700674666
-2 3 4,0.0,0.0,0.0,0.0,38.2299271319975,-5.868042093655818,-4.616147572676705,-2.9828272551164767,23.48720748892154,33.787277963406154,41.63335037444926,-6.427666986785205,-8.709192678832594,1.0756036974515775,-4.729459342366863,-10.769207686998781,-14.723671895203534,-15.00319687192664,-14.426960414989658,-13.083736301709655,-8.307596699662362,17.09516657926276,28.83532392492846,-6.434727287506355,1.4026232391287357,-9.227535672805343,9.399836784478548,-5.223608279543966,-0.0,-5.917503144476849,-2.8291177491479194,-0.0,0.0,-0.0,3.9411040611976165,-0.0,-0.0,-0.7702896596620864,10.573292927130757
-2 3 5,-0.0,-0.0,-0.0,-0.0,-187.73806843190047,-7.484778662922063,-7.441284287610715,-7.155019365597991,-159.79382727875813,-184.04611282582852,-189.14045004570536,-8.283072110682212,-16.438287871655653,-8.706824006095784,-10.42389050578471,-7.036755229937379,-9.755350706930557,-9.062287150164277,-11.169017903253991,-7.668625048756223,-16.26551030005926,-135.4309988472607,-175.6470312721869,-11.552650213691091,-74.1895231783391,-29.799081888242558,-105.0773083644487,-48.18856395067848,-0.0,-21.177626832469098,-38.111359791677835,-93.49608828021557,-61.92696509977321,-229.88531537540052,-92.3643930719085,-238.0108619753632,-202.36914659729848,-261.4333330452853,-125.18691185990147
-2 3 6,-0.0,0.0,0.0,-0.0,-66.58354963661141,-0.07996799144521012,-2.100000163637207,-2.781451693849698,-52.845353809458295,-64.81265005948684,-67.03793835961159,-0.0,-11.183678836866537,-7.2400376219183595,-9.233667283653217,-3.1196503595987806,5.604855771020909,0.7428897579974248,7.902417163558797,3.568964215830144,11.505150071320278,-42.43165269870474,-60.480328003074945,-0.0,-19.13086244815277,-3.36592184933673,-30.64164022406231,-9.60103281100357,-0.0,-0.0,-4.317094087201471,-0.0,-14.88561019743952,-46.325881176677015,-26.09612932976018,-4.309518806604416,-5.6288935001952005,-14.980870771440475,-38.36980209982816
-1 1 1,0.0,0.0,0.0,0.0,9.174414510647287,0.0,0.0,0.0,5.049957735520805,7.737166310994591,10.30367340036885,0.0,0.920920837711356,0.520856629811673,1.6943928983587817,2.184432579810073,2.8169829940422964,2.640698755384163,2.3379191302381948,2.927619718435439,1.2572573982480073,4.031935369159677,6.277916970631992,0.0,2.3179637690841126,1.8461660013205559,3.0995674453615853,1.8863683814441667,0.0,0.0,0.0,0.0,0.0,0.0,0.0,0.0,0.0,0.0,0.0
-1 1 2,-0.0,-0.0,-0.0,-0.0,-1.8600223757895222,-0.0,-0.0,-0.0,-7.262320629254437,-3.5407865498698228,-0.6481819461597836,-0.0,-0.2625356795305542,-0.02088866545822604,-1.0807294391850888,-1.7701942048027617,-4.558342044909442,-3.1520295105565745,-4.886092350673212,-4.119663154666733,-5.51104293645034,-8.462986259624595,-5.476116562451049,-0.0,-8.162365293948676,-5.546189422592995,-8.769314329378952,-6.948025912622552,-0.0,-0.3571688144714818,-1.766725961934617,-0.0,-3.139445464526414,-0.0,-3.9073939458970943,-0.0,-0.0,-0.0,-4.079771641348508
-1 1 3,0.0,0.0,0.0,0.0,241.51207659293604,41.87600945503442,40.38696181464725,36.02656941954996,167.2197011379762,222.36149233249904,254.37156486674908,39.41110995936863,30.955118669655235,19.63041084045728,51.43001041765183,53.64678434883168,38.32885696182921,49.62444487885326,32.329148471298296,42.289912968575685,24.07988391085182,134.6140624195096,197.12191514764396,35.900789960210815,72.55278317812618,40.33194649206692,101.81157182062877,51.289892641848375,0.0,35.440672896791426,43.199081983348194,0.0,60.56159187535139,63.10980797514647,88.91934822722688,132.71150354871634,150.5520248782841,143.1483849422857,122.3820912860569
-1 1 4,273.64688097784773,268.28380757099325,237.12132585276078,195.83636291758594,72.07567130557537,101.16779861319557,82.76462687867226,63.44991077076681,124.37381901362339,86.90252373098231,61.77274317764461,116.32173392047433,45.21548168389339,27.083816844486257,90.57466845119471,118.91242173018921,138.27461320311969,138.07025755605468,142.99119441323987,139.22407707002995,139.0954993403766,140.7380648442016,105.21161570760422,128.77676881369484,152.0830091645742,137.8895976560515,150.57741886537434,146.76150551089938,232.02111451717212,136.75145372417924,146.19987615423693,251.95805627013775,153.00427538498604,147.99272632650192,154.12062465380913,89.04166422383771,0.0,0.0,145.32231568382528
-1 1 5,-0.0,-0.0,-0.0,0.0,49.33148385187073,-12.648642759801342,-14.695205149627466,-15.310982964648915,45.05376108624528,47.39626052703782,51.03696860400523,-9.803617046092308,-22.220340277366862,-15.686326504180094,-21.95733265737901,-18.354047500192245,-3.4710844747951226,-6.115459821206703,1.9105594488294608,-5.1884523509330025,-11.55016092358169,43.05435937971283,45.916369025336664,-6.348921450562698,25.703477908229218,2.057113242417988,36.86636336021614,12.778923210395318,0.0,-1.6596345104674777,4.501739156397922,5.002683329303356,17.63693809167812,3.0605209417640067,32.11863112193202,0.0,0.0,0.0,40.487121528887045
-1 1 6,0.0,0.0,0.0,0.0,101.40075432689734,6.338699655002964,1.1151911613265082,0.0,65.59817597549329,90.80766698487598,109.02903028738874,12.744486502942273,-5.873200786339939,-10.063695192710513,15.305518937431486,15.297982337838473,16.78323557470393,13.21217808199521,27.630080333655634,13.05043276158414,36.80832775298138,54.13123921622547,78.31589839974788,19.158557877849294,38.59573912862997,27.905753847106993,45.07674915718743,33.34869093411209,0.0,24.898309107816544,30.601323149496796,0.0,33.97141574396755,15.482360279726404,38.57124837291997,66.1439682156466,87.89954718230602,90.30779235035524,47.72697613217483
-1 2 1,-0.0,-0.0,-0.0,-0.0,-136.47674068855088,-3.063231564817099,-0.6992029697932604,-0.0,-105.99123618487877,-129.19625595303796,-141.07495180154285,-7.708349611474289,-1.9784219847652966,-2.047933358114102,-2.0022251007285723,-4.810137915792702,-15.755993881947925,-7.7113317284111345,-26.6457991929702,-9.373334335218974,-43.048344191412475,-92.00492081692936,-118.87293360390919,-15.589057440292562,-65.12537912310289,-37.126990198920076,-78.3659923386873,-51.365402560443854,-0.0,-28.59070097295702,-42.79809071287868,-28.42577958571125,-57.64903992242409,-90.5341180465785,-71.91271193544772,-46.79186772316315,-19.328523467267686,-0.0,-84.79607440998936
-1 2 2,-0.0,-0.0,-0.0,-0.0,7.080730151748815,2.0894656870724124,9.059877537791275,15.810265280786966,12.068447205023936,7.319983362324434,7.395949679402538,0.0,16.57844558673914,21.350107636486296,12.041029716572037,-2.851267579414826,5.052735128110446,-11.03567148519862,12.41403496156456,-2.9086712339797063,-0.6078653016102851,15.25506173916127,8.909322024376886,-0.0,11.84481767452975,1.5848743577393016,15.621147009251457,6.021914073377479,-0.0,0.0,1.5845796242056878,-0.0,7.297395583117014,-0.0,13.045838887597538,-0.0,-11.901079176428345,-0.0,14.202448300585495
-1 2 3,-0.0,-0.0,-14.446531009948151,-44.91552455220244,-129.677966181759,-7.32572141159825,0.0,7.076948949133495,-108.61873432926788,-123.80026544452006,-133.8604796691257,-22.29272992871392,9.547336252771638,16.36651099872482,10.710469520063842,-11.100079046060435,-54.01102877934956,-37.33214739146558,-54.300795416515,-52.49087272894852,-58.826530372725635,-99.78694012319528,-116.62157429512911,-36.23634694268591,-78.19437464813494,-54.17652090442908,-89.69262135643268,-66.07150038828154,-71.12485827227722,-46.9743763603903,-58.42636429513125,-86.98333484701936,-70.63962991540346,-150.6145170210167,-83.60077582510866,-176.07013165385248,-195.17880832469464,-126.37635882326397,-96.2781010440748
-1 2 4,0.0,0.0,42.33984023028677,60.11455129923599,80.69383478484211,28.90021875212841,21.5672995306715,14.811132825735152,86.47804039112741,82.70010904251629,79.37729898474436,37.127733122486575,7.232349956352276,12.15778457343568,24.256538139150845,32.62192918924607,52.76907842864214,48.193339313362976,58.69036284612992,51.403135559748506,54.433188454339465,85.70138485609075,85.02947950393924,45.74459438937357,76.32396693554689,57.498641718447224,82.33223424513403,67.57884069510989,0.0,53.8952994878412,63.91599436982713,0.0,72.47778136494782,37.023382286342766,78.09592373673946,63.62276647639906,86.6737024977776,67.18452116536693,82.0128609539498
-1 2 5,-0.0,-0.0,0.0,0.0,172.96277204638852,-0.0,-0.5730869890292479,-1.6781048923039303,137.63053844647033,167.69477358548409,175.0149373043144,0.0,-12.096151237999756,-8.8097303456467,4.3697362083324816,-5.0954291593245165,3.1875664866752906,-3.457137566152994,22.68674587124081,-3.446038953915422,28.642136438385275,112.511488248633,156.50563735234013,5.13299945899163,61.127717239676,25.173951370735622,85.56313969414899,41.044922051621995,56.78366064938053,16.26848511616212,31.96761983264805,58.65324193003568,51.71699898338584,80.47073413237989,74.92709861070347,104.84360815877383,122.2700433119838,129.7843359563273,102.78329233325584
-1 2 6,0.0,0.0,0.0,-0.0,-13.926646187491922,0.0,0.0,-0.0,-14.729103586136729,-13.64988692074133,-14.25272180982039,0.0,-6.621325641389307,-10.021805722251052,14.664095069874863,9.445724246980102,-3.3479246264198186,2.554913432064721,-8.475133553586776,-1.68343595151804,-19.750465467363185,-16.684980539246897,-13.763370661723549,-0.0,-19.547384804878725,-12.84667879136548,-18.816501195987954,-17.59780555313898,-0.0,-6.415234881278095,-11.424331070050778,-0.0,-15.306546489439691,-0.0,-16.301220718088015,-0.0,-0.0,0.0,-14.335803064414474
-1 3 1,0.0,-0.0,-0.0,-0.0,-365.7180074700671,0.0,1.41089606964856,3.51218149241369,-285.12650354014727,-348.38469913686026,-376.35397940024245,-0.0,4.623876406698544,5.970710221215355,6.557237919565895,2.190017393949278,-6.668566891404359,-0.8931632578114714,-12.935403648949396,-4.517943663473422,-28.14652410104533,-236.9031568856563,-322.1593253228597,-11.088711336073908,-124.62108588589169,-42.315400950747744,-180.8664918456379,-76.79200850136986,-97.71627660259963,-29.360532215262513,-58.4923336917071,-192.67300820648882,-103.6907473104696,-251.94664752766994,-159.25611552851643,-303.85024332486313,-337.4537743250973,-357.7287348990548,-217.72283343776644
-1 3 2,0.0,0.0,0.0,12.041447521959737,114.22504687650714,26.8547554729918,25.273711638270875,24.08740750837418,106.19967313586669,114.76181155556293,112.99436190055546,29.485298485496166,15.60542927198064,16.504867450113068,25.788864218377924,24.56144266489054,44.52698414310809,28.29967216461612,52.937249267476666,34.041212418107015,61.63787810254454,94.75662160000888,112.75501027050679,34.70987601741036,67.95742055079157,47.861069713260356,80.87772265804638,57.18495227782427,107.12777613667122,43.955481361858276,55.10463034965562,147.8257311160976,65.41470113684211,202.9004979288715,77.60286816165723,192.85468950118326,166.43610711156282,187.803294673932,92.42298297324992
-1 3 3,0.0,0.0,0.0,0.0,60.95663753249385,11.320355349166467,11.629277478275188,10.58900010238775,24.087119410095898,50.651258385941205,68.0926382524572,9.241378295758988,8.9572967335372,12.53076724677622,19.801135346629565,17.002317357825422,10.239510704242335,19.905991196536135,3.9973763268301155,11.780643092237137,-4.033306437862625,11.497134734897376,37.825217793035975,5.5368040861655246,-2.399766136829273,1.4028281681873833,2.1747733944155,-2.196564483585194,-0.0,0.44015971887443656,-0.0,-0.0,-0.0,-0.0,-0.0,0.0,31.05422257704799,0.0,5.891269194106416
-1 3 4,0.0,0.0,0.0,0.0,-139.0410351821648,4.551702422237814,3.256717185787652,1.5651779795296346,-75.68044704304027,-123.90107824831139,-148.8506488155405,6.918829608814993,1.7045820935315572,5.6427610445852485,17.179435379953436,12.210173682444598,6.7157268654619475,8.23588913831702,12.09183007758542,5.378457376115278,21.095272359212547,-45.347113011267574,-102.6987296198925,9.57839104724761,2.157310363562748,13.916036056221085,-17.42186099821829,11.70666725078594,-0.0,12.718289060836433,11.030527131908368,-0.0,4.430975013235552,-14.37736436688868,-5.718957038814845,-68.32461664235115,-115.37636289247395,-124.38095323857489,-30.914870910170926
-1 3 5,0.0,0.0,0.0,49.0120630838494,154.73946549240966,-0.8546383372600196,-0.46504695791761663,-0.051755358747566316,125.3636825609885,149.67311715378287,157.37543761203528,-0.0,-8.155387227770518,-4.667442856912909,1.7659866343490775,-3.268946049851945,-5.604005020014606,-9.077623916269655,-0.9343129426097584,-8.115716863050803,8.44068049217325,103.23584771862521,140.50247617830163,-0.0,47.63751377128585,10.222011935376038,75.65738677678088,25.012034163463262,140.12621066742398,4.480177945486927,18.27136532100605,206.12228542856343,38.660817398609865,260.62213021936714,64.4178383488425,225.7901791227337,232.43410097253434,272.0587275986308,93.51707170928226
-1 3 6,0.0,0.0,0.0,0.0,124.82826070017528,-0.0,-0.0,-0.0,96.57357416917992,119.91947372971705,127.2053444699398,-0.0,-3.6714753551266455,-2.903856895326445,1.6089180279568283,-0.36932067859575457,-5.444442310352288,-4.651143391475855,-5.89127037879883,-7.166252312493629,-0.012788029879578644,77.88371251125169,110.83357347579629,-0.0,36.32435093665693,6.765734108388502,56.92811848083613,18.867733163124115,0.0,0.0,9.339296660619222,0.0,24.800671824310893,0.0,45.25215365570136,0.0,0.0,26.881685271206592,66.5272797368503
1 1 1,-0.0,0.0,0.0,0.0,10.576181238608749,-0.0,-0.0,-0.0,7.851470119077301,10.009682379181488,10.890048886477274,-0.0,-0.8577915331296079,-0.29691555272524406,-1.9157787486703501,-1.9090969994280738,-0.3453826668751759,-1.6014506953309398,0.48324669091693284,-1.109945566642238,1.3287926828415457,6.430324274215507,9.097504190840212,-0.0,3.698075827219825,1.2026796392727426,5.022410778581438,2.4226574343967338,0.0,0.0,0.0,0.0,0.0,0.0,0.0,0.0,0.0,0.0,1.1834670399666372
1 1 2,-102.01324561227766,-105.84233903633044,-38.13661843744673,-0.0,-65.23068688937694,-71.38155362503521,-59.592341482753014,-46.010275177165965,-36.3536202710075,-57.690849145511486,-70.05051562903046,-79.22710152587311,-35.78695846265438,-18.511048025415814,-70.91870667166008,-83.92234332665292,-103.8463433665112,-95.71723265665442,-98.8974667546476,-106.46229853514765,-83.34646453831517,-28.248900345100477,-47.479698685646234,-79.92641540484908,-36.539519453112895,-66.37850155361147,-27.740408060619522,-51.43974574615517,-0.0,-71.42610900317688,-56.53864921076647,0.0,-39.9220036179995,0.0,-27.14836031967128,-0.0,-2.3736014722756407,0.0,-24.689006883418802
1 1 3,-0.0,-0.0,-36.37645306863461,-38.057981783155185,-35.624180690209315,3.7246434936628847,10.557479926491586,13.633586511474084,-41.913441579218755,-37.05465528805342,-34.801424068046025,-0.0,14.941663732045628,9.842051260669916,24.370763557491905,15.345474264232013,-23.430004349679617,0.7083708418266835,-33.63397212791277,-13.417521350552715,-36.45001615638464,-44.245821674167956,-39.2298929614675,-11.166337711170913,-41.82741899071173,-26.691753722658188,-44.719332967440735,-35.41731433675457,-0.0,-22.624537445054255,-32.91694801930903,0.0,-40.39305344428424,0.0,-45.76793832769214,-0.0,-0.0,0.0,-45.00466789661268
1 1 4,-0.0,-39.16120197725271,-48.04159712642374,-53.61836891629772,-138.44913491872825,-18.492397018608926,-6.815097394568957,-0.0,-130.04990026938952,-137.34163037102363,-138.9024522813601,-31.28347106036679,-2.3126221473758752,-4.486407704368292,3.5475559216991956,-24.1272258277303,-57.97836359738548,-48.825187722166056,-54.898821570499464,-57.73756471022166,-55.55676284131414,-121.73438640594951,-134.8816406051683,-42.46112422818529,-93.85403242454323,-61.876668304394556,-109.40058630446174,-77.22082482485982,-102.30401718379917,-53.87638971170535,-69.48110593543765,-119.52814496215113,-86.45255355334837,-142.71380154711383,-103.31170395139131,-139.27108732249806,-116.58078203635145,-236.7807327625593,-118.08870565543644
1 1 5,-77.15354604049368,-91.58809465907804,-94.22163047640267,-99.3179153311672,-51.04721716836708,-34.189396744292864,-27.481758679788374,-22.197102464190106,-68.81656543926363,-55.33404959255874,-48.37273844394506,-41.962633803593654,-24.73231682240342,-21.92979390524744,-21.320717049222697,-38.50328242893213,-50.406612046407176,-47.16059509444701,-56.599979566258355,-47.27027762172917,-79.9811913261234,-75.60796931688382,-61.44604629204169,-52.35471432439449,-78.59767188701984,-65.50954766766274,-79.32500581039525,-73.69707406109082,-75.18615077893902,-62.95864255912849,-70.92844828357337,-52.95726602731736,-75.79327050415655,-13.155702541327441,-77.94492909924098,-0.0,0.0,0.0,-74.65848467029457
1 1 6,0.0,0.0,0.0,-0.0,-32.569188537898825,-0.0,-0.0,-1.9142789060020657,-16.45497733100427,-27.495703002421532,-36.459517539082384,0.0,-13.025200138102198,-14.378126094960168,0.871320890032039,-1.4487416411316552,5.08335324131751,-0.7441948504547353,10.960458355439625,1.0925523418417955,20.198139455610225,-10.194491544928232,-21.989455940643627,0.7222749865044976,4.364765584191565,8.259216802507094,-2.7274174846270762,8.375108109756805,-0.0,4.131888598371767,6.329537401935857,-0.0,4.2489286498930365,-0.0,-0.0,-0.0,0.0,0.0,-6.108180233369686
1 2 1,0.0,-0.0,-0.0,-0.0,-168.37181327086407,-5.452726113899504,-3.9813018522617205,-1.8402599074661128,-126.3091146422613,-158.13863820611482,-175.04664836517807,-7.501070784846867,-6.08252207261399,0.6896065559434928,-15.361071470464168,-17.195633828293744,-7.924081284688261,-11.213393452801343,-4.94186711670649,-14.466533205160339,-6.021743350521871,-105.56754943801332,-144.0376378767681,-11.632431219557029,-60.431169316068555,-25.523353670560148,-82.9472731941152,-40.55834252794124,-0.0,-18.57111867917154,-31.483674304564133,-10.534041945770444,-50.461749954105244,-42.89882383049246,-72.07062995399848,-53.88801281299369,-61.893586716596786,-42.544759922657164,-96.05325190682677
1 2 2,21.228020267563732,54.14654969352817,66.21167389151469,69.97332233099289,92.14921298836494,17.684300911356203,4.812600431061823,0.0,98.02755404334255,93.92239750914887,90.8748592248522,34.813981437328096,-5.136166377487885,4.6836848299767615,-11.217251539165295,6.572675648055277,73.2835253488544,46.46993084681732,90.35982424422981,53.25150631351108,108.71938977387212,99.45989725526448,96.0047177849201,54.79839901206304,96.94958964318931,78.36915014136636,99.49743087209428,90.27690878271304,67.3361381844698,72.35820184313432,86.61727067412686,51.27861773125263,93.6891480740894,22.733477978965407,97.0665696357789,0.0,0.0,1.7822776916020187,98.96179640346539
1 2 3,-0.0,-0.0,-0.0,-0.0,100.98164544897132,0.0,2.3072878686987623,4.94940623238745,71.32656977876745,93.77867233187668,105.7037842919016,-0.0,1.303670100106962,9.135139224619934,4.386406938004462,0.4157385426187774,-6.529556943411207,1.323199484815672,-6.6775246648958015,-9.047586481131743,-10.12438884758351,56.54368195079893,83.86529321325821,-0.4918923106603166,24.51084546333717,2.0185686822831013,40.400393706593476,11.100452554951024,0.0,-0.0,3.3689484250663506,25.66718821101215,17.24045556341894,73.50880669826036,33.43049101369878,113.10388770197851,126.21385628410404,130.6060706332507,50.43664529119353
1 2 4,-0.0,-0.0,0.0,4.269490387559138,91.68895701285933,0.0,-0.0,-0.0,50.45838779289995,80.25556329247893,99.70765510550522,0.0,-6.8903133065387525,1.241319367514978,-0.6996235104351172,-6.635938381689745,4.996212829588047,-1.6204224936886997,9.65986690089837,1.4358110428759272,19.7104822884853,35.07563300908535,66.07588537031877,1.9876721166820566,13.644348039726621,6.743664461765096,22.200460985799918,9.16502832763447,0.2825379115854748,4.806053039097017,6.914057604364007,0.0,10.226951988952933,-0.0,17.399158825463296,0.0,0.0,48.733131381432464,28.512232065347636
1 2 5,0.0,0.0,12.502021063672954,14.506576542521964,-37.76418676415867,0.0,-0.0,-0.0,-5.619353333611237,-29.867629157301963,-42.9541994124378,0.0,-7.8941715390684255,-11.20564953292906,14.34890688793531,0.2760605442528453,-3.310602114191594,-3.627992993494701,5.284785966988852,-7.547367436054099,17.698938311973777,8.84318336718815,-19.043417102167645,4.7214491077317655,26.03218334329669,16.6052947390652,20.743462008384476,23.679303076409152,0.0,10.806458949272109,19.613231796864422,0.0,24.822488802669803,-0.0,22.16376557068449,-0.0,0.0,0.0,12.761783311321949
1 2 6,0.0,0.0,0.0,-0.0,-92.75104355907597,-0.0,-0.0,-0.0,-93.10307150980388,-95.13924607220017,-90.35715430888074,-0.0,-8.248560838337703,-9.62191752679241,7.521268388759927,0.38310238376887185,-5.423955425517824,-5.68824238724476,-8.701722702679529,-7.06062910761794,-9.835382889990083,-85.6744183485909,-95.88753953001819,-4.318490741960229,-56.591632620530284,-21.851323955535893,-73.3372202114261,-37.93922426503964,-0.0,-12.534377630184025,-28.38526682977529,-0.0,-47.49902181176636,-25.71749324438038,-66.20556330930745,-18.47302452276971,-42.231299245525705,-16.441724919216046,-81.07177882674343
1 3 1,-0.0,-0.0,-0.0,-56.99104431960763,-105.90392546070304,-20.037617354679202,-12.981158115675175,-7.097174352804358,-122.80409589655221,-110.76184635775407,-102.72240369293898,-28.963464727466636,-6.630457323766652,-1.7525436742296692,-17.709281218305108,-27.66082892649986,-40.270093479504546,-32.927362505626974,-48.87636138575676,-37.45412897182507,-65.38966390074127,-124.83243557757295,-116.98231932297388,-42.25506630242714,-106.86958579056348,-68.27409076289038,-119.74251117421971,-88.48740558502261,-91.66660423515607,-59.1796340318392,-79.76423132030797,-69.50591560214478,-100.54724830681874,-64.49753384349137,-116.54144611674027,-62.12201827519509,-70.33877653692979,-100.22112887269975,-124.60314051836406
1 3 2,-0.0,-51.50502096593763,-89.88987699440149,-89.53068505406102,-213.1383480435707,-18.88297128912187,-9.457400561496412,-2.38143138651058,-180.8529167337422,-205.7024448221791,-217.83892851408615,-31.88544804558952,-3.254823143994946,2.5457390159935036,-11.35530991253606,-24.74423031060674,-48.23091976329728,-30.851663540818908,-65.14059047274263,-42.272784772927515,-88.54644408144237,-163.83006324524118,-194.98144746405828,-49.0185057441403,-124.06112227215152,-78.23319585507205,-144.7944402146877,-101.51463684456397,-144.39780887620134,-68.5494493956375,-91.58778309577343,-196.05141330838168,-115.63511811539114,-199.7697641900798,-138.03480019652724,-210.8688710597574,-219.09620483431027,-324.9803870497724,-156.77171916064026
1 3 3,-0.0,-5.58111163568807,-0.0,-0.0,-54.58600003747647,-7.859739561158101,-1.8281808063446665,-0.0,-55.981768183504634,-54.64943150511151,-54.68465336182142,-14.544611288165642,-2.1442645153075577,4.65954815353646,-3.885405399462189,-12.986909559531899,-29.025033735923525,-15.657747268562884,-36.64140823969945,-27.30307145168976,-41.31613759261581,-56.23098698774228,-55.12482379194225,-21.750814732677444,-48.72265293467288,-33.125914323205464,-54.11002487400436,-41.09773004701869,-0.0,-27.595723933550058,-35.50664824394173,-0.0,-43.82894606720346,-0.0,-50.81675183238454,-0.0,0.0,0.0,-53.94058406223204
1 3 4,0.0,0.0,-0.0,0.0,17.898978420711998,4.857643626111535,3.855342017336981,2.2306057425288652,1.0319861613011747,10.900239135345386,23.425278868394926,6.286603993854463,1.5226011013683067,2.1402790239004092,15.29038258132067,13.294534340199045,6.134870708236984,11.740128658334038,3.4881306194983703,4.949221124277291,11.91666390095405,2.8940152764452103,4.344355195360007,8.814486077798382,15.683444001674863,17.065750055135766,9.082376906177789,18.603856260447003,0.0,12.48411051986881,15.164565604369667,0.0,15.193230732157794,0.0,9.86481639569893,1.927134985611777,0.0,0.0,4.042810340683471
1 3 5,7.005049194443744,54.687568278818816,37.17327094291215,0.0,96.96038066514187,17.614107499096615,10.752355656845777,4.214924025655508,101.43946924308811,99.45365210375658,95.00670292191951,24.452000727612635,-0.6417457263377372,-1.4107299829928102,16.198322326545007,24.869896002201543,41.10713075027717,31.823080199651276,34.70321633617585,37.35875508971699,34.07998468728464,96.32728847728441,101.586021963864,29.43465156365842,67.56378494750523,39.51285394101019,84.41193667942173,51.22531776372479,0.0,35.94368850015418,44.573631102959254,0.0,60.215194826548164,0.0,78.09260666696136,0.0,0.0,-0.0,91.85819724001514
1 3 6,0.0,0.0,0.0,-0.0,-96.25465348835598,2.0784918081959023,1.090458334752003,0.0,-87.44475724531925,-95.18535943679323,-96.7010760636858,0.2555067881478054,-1.0752512978538844,-1.392278998030473,6.68876358943725,9.862080734697088,8.23054723989557,10.56357294778051,-4.012008796638346,9.76572252682813,-13.363268119817134,-78.12791952449112,-92.6886142842146,-0.0,-47.91449691267411,-16.512171589686286,-64.45718430346133,-31.15102329212934,-0.0,-7.576854003006095,-22.679958058646797,-0.0,-39.520126934503466,-11.825102183390875,-56.45290956061177,-73.33899497666422,-36.67390362493894,-92.13629400470855,-73.15254165779115
2 1 1,-0.0,0.0,0.0,0.0,31.91918411700573,-0.0,-0.0,-0.0,23.60152883174238,30.49419483188136,32.808397605330086,-0.0,-1.2185725105017529,-0.25612123167992557,-3.7379995765265095,-3.227980100594807,-4.734788239904044,-3.0808270859512588,-7.041306890183815,-3.6392503756013324,-11.659350944674932,16.00290123898983,28.0738517193257,-0.6958406783661027,-3.0208077516848086,-8.799730363803633,6.053348033369205,-8.096543282072924,0.0,-3.2080098930558187,-4.178916496141484,0.0,-1.2358479087686967,0.0,0.0,0.0,-0.0,-0.0,8.684658753504614
2 1 2,56.59681364002078,15.844994463048803,0.0,0.0,27.48025202922104,55.524382735698914,47.91638967572593,38.69990614851799,26.67496923951415,25.598574876542912,29.434894976898796,58.638883173699696,36.490458911459875,23.692951550117428,60.729957572260915,68.34986357022915,67.66704729513536,70.27993836311907,58.43539789702523,73.21415019435221,41.54544562959025,29.886719785189534,25.028938553485954,56.982351832000596,35.92152007915581,46.993739464682896,33.04452233341164,40.29765491061908,0.0,48.74142002281456,40.28859830122816,0.0,34.52292935904467,0.0,32.421987935191005,0.0,0.0,3.781293727251661,30.933828425213477
2 1 3,-116.58750079623057,-99.936318632995,-132.846989241449,-135.20415803792227,54.942893357798546,-85.88547344695385,-78.28546636887339,-68.39529788875984,5.055741108859664,43.25680000006574,62.32437564560504,-90.47201761289114,-63.6702305810662,-44.63681908513427,-91.00880670433384,-97.38579579964515,-94.98882712635772,-94.33395997641162,-99.24111393485941,-98.78711147045766,-108.69555014038222,-19.639295791407864,26.547766907366817,-92.26339018434895,-65.8367706661617,-88.79251062160937,-44.50748288369968,-80.84434620192226,-46.64135750210278,-90.46172926730057,-84.43168341970348,-0.0,-71.52087624661786,18.057805226475796,-52.71748298943276,51.386866449097916,15.278253318209405,15.69088945038339,-29.282809099555305
2 1 4,0.0,0.0,0.0,-0.0,-86.75418323834847,-7.397415495275085,-10.679233953687536,-12.468403175822704,-35.42530662867335,-73.38024866806926,-95.63456704810827,-3.342425001099826,-22.389478113003616,-22.6163895164813,-12.913781139802454,-17.21641141709668,10.333614451357436,-10.21317949763033,12.514696008013626,1.8147596541400153,18.778943124208325,-16.178189753707915,-55.67993260075097,-0.0,4.644740765913512,4.15401903245946,-2.172747613369966,5.868081422991048,-0.0,0.07740471012079642,1.5208290577930308,-0.0,1.8213906925946948,-17.747947822846413,-0.0,-33.84226945493264,-0.0,-2.078426727366175,-9.709257878096905
2 1 5,-0.0,-0.0,-0.0,-0.0,81.55819130715841,-25.772002422369788,-20.057487849993656,-15.824942917455072,47.69648054154431,74.65803235550413,85.63253593746876,-32.894368901012506,-18.42561404234925,-20.031068503739764,-12.142563833889401,-30.179371635933055,-46.97069300147579,-39.775129205336526,-55.997517863020974,-42.66452521287143,-60.51480024239297,27.12033697784128,63.702633647358624,-38.60285808875036,-15.07910166307497,-37.54657157056111,4.863324730531175,-29.676039000182335,-0.0,-39.370710348789096,-33.63468391898107,0.0,-21.190151404290017,0.0,-3.578163975214394,8.833215877336073,18.4530320104185,48.996557442985115,15.506567441357797
2 1 6,0.0,17.63758091811084,7.392682491643687,24.806156971533323,189.79369638581633,7.295972946265404,0.0,-0.0,170.2664575812662,185.45471658350593,192.6563463938924,20.858342692930155,-6.090105825840998,-7.2959558484607765,1.3961295824563789,6.4326339118217915,43.22173618083075,16.917002638426794,57.56395012919572,31.995315598757514,81.51073995675829,156.9233285619806,179.25333417289602,38.57085063285995,115.1885555953924,67.37904379213828,138.21510893196933,90.68006188471063,116.24597523230126,58.19483480870424,81.80303397184153,159.98189747670477,105.47459931547998,250.73897526670572,130.33061961353854,226.0838082392549,185.17137683120794,197.15008284482656,151.76766567460317
2 2 1,0.0,0.0,-0.0,-0.0,-164.55604128804487,3.946047239467928,3.0171832801343856,1.3827522345469443,-121.59886467258117,-155.54499381666864,-169.86057675600608,3.7811502226579283,4.553406338371278,2.001701557039323,9.90950874144466,11.680332957568583,8.737402164796736,11.440944847365254,3.557895174942764,11.254767063025186,-2.578722541839529,-96.80858750003449,-141.45813069111517,1.4715396216967385,-43.60720282545235,-6.869753935367634,-69.64285812868066,-22.046017254336867,-0.0,-0.0,-10.90807446893837,-0.0,-30.549443550350006,-0.0,-55.75921286104396,-0.0,-0.0,-0.0,-84.7217744258554
2 2 2,0.0,0.0,0.0,1.0215687530121056,197.7797196148663,-20.09926374735391,-19.16276087312035,-14.763862743425976,146.1190415153898,185.92145058809672,205.16933345422734,-16.002833255091094,-9.344992571669128,-2.335019650734969,-33.588306723766884,-39.9012438759755,-5.654518641075295,-36.802975777357375,-0.2365499567277889,-19.355515227561302,5.474764044051282,119.52591443446289,168.6817923390099,-7.109521370516014,62.11836433912347,11.705035049734105,90.91620629565354,34.904813795308485,48.383904883038554,2.929845108936281,22.777312026525358,82.20281980923323,48.986926224741474,68.94599684721697,77.93664794237297,108.3784447716266,144.18654041869485,182.03175568529588,107.14093275932662
2 2 3,-0.0,-27.363436425295724,-64.8787132445231,-79.4177484472782,-97.03091485475919,-23.577711736741172,-17.338659185270537,-10.83108085258346,-81.46593450636006,-92.38604043870382,-100.4618997835675,-29.070707938408397,-11.316350485772189,-0.6704479710742108,-24.57868588465753,-36.56216474527707,-32.8617744681949,-33.93650219770039,-36.47706951170575,-33.75884568171758,-49.375105886817686,-75.48715692362433,-87.04155268842555,-34.57268002101455,-60.107548538571365,-43.12505503297352,-68.47332938524362,-51.17732772690483,-64.49301618030341,-41.24066391270227,-47.7234046605233,-72.51749033391906,-57.30771120303931,-74.55950641351484,-66.39142261942453,-76.3874763616616,-61.62840558246693,-96.54946086804131,-73.40490498045288
2 2 4,0.0,-0.0,-0.0,-0.0,-38.393322696503844,-0.0,-0.0,-0.0,-23.09482703143581,-33.04513841473656,-42.6670311792807,-0.0,-7.794849288238328,-4.818301763907073,-0.9012726439979368,-8.550083160101327,6.91895750754782,-3.432049402409696,5.909826684427683,0.7951269404838094,10.229834439037317,-18.978214276933144,-27.693021332801504,0.0,-10.162613006606545,-1.3322852630646387,-14.780479765711904,-5.274924885719954,-0.0,0.0,-0.2838375861326732,-0.0,-5.537809722444357,-11.039161899198936,-10.7835874742472,-0.0,-37.747956546551976,-21.18931916096576,-15.478881703847403
2 2 5,0.0,0.0,-0.0,-0.0,-98.07827190026272,-0.0,-0.0,-0.0,-93.2012125568147,-98.61494759096863,-97.10765087427089,-4.659008729709301,-6.468700841451165,-6.20337573869402,2.818005663694691,-2.113656795706599,-11.458474057055787,-4.783508831849301,-27.85680916747615,-9.613055211700644,-34.81776064803847,-85.0282081254518,-97.45931774918066,-12.89805931894099,-58.31950584284157,-30.051459658047676,-73.00558022649886,-43.27834118597715,-0.0,-23.887702676344258,-36.44618589758113,-0.0,-50.14266073175966,-0.0,-65.51745665482741,-0.0,-0.0,-85.68527219245871,-78.23353507917575
2 2 6,19.301943670183658,16.530891153833526,46.45748495102753,25.986689778083107,194.74840702919855,13.210583095234254,5.7518467339383585,0.21694612298176227,165.03762246824607,189.1268271237827,197.8038949916525,22.32268436537076,-2.451277198595778,-2.928265893717774,6.19294517126655,13.491208017684714,45.04245650287277,24.004920027263974,45.10837867593534,35.595823150859744,61.921552717426785,146.37572517822636,179.53030745559326,33.770845960597306,103.48116641637412,59.58687746489054,125.484511372399,80.90007654368871,109.7162995161303,50.01291752552906,70.4244531178993,178.5200911578468,94.80484231689964,264.70098179600984,117.36468814240298,230.35115980954544,192.33310556168394,199.95142436475646,139.40651990704572
2 3 1,0.0,0.0,0.0,-0.0,-2.1865996249520387,6.09430374204945,3.2071960637318706,0.6048588125195201,3.636669950479087,0.11495285253831693,-3.964546361155223,8.583391619516005,3.505677171308416,2.0677023257113802,5.453353204814447,10.261419733647603,18.401955018440976,14.290722273877957,18.48474469296106,17.550488311975904,14.261086363037412,3.538567572369294,2.3508285560437288,8.862387080689055,3.422298187691192,8.832675305172401,2.884677002420212,5.830701086186875,-0.0,5.939818215279073,2.9564208750102887,0.0,0.6639934896257764,-0.0,0.31011708599967425,-0.0,-0.0,-10.236133244236793,0.2845781682962266
2 3 2,0.0,0.0,0.0,5.041024862032612,219.80139458488793,6.071702998887846,1.1994841677132755,0.0,182.6954405368231,213.28267941492365,223.09778715374233,13.586505651298717,4.72048108246842,3.401214393723225,4.538791563812208,4.255705660416869,32.112196156037385,9.8047060430858,42.371817972383866,20.830230151405082,46.104643070440005,156.90431654606547,201.47474945759234,23.7063145947222,95.18702884095029,46.85276271938257,126.35048401922532,67.86734074887089,58.20516424871363,38.73316832563993,58.819099955700295,128.88617846243557,83.9902295334826,182.39290912514693,114.16815545573627,230.80893092646278,244.35423199844269,330.1067227718375,146.39484212671812
2 3 3,0.0,-0.0,-0.0,-0.0,-77.27284333335292,0.0,0.0,0.0,-83.21441952349387,-80.86761508167531,-74.19011321662872,-0.0,2.3428102029072493,2.1778832883947863,3.8583653522356647,1.7363959534800562,-5.658008551912003,1.8520505210441152,-19.784840762887864,-3.865498013325216,-39.152794619687135,-78.64165136548743,-83.49894939863316,-8.48621638734509,-56.88275652106942,-28.15138635684385,-69.55521040192711,-42.39161354044644,-0.0,-21.032854665357206,-34.8330895583857,-0.0,-50.417177355225306,-0.0,-63.0107345492012,-0.0,-3.534397885735989,-0.0,-74.3563001353508
2 3 4,0.0,0.0,-0.0,-0.0,0.7556022093235766,2.465926202566576,2.5248452790271356,1.0092098886555116,13.386277124771953,4.1283161762809994,-1.3299718871671111,0.7240462740096691,2.535329891947729,0.3258714544356412,11.488194885221382,10.775264298093758,2.847461092329619,10.341936264863199,-9.232393789571114,5.2135632875747655,-15.46779436657388,15.753095428065865,8.731108228428903,0.0,9.011271602653599,1.3989391715280834,14.01483254721551,3.894904397512169,0.0,-0.0,0.0,0.0,3.3519411700188257,0.0,9.761951509365174,-0.0,-0.0,-0.0,13.189232779709153
2 3 5,0.0,0.0,-0.0,-0.04397793386139903,-148.6615303321334,10.175290271172301,7.415382417943188,3.2408441880988463,-149.43676277606224,-151.7509708522797,-145.73613677059942,9.339387691131307,1.9304254073152096,0.023798343085894996,13.315523504354573,18.35866433849445,22.046695280325785,24.366387610580855,6.0106370771999575,25.194114685944736,-9.308008960632433,-138.08616770309825,-153.0022000980584,1.790934135466833,-87.5297495377859,-23.703342440936563,-117.15506814512192,-53.98401366358056,-111.19850316292788,-9.939195290927882,-39.52029829416166,-165.5209715042842,-72.2278625559627,-166.91031243136499,-106.01666995455412,-214.35313808180499,-152.55154936474233,-116.28267965172022,-131.74849214281346
2 3 6,0.0,0.0,15.031042413686025,98.98687630702901,-22.138562127022855,14.75242369493264,7.449316883942728,2.098777371707204,28.704987213217404,-10.387485713458986,-29.472382309469502,24.407230365989957,1.3449973622891485,0.15312303251846632,8.559124466810044,15.574167546256252,44.98034937413026,25.552152851677832,48.98784527134209,37.12342811517616,58.99678450818836,51.869516538655944,6.715705430764483,35.921116785804344,74.18537816758727,54.63734234590226,69.05205171155797,67.48736699299857,115.78096665415006,48.7687246106283,62.196760506541786,61.126036718772944,72.37477138976305,0.0,71.65976341183935,-0.0,-0.0,-0.0,58.151942532097124
3 1 1,-0.0,-0.0,-0.0,-0.0,-57.59135044168045,-0.0,-0.0,-0.0,-48.772191055595826,-55.87069953753766,-58.58334349442652,-1.6699137590184507,-0.4923357729907805,-0.41748868567249864,-1.117287474471322,-3.2455891676025814,-8.594466887169428,-5.425350599441833,-10.677330495507816,-7.28071602897033,-13.446224396765759,-42.8053086113992,-53.05942820914087,-5.192442282038001,-27.59657564097892,-14.277334104654068,-35.45859250147668,-20.27538023851165,-0.0,-8.927763692516644,-14.551243549958325,-0.0,-21.72216230943288,-0.0,-30.058972673980392,-0.0,-0.0,-0.0,-38.00523158907858
3 1 2,0.0,0.0,0.0,0.0,134.37783523965456,8.866685307337077,5.1888423586875,1.6999976256953295,100.69272562090127,126.65238983214118,139.29238845096353,12.348897500905045,6.171607427734185,5.24318568579961,9.541225947772983,16.569064745500725,18.78268123927054,17.61091071435666,17.552223388044514,19.088641932564464,16.389935074882935,82.6855175729724,115.52233021135409,16.030559584978874,46.19285555573733,24.287905921661928,63.53627824261659,32.91033758914333,90.25799403841157,19.024236565147977,26.521524723898196,136.4113334509195,40.14701519905673,134.26918403000485,59.164440067182234,125.64936683576201,74.52927907797759,63.86677902873274,78.73988119030605
3 1 3,0.0,11.199644966019019,60.604945935369734,82.80483243003678,89.34724617400782,17.9242977516711,11.989345783044092,7.9654318818737595,89.3739521229616,89.24535495783323,89.55320897329372,26.918417412446665,10.876869320184472,-0.6121597241130343,22.649278922085106,14.120666430204583,42.60101021465393,20.90907715143809,54.67896985014266,36.84929743306336,67.34593243950142,88.09844943145843,89.36584296423946,39.33171218971444,76.70382609629817,55.26752308220348,84.06689394340779,66.70929010946402,101.3117151960571,51.21516673075295,62.192432646845646,109.11981075906903,73.03553458167983,101.90315086116843,81.36044139534894,44.996982669610844,21.92507833805346,30.86479970931474,86.51572164410689
3 1 4,0.0,0.0,0.0,0.0,52.06665899349026,0.0,-0.0,-0.0,33.93954101955347,45.665030302251274,57.104877161385225,0.0,-2.7812826919149924,-4.925675173094296,2.535952261421868,-3.682883617643292,8.321484924473019,-0.585872697068845,12.250476701008065,2.6500450330653673,18.284866191974693,30.075917852205286,39.19919265271509,2.9254109682341882,23.031841069532614,12.990570659056736,26.812613717056905,18.244035386778076,0.0,9.169625409793037,15.027738425036357,0.0,20.455086005800606,0.0,24.174327954696487,0.0,19.629990140361542,31.773671499420598,26.86253487119472
3 1 5,0.0,-0.0,-0.0,-38.04406714115913,-171.23526566130016,-0.0,-0.0,-0.0,-145.39255488331656,-165.29962454083247,-175.13599519677854,-0.0,-3.475076043539842,-3.9127702874576977,-2.4587576675558873,-1.8100709925731737,3.10904247951773,1.4509196978780685,-12.58313608286656,4.1765954532786305,-24.31127209406879,-129.4613254480666,-156.9284256227281,-7.7171030277067265,-82.62544414603371,-33.2234346808389,-108.23395850458476,-56.1128876524501,-132.62228355689484,-21.840457583436404,-42.736508517087096,-177.2104209925382,-68.86971411523749,-226.12016501714479,-96.64869979782104,-195.5045106971981,-273.140616406928,-295.2501000220044,-120.21757889265685
3 1 6,0.0,0.0,0.0,0.0,74.47410179891719,0.0,0.0,-0.0,46.53877349952592,68.67133515136184,77.70065278529177,0.5918619881951568,-1.5201566784315457,-1.664335554945074,-2.960756891043247,-0.36768621069038426,13.08063767358826,4.533635131734108,10.20037315623296,10.206558078610605,14.093924487778484,32.36848807520517,59.319988228743476,1.992973284937017,11.914302353002203,6.59750187139762,20.05034686548399,7.982970786862926,0.0,2.9094315610204684,4.3949262198330725,0.0,6.370263921573549,0.0,12.992946844709268,0.0,97.61166262736715,85.3690597468706,24.73260004825365
3 2 1,0.0,0.0,0.0,0.0,2.616372620060666,0.0,0.0,0.0,20.356855326154733,7.043826285865672,-0.08786736825571377,0.0,0.5559789717710766,0.4444178704586822,-0.4686732691993831,-0.6016635106734967,9.23802000062132,0.31167054309599673,14.345544199440003,5.0800166809690674,22.700516369435338,25.775532278153523,13.309304219192546,3.413716501180296,24.263907791465698,13.921655181677142,27.17771298290855,19.10963761707999,0.0,8.908557075559562,14.011542323751685,0.0,19.1645861663451,0.0,23.841489428976573,0.0,-0.0,0.0,23.181870049278153
3 2 2,0.0,9.228550738535997,0.0,0.0,62.75031176338677,28.936979266319753,21.13014377749877,13.609441490588027,64.00555199143757,63.468909442239536,62.045639765903495,35.31674500884157,10.81919241071735,5.511933398017854,22.24081952482842,33.965015654588754,53.080687456596515,46.26265714420518,49.98201029341099,52.6746761694645,39.454845449666955,64.06739865316676,63.89927736774591,40.770701322914654,60.92757087503833,48.41638339193136,63.611033917366726,55.26118906685348,0.0,45.48887798919563,52.13459240985848,0.0,57.939345662464085,18.27777513979305,61.50301136307793,0.0,6.648179547207076,0.0,63.90198319927481
3 2 3,0.0,-0.0,-0.0,-0.0,-49.6080670199796,5.101775456541142,8.050082572839687,8.07020903277365,-35.65427046255857,-47.07103891284956,-50.86118780099543,0.0,10.60138017481611,4.377853438281054,20.153215231566204,12.950958158012272,-6.419658762921819,7.701253021364982,-19.319545063260595,-1.0965704225734123,-30.33385080343073,-27.112140804230325,-42.51993104193143,-0.0,-12.271268793795816,-7.329640861960039,-18.573879038980415,-9.139076554452352,-0.0,-3.970367405166773,-5.137398626669936,0.0,-7.210218060051315,0.0,-12.629998776537555,0.0,0.0,91.38873985400268,-20.798567718103968
3 2 4,0.0,0.0,-0.0,-0.0,-89.37363640312644,-0.0,0.0,0.0,-104.43145674684489,-95.82899878830474,-84.15705475905848,-1.009678915496022,0.9929088591862166,-0.18594858360908897,4.479114491900799,-0.3023337423006841,-6.691153773464957,-2.5416737446972912,-16.074647650007684,-6.222536814582752,-27.241093508277434,-102.07063655778578,-101.66623679130745,-10.816002935752184,-76.56951199776921,-34.99815541133718,-92.93353369877885,-55.58423846230138,-44.1957478342064,-26.05160568947017,-45.88456817179764,-115.32415172392166,-67.66166766145251,-187.1326127899813,-87.39953664422578,-152.23585457506354,-162.3076717732156,-171.1888911744977,-100.36626123187813
3 2 5,0.0,0.0,0.0,0.0,62.70885692260672,5.7652376159280445,1.4508238454256213,0.0,76.87805647720901,66.55482832652417,60.35408754429152,11.08561841273431,-0.1648395850764538,-0.4970046592979578,2.1577023726857716,5.174661039686318,30.922543776560065,12.835935660578176,30.415440439704213,23.10126479862876,33.77042784192387,78.29038325318463,71.81391087838244,17.980776774158176,61.144599168261024,34.14899973167238,72.91187810751899,46.90883097464395,0.0,27.369637914941496,39.38041167504171,0.0,54.43300856247477,0.0,67.92482007018812,-0.0,-0.0,-43.77800046045069,75.92761610042544
3 2 6,0.0,0.0,0.0,0.0,170.57482849420978,1.8612465062805148,0.0,0.0,141.0640589228255,165.08027486001924,173.61063393572903,6.8686639852302696,0.475992337646776,0.01908996419348443,0.12417187236073769,2.4517903137539836,20.147385630971545,8.220563184138674,21.28813376055201,15.245756599315218,28.95079227358612,120.78620718185435,155.70689266082607,14.461876787664755,71.18041948545185,31.812161069505137,96.40733319875919,48.84314335970773,110.9283522292232,24.153787436021176,39.62556808644299,221.3104351728836,61.755547284164905,187.807844491644,87.88495485054472,322.350357307999,310.3054315013961,350.71459440990316,114.2992045898526
3 3 1,-0.0,-0.0,-0.0,-0.0,-191.78629042786244,-0.0,-0.0,0.0,-188.64614760721898,-195.3249804148019,-188.06139780344535,-5.8899879556542425,0.9572769216789743,-0.012383363753131937,2.1318626677151995,0.001067782600272108,-16.168741408777926,-3.8251244829097226,-27.853147628045207,-9.456968126916363,-44.51466107691096,-170.90562208639116,-195.65139504006106,-17.09793816886374,-106.1494354936261,-44.68343047725455,-141.91948300311924,-71.72672454836129,-129.60095777640188,-34.252312151360236,-59.48914638937867,-199.75389225739747,-92.61791462658731,-265.66452888211757,-130.11622907912934,-263.22615749845784,-226.53663868088785,-195.33590947207028,-163.13635611734935
3 3 2,0.0,0.0,0.0,-0.0,-193.38221117693035,9.086642072393877,6.3421272980263925,2.897892814733946,-146.1656848342303,-180.9932057981315,-201.95036830638415,8.395697646767902,5.769898553997685,3.1823490229908806,10.876371906028492,16.748724815572725,19.382943778088016,21.33600914034774,9.177529056374386,22.853935793334134,-11.731256295243798,-123.44372357927459,-165.12962661556665,3.3041295987650843,-65.32479010752914,-12.970757480164304,-96.04786138600046,-35.982230618229615,-0.0,-1.6640043558455186,-22.952965591494372,-0.0,-50.705772324190505,-0.0,-82.24007831508196,-0.0,-0.0,-0.0,-111.60123724660107
3 3 3,0.0,0.0,0.0,0.0,19.717726459254756,0.0,0.0,0.0,32.264484902264485,21.751160581569245,18.875514257788574,0.7975248750666404,2.397319382876688,1.3670380226854881,2.9709583122044925,1.542358868072101,5.568997127878382,0.41182199387146146,8.696805238511025,2.335339279183121,13.166963419404546,39.113064442054004,25.866539635659425,5.908651948483504,40.263935424613194,21.770485515156423,42.72747809981581,32.19741836514487,0.6783060861283142,13.762561780942058,24.930719847340967,19.825854251721942,36.16543005131794,0.0,42.478014888363624,0.0,0.0,0.0,40.86587055832575
3 3 4,-0.0,-0.0,-0.0,-0.0,128.2926426306634,-4.637702896018867,-1.0845462830128902,-0.0,109.1645288065209,129.16047274705667,125.67675913116815,-7.863376777167067,-0.7013742283978363,-0.4142220514234258,-2.779936020536149,-9.175847807644825,-19.858054098287624,-14.694667847734985,-25.021844465755052,-18.443844309687716,-27.185017951838997,83.47158386431866,124.17310688986122,-9.702576976310656,22.459780490685585,-9.388892159258944,51.86576607249256,1.6193775937534283,0.0,-8.938611548971096,-0.9384223426290349,0.15404929303524661,9.738786019956084,57.33171021505468,38.59098529718227,125.32887808996878,182.7348604263194,165.04624639517624,72.12483056430915
3 3 5,-0.0,-0.0,0.0,0.0,28.204468353953114,-1.3061158125062606,-0.0,-0.0,26.90323480488974,28.92147259151191,27.446257178082988,-2.1321708298483064,-1.3261292783028729,-0.8344572393236486,-2.999524826211961,-7.883371130477946,-7.6994542087294,-9.477632359864995,-10.410257010297233,-8.875453297921528,-10.391591814605261,22.15832644721123,28.869223043847764,-1.6254194034974803,7.778354222627431,-2.9594556156095386,15.17242820932524,1.5174350796961953,0.0,-0.5010719982198494,-0.0,0.0,2.0985500195499323,0.0,10.093515711814442,0.0,0.0,0.0,18.592453962957354
3 3 6,0.0,0.0,0.0,0.0,-17.66624419495812,3.8233327104875885,0.0,0.0,6.55977739462747,-13.863428027162286,-19.213720211906175,10.541880486574435,0.8289159617009337,0.5774088542206709,2.2031014622734766,4.822801609524029,23.857156542357473,10.033607369705368,32.14403144442841,17.318889267228787,43.07114335949842,21.744926180992326,-6.043557315029783,19.628402474727082,41.209780319855,33.88590867575896,34.692560883404624,40.295213339495476,0.0,28.758266213983493,36.758000938625266,0.0,40.75131447811177,0.0,36.74123504657358,-0.0,-0.0,-0.0,25.654940521846992
