,Lasso 0.00048828125 electronic_coef,Lasso 0.000244140625 electronic_coef,Lasso 0.0001220703125 electronic_coef,Lasso 6.103515625e-05 electronic_coef,Ridge 1.9073486328125e-06 electronic_coef,Ridge 9.5367431640625e-07 electronic_coef,Ridge 0.0001220703125 electronic_coef,PLS 1 electronic_coef,PLS 2 electronic_coef,ElasticNet 0.00048828125 0.5 electronic_coef,PLS 3 electronic_coef,Ridge 3.814697265625e-06 electronic_coef,PLS 4 electronic_coef,ElasticNet 0.000244140625 0.5 electronic_coef,PLS 6 electronic_coef,ElasticNet 0.0001220703125 0.5 electronic_coef,PLS 5 electronic_coef,PLS 7 electronic_coef,Ridge 6.103515625e-05 electronic_coef,Ridge 7.62939453125e-06 electronic_coef,PLS 8 electronic_coef,Ridge 1.52587890625e-05 electronic_coef,PLS 9 electronic_coef,Ridge 3.0517578125e-05 electronic_coef,Ridge 0.00048828125 electronic_coef,Ridge 0.000244140625 electronic_coef,ElasticNet 6.103515625e-05 0.5 electronic_coef,Lasso 3.0517578125e-05 electronic_coef,ElasticNet 3.0517578125e-05 0.5 electronic_coef,ElasticNet 1.52587890625e-05 0.5 electronic_coef,Lasso 1.52587890625e-05 electronic_coef,ElasticNet 7.62939453125e-06 0.5 electronic_coef,ElasticNet 3.814697265625e-06 0.5 electronic_coef,Lasso 7.62939453125e-06 electronic_coef,Lasso 3.814697265625e-06 electronic_coef,Lasso 1.9073486328125e-06 electronic_coef,Lasso 9.5367431640625e-07 electronic_coef,ElasticNet 1.9073486328125e-06 0.5 electronic_coef,ElasticNet 9.5367431640625e-07 0.5 electronic_coef
-6 1 1,-0.0,-0.0,-0.0,-0.0,1.451916584506505,1.5642207492453946,-0.1122869353877596,-0.0412859110481685,-0.03489015834753548,-0.05433779404627709,-0.0699781583930532,1.273031812465755,-0.3110465150390056,-0.1849213463721829,-0.7654765832744663,-0.3290713482524549,-0.5395189450970305,-0.9611323216640068,0.1758446565497322,1.0324798076369062,-0.8468955440617353,0.756337308454604,-0.6379849580780044,0.4696892771226361,-0.5186476854046718,-0.35296980722350174,-0.45949684044976125,-0.0,-0.5253224005093103,-0.4873702783383887,0.0,-0.38771633261777455,-0.1544181493057425,0.0,0.6987686949943639,3.329460235044968,1.372644225862345,0.0,0.3270416155733116
-6 1 2,-0.0,-0.0,-0.0,-0.0,0.9752101514270206,1.0483914968305819,0.09509643939797842,0.07782442526764831,0.20248104269711578,0.2263150575868217,0.196548993555516,0.8745988934292477,0.3145959230625468,0.2262378999735182,0.012331115438209587,0.1478058712514724,0.43927309708719503,-0.2352235759731037,0.2730500685883795,0.7501326227564451,-0.33020359317941644,0.6083971732174406,-0.42180238862244224,0.449457719511822,-0.10904111166869686,-0.04679366198727549,0.018406682987406414,0.0,-0.0,-0.007782038455536848,0.0,-0.008364203904627786,0.0,0.0,0.0,0.0,0.0,0.1394142081104209,0.33333891930670884
-6 1 3,-0.0,-0.0,-0.0,-0.0,0.4079140883235398,0.44831911203372676,-0.6263664168347691,-0.10888892549709302,-0.027034721292032517,-0.06966571421804318,-0.3754806733545549,0.32695024345521195,-0.0874910138105687,-0.09529590134636856,-0.10538228600472897,-0.09473791525898072,-0.10993259839940765,0.1480133900220713,-0.5296623868975552,0.17941551411983003,0.05145568324892271,-0.04542269964074731,0.06329020928769118,-0.31009260834640967,-0.45586532904252874,-0.5853539549267407,-0.09424461580967114,-0.26451251231081546,-0.1581611718307065,-0.29196549035683156,-1.596444607513131,-0.45983947075871096,-0.5767712941086711,-1.7843439941108248,-0.0,-0.0,-0.5495545138350446,-0.5835661420893549,-0.4258920382233937
-6 1 4,-0.0,-0.0,-0.0,-0.0,0.6492652776400165,0.7339806593408363,-0.261082701773751,0.12073885655802868,0.23334262813190879,0.0,0.13756812818498126,0.5124585352886182,0.05520631693358069,0.0,-0.13867526200354163,-0.0,0.06088469149100804,-0.17560619974350444,-0.16451708896047387,0.33195676200575863,-0.3894829847657461,0.1394857231163294,-0.5681505904430307,-0.03124668884646961,-0.34759226959707845,-0.32552866124756635,-0.0072124844886808336,-0.0,-0.18018765767889802,-0.28425030594385586,-0.0,-0.31672033912380476,-0.2785031935636264,-0.0,-0.0,0.0,0.0,-0.19143758522069265,-0.12214604562518144
-6 1 5,-0.0,-0.0,-0.0,-0.0,-3.107019768797656,-3.1136391558808096,-1.1648718982138657,0.26270141779905287,0.43906927548567376,0.21771224111053,0.4748337302416699,-3.061828274043329,0.16759483612749737,0.1476305339145278,-0.03360854130454773,0.038441327442791565,0.25256471389729773,-0.026774392392991994,-1.6517647682629524,-2.919058968278061,-0.2236396236241056,-2.6228824300809506,-0.3451047599052423,-2.173780308741971,-0.48444352309905897,-0.7752836728985655,0.0,-0.0,-0.056241312418097746,-0.24655627665450772,-0.0,-0.5243214986432525,-0.8760429851364017,-0.013245855339552946,-1.7467601493982479,-1.412149948786083,-1.441626437247424,-1.333901847820339,-1.8412676907238001
-6 1 6,-0.0,-0.0,-0.0,-0.0,-0.5391744557243603,-0.4665205474728886,-0.8495486656189786,0.12635785334195265,0.19574177237674123,-0.0,0.10259491942106085,-0.6084720982326233,-0.1906441590790902,-0.06373637098821996,-0.6876258443333407,-0.2343516983831148,-0.25463791665602076,-0.9806969260307974,-0.8120679959210683,-0.6665125866195516,-1.1358128522783582,-0.7134329280361849,-1.002658159257769,-0.7603184882894308,-0.8128460602067153,-0.8509442229365126,-0.43748134523913146,-0.3417128940546092,-0.6241288689839981,-0.7445021376029993,-1.0101463332607483,-0.8135669742724547,-0.8340933232120157,-0.6900448788981025,-0.4208253318127364,-0.0,-0.0,-0.8433680811951817,-0.8106040006201021
-6 2 1,0.0,-0.0,-0.0,0.0,2.3953229143440447,2.423165950770138,1.2464342086105258,0.07349982395121737,0.12150114924947303,0.09880298460838163,0.2466084018302964,2.3884314538629194,0.39757008051787374,0.15699781279581046,0.37104675112541696,0.19579243982719274,0.48704684306436374,0.3108554694199122,1.7547396490097777,2.392050687701069,0.3417635099366116,2.3437154238499067,0.20040697584444953,2.146261928226173,0.4614820480550002,0.7756374368376521,0.22122742887085542,1.905078839238314,0.25444213261337584,0.329762496279708,4.648436110696094,0.5551757966874791,0.9999324463522237,4.3345337549194545,2.256815687812393,3.6053765267575346,4.994321724288488,1.5481327147457724,2.0366196911534895
-6 2 2,-0.0,-0.0,-0.04112194732610531,-1.2432695135250167,-8.48711307916386,-8.648651964090678,-4.911408346616223,-0.0003350311313990039,0.04223032987765001,0.0,0.04549200644538102,-8.225187290273302,-0.20588801228256415,-0.0,-0.6671631606101185,-0.18846488708749196,-0.3996802981133973,-1.1147697980706832,-5.8876676954811265,-7.843381104936387,-1.4176681622863554,-7.334468083499739,-1.9280363251523311,-6.689906772196448,-2.6846734001317936,-3.8031020608994965,-0.5835120896991473,-2.7898731179049214,-1.1917442310066784,-2.0480112062227387,-4.6748187096520795,-3.148935328071652,-4.344674708322773,-5.827242346242389,-6.910629300411763,-8.17951843004735,-8.167566568246443,-5.437393059180809,-6.3091494975723315
-6 2 3,0.0,0.0,-0.0,0.0,1.7982638126630686,1.844012192890148,0.48708616118634274,0.09125841636162525,0.2301390645926893,0.2029216846379284,0.31381744921747456,1.6865463638312592,0.1013491752003115,0.22095649482093954,0.1522920104655867,0.19269660957755963,0.08867756809823088,0.1300781835585352,0.7008071740935089,1.4929349615562941,0.011804346926668393,1.2347196075517115,0.08059209391383827,0.9569049413478576,0.2420157271253876,0.3299065845917722,0.14166335862514468,0.0,0.11580667919907259,0.12136187473952786,0.0,0.19373614620609356,0.34619350405501964,0.0,0.0,0.10648457918786647,0.7051179020240133,0.4846089474063909,0.7530868148960117
-6 2 4,0.0,0.0,0.0,0.0,0.1051400458874667,-0.012726251666181925,0.6953220418671737,0.27709591787315413,0.45856555494525153,0.47556518875617754,0.7046359460932706,0.23298335273012022,0.7160206889968128,0.6123468342212989,1.1186485724475164,0.7478931397956788,0.9351751341671014,1.6237233101981132,0.5816040121241579,0.3412906500158201,1.5396669866973867,0.4206207907036193,1.2857433334056905,0.4925317543274101,0.9192247332982648,0.8188358462323237,0.8654620844779286,0.0,0.9354096361760068,0.9256130585908898,0.0,0.8517080136181608,0.7207193863322451,0.0,0.0,0.0,0.0,0.5733890080711539,0.46691302264829726
-6 2 5,0.0,0.0,0.0,0.2425550280805678,4.839239401592938,5.135061937635728,1.8619004228527372,0.1883850451303184,0.31716431398383943,0.24870353460724853,0.4371823384067269,4.412730844246559,0.36981842132737264,0.32847423620746297,0.7300717309049696,0.4423403573985669,0.5379374379294738,1.251112270198187,2.2244206334598378,3.8743948187119566,1.3398123057105675,3.2781384510108196,1.329107012715552,2.7027999106859757,1.2853288044495086,1.566472875949337,0.6001888840523609,2.1827339853321126,0.831166230677845,1.1098316665663026,3.646520689428722,1.4150765933517464,1.6953508726392132,2.1182194088707895,0.8265824400109717,0.9539512334030985,2.327166885736245,2.0125632310699793,2.4262117359354667
-6 2 6,0.0,0.0,0.0,0.0,3.4668699830968888,3.728747072070331,1.539153879577836,0.2614627788182509,0.41532207577573704,0.29324008729889917,0.5635250199749309,3.140084109777238,0.4532133332427228,0.3358098958231638,0.5111895584042417,0.38738929459558935,0.6217679429348724,0.7171640350955439,1.8781479148225932,2.798457151399816,0.590887545464187,2.483343102830948,0.666289182329497,2.188539321942557,0.9224088032749729,1.2051629175353862,0.4617476167785167,0.0,0.5368701259995297,0.7063392405545044,0.12995581492872899,0.9686871266241925,1.3235043292832824,3.2588506806040143,7.686633123632828,4.941407852812372,4.09089692244002,1.6666271051755948,1.9980976550849088
-6 3 1,0.0,0.0,-0.0,-0.0,-1.4135187981224386,-1.467506258823998,-0.01393462023446925,0.012504696926993311,0.05748998662344687,0.0,0.1563590033988339,-1.2992921849312575,0.13043196052325057,0.0,0.26994607050896463,0.0,0.0491572597387421,0.48330272147354586,-0.26483973449875176,-1.1132789901728963,0.6212881020453821,-0.8591958990388853,0.689703723948671,-0.5613393242761634,0.2656605105459138,0.1665316091766662,0.06631654984372778,-0.0,0.14948012814500658,0.17029180298897445,-0.0,0.1300519562656891,0.002937101049763782,-0.0,-0.0,-0.0,-1.505994913478991,-0.029914337015548402,-0.2913344369335799
-6 3 2,0.0,0.0,0.0,0.0,-1.6141838398086155,-1.6345283929578118,-0.2919890972437,-0.015932222154445445,0.02787234928158017,0.0,0.0929091015599342,-1.5514714090399735,0.07031623314277076,0.002436097226642656,0.45360484351896974,0.08440132540648368,0.08959736215804108,0.722002945050739,-0.6741802323940805,-1.4317116931124234,0.839483228036141,-1.2500884624360102,0.7611542202700985,-1.0010616460751611,0.29103705722589585,0.0602392243666047,0.17902914642679588,0.0,0.29884930822698125,0.32139955482082994,-0.0,0.19497163801020617,0.0,-0.0,-0.0,-0.0,-0.1002497684397869,-0.36271386419908375,-0.7393091100261618
-6 3 3,0.0,0.0,0.0,0.0,2.604269196455338,2.6629999138870435,1.2234511612486438,-0.006713232787693658,0.025311832740011773,0.0359938999546215,0.06388347504151909,2.5217922931893497,0.06766506534356201,0.10184651188594425,0.34068755660730615,0.1697630377373205,0.1553403605571288,0.5788059408054559,1.5849881272177442,2.396406604870099,0.7124268660020449,2.2031766134339468,0.6579339125127698,1.927901974881256,0.6782281688907176,0.9082693327940984,0.25235734810811994,0.0,0.38254701478356223,0.5372781091268514,0.0,0.7526275353769336,1.0287004422556578,0.0,0.0,0.0,0.0,1.3597417525484665,1.7763464409154628
-6 3 4,0.0,0.0,0.0,0.0,2.021052575511227,2.048735409579002,1.1630198130261864,0.10499076630356259,0.20676263370011003,0.28476089020578,0.4114877573107475,1.9853899605723366,0.5573838959732839,0.39894032709991073,0.7026286007253777,0.4886938886263767,0.6695356334067546,0.7711152112670394,1.4274748735715872,1.9294402795317778,0.8131026962521253,1.8287206960433224,0.7792407640053511,1.6608016134055468,0.7664097983729995,0.9259712178017984,0.5516772572099623,0.0,0.6129795444406255,0.6824083167708084,0.0,0.8063214170219414,1.0100617475639857,0.7983254167176561,3.6612183228430246,3.457027438150447,0.3501509764959796,1.2732383401835041,1.5346287184873908
-6 3 5,0.0,0.0,-0.0,0.0,3.6351443204548786,3.737925853823508,1.391008688091584,0.18962687612031642,0.31262998748826704,0.2755136472690437,0.5641815467123266,3.4696499676622947,0.6900837131708266,0.3542859391371472,0.5781467686454583,0.4151233033210959,0.7009346811322966,0.5369849997139841,1.891623802082092,3.2192557564710156,0.545926173442882,2.8653766377762175,0.5861566754695178,2.409219529522696,0.731174009865192,0.9900590160886861,0.45599042879856755,0.0,0.4709844412536982,0.5368696462370625,0.0,0.7261119715500665,1.0872667681601786,0.0,0.0,0.0,0.0,1.5432100641618842,2.0749285334439267
-6 3 6,0.0,-0.0,-0.0,-0.0,-1.0714642115805102,-1.1769153591711234,-0.2081121160034289,0.16838646664679102,0.2563229150234435,0.08711284935858102,0.4450567801927826,-0.916836458157774,0.523677743943637,0.09606398389288205,0.22149983971941398,0.07295250925708001,0.4167528886255245,0.00731525774174483,-0.2609852795670213,-0.7225358198880008,-0.06887553471608708,-0.5227936661977045,-0.10600324974526357,-0.36121728579407913,-0.10271027801947752,-0.16571530353386402,0.002286471564937269,-0.0,0.0,-0.0,-0.0,-0.019130380970931442,-0.06583796493824881,-0.0,-0.0,-0.0,-0.0,-0.1383853519407817,-0.24698822421689232
-5 1 1,-0.0,-0.0,-0.10077078494452214,-1.7700861004162933,-5.17021461178312,-5.2672311585288645,-3.291961723244827,-0.28568913103670346,-0.41005931354718,-0.3604156070810405,-1.1323151237799287,-4.9950465919733285,-1.0538020423018652,-0.5014186938237104,-1.1695041987732957,-0.717517506005187,-0.806849030735247,-1.5415358362373415,-3.6877976173323943,-4.729007656194532,-2.1310325529465266,-4.398375217165616,-2.77103611018644,-4.047603177502082,-2.328187262658599,-2.8366540907935804,-1.0437007252037405,-4.585455435335163,-1.5116859053448506,-2.037393091834198,-4.15365389970649,-2.5768600405754034,-3.066903365918402,-1.70184888220934,-1.4756956832608978,-1.3523273525365203,-0.9511882488246001,-3.4938013950073934,-3.846124964638233
-5 1 2,0.0,0.0,0.0,2.6296593129664907,3.819826891012576,3.758180701556795,3.112104357524338,-0.08230410589843502,-0.05153514055476972,-0.0,-0.3017902958901616,3.8920460913259656,0.09737934277100062,0.0,0.897964395556203,0.20484590094505936,0.6038841808562891,1.4734580850955592,3.49964652077228,3.940759194217289,1.6514715006878165,3.915574440554573,1.8374446862703848,3.77299277731555,2.0706988138246922,2.6295955720093045,0.5940764395041636,4.522291887665803,1.1489914456744565,1.7327421917794497,4.070456166216259,2.3228383274159814,2.8700139727113325,3.134594121108076,2.2629268889678973,2.0102660899436673,1.1304452642955842,3.3031940433646487,3.6490707817905617
-5 1 3,-0.0,-0.0,-0.3146504121042989,-2.461666039956215,-3.6941662136341256,-3.629931855601408,-2.001301830239831,-0.0410788396216256,0.03285243704419682,-0.10857777591819553,-0.34442680305131124,-3.744152348995076,-0.5014076578959863,-0.16595755460099915,-0.5051958266278608,-0.22726417481309594,-0.34659611443293104,-0.8286194099325015,-2.573800375105499,-3.7160442853808844,-1.005196051057324,-3.524352750927714,-1.2776206531204493,-3.124273944399009,-1.0987109773330936,-1.502318171807558,-0.3477002548159544,-3.077111660203445,-0.5416474909558205,-0.8394610008071777,-2.923444768027927,-1.2120515698769856,-1.6463650890209347,-5.14579713755367,-5.4313003806205336,-4.178151411422592,-5.412684277381672,-2.2047708570211886,-2.7849888119055124
-5 1 4,0.0,0.0,0.0,0.0,2.0003629477081595,1.9792601843203026,0.9582681453115004,0.11925987525140247,0.27903388470482676,-0.0,0.2287572506938983,2.0010513802780343,0.2663449106644518,-0.0,-0.07439007567479416,-0.0,0.050146586254030505,-0.21330934840965812,1.26404698284782,1.9476152582774529,0.08779841456707362,1.8061267504792273,0.19113961741228003,1.5662402299078084,0.41179269643422994,0.6739051233925105,0.0,0.0,0.016075631560811217,0.19564298347825992,0.0,0.47472649880105044,0.7769393144755177,0.0,0.0,0.0,-0.0,1.0346995946442707,1.3595749681941143
-5 1 5,-0.0,-0.0,0.0,0.0,-1.5436657344714086,-1.9310280500445804,0.28986537736551793,-0.1810872671035868,-0.15645389793143213,-0.27363367581524883,-0.49514938493912525,-1.0591569073447487,-0.28772793418555825,-0.3177465686948395,-0.45713671144009704,-0.3206332715118954,-0.49286656372638193,-0.4457968179127365,0.29664098312687276,-0.5613982635344071,-0.03272535903643362,-0.14021821696476008,0.09765927803653725,0.15357612756721556,0.029252055688107893,0.17991609543722986,-0.2520482811658984,0.0,-0.09280588665273594,-0.0,0.0,0.033343507526314875,0.1627135954646611,-0.0,-0.0,-0.0,-0.36932726725765114,0.24237889151429598,0.19581706647513045
-5 1 6,0.0,0.0,0.0,0.7080815643473485,-0.4755547216763369,-0.7692180935076162,1.616133921033027,0.13705702604840586,0.22545125232358512,0.0,0.043145299541588945,-0.03944224775965431,-0.4003327518375959,-0.0,-0.2744878961665988,-0.0,-0.42707425595785026,0.3547230381766924,1.6901838527615853,0.5105120839951091,0.7564865526260399,1.0702549213465524,0.9554308632425083,1.4989531361433128,0.9465290642385684,1.3332338246716005,0.0,1.6407615689937076,0.27093933213289867,0.6731384912469699,0.41454378574788925,1.1422631476099054,1.5136149330772242,0.0,-0.0,-0.0,-0.23696561432726093,1.714953859166295,1.6726241092927225
-5 2 1,-0.0,-0.0,-0.0,0.0,3.2291832996806935,3.3969877881587687,1.005370007960051,-0.13817852632581232,-0.11775753244471861,-0.0,-0.06483579669986245,2.98511182500705,0.22317451494668225,0.0,0.5188674259639917,0.0,0.398254486283492,0.3680827962872442,1.3683172657961262,2.6601282802465445,0.33033184090052453,2.255681093176953,0.5539019049467995,1.8029337711590725,0.5228370984017725,0.7264810601977454,0.04981337648515143,0.015028267942002809,0.14738158841936566,0.2876866831577145,1.066126187548914,0.4778184033946564,0.7920092459085456,2.2532790889285974,1.542047781848896,1.509307278660395,2.0455371947124843,1.1206614234008372,1.5089748179520197
-5 2 2,-0.0,-0.0,-0.9513674677735072,-1.5103251493246963,-3.2376492955084095,-3.3410191773983344,-1.967440123723543,-0.16519844207758502,-0.1845172229887993,-0.1784165249207151,-0.8053128559202589,-3.104611030890164,-0.4962966142533022,-0.20831613165352492,0.01622905617135194,-0.23385851250855333,0.038123881104320446,-0.017762828212705244,-2.265757610048909,-2.9456112484426815,-0.6220799107979953,-2.757716890633337,-1.2540513404383402,-2.530799197394094,-1.235691787744759,-1.6240453287533874,-0.34472812281093074,-1.0067582938201325,-0.5937759949003459,-0.9507867500660212,-0.7492519102469154,-1.3894189319270376,-1.7795196026216649,-0.5242918828077267,-2.242321235531843,-2.833505807996666,-3.0747156164050544,-2.102000899884596,-2.3822765868018525
-5 2 3,-0.0,-0.0,0.0,0.0,4.842577344429308,5.085564314727027,1.379322916911552,-0.20055013698847407,-0.16258710625274717,-0.2072377808800239,-0.5858341017493004,4.481297541151798,-0.2922147932909993,-0.18726430669134975,0.22848637453750967,-0.09734573896321048,-0.0788363395138302,0.6408877716606087,2.083339783720764,4.0055582410926,0.7661791009163599,3.4373295549085046,0.7178523243827717,2.7916987074357857,0.41880191906167547,0.7994886870305143,-0.0,0.0,0.0,0.20728197527813344,0.47083666175631805,0.5220467732292375,0.953685092454012,1.339884932072599,3.3239000737444004,3.3898248462810803,4.176372379301295,1.647451440364362,2.4372781893479765
-5 2 4,-0.0,-0.0,-0.0,-0.0,-3.8685989228582494,-3.954196509588371,-1.7387665047061374,-0.19658139814526052,-0.13685952072346116,-0.36692965938094124,-0.6112805427101583,-3.719062561822537,-0.537503218294556,-0.4974484949818387,-0.823699515271451,-0.6284461444432775,-0.717957297433629,-1.1083088158552556,-2.1634337390519147,-3.4685157614140856,-0.9517839812792306,-3.0986468298837524,-0.8049254231644041,-2.6398850650219874,-1.1625520590146323,-1.404530569399846,-0.7524293294105178,-0.0,-0.8360494115304048,-0.9784376095882855,-0.0,-1.1735872872283928,-1.4751229418379759,-0.0,-0.46920294425329095,-3.238418869139104,-4.058961326801716,-1.8603739172803326,-2.353532102102025
-5 2 5,0.0,-0.0,0.0,0.0,2.0248371047548153,1.9463744028231469,1.3302284337855488,0.14564726945372064,0.27788780364826815,0.06286873617419532,0.19973788175617385,2.0758655912598933,-0.24754338715006077,0.01138870779630665,-0.42170945511728447,0.0,-0.3354675823941639,-0.20892978410707566,1.5708881648518225,2.0610055493972066,0.3083499008156414,1.9612684538740057,0.7466268606125267,1.7880852005071963,0.7609920093447102,1.0613973456754648,0.03755821556695644,0.0,0.18959945854924717,0.48653880119124004,0.0,0.7941518697125955,1.1137696951366751,0.0,0.0,0.0,0.0,1.410108637403327,1.624550211893642
-5 2 6,-0.0,-0.0,-0.0,-0.0,-2.149800444188251,-2.0574750850110277,-1.6315307958019605,0.15177224160682648,0.23274930285835382,-0.0,0.09797659989989269,-2.256180679746607,-0.40384223323378177,-0.045181547476436934,-1.1020766114125211,-0.29530218245367423,-0.6438658726377675,-1.474080612619638,-1.877034507035134,-2.329640455909101,-1.5128292882422054,-2.301706455942093,-1.4228343927927563,-2.1347157170733944,-1.2961162343934824,-1.4502111554875177,-0.5877024142043226,-1.2664571458963414,-0.8925666875925048,-1.1280428403898488,-1.607509185151779,-1.3018749508960692,-1.4654451832543396,-2.0354312842007642,-3.442731535890411,-2.1782708524368406,-1.1964358004616296,-1.7187271568763307,-2.0440417929578083
-5 3 1,-0.0,-0.0,-0.0,-0.02598163780075244,3.7176025682361318,3.8872478849246486,-0.3856493267472314,-0.029365541974813593,-0.040239524629001606,-0.05527595373976441,-0.14620679066214984,3.407642208471401,-0.4708522945033776,-0.16522499125310347,-0.5608569605506604,-0.2770848593404988,-0.6587200567325945,-0.6882927094812078,0.30592093445697366,2.8917318939136503,-0.765547122709249,2.138625156513097,-0.8255551349250199,1.2162588875115095,-0.8083985431751328,-0.7458292589651622,-0.40739334875173083,-0.0,-0.5533362986688077,-0.7123434267118582,-0.0,-0.767900171140018,-0.5765846229571341,-0.0,0.0,1.0014207932351307,2.2121662129784934,-0.08927031683976032,0.6201069449611143
-5 3 2,-0.0,-0.0,-0.0,-0.0,3.3333759840551944,3.2864018895290075,0.6870608500229944,-0.04374188805734568,0.00028339246434678307,-0.029267051412394204,-0.02062826929167143,3.34034589133872,-0.38839034550891294,-0.18309501235865014,-0.7457362634682666,-0.3944256937857902,-0.6992598319194688,-1.3466103890114267,1.5514869247852496,3.2316045889512988,-1.4502362925513044,2.916749357946868,-1.3826154451127592,2.3430152697310977,-0.5774917883275843,-0.06798782944634466,-0.6128852760496496,0.0,-0.737715277833958,-0.6655071220389868,2.395052072690265,-0.29001476256503517,0.2001425757647901,4.981950660410597,5.031982705148263,4.629665981950747,4.367422559860986,1.0460525409408092,1.9449284033185201
-5 3 3,-0.0,-0.0,-0.0,-0.0,-1.0931464949211949,-1.177785445890918,-1.1386836869918324,-0.010298885063257837,0.06503845281109291,0.0,0.06773965876363346,-1.0048475103794385,-0.20875541129751746,0.0,-0.5722587246142806,-0.04634668947861157,-0.2924653291197174,-1.1917611765744638,-1.1014105351020818,-0.9556170308631616,-1.4639721422589809,-0.9709707949118032,-1.6369281949264103,-1.0336907291359585,-1.0351001816104892,-1.124093371558979,-0.3303035606533303,0.0,-0.6122078130478671,-0.8293970670526777,0.0,-0.974967304707827,-1.0048367952498143,0.0,0.0,0.01545880156317175,1.5800052252610697,-0.9892510586463675,-0.9705275775392078
-5 3 4,0.0,0.0,0.0,0.0,-0.11061905833177574,-0.04851997455973723,0.25330435315652317,0.13676682547214072,0.2597215127088553,0.2436796805774862,0.2800949468437123,-0.16212500662795296,-0.09986894491798369,0.2703962591827388,0.08591396498126948,0.2725085993263991,0.09601072892189375,0.14491703492741276,0.1556897588131968,-0.16295193264254038,0.11370724116038908,-0.09138752354446501,0.08406485065765955,0.030154395172871433,0.3477509839518498,0.31665792170830553,0.2674999831115569,0.0,0.27032923356993616,0.2791649512722737,0.0,0.2599356995444643,0.221275302702734,0.0,0.0,0.0,1.0717660949003427,0.12000114787718615,0.017401946087217415
-5 3 5,0.0,0.0,0.0,0.0,-1.6090514882084277,-1.6312782864028061,-0.003932718141172042,0.3059551454256274,0.4963751980651133,0.3824884395993993,0.6686892438227822,-1.5408359989905969,0.4565046407876378,0.3897439593098243,0.3268211299323258,0.364190510060085,0.5688285815546372,0.3380684403296657,-0.3380104698018318,-1.3790768462645626,0.2503172958520066,-1.0990387354195978,0.3380819967189207,-0.7287845568474987,0.3238903243742802,0.21925041107342652,0.3286547609883918,0.0,0.28084456833441884,0.26100122135685955,0.0,0.20630845671511222,0.07607406514319884,-0.0,-0.0,-0.0,-0.0,-0.0,-0.3655662485340806
-5 3 6,0.0,0.0,-0.0,-0.0,3.0177267500424647,3.168217505118977,0.9498876895786862,0.2608926730188187,0.410178770905337,0.23510662883609929,0.5384610652081439,2.7930904398182204,0.3629387223980093,0.23240990149956242,0.2040539701044836,0.2259842798579262,0.43696535439464373,0.22065392690954413,1.2987278485322054,2.4949068282908944,0.24329884331983048,2.129913002382513,0.4895555259453323,1.715264108445065,0.5457424805668438,0.7068289906109192,0.23767355861848816,0.0,0.2551344516623034,0.3482996992224304,0.0,0.49336122935975174,0.7336746177467746,0.0,0.0,0.0,0.0,1.0235995225264234,1.4043784772030332
-4 1 1,1.594485282706799,4.347624284134219,6.487719069697204,8.319331159666927,9.985656117422456,10.099598129665516,5.512945635719658,0.13601506459871626,0.2267526477355585,0.45168112610447697,0.4596631325988021,9.74401104467644,1.0645597045678825,0.7654581927123701,1.7317338555821835,1.1611580123475005,1.5408890402161037,2.464486901762529,6.620261837394619,9.300957344368943,2.8284528869353305,8.610134174561786,2.9542472972822,7.689101286265485,3.4903889952325042,4.453511981158768,1.674822634384784,8.344709846874682,2.3114775467179545,3.085021084376525,8.446067750137905,3.978292066978855,5.000618551022674,10.433214256799936,12.09952773041119,12.338802813759463,12.003038180043895,6.0950470231834775,7.185254663257314
-4 1 2,0.0,0.0,0.0,0.43492486930381485,2.8468266309593364,2.7998865537446935,2.6769541721468753,-0.021842923970469125,-0.07720457724260867,-0.0853765357137871,-0.21168283911522706,2.924714131432651,-0.011649108750819568,-0.032393326766682946,0.09737672945903188,-0.0,-0.047977515236957036,0.7886038402673808,3.0185595119133803,3.0280244958077467,1.0457866690530364,3.1262084498161604,1.257040396381515,3.152178083086198,1.537761574762727,2.1545567302501247,0.15625372825225772,3.280458758749874,0.5792977830329272,1.1494797310944906,3.2488812245568055,1.7892988305003972,2.4461793057678443,0.7961850962453854,0.0,-0.0,0.0,2.876293121085749,3.0907283793338194
-4 1 3,-0.0,0.0,0.0,0.0,1.8775537372427737,1.8497200844082415,0.3703610479644337,-0.06444538448754587,-0.08609848082522858,-0.44695195775347213,0.02181579332294965,1.8586290121686688,0.16708211329593906,-0.42549883717687176,0.7314940800427476,-0.25317099433953766,0.43696137484561165,0.7265569791075116,0.7365698258955039,1.7410788372124186,0.7918807284329754,1.4961232862941922,0.6982727882964688,1.1410967102914265,0.028500814662754018,0.12675318242741782,-0.047893363385484625,0.0,0.0,0.0,0.33739173643829884,0.009160426327017938,0.19810296878351683,0.0957997225079321,0.9661390141672022,1.6370011797395014,1.691930458384625,0.4938676569236938,0.8976373031483956
-4 1 4,-2.1931797254444425,-2.0243995394626966,-2.25979237408344,-2.446967573481125,-4.937479955147584,-4.7605791805063875,-3.3558444512686387,-0.6843442558546475,-0.8314472016857769,-1.1814040804007027,-1.507253783054866,-5.09721714976862,-1.7254540496783155,-1.3983775901379145,-1.6643342594323707,-1.5846587092277924,-1.802480479476465,-2.2272522706991436,-3.9585679267796867,-5.133806006445227,-2.3518762707900125,-4.950750800760446,-2.489029921557136,-4.531765092374829,-2.413290665807777,-2.8253581799052587,-1.792105869879138,-2.46297031535431,-1.972730952134388,-2.2050485561676174,-3.434213516871656,-2.5487246713828684,-3.0210251346506243,-3.4491635360069433,-4.756840798224853,-5.501634150765676,-4.5847207384349815,-3.6309999014233654,-4.258971696583438
-4 1 5,0.0,0.9623552190070616,3.090203884571802,3.9071866110270124,6.683856538074626,7.137859103825263,2.53787182917289,-0.07510067409826993,0.07005996227085538,0.0810149571104183,0.24729024942865893,6.074179120680802,0.5996172923242766,0.2933026785470753,0.8564097376423825,0.5381156867373363,0.5386853844659721,1.1141773282897953,3.1569594295230075,5.3595548612693555,1.5613680476027576,4.6049819328301735,1.6166017746259225,3.8582946047940934,1.6295713551924245,2.0284790407761206,0.8249649254724043,4.768217882015559,1.130871076127841,1.442967297563835,5.185727921318981,1.8176483146407092,2.280724336371399,6.763324109897948,7.355492659048915,6.727005372253537,8.80752783546521,2.859803578954121,3.507965921473786
-4 1 6,-0.0,-0.0,-1.2033609595069283,-2.6857115507508342,-3.802223770474293,-3.54248701482035,-3.0835826270884636,-0.14153748692797635,-0.025258038942072885,-0.0029439685856681302,-0.11405530107872719,-4.072308757547317,0.06938477830588687,-0.08846804569705073,-0.7836731217833788,-0.30848448130604034,-0.4742035468556967,-1.7128553044896433,-3.569721833444298,-4.243828678130565,-1.8207400071944184,-4.21692907321767,-2.2023435620518046,-3.972684343741679,-2.0392626458916085,-2.5665046526093405,-0.6885642973408355,-4.600899034830884,-1.158653500427109,-1.7098254053616841,-5.7909330774134675,-2.2870139076971556,-2.831635658937572,-4.1831741840204515,-3.2282332622477816,-2.938305481273699,-3.02677225717429,-3.3271427051322355,-3.8167911077872274
-4 2 1,1.947301977318239,4.469727923960144,5.716520309129238,5.072854245969695,2.465038059244354,2.436241291181803,3.047719065793304,0.12665906493129192,0.1495040632554387,0.0,0.32381462242672204,2.5544149811225867,0.4575761193464741,0.08944229648813133,1.4413551417100707,0.5187480081932995,0.6763766328054899,2.7329081812013736,3.1599937983720117,2.725904155799918,3.3163386461394615,2.9449080791233166,3.5798745383481507,3.11848528790906,2.4736456298677707,2.810919179205993,1.1238076120193015,3.835393503806921,1.7668646854854797,2.2910080381064737,4.543646615670295,2.672596853355399,2.9338006734325077,5.3303936312801605,4.011156743872329,3.9713957547537753,4.882473198476546,3.1172079363005554,3.1472860173197814
-4 2 2,-3.0737166943667598,-6.0856202202282175,-6.941042175353273,-8.507926176907597,-8.37777120843446,-8.472076218331036,-6.872796636152122,-0.08844938534196627,-0.2706835684437435,-1.2983413247822515,-1.0689073456248022,-8.257207153215969,-2.282433689938384,-1.870242242317325,-3.3525396101754765,-2.4807180424155364,-2.8296206895681477,-3.7888786304470665,-7.420398202693893,-8.130983850281828,-4.261123296511597,-7.993255670428656,-5.146181527052945,-7.782209657667907,-5.286499638069555,-6.149113726495959,-3.1359320441565446,-9.603969585327595,-3.950766403216705,-4.882745862737156,-9.182985667309094,-5.764457604277494,-6.550423963099768,-9.345703361184961,-9.72223829445817,-9.655929245822989,-10.12916854613626,-7.158875885951058,-7.629639134377057
-4 2 3,-0.0,-0.0,-0.0,0.0,2.7865878721379564,2.885076677797368,0.6681037041503419,-0.2689415708039242,-0.3184089648139449,-0.6289827115852253,-0.6713314795698265,2.6224383100270647,-0.9798827553220154,-0.7301903728780177,-0.7438743253478779,-0.7317207761878363,-0.8597387901978064,-0.78863689523806,1.22883378755459,2.3923604881517204,-0.6543244439855668,2.097777207866019,-0.6275392983319589,1.7171598143915145,-0.2818365888118441,0.13302167018690594,-0.6756486618030272,0.0,-0.5517923891372213,-0.33909557141051816,0.0,-0.0,0.3351291182987307,0.29530285575398035,2.124156088750758,1.994346621882884,1.7217449983987054,0.9247457054220793,1.4769470914691767
-4 2 4,-4.0385532947598115,-3.781848458326423,-2.9567184380137257,-2.8299330599867645,-5.16874640767703,-5.149151963402059,-4.465647468919803,-0.46251313628887175,-0.5716744670277898,-0.8694030950845233,-1.1840722909823191,-5.180420104851461,-2.0152544706838684,-1.2147995154349178,-2.042659117880718,-1.6184449148186268,-1.9477519139518358,-2.87970015219291,-4.867562440020278,-5.182732507673969,-3.3344254382671576,-5.165581584872046,-3.7858722376369105,-5.086833686884199,-3.397496659660435,-3.9435909503579816,-2.1055800540150114,-3.118483253275412,-2.6343801221686323,-3.1323981764527615,-3.862668671527791,-3.683614155743737,-4.224086983615146,-4.1348486139600364,-4.07820182554062,-3.708871037469579,-4.81917729440942,-4.691679117414998,-5.066798235635625
-4 2 5,0.0,0.0,0.0,0.0,-0.5731147774709107,-0.6950248299174746,1.3544242318073407,-0.03611590074245251,0.17109228447142757,0.0,0.27114695268514216,-0.4042941908363459,0.9181379986516284,0.21835086683308286,1.4241141412582705,0.5425007660937721,1.0286039921129693,1.939673930213815,0.9012139947746012,-0.19513831031125972,2.29192638139054,0.07349934463173653,2.4367592828136875,0.4412290037965732,1.7200564510378036,1.6586612345128973,0.9471881052897457,0.0,1.3342951759635415,1.651064992894709,0.016751725007356326,1.7408099705689555,1.5734837429978195,0.0,0.0,0.0,0.5447612009372894,1.1625939942531203,0.6082323067883129
-4 2 6,-0.0,-0.0,-0.8522915608175893,-0.9013491915971746,-5.585799143226781,-5.81625605662414,-3.2033161727010695,-0.04698813294208456,0.006258269237613906,-0.0902656635914022,-0.3746291722026511,-5.260634753362594,-0.6848454204171082,-0.2625692383740454,-1.1960517355915448,-0.5101477413281855,-0.8459644584177605,-1.6805790628130999,-3.578673708039165,-4.8532721595725645,-1.8766637441054572,-4.402112089006712,-2.1360271629869403,-3.9652907790179754,-2.221952362087285,-2.758989025485172,-0.8548325511913843,-2.516260519244506,-1.3162396035062651,-1.871410665084032,-1.7695450542780755,-2.4166030093113817,-2.9257379858245245,-3.294242443589394,-5.276353305220508,-6.12805657394358,-5.370251677007328,-3.334911058881503,-3.7536289336692388
-4 3 1,-0.0,-0.0,-0.0,-0.0,2.1632619410438885,2.219993669499106,0.5853074804329698,-0.22931734884992627,-0.3026615592015262,-0.26194255609940836,-0.5224164411222622,2.079203599922301,-0.7079976050811436,-0.3181142672759643,-0.5587929824985739,-0.35427389046059365,-0.7381559251855053,-0.4935249720582503,0.9784748782877529,1.9334224070506982,-0.39512838607831646,1.6964832401079577,-0.10810164831238876,1.367671802986784,-0.0032399169985222664,0.24823149844750017,-0.32270506241373914,0.0,-0.19643923790560802,-0.028029529276761268,0.0,0.01789280836040147,0.3379025458339369,0.0,0.0,2.7101736165615637,2.644311575058192,0.6949141339468005,1.1146729605095316
-4 3 2,-0.7151237920618824,-0.0,-0.0,-0.0,-1.501789117599663,-1.5680938691628814,-0.5128993557171545,-0.557952175308338,-0.7071195574446856,-0.7363600190090183,-1.2059122889852376,-1.4021304927334242,-1.1557619276496414,-0.7945435151403295,-0.5257669162724081,-0.7538408957674437,-0.9004135692785159,-0.521733656660346,-0.7433561881136006,-1.2727783926111524,-0.438226325324605,-1.1245532519943824,-0.04346794282796763,-0.9534977895418552,-0.2695750800700759,-0.33132535651014194,-0.628449255075382,-0.0,-0.4492742090432483,-0.26644949552620834,-0.0,-0.2317191606545849,-0.38965683598251605,-0.8076153396803393,-0.0,0.0,-0.0,-0.6212762520676076,-0.8130768067890743
-4 3 3,-0.0,-0.0,0.0,0.7532230867573344,3.290232125270034,3.38178676597415,1.7095827663326304,-0.6127549329868435,-0.7420745646865679,-0.7929128962594045,-1.4707652453382196,3.1506471323502243,-1.662900821574207,-0.875116189499467,-0.5544719291515058,-0.8170969984233923,-1.0713274032654598,-0.36289696356136075,2.216950500587421,2.975797577431769,-0.07756551850788314,2.786044436254336,0.42184151165294786,2.5591166694727043,0.48149265363489335,1.0929441451795825,-0.601274036255294,3.1977851217707434,-0.2130526283445175,0.12599888918207935,2.4418578202064367,0.7530631979015531,1.3512537500723578,1.2571675624571703,0.0,1.4475753589752045,3.9231424263030896,1.9476883267924918,2.340157665795135
-4 3 4,0.0,0.18856086553364582,2.8327236409994807,2.2646766968971934,-0.16834965112321754,-0.3243908296545908,1.7079471115890075,0.03929425540292626,0.2140223231104443,0.09997389897456226,0.1768821625804928,0.0626924582509488,0.05298132724606674,0.2056904013112509,0.5985173909741739,0.3782706719604994,0.32590604376269466,0.9968582412118017,1.48146829087693,0.36668299572669966,1.4373097230551264,0.7305897297699443,1.8528167990350124,1.1246569116237566,1.5751469118737584,1.741266842948794,0.6584547048079811,0.0,1.017844228871779,1.440266866831014,1.2389961953655573,1.703005675263816,1.7685780805866989,3.117806904968444,0.32740770676056413,0.0,0.0,1.616391669313416,1.2616260642827264
-4 3 5,0.0,-0.0,-0.0,-0.0,-0.7108982703499288,-0.7959392051501687,0.2904034817427777,0.25793310562169364,0.4523486278043962,0.169615712700246,0.46096070351276824,-0.5899275559053894,-0.058003045599219274,0.11630989547725619,-0.25262816565680024,0.05333473682359914,0.02486670037718036,-0.40062679872581275,0.18651719902052774,-0.4291596774281559,-0.23472658379638978,-0.22823069479194336,0.009735499663634949,-0.005941883000920834,0.1978113998391719,0.28287315595823165,0.0023266878630002134,-0.0,0.0,0.029090119337141188,-0.0,0.12455473617795777,0.2272456074463847,-0.0,-0.0,-0.0,0.0,0.15751720763079605,0.0
-4 3 6,0.0,0.0,0.0,-0.0,0.079623192061601,-0.06498994619503286,0.4531827218177279,0.26460480502118217,0.42246118264791394,0.2222324014691888,0.4030755330218042,0.25544776701391675,0.017073494701488272,0.21479025060036322,-0.0492810791384274,0.23772710555887996,0.14481354141320785,0.24045412876436592,0.4868816798004719,0.41892437081197376,0.47640005918433675,0.5150259223762361,0.9609795987952136,0.5250592456308042,0.4511547214111629,0.44622712621629074,0.29821203196824286,-0.0,0.322355357803945,0.39689387469175125,-0.0,0.4142801822123183,0.4040852041399948,0.0,0.0,-0.0,-0.0,0.3675239503012378,0.374961270243438
-3 1 1,0.0,0.0,0.0,-0.0,-0.7089250219573087,-0.6241240216983563,-0.4645700049831869,0.2636653598715893,0.31061388158329944,0.09612613051127382,0.7989271841261993,-0.7797660794366732,0.582745369541431,0.09632474889644863,0.43399786014097874,0.07262608311463542,0.5525144552179626,0.24046433925697006,-0.5240492516118556,-0.7879716650205802,0.2330554305903889,-0.7199617951687776,-0.14567550689472356,-0.6149922226307685,-0.30869602939803925,-0.4076679357648125,0.0,-0.0,-0.0,-0.14281232238357242,-0.0,-0.2995185864137708,-0.426608306052015,-0.9370481003881289,-2.0970142971745998,-1.5057619411139966,-0.7492359187649144,-0.47501059451776073,-0.54077285955305
-3 1 2,0.0,0.0,0.0,0.0,-0.7002418754326967,-0.6160459054454628,-0.7970800564990428,0.3923971937856336,0.48321837698273434,0.3316161722952199,0.8318228727953724,-0.7906342856825681,0.3176104266230393,0.31885018872310483,0.13048810532415875,0.2550637323762823,0.2533038476672879,-0.007732980615112615,-0.8007881083606659,-0.8562092789869845,-0.14955345132608186,-0.8621781485599991,-0.5868337625211043,-0.8236347120166617,-0.5334447791994519,-0.7284781416604611,0.11867349953758988,0.0,-0.0,-0.26385254448056167,-0.0,-0.5414720523860463,-0.6844602027384253,-0.0,-0.0,-0.0,0.0,-0.7162994112662533,-0.7405861565893115
-3 1 3,0.0,0.0,0.0,0.0,2.0621451121417116,1.9577121551643228,1.3988848998556818,0.157406848076726,0.13640171942185494,0.30043021664165864,0.57208297437719,2.1602534292675335,0.7298804481041282,0.4570476938930783,1.1299572206414084,0.6188294805175298,1.047098985016797,1.1283647557828507,1.6868755985763044,2.2092069497477684,1.1568432432372435,2.155430833674124,1.1565659351914894,1.969502406137401,1.0424437273945417,1.1808166948721583,0.7468770232241105,0.0,0.8151008361980141,0.885518427523495,0.0,0.9863241805327764,1.153181427484101,0.0,0.0,0.014944689558780875,0.0,1.4541403561902073,1.8009877286372387
-3 1 4,1.7617490625884893,4.011534845670622,5.045118853554725,5.406296898765624,6.44616369029571,6.430383274345907,5.101039040406153,-0.20885596970650383,-0.15861141575181986,0.2721062540174824,0.6761184870005152,6.448697638185592,1.155170103097926,0.7073611156433232,2.4299826057415097,1.2765361462079603,1.7357613175047772,3.4953120282205568,5.689124513398119,6.422291042800663,3.8769399211445377,6.328668567448209,4.129831629488063,6.101731711052354,3.7054046648352226,4.411636331867123,1.89983776657552,5.5683745757891945,2.6221880461298026,3.3283517347092038,6.047561342528066,4.03289428890134,4.7629335941977144,6.864439437057636,7.519909332160743,6.819498367905331,6.696316804944296,5.429701889812939,5.962126063527888
-3 1 5,0.0,0.04534990300723255,1.0704383409230362,2.438310551500843,0.17540069877999873,0.05937313949545965,1.2372304386418618,0.04439750177306735,0.27461277938354756,0.2686336357472091,0.8647827787284212,0.3201127125897088,1.1467376245824044,0.4945013038884604,1.3650868901256892,0.7334095429089837,0.9468662097185121,1.7135498940493332,1.0278925209198668,0.47702638877406767,1.8271126410336598,0.6361193261952319,1.4876463569892453,0.8142178288001768,1.3681990849094576,1.3636759372039802,0.9667694093824097,2.601414772755081,1.1768392875819282,1.315666780329724,2.1044118835526597,1.3688601867699433,1.3046137671474476,1.293171016469477,0.909882628399158,1.7384554412598268,2.6110321219134875,1.1270715714428605,0.8811225602077114
-3 1 6,0.0,0.0,0.0,0.0,-2.7923981967933176,-2.9379490155570043,-0.6659276118185323,0.07457437148670257,0.2913295663191223,0.3632578907533638,0.7071518546982902,-2.5855069939022752,1.1434758087680474,0.5475570214847852,1.1222881177222328,0.6485046237414234,0.937844322739522,0.9766260025885705,-1.1119413649825496,-2.303406101242033,0.8648320076508278,-1.9492324185767715,0.33817494465312753,-1.5441912302712444,0.19543495589456647,-0.21789731418836075,0.6760431617315837,0.0,0.6083150688216008,0.3535073327856852,-0.0,0.0,-0.3495714926410969,-1.0913161459515621,-2.021937167912806,-1.2159960557945548,-1.5383513991760094,-0.829580950519042,-1.3032525184034562
-3 2 1,0.0,0.0,0.0,-0.0,1.418470907440037,1.538856877942729,0.24886287941381965,0.19500474625534633,0.3140222652486457,0.1989377116036253,0.6802024128955314,1.2613762676097526,1.2225686307484478,0.3219924622252265,1.132379325154978,0.395770898491576,1.2812848572076267,0.9788345046153988,0.40236322058460144,1.0750537865549672,0.6768406765524505,0.8594383793371543,0.445955927348057,0.6224157015302741,0.23449754896589234,0.19195851904069725,0.39055392790855814,0.0,0.2991990821669457,0.1779124909619053,0.0,0.152688009132405,0.15258344466081325,0.0,0.2250299898546051,0.19629374173908884,0.0,0.26676785151092247,0.4651843006962144
-3 2 2,-0.0,-0.0,-0.0,-0.0,-2.1538856614417075,-2.1302548464294677,-1.5100012977327868,0.006385406428270358,-0.01962945368906897,-0.24817681384868373,-0.09244759160739005,-2.1670090964807938,-0.10402781557225718,-0.35755142637860626,-0.6948052408958036,-0.45513438344245144,-0.48180378115594014,-0.5824905218908549,-1.6433180936775007,-2.1219179262205126,-0.6984302593742943,-1.9884384298906723,-0.8938939491849844,-1.8056662862010329,-1.1459182946919328,-1.3541238792196533,-0.5603515992948032,-0.0,-0.7268873241553871,-0.9565905842627899,-0.0,-1.192329337746205,-1.4078828111358839,-0.7741904376732169,-0.0,-0.0,-0.07190865556922549,-1.589499701252788,-1.7363863077478778
-3 2 3,0.0,0.0,0.0,-0.0,-3.5722507307189084,-3.5933379710909183,-0.8449957621482197,0.02402818987138987,0.005372981278708251,0.537405519078577,0.23204725548157545,-3.505218670210608,0.9532336823647126,0.7465713576770394,1.3903677750666632,0.8822964444071814,1.2869107523599013,1.2673533182689094,-1.616942185257158,-3.3208766450389544,1.0973879234878674,-2.941640775861024,1.0456630371404683,-2.3506645370956085,0.43873115545196156,-0.13222099260723533,0.9175357917151842,-0.0,0.8481549126513436,0.5941601732295657,-0.415503433624675,0.12471811430912488,-0.3953021688727699,-2.86271834290644,-2.646403407814338,-4.238587537869624,-5.167688677892738,-1.1713752069760044,-1.9609212306027288
-3 2 4,0.0,0.0,0.0,0.0,3.327507502081641,3.4046146210623314,0.8643113595077886,-0.2689894011487618,-0.20483237043147237,-0.19606386955600533,-0.2448194109735909,3.156190070328589,-0.5409599450892092,-0.1859733135723709,-0.017319707158055447,-0.13044403084321848,-0.40754103388573587,0.376399913265989,1.3067221739885924,2.845979342942392,0.5252234962372703,2.3908993143122634,0.2837678313030407,1.8453539406134534,0.2992534235372005,0.5417991344513309,-0.030212930917934974,0.6356490327178684,-0.0,0.11040352042926226,1.5797891779946485,0.3490377011549483,0.6421769924528109,2.0625879884532154,3.1889959061162716,3.478802934659847,3.682359325491223,1.0547086241213766,1.5558631298625925
-3 2 5,0.0,0.0,0.0,0.32371965843188094,4.584119424480111,4.803987518224218,1.3410794790355858,-0.08454028591902123,0.022027364002824713,-0.0035855462431302553,-0.025108931017259865,4.238189510262361,-0.4799440420010847,-0.030355397116212227,-0.48711359638385565,-0.008710403626511052,-0.6970208608898346,-0.020529672554737904,1.9045079230585669,3.7605497985588987,0.32661476830097114,3.17567531405384,0.576629597996051,2.5352435289413484,0.5289127632935999,0.8813908772940942,-0.0,0.510494217961362,0.03979851521448458,0.31801054184349936,1.9401571777017617,0.654532861009544,1.0718668242591622,4.96083550007107,5.9617810511949045,5.099946799637401,4.843388159365796,1.5783210042736726,2.163590106452582
-3 2 6,0.0,0.0,0.5279744780966434,1.9592376914946237,4.081076706652019,4.144789443738982,1.6546693822442324,-0.007797394477577993,0.19960901771192158,0.03000873471174733,0.20749871689758498,3.918779965673712,0.6981372526346421,0.20769902953644148,0.9950080600496114,0.4369576631269581,0.7242864390264562,1.2953882446530018,2.1135129426481725,3.624787458564498,1.5131656037994057,3.192407389150638,1.559943927629109,2.6594827626341373,1.1502561694113702,1.338952038007444,0.6808064823266005,2.7396743869674065,0.8604249229029963,1.0385760534603277,3.1509581477709103,1.2078944429148797,1.458316984966507,3.8593940200781747,3.447556448828079,4.225755316645039,2.6675113451335295,1.8107761261555486,2.3653297350439835
-3 3 1,-4.895267583824022,-4.503306883319819,-3.602819467464056,-2.689236275666425,0.47380270537931674,0.6390676334622246,-2.327487478820223,-0.29727469427810377,-0.5432818379738603,-1.1741096755107965,-1.3307261289924055,0.22003395514019475,-2.094295022572176,-1.6789678525893255,-3.4978715989686906,-2.2282262356354074,-2.925145706219253,-3.853520102638761,-1.7991655282492576,-0.14504422289855778,-4.125250583309678,-0.6289339381929994,-4.012811370709094,-1.2044594095854515,-2.9835338410771675,-2.733784451227784,-2.6901101329540613,-2.146199140864586,-3.016432315681144,-3.115630160740366,-1.3493827543493837,-2.9641535618577293,-2.6018928391448224,-0.6084818984327403,-0.0,-0.0,-0.33970967788724477,-2.081856069368522,-1.4696626753159228
-3 3 2,-0.8627836837147133,-1.561577241075533,-1.2329242201105737,-2.08657962409537,-3.384324650698345,-3.5044711796303583,-2.021892784745996,-0.30760488233087896,-0.5139221280179614,-0.9860584348953056,-1.2862180198010984,-3.209619139260551,-1.9331998785636015,-1.380379502871815,-2.814771232420545,-1.7640879025973377,-2.5786555155614845,-2.8028305747205335,-2.157487780817851,-2.9797213345630174,-2.8185344054906847,-2.7032749955936066,-2.5321633178814977,-2.4083834381514464,-2.1048330366557617,-2.0235330750296385,-2.054050162861209,-2.280315205815131,-2.1760679647778653,-2.168230930662345,-1.9448738749966636,-2.0558964765925616,-1.9951129945937631,-2.043451551627132,-2.810007816167584,-2.5525825381754816,-1.8656239477008894,-2.056169983912902,-2.254503299321937
-3 3 3,-1.0536726816152526,-3.1481900657894353,-4.473443501194669,-4.519528029598238,-5.161801216884235,-5.1746289951544275,-4.738607572949557,-0.37330424995438394,-0.4704960711157467,-1.4145979902086,-1.2942891255723845,-5.19135842760322,-2.204361803647413,-1.8424486585475717,-2.504330002939039,-2.171510437118447,-2.5394435956259214,-2.4076634007389823,-5.169493707973029,-5.271673428028783,-2.5460308717732256,-5.3636517977511895,-2.9007864518495277,-5.367660416777365,-3.5566403103468383,-4.159692235295396,-2.46358942224372,-5.875852444761459,-2.798838760695568,-3.2094867313666913,-7.027935796566238,-3.821927506733148,-4.445476826553483,-9.109185634657264,-9.244323902808059,-8.780117987356201,-9.401999379238609,-5.002468745057119,-5.359815931780149
-3 3 4,-0.0,0.0,0.0,0.0,6.40902733566495,6.6217178865745385,2.0222923224684988,-0.46140333015245455,-0.4139295657732995,-0.45984909794161727,-0.7537190877945334,6.094102471052974,-0.8420363070793956,-0.4887300283396788,-0.1106027145676573,-0.4174228610752924,-0.4581223630219321,0.12457720945985021,2.9975215289572024,5.620509411882847,0.3722058530890584,4.929210395585052,0.7125706397384309,4.020265739192307,0.5963370181001126,1.2126865617597276,-0.2665833872342166,0.024466895099855168,-0.0030896042848622862,0.21427640001766093,3.531901759534438,0.7510680849563394,1.4633167698258216,6.292457122982112,6.471326052294582,7.483924616494524,7.403425811900658,2.426206972709554,3.472596430654731
-3 3 5,0.0,-0.0,-0.0,-0.0,-7.421259448830295,-7.888721250105683,-2.052666412309478,0.2182697967407862,0.5067735490097813,0.2338574745262617,0.7170672055346529,-6.747841776029057,0.5062641082084204,0.24584471693713214,0.2056157071983624,0.20837901120204136,0.41811030071844557,-0.2295064710594393,-2.9005198364880576,-5.881777063107071,-0.34544552830105685,-4.888374498457225,-0.5699705399498725,-3.8647342159996496,-0.7852511808721567,-1.3479228622993114,0.05553209544508475,-0.0,-0.03986499557458943,-0.42460463730446324,-1.9690225043246572,-0.9747781455048314,-1.6355489766944482,-5.905522414874667,-8.320464771909464,-8.400630587621935,-7.515723678882883,-2.438635430071364,-3.331533005662264
-3 3 6,0.0,-0.0,-0.0,-0.0,-1.770128230235385,-1.8297836397234104,-1.4771474064399834,0.25184550182219834,0.4494747376270082,0.2834622529429365,0.5781436231538556,-1.7149959983669156,0.191443826271194,0.24445817630105254,-0.19358999560674472,0.15076366395549587,0.22018477576337167,-0.4303097031105931,-1.7282710502995549,-1.7094643481707306,-0.5610977678202748,-1.7633486980175903,-0.41319345023870574,-1.8064866810809341,-0.703239033174742,-1.1029553025112464,0.0,-0.0,-0.057983377861530086,-0.37878243593355215,-0.0,-0.7864531143414057,-1.1903663879029638,0.0,0.0,0.0,0.0,-1.5153271082729272,-1.6556288299209942
-2 1 1,0.0,0.0,0.0,0.2069014207895199,2.8461599805966347,2.873416275532011,1.9753708633712443,0.3187169195649504,0.4495619368264594,0.33787910930840276,0.696536592381211,2.8323651179167575,0.6333566878487658,0.40467166525019643,0.6978322943995742,0.4824872487076148,0.620059187844824,0.8787482890927999,2.3225635674539404,2.812114482177631,1.0339263762422013,2.7429210684476755,1.1153842269235599,2.5843510193375945,1.2372402636344069,1.5924166796592505,0.5971451632408792,0.6714777870263808,0.7446328913868264,1.0014581835850203,1.8877037036957753,1.3359830844184675,1.7336645210612973,2.3695250281919766,0.0,0.0,0.21667167405435878,2.124433216085538,2.431742454005641
-2 1 2,0.0,0.0,0.0,0.0,0.5845490126333646,0.6719180071648695,0.47412199186604853,0.07704463858607571,0.12044236975386235,0.10202170370857443,0.27218007542049044,0.4791308536907372,0.4401521592479222,0.18488356735419348,0.49273883918850336,0.266499119253536,0.4960695907284299,0.49521209123025334,0.3991384599019685,0.3846241500666228,0.5283234103404197,0.3336809500649474,0.5546443741523696,0.3419062381751107,0.5456088289797514,0.5303129312751846,0.33460192343617123,0.0,0.3857286303085205,0.41229680996563894,-0.0,0.40568437745383795,0.3736673161412108,-0.0,-0.0,-0.0,-0.0,0.2863967029067922,0.20221843275596493
-2 1 3,0.0,0.0,-0.0,-0.0,0.2678687659862957,0.15183543038207378,0.18741272057958597,-0.13047029870283056,-0.2805752279474877,-0.0,-0.008816662975086504,0.3997026875057209,0.03928158227332392,-0.0,0.12173996809317458,-0.0,0.16348166693693217,0.1857449112830425,0.3511503242650778,0.4969345155138102,-0.08617276252512192,0.5200636318386445,-0.2778147304379513,0.4669985479620179,-0.12217809550698475,0.011052592810499988,-0.0,-0.0,-0.06180084246938068,-0.1006993391629369,-0.0,-0.03342854025795837,0.0,-0.0,-0.0,-0.35164187498269067,-0.27485044489146027,0.1020302382435313,0.18286367105378637
-2 1 4,-0.0,-2.982428651436837,-5.685594782551372,-6.288467092719436,-2.6786215614186513,-2.618806831224177,-3.806756459971393,0.07422627356034647,-0.24823809423200674,-0.3645246104031959,-0.8614973420348281,-2.811542970908583,-1.5046259016820502,-0.7123922189581035,-1.9508927083315974,-1.1241990297994675,-1.772992091685527,-2.4236141581794945,-3.793617576709872,-3.036931484026749,-3.027998082865667,-3.3289256827529177,-3.6102110495863906,-3.610816357270739,-3.139466536566152,-3.5921453717843432,-1.6186985673579073,-7.526129828344241,-2.203329815176017,-2.88310037388693,-4.479926356120385,-3.4448916331754305,-3.783938194200303,-1.015559289691569,-2.1022699229003234,-2.6682568493448073,-5.6387802670694125,-3.8937232952155876,-3.8087636027590093
-2 1 5,0.0,-0.0,-0.0,0.0,0.8850172513306196,0.7407550124472189,1.101641793318272,-0.5523902933373925,-0.5177781719416683,-0.0,-0.031895094548098815,1.046194271911213,0.3552145292012649,0.0972004460556642,0.4431827177971895,0.2996683690420306,0.5341400059755121,0.6038342612675288,1.1996778591159551,1.1811570313558224,1.0169461200151375,1.254549411217022,0.9184169037382509,1.2576795670027343,0.8819421206273588,0.9914103933561005,0.45119097104990924,0.0,0.6130370167628335,0.7608784321726602,0.0,0.8876532759954381,1.020753122138684,0.0,0.594577496480918,0.5321342938571794,0.3769141612195385,1.1183360728289988,1.1895974644122527
-2 1 6,-0.0,-0.0,-0.0,-0.0,5.1003426812652295,5.3952321507223555,1.7496240903379352,-0.1009637553379183,0.008813121883839033,-0.018788481037225076,-0.046308456455972,4.695234756722012,-0.26064904822261037,-0.07011694231163221,-0.4155497129885659,-0.11102716347388479,-0.5346072164411825,-0.2746132609415379,2.4093771052148147,4.198777189466692,-0.029693392867410125,3.6435377682404146,0.06374098135368425,3.046999602844832,0.5785175864253315,1.120784190431657,-0.058308684068329,0.0,-0.0,0.22740767083801885,0.14095772270411405,0.7255060336825083,1.3119289755486887,1.9064173409370813,3.7315274708369826,3.3850921878497693,1.7026542807923835,2.012752832926449,2.7055152248583636
-2 2 1,0.0,0.0,-0.0,-0.0,-2.4809964914417595,-2.338515973470107,-2.7064556710946435,0.3315943764138208,0.39839181499954546,0.12854527117372966,0.5304189501330814,-2.704102698523772,0.2574810904090839,0.0,-1.3550308051741138,-0.030885033675417742,-0.6677912010055596,-1.5671521184946442,-3.0858288595519556,-2.9736508182200034,-1.8191447142956982,-3.196927486169666,-2.003501989337666,-3.2575105342661947,-1.711750575203972,-2.2157345369621804,-0.41334084508651425,-0.0,-0.8662717516416032,-1.3502059552638674,-0.0,-1.8398985599571225,-2.4148198854728364,-0.0,-2.035263504337149,-1.9966352118281592,-0.41177688090762127,-2.873058621260058,-3.194021606967244
-2 2 2,7.525664639459234,4.230734145946654,3.0357687253619514,2.1484327665583525,4.402870017892905,4.445996079386669,3.487608437984642,0.6281424211536014,1.0214732841643264,2.4201520380826897,2.223066283401836,4.338469507959145,3.833430387846545,3.09972057896885,3.7946785345053073,3.5695521345000665,4.009988233449318,3.483061869142523,3.6316895856544877,4.229265824784961,3.250314335314109,4.061308444427528,3.2172600120731847,3.8471840628832896,3.5805405113873197,3.475686768805037,3.7992561392094095,1.3571269021067782,3.8042373765689854,3.6766204698763207,0.7772233371985224,3.5209355443378776,3.394840753511886,0.3148956259765737,1.1419104589490883,2.303585772285522,2.1973873077829524,3.4909532488145207,3.6517724254074273
-2 2 3,-3.605503427321483,-4.582584172390594,-5.550703667090653,-5.436644076531623,-5.032940074082305,-5.057645322609827,-4.707337718176568,-0.1302455175072364,-0.27797072059910916,-0.6187813789608211,-0.8468114501919111,-4.987631509753788,-1.6364108881035038,-1.0570000395867456,-2.615571400320191,-1.6447801187576683,-2.1241882978462767,-3.278880962932704,-4.746800022276154,-4.914549997877994,-3.8913730904881194,-4.82880766886755,-4.509964855143243,-4.767869331371529,-4.110615623836609,-4.5276389560894215,-2.352193555976728,-4.732228216795518,-3.122919582066805,-3.8426245952821803,-5.766598969061694,-4.425380933975857,-4.707413568727796,-5.715476304761274,-5.4014594180653575,-5.741404015284426,-5.207364474893385,-4.780994435575852,-4.79357296226721
-2 2 4,0.0,0.0,0.0,0.44423203851555965,1.8678682132978806,2.074681755759937,0.9626951833151884,-0.025657261149639742,-0.021202994372889496,-0.09987030556074379,-0.014626248715386052,1.6314724720066205,-0.20316795968906895,-0.17564773317744448,-0.9389745257771913,-0.2545906495143272,-0.6486133088161194,-0.5357616584900045,1.148134863713865,1.4243468688763425,-0.12294015370175303,1.295220146980486,0.2953710196908087,1.2297811209783251,0.2732925239434709,0.6506436865583469,-0.25024526885628834,0.7460449746571295,-0.1137173343451063,0.0,1.2747096586216635,0.3759509333798247,0.8214421364460016,1.9086716050049004,2.947085317886357,2.4866224595326627,1.7496442705951363,1.0832349540779385,1.191556205671646
-2 2 5,0.0,0.0,0.0,0.0,-2.126665321153595,-2.2953806915498602,0.49699614944311826,0.002431350143969569,0.273980246707812,0.3158778675478795,1.0144269690092254,-1.8466316396715903,1.038664353868293,0.5089256688772001,1.1708422428881233,0.6788547524108878,1.1535628272514724,1.1978558018913072,0.07539368234072101,-1.4453386088090188,1.2194571183275014,-0.955465611799023,1.019904460208395,-0.4302473065718417,0.902818074816534,0.7751490549068939,0.7737941887785644,-0.0,0.811847291010942,0.8331425138053817,-0.0,0.7751599406553918,0.5826584612395856,-0.0,-0.0,-0.4131342943597772,-3.3311640814448475,0.23586136533618524,-0.10154128195740691
-2 2 6,0.0,0.0,0.0,0.0,1.5186455854894778,1.2715925173759015,2.0204866588875814,-0.049054799725073144,0.16740472776344487,0.03191500147309244,0.30535925721692175,1.8200717350908784,0.54934863199363,0.15526360028377958,0.5037713513918033,0.2828111554716855,0.29187967906133394,0.7868985897073753,2.2246129792995113,2.0941601388578523,0.9008429999571798,2.265402454026862,0.9434129851748504,2.308044581742538,1.3505109484647984,1.7147320194975855,0.4674180446060239,0.0,0.74739474319101,1.1094859380304367,0.0,1.4799881990939256,1.7885103816361798,0.0,-0.0,-0.0,0.0,2.0193460494057875,2.2248229021539134
-2 3 1,0.0,0.0,0.0,0.39728778276707893,3.375572796219604,3.414811104115122,2.487015571535537,-0.03454020851458846,0.020381483479056484,0.45713178278016176,0.34430807270457175,3.2941038405266645,0.9136342713110293,0.6857930360150689,1.319708164895308,0.8952370326299278,1.2847323768701306,1.2056970175528305,2.6688542898435856,3.1649447058302767,1.271169933749999,3.001521054302739,1.4917409247040587,2.8317392824012733,1.9196714306735363,2.2402739843493475,1.1026309188377705,0.07936171409230201,1.3571797191609585,1.7187240682553457,1.1563821965439383,2.089165702813885,2.35230974567794,1.3458870256027946,1.2076468676892134,1.7119460596839438,1.8503015179316955,2.5551511912685223,2.712298068453186
-2 3 2,0.0,0.0,0.0,0.0,-3.2241655409920265,-3.311352823963529,-0.9638908141455019,0.18857979736654942,0.3491683662007355,0.8759281438041059,0.7779777450093752,-3.0846943480727393,1.8853274603140868,1.2212807505532737,2.04103626275929,1.4549434642035106,2.1979981946969165,1.6864838408376996,-1.6611471552873498,-2.888877899139544,1.3641216484668974,-2.616695664237787,0.9164915156331727,-2.2207738217380526,0.48143669612853146,-0.2185861614193857,1.4970903950411902,-0.0,1.250863548629175,0.7984196452871196,-0.06119291308545873,0.14839697092315807,-0.47738609260305687,-0.0,-1.1791540221383396,-3.049868236957843,-4.864971246821592,-1.199782784416996,-1.8524855716372055
-2 3 3,0.0,0.0,0.0,0.0,-0.7315761512230562,-0.8494135431729467,0.9784375819490602,-0.09993494830951419,-0.13992935033862267,-0.2251487573341305,-0.48516538139927895,-0.505949751504709,-0.7749443857029714,-0.29019003878665156,-0.7044038834505343,-0.28069031737479017,-0.9312369877557215,-0.021712031058739388,0.8963510823315137,-0.15788446712488885,0.13395889535623198,0.2595578288097858,0.3185137979619799,0.6420632427108472,0.6141969762017081,0.879639764714782,-0.1331800844874209,0.0,0.0,0.35735721540128257,-0.0,0.7143049471712798,0.901817983121678,-0.0,-0.0,-0.0,-0.0,0.8965132162962394,0.7584496131786879
-2 3 4,-0.0,0.0,0.0,0.0,-2.453770171397848,-2.482265536024366,-0.6249030532932115,-0.3726858520957917,-0.26704258792181845,-0.1392850301363309,-0.3793528511134584,-2.36292313343821,-0.4371761222081366,-0.16435029553704777,-0.4180093046502117,-0.2322015969194977,-0.3467439271675601,-0.7334995860467246,-0.9297589942413782,-2.155646669328929,-0.8766365971844998,-1.8046789251774673,-0.9046375410677964,-1.358186448144659,-0.4596400093736548,-0.48107637901649486,-0.3312538431672371,0.0,-0.40415959225151865,-0.3565786483219483,-0.0,-0.32444770321512656,-0.40378131635089975,-1.393833914726109,-0.8763779838801313,-3.5323599496549747,-5.676552509092273,-0.6420928287808011,-0.9850442086629444
-2 3 5,0.0,0.0,0.0,0.0,0.0580417638382966,0.33182454029944247,-1.2696523645686137,0.028259304463596865,0.2724838847164537,0.0911498102748932,0.4757867270799969,-0.3142185886546719,0.24576133652717377,0.11186215976750805,-0.0023508494585235376,0.07461523479071532,0.04540501077877486,-0.06382579944526166,-1.4158604918430124,-0.737521943858928,-0.35768253353635926,-1.1222541457509443,-0.4967722000078197,-1.369173635872501,-0.6580848739423042,-0.9924915679627961,0.0,0.0,-0.0590979923780472,-0.3606914920880641,-0.0,-0.7395828673926224,-1.0340232705267816,0.0,0.0,0.0,1.721036875938354,-1.261231410559979,-1.337092273748039
-2 3 6,0.0,0.2848871703277871,0.0,0.0,4.362057799276903,4.58795900995129,1.8638141074297474,0.3818415369842657,0.7040428244979914,0.7778421172425211,1.2724558102556343,4.035576334807349,1.2272692689496263,1.0066250640979686,1.4493049234246898,1.2429303740401776,1.4773129149676576,1.4778378006630635,2.136045058448542,3.605048543419175,1.5334431721584703,3.093780302765656,1.7413704040541387,2.569809735334712,1.6720205996373332,1.7362638295683104,1.4217106436848457,0.0,1.514772332255267,1.615408649051369,0.0,1.6567783848573105,1.7184650189127326,0.7295751816984474,4.030981656200176,5.087722144787338,5.785020440772357,1.9356758581316196,2.3170030350707624
-1 1 1,-0.0,-0.0,-0.0,-0.0,-0.6355166011576097,-0.6512704117653577,-0.3255222152942767,0.0005876148612562665,-0.0022080011824254335,-0.0,-0.013172089304106165,-0.6114854457299301,-0.032336804496214816,-0.0,-0.06834777970363849,-0.0,-0.05131317237290064,-0.09354892592816533,-0.40144281560944106,-0.5767736378691491,-0.1160999540997133,-0.5300603131960048,-0.14074215256700198,-0.47113243157234597,-0.18501818615230084,-0.25091458753092677,-0.0,-0.0,-0.0,-0.017598469231538735,-0.0,-0.0792749342793062,-0.15208010664772775,-0.0,-0.0,-0.0,-0.0,-0.22993225781812932,-0.3060164719580745
-1 1 2,0.0,0.0,0.0,0.0,1.0520655047834044,1.081470118081571,0.3155024446322392,0.015158519883886605,0.023665498162334427,0.0,0.03401665419968482,1.0033413351129918,0.04150722982129862,0.0,0.061569002461338534,0.0,0.054446862452982886,0.05614347360005311,0.47626462998373775,0.9243720094736422,0.054449078537533294,0.8057163726737041,0.0468699074199398,0.6495979780337755,0.11297886129494435,0.19137141371436192,0.0,0.0,0.0,0.0,0.0,0.008527659870771937,0.10878989389766544,0.0,0.0,0.0,0.0,0.2609980462380993,0.43824580937125224
-1 1 3,0.0,0.0,0.0,1.9761981616380009,3.3966956495006766,3.3485787732530374,2.2121081739160107,0.7198252944050528,0.7908084368879428,1.090667067525694,0.7981375632917914,3.405149704457647,1.2284544263612012,1.3185710682031238,2.500503291264717,1.6010104192709904,1.84740189132369,2.78328665607459,2.3593954913425965,3.301189401519449,2.848178785549762,3.034810639819382,2.751275624820053,2.669272218170069,2.2253565248803944,2.2028985372856633,1.904830574882083,3.2074628341571736,2.1117110483931114,2.21665488103441,0.15349300729510584,2.2230350439248237,2.180370157026593,0.5003407803200379,4.419497501925435,5.718497747710909,5.583116628319658,2.224811148967422,2.4590748320454408
-1 1 4,1.5875169230177466,1.0285828418331628,3.9762698567465224,4.555308467955374,3.523896511280466,3.5383825242263103,2.9682204182781406,0.5488568419864339,0.6853820578487698,0.9559392285323173,1.1969611542207326,3.4965223735901665,1.6595309609605289,1.232110006395095,2.40599300833272,1.5539702234380677,2.287777080027706,2.5343721841351625,3.089826580887959,3.4350667204710903,2.9760095716227717,3.3357365974851088,3.300800954138862,3.214800423100676,2.632024015828066,2.8294757395405967,1.8933552883472666,3.604497203613371,2.205705603018561,2.5163391778579665,4.998650203223455,2.7849575230806187,2.977442489064612,8.536666554922974,8.580831273739301,7.538880441319506,6.314922413127095,3.0788520550313616,3.197529080997988
-1 1 5,-0.0,-0.0,-0.0,-0.0,-1.713601469214484,-1.6375314964948484,-1.7086544109706372,-0.3069651106891937,-0.29979305473725176,-0.3512021616283459,-0.27358010054293225,-1.8165254391722991,-0.5280868743193118,-0.4470394148581622,-0.8789378191275269,-0.5632514604153825,-0.6200632499239784,-0.9205562092992757,-1.9313107831274767,-1.9377993069346886,-0.700007268536514,-2.0342655022846805,-0.9733631325467578,-2.0443840091350935,-1.1789870342415565,-1.435392790380576,-0.7063394298111807,-0.0,-0.8327088427319982,-0.9918669717951554,-0.0,-1.2423219258474276,-1.5171004636786303,-0.0,-0.0,-0.0,0.0,-1.7867503606096762,-1.9808519093783494
-1 1 6,-0.0,-0.127980949125872,-0.480119934494404,-0.84612490971209,1.2719285702938632,1.4646359522241719,-1.351135206519595,0.0737981947663791,0.25293707223876044,-0.14255088772192823,0.27540764683033697,0.993185475093456,-0.5008174340125126,-0.4147192928640262,-1.3753702436046498,-0.7632356901220609,-1.056976981741335,-1.9353568827581122,-0.9080649479751167,0.6176465596395342,-2.4423709075557563,0.14715501813386936,-2.8018770593709657,-0.38453057415343883,-1.7794318173723875,-1.6565449948544146,-1.164474733301192,-0.7324881076952573,-1.5089628790600034,-1.7319895725780319,-0.0,-1.7499604878685497,-1.5612860309884076,-0.0,-0.0,-0.0,-0.0,-1.1899747429115919,-0.6899884489459412
-1 2 1,-0.0,-0.0,-0.0,-1.7970790033151365,-3.2470734227899753,-3.379620711943167,-2.9731662634110916,-0.03565123944114157,-0.0743574387967041,-0.14787984989439373,-0.09856057574401676,-3.11535621017475,-0.3397278330691617,-0.29963527653627886,-0.8542019865130863,-0.5290881137446402,-0.5066462216254837,-1.5646745171977838,-3.1276903805118446,-3.0428906534857547,-2.0143593210084725,-3.0616704423793286,-2.5721624221208366,-3.1257272979776474,-2.2028884276091563,-2.646421150386017,-0.8810559485714385,-4.491852622792039,-1.3832841391143427,-1.9048526683259268,-5.608549061465874,-2.407547883321943,-2.815127165785901,-4.4337112052740295,-4.155172685810277,-4.514273442253348,-2.8391792271908356,-3.06360201751202,-3.165145132159551
-1 2 2,0.7472280296122263,2.4316893446874843,3.3403790138290645,4.495638987299588,9.800243721744128,10.015584960974186,4.476394100453601,0.271319792424598,0.33541737790649945,0.44901653479716386,0.5630642904493841,9.42792781774375,1.1178504586377216,0.6473914299766665,0.9881587118047502,0.8677088128677838,1.00899326674628,1.370784982763655,5.725880820172113,8.84741512597892,1.4918208818345562,8.021317638442802,1.6723523783830627,6.954400249003647,2.425545324291007,3.346325101687008,1.131355857218093,6.556561140839553,1.5181046833049912,2.073466504547,8.395205895493493,2.8870028489082147,3.908367129377995,9.419269110528731,9.199273790341536,10.72783766509377,12.469719357261049,5.119750759220373,6.400252305329724
-1 2 3,-0.5392076551389603,-1.7425413792522777,-1.7628156562922166,-1.3030394990088219,-1.2936649416854304,-1.288245180909109,-2.2872190091302067,-0.3247779028608404,-0.5088565520477092,-0.6125875190629562,-0.9718766757282592,-1.3458242057329497,-1.1548548853798022,-0.8540474490837808,-1.7824334419985082,-1.146273836350232,-1.3398991332116423,-2.3055889402428553,-2.1883358620695086,-1.4768464732848776,-2.533318603911204,-1.6969441347511285,-2.536994244940106,-1.9646583950759045,-2.1052076081146742,-2.2485098237871206,-1.4632357859607161,-0.0,-1.7364129900796934,-1.9750189589336695,-0.0,-2.1516664070414655,-2.2689773249859746,-0.0,-0.0,0.0,0.0,-2.200229778691464,-2.0086785018712847
-1 2 4,0.0,0.0,0.5572584970826477,0.38067719636971004,2.0021055835286283,2.227698427468054,0.20429653625578406,0.02126672157803434,-0.046968595664335935,0.0,-0.20916771709076434,1.6624260236439736,0.008264522195358991,0.03611601204213893,0.41452611242875037,0.24607048557706418,-0.03558220938540335,1.3990322411994742,0.22227182891979239,1.2422410542603155,1.577040805336117,0.813211740471456,1.6310546585806864,0.44848566354433744,0.6232491953531965,0.38256589046355877,0.5213104702507435,0.0015897617471909286,0.7338188341737334,0.7293236795609506,0.0,0.554193342478192,0.2664590522278646,0.0,0.0,1.630277670925635,2.733308020324773,0.14839713544635952,0.27306709896248527
-1 2 5,-0.0,-0.0,-3.4972595327027114,-3.6983743316199553,-0.9540913337475051,-0.9226973467959808,-1.8483761516616737,-0.28471951774425347,-0.13167372958288234,0.09952625637640042,0.46337706552571334,-1.0386392148916626,0.250489682103437,0.15549672009257898,-0.3505402202145151,0.013176146155346052,0.1466403737055352,-1.0307674935065967,-1.7611074055982803,-1.1789978708441369,-1.0803390864801632,-1.3656377575373355,-1.4240238257372575,-1.5749164933627853,-1.4055975653885946,-1.7429068419432125,-0.07529678669275332,-1.7246012464248657,-0.5816328324718745,-1.1093579733229162,-0.9127812513915905,-1.5493934797177127,-1.7895757544466293,-0.5796455362659715,-0.031752378046625826,-0.873937256590663,-0.4754374137409985,-1.7969976066627642,-1.6468886279241362
-1 2 6,-0.0,-0.0,-0.0,-0.0,-2.9447456599914625,-3.0903142685054332,-0.5253348572769917,-0.15474554877399155,-0.009456960743725635,-0.0,-0.022800755846420617,-2.702072309970004,0.2862878503949499,-0.0,-0.13640633286736792,-0.0,0.07228814291604584,-0.2335225923120946,-0.9555320607967763,-2.3527419220414507,-0.41792688561042796,-1.917080184671709,-0.3387691891868168,-1.4366268526889436,-0.05999345056587875,-0.21368031138584836,-0.0,-0.0,-0.0,-0.0,-0.0,-0.05078886626488778,-0.3035971076538631,0.0,-0.0,-0.0,-0.0,-0.6516125182431063,-1.1496105246779336
-1 3 1,0.0,0.0,0.0,0.0,-0.06419142068164109,-0.1898936734719307,0.9974796361643798,0.24158182524305763,0.3873933476440025,0.591942761699575,0.8569183532178277,0.09870684679108753,1.5627911034021948,0.8341022649814571,1.5378859271490588,1.0486371440692737,1.6340500455689033,1.5623948793918465,0.7882908047893625,0.27069946018527047,1.5227710997612067,0.4334151154152277,1.444701733369156,0.598571403189895,1.2969975974500607,1.1837527275087136,1.1960848962487731,-0.0,1.264090959402134,1.24388779161387,-0.0,1.1633670418589956,1.011664517531117,0.0,0.0,-0.0,-0.0,0.8098706791556457,0.6188120336944795
-1 3 2,0.0,0.0,-0.0,-0.0,-0.38367549556295044,-0.49862758404930474,-0.05974866685561696,0.19706820268687264,0.31860186552677394,0.5959431068311483,0.5662399500132337,-0.2108386896643672,1.1296899599439303,0.6734175655106162,0.4433562704631763,0.5333834506169993,1.0097872056527313,-0.5761224525152611,0.23318096061375357,0.01127618195815984,-1.0626893437071603,0.22826148432970408,-1.4159528249021145,0.3347606798936429,-0.48274109707284013,-0.37140931098627095,0.19918457705477555,0.0,-0.019898200514523384,-0.33894719293693654,0.0,-0.4141272503346013,-0.17205700803567928,0.0,0.0,0.0,0.0,0.06580709867300322,0.281721050161188
-1 3 3,0.0,0.32419251449409353,0.13325277749124392,0.0,0.913044368866715,0.8882999929775385,2.132889532734213,0.032542421386896496,0.10064370092182592,-0.0,0.2630062458643281,0.980140376092585,0.8562025486847948,0.03268065442825611,1.1074647574618555,0.40172239993527564,0.8686344279840534,2.002206588300913,1.8791625234099028,1.1123755354406675,2.598378460479693,1.3189324198486265,3.060423999247773,1.5862246526411912,2.129144596362102,2.246844733915926,0.9377348251719282,0.0,1.5455764957911988,2.031683307263497,0.0,2.2741521744740454,2.2073826960659484,-0.0,-0.0,0.0,0.0,1.9917651397778733,1.686228121214515
-1 3 4,-0.0,-2.015051802425777,-2.7912335156367303,-2.6137225722545216,-1.2540198300634737,-1.1781149392063575,-1.6518610532540983,-0.41940046982240153,-0.31446176777767204,-0.378798825106702,0.025632817566462154,-1.3541161356864686,0.4974283207046305,-0.3950359108716166,-0.12438135937680934,-0.4698156975228699,0.4741854151644943,-1.2586478340607457,-1.6139453161010453,-1.4503274219806008,-1.7126807952558698,-1.5167656267609133,-1.881956680505259,-1.5629383985368113,-1.456539107491114,-1.614281828374303,-0.7068844866759124,-2.8769562438084746,-1.0256857955948226,-1.337344687312809,-2.45576186957087,-1.5588177087594013,-1.6972721502015382,-0.0,-0.0,-0.0,-0.0,-1.6876408278828743,-1.6618456938780888
-1 3 5,0.0,0.0,0.2235016085540302,0.0,-1.4653169629656044,-1.5630251495659637,0.10975003731697153,0.019898084473940356,0.23750065090022282,0.2568986290469512,0.6318810744416727,-1.3271959227833796,0.7858471886278645,0.46197809667673184,0.9295869634127574,0.6732638279002177,0.7198041701563709,1.389799776337432,-0.3025822963617416,-1.154291974241146,1.3188191178669868,-0.9413345395697407,1.418168273354548,-0.6631767357284256,0.7909368063823106,0.4982282371994445,0.8481651674486874,0.0,0.9136618040187107,0.8412059470062443,-0.0,0.5866349423292064,0.19280359767296185,-0.2333994213587419,-1.1790598116891564,-0.21994497927994988,-0.0,-0.08337683793040325,-0.508925553783221
-1 3 6,3.8961753759961515,2.944772860211024,2.0643067807016156,3.732115298302428,6.04239129534717,6.156099071745724,2.9553838536638297,0.20490068575491086,0.4741029183390285,0.6881173909457142,1.207883789964203,5.816804298416142,1.3314210239027502,0.9734187896045953,1.7568225603091552,1.2679170533114141,1.4919635484241136,1.8314568364768924,3.511947728635322,5.432437734323597,1.9708638133336667,4.871322736562479,2.154626605626588,4.188836605744222,2.2159553774843483,2.5421173781286304,1.5310850917381893,3.7764866370145027,1.7966719307141021,2.092091649927126,3.7763881279210505,2.3625236101406375,2.687910107981442,4.814705576840321,5.494611902762104,6.033801722547843,5.896701059938449,3.1898646531749355,3.825341014344279
1 1 1,0.0,0.0,0.0,0.0,0.7005905490292562,0.7213191763561648,0.403098278406729,0.0006716297300488425,-0.0024994065724821923,0.0,-0.006751296405678635,0.6651624688159303,0.017348583732211553,0.0,0.03736285856888482,0.0,0.023408429375264734,0.08519093382684029,0.4500663880065139,0.6119956825355438,0.14036563509319622,0.5490713971217543,0.19991561899360152,0.49327385687503766,0.25084867170470937,0.33539566614651795,0.0,0.0,0.003906420611811977,0.0849470609066668,0.0,0.17706896397273403,0.25725588131142424,0.0,0.0,0.0,0.0,0.3048839432626789,0.3412549492432175
1 1 2,2.0678918793222065,5.286156727959028,5.052986908661209,4.1045429411596555,3.2992920575125746,3.37336750661207,3.570750642077088,0.6742855650338704,0.8686253741118829,0.980826846987934,1.1846773407768665,3.23821437056646,1.8180430412268476,1.2680754014780091,2.5947389436155177,1.6569775718217976,2.1694276063090974,3.0064866679076885,3.556294077274449,3.237036950786821,3.3832216904832695,3.322381996991247,3.686184283018937,3.455082420900887,3.228991860856798,3.470055710522234,2.1299047561647493,5.214859006332687,2.624588172794236,3.0812579015185353,5.311129931368709,3.4115247815007237,3.557024242947752,4.470145336210452,3.210517452517065,2.935439026796408,4.690796541012781,3.641726431802532,3.5768337176814504
1 1 3,-0.0,-0.0,-0.0,-0.0,-3.5253876077971,-3.4815168576009885,-1.748796362846011,0.393536476283265,0.36597881151082534,-0.03926402638974812,0.06588784407907512,-3.5961958118064277,-0.5011213940280079,-0.3075952891880288,-0.9401549524558511,-0.5529613091893298,-0.8175638877702388,-1.3002403835981904,-2.4154584708766453,-3.618116562070597,-1.2345153206548545,-3.4631679821514387,-1.1711780958712943,-3.0461455741718955,-0.9883537048868004,-1.2460453746025402,-0.721998962194627,-0.0,-0.8360512858634752,-0.9187891554402245,-0.0,-1.0726498839889855,-1.368661702243529,-1.3499115746036832,-2.819472939517591,-3.7619517219296412,-4.340625926823516,-1.9938121917179619,-2.697380482715104
1 1 4,0.0,0.0,0.0,0.0,1.6395093921838553,1.562231444928322,1.9644573297092764,-0.006988822687339502,-0.03342017883303499,0.43120288297236103,0.06341525783016916,1.7688303184352814,1.0091415069281846,0.6897433949680679,1.3756235302171926,0.9129982641849643,1.458299208786328,1.1980049421640022,2.1625203839302927,1.9411681977145971,1.2969060072842897,2.1137468477191423,1.197394799201102,2.2111705105107946,1.475326822422059,1.7006920440049935,1.0985402227498247,2.3997959094263774,1.1931076082818102,1.2919730746718872,4.756598670711395,1.45468990789187,1.7607993473450543,3.8772501815015277,3.5901107812442072,2.9470697406185615,2.181315533657775,2.088429631558596,2.2502891127363007
1 1 5,0.0,0.0,0.0,0.0,5.615355624654034,5.673983406576,2.351032771225976,-0.2623348511255194,-0.15648402085569815,-0.0,0.1370851031112668,5.488094302571782,0.49155514266676165,0.0,0.4204386655126714,0.0615868225710867,0.6686187709041068,0.7871783561381255,3.131648799416053,5.212759224904482,1.1764221883280888,4.706678756177108,1.246318315165181,3.9709677771652716,1.2231149618385995,1.7155541557206273,0.2781410654986571,-0.0,0.5458272362718015,0.8832595855100326,0.0,1.3224291369285832,1.8532030465598184,0.0,0.6896334960139489,2.7363454217734873,3.3375368878657152,2.58673149686991,3.4337812525863645
1 1 6,-0.0,-0.0,-0.0,-0.0,-0.14049017733513916,-0.2527690518553194,-1.7426748619073178,-0.16886923945734106,-0.06471889903168397,-0.0,-0.1082805856140909,-0.06903093280744457,-0.3261897479135782,-0.0037086463399395348,-0.8733160028626352,-0.24931469908907253,-0.535290611743265,-1.4790382709559178,-1.3060875920907982,-0.11127330212750175,-2.26161610414899,-0.34283896181742063,-2.7387447321131937,-0.7761505722926954,-1.8025472437705983,-1.9235712660247737,-0.6524216926453361,-0.0,-1.1526881868758805,-1.605433943876513,-0.0,-1.8551627207791408,-1.8695204982662392,0.0,0.0,0.0,-0.0,-1.5611576163185705,-1.0556590565590052
1 2 1,-0.0,-0.0,-0.0,-0.0,0.4986826740109449,0.596543827700685,-0.654878282407316,-0.06804039863141749,-0.09350885988984632,-0.10215266353231008,-0.1708395644729198,0.36158244004334794,-0.43549625122734403,-0.18203700706216622,-0.43810832001040284,-0.2542404888474985,-0.46463637027794613,-0.4936760266531605,-0.5311810524832343,0.17457407369449723,-0.5439641825161525,-0.06061118108702762,-0.6107087076663783,-0.3150140686731309,-0.6220901987745605,-0.6747895002053279,-0.3280703994793872,-0.0,-0.39863281072827533,-0.4926616749432024,0.0,-0.5601017143949607,-0.576271728474232,0.0,0.0,0.0,0.0,-0.5151309945005144,-0.3375160378629605
1 2 2,-0.0,-0.0,-0.0,-0.0,-3.8838021139417425,-4.083429613685858,-1.3203329740301009,-0.20450026767621213,-0.2844558521705825,-0.139571010584171,-0.32863097490224524,-3.583043109982932,-0.5618932062623034,-0.17564814850236038,-0.5024529627441161,-0.20348499167395886,-0.532759366556442,-0.24955056221321906,-1.7737742361500306,-3.182076962470406,-0.1923514874357839,-2.7193322794326544,-0.17423416582766227,-2.2422170213187016,-0.5723571244254384,-0.9039857339441117,-0.22116735856981964,-0.7308991017223331,-0.2373902602455548,-0.37629336508234,-1.6079102437170247,-0.6511143100837717,-1.0252242735876052,-0.5448571330735789,-3.96383233280525,-6.315951952510589,-5.186995367690425,-1.5016772183721856,-2.0145456920055675
1 2 3,-0.0,-0.0,-0.37926647826341503,-1.7624089740511157,-4.384446684944611,-4.517696813752597,-3.201729059898266,0.05958930988383557,0.0312863219748149,0.21468264027444145,-0.09742016817961233,-4.171641938302979,-0.34757348165409563,0.09801119695030214,-0.9503155744189269,-0.0,-0.5270782428446722,-1.8026877134316073,-3.375125232629946,-3.902962583874027,-2.2073308662958566,-3.649800434535161,-2.5660967497346228,-3.481865735388535,-2.289560026598453,-2.8444042302025827,-0.5344281082525261,-2.691766442488871,-1.2079797126228624,-1.8959772391352678,-3.104378515945436,-2.54402884472712,-3.027593244782016,-3.5654254044530753,-4.141330534024665,-4.03287295779569,-5.2241512065890605,-3.285408427336125,-3.3939132098580806
1 2 4,-0.0,-0.0,0.0,-0.0,-4.533557622638218,-4.673957715535192,-2.1943230735030754,-0.013140625642221494,-0.08335636681124489,-0.8891723943974176,-0.4636410016569465,-4.309129148551777,-1.647319897081762,-1.262454100091612,-2.2661054529209177,-1.5296666986857506,-2.1225810105380747,-1.9052087491812513,-2.5485699407979467,-3.979335489166015,-1.6700214043258323,-3.538882273228083,-1.5997377854995924,-3.0287053320368176,-1.8810456246803555,-1.9870240049599215,-1.6713148515621277,-0.0,-1.7356839856369821,-1.764499117831594,-0.0,-1.829858151750648,-1.9850284490441785,-0.4519546872529901,-2.355250292860122,-3.2974766717819475,-3.449388789677198,-2.2882599813827267,-2.736593420271976
1 2 5,0.0,0.0,0.0,0.6250536680359523,2.5011791595029194,2.3689568941845565,2.5123896559846384,-0.45646660382872883,-0.3917813610839127,-0.0,-0.15434081167936295,2.656665378382637,-0.23975133962653036,0.0,0.05485487248272818,0.13466331337083426,0.07110715681289867,0.622383886883513,2.840652699043612,2.817582935428737,1.0370272200956643,2.94693234915732,1.5906519996130597,2.97951648920773,1.558929026453621,2.0576467171437347,0.3831195177024122,2.588327245714782,0.7488587716699194,1.259326508313811,2.6108042080056233,1.779041478589115,2.3106660699162767,1.3798893456734624,1.4487338267712282,2.384446192939593,1.76590003677846,2.6964901171693056,2.958769615690952
1 2 6,0.0,0.0,0.0,0.0,-0.3729913780349789,-0.25847492551236567,-0.17041324941984293,-0.13399175334977417,0.00977800036592615,0.07225347221835605,0.10057316885707973,-0.5044322844212947,0.3724644689028787,0.2555856381917733,1.0632568909155393,0.4379164003387128,0.5962737303125325,1.610196069227343,-0.35059185011708965,-0.6101498079319931,1.0829945941425918,-0.6269549652651558,0.630198078621412,-0.5254944026147345,0.22564602099773579,0.009393839994167891,0.5439459542332767,-0.0,0.5131967832776329,0.303413203086055,-0.0,0.05891361776466602,-0.0006040552869246743,-0.0,-0.0,-0.05277527953292968,-0.2251954006671327,-0.2149211601089756,-0.3875826857065619
1 3 1,-0.0,0.0,0.0,0.0,0.6824349711355694,0.5657369106470049,1.8221139382557048,-0.135596532297828,-0.2159582659845293,-0.06768728897721016,-0.49097839928067877,0.8659835395661349,-0.692628823274199,-0.08867653832206708,-0.4863343145418552,-0.042080614157653635,-0.6894858763578748,-0.06347185748712518,1.8728441529643145,1.119795163601136,0.27743949823576086,1.4217897976260654,0.6912722113259353,1.7076477252612816,1.0764331829635518,1.5335114629475433,0.0,0.0,0.23867371544242716,0.7520206700397665,-0.0,1.242982690575744,1.617651508821016,-0.0,-0.0,-0.0,-0.0,1.7837207752841966,1.7012320853596627
1 3 2,-0.0,-0.0,-0.0,-0.39972773891803254,-4.165559708157219,-4.256379921630109,-1.5295504191864213,-0.19163496442163905,-0.12012125628584482,0.0,0.3812934625608121,-4.0226558093025915,1.02297862417848,0.17945718607637196,0.7509444915716507,0.32243352910537043,0.9949873225917348,0.5335914800830801,-2.3194628601582825,-3.8074224598950153,0.40156682861297643,-3.482455681897099,0.286666916224547,-2.9938373401239566,-0.16851107237115098,-0.7701551739904061,0.3391505770554253,-1.4325678597528284,0.22881095102750387,0.0,-2.255030519599051,-0.4164013782581015,-1.1084827779505466,-1.6367117437374603,-2.1961748252796336,-3.13894033297898,-4.183183802280375,-1.8203861719996068,-2.551586757496614
1 3 3,-0.3533998231938059,-0.03914685067797804,-0.0,-0.0,2.0438094827567004,2.0323974785596954,-0.15556655192014193,-0.5323334506884184,-0.5738718919932122,-0.5542764662465173,-0.40658743694158345,1.9987594796068673,0.08834471761542916,-0.5865889879568711,-0.569786605928914,-0.6679488789296216,-0.08261432691143537,-1.2011729465802479,0.4154679841066564,1.8383273932154383,-1.2385687624578325,1.5085237536207046,-1.0255456434363603,1.009427353777129,-0.8605077675197239,-0.5986787236383605,-0.8014715527123347,-0.0,-0.90705445717689,-0.9069004126112841,0.0,-0.7844498141691847,-0.39442626164796213,0.0,0.0,0.0,0.3409799655541578,0.0,0.6135276504613857
1 3 4,-0.0,-0.0,-0.0,-0.0,-4.7561489102848515,-4.808151474692059,-1.8794429528384404,-0.5861579319264201,-0.6014618887459767,-0.30578764186418134,-0.2637815289527245,-4.62248028314899,0.06736919449386132,-0.2306658233992573,-0.08684377482746418,-0.22452403675560806,0.13544301705464107,-0.37939188727170003,-2.5221650523153483,-4.34192418553113,-0.441357308046364,-3.867947575604671,-0.4072444948418018,-3.225659486979572,-0.9376804612183703,-1.3527571092473512,-0.2974164543778765,-0.0,-0.4263993810770089,-0.6815799825642903,-2.4120877963430454,-1.0470881789857696,-1.5239595562102308,-4.821754845822002,-5.2016366693573195,-3.9489646896870925,-2.901058491988557,-2.0922715223002433,-2.8099662728174826
1 3 5,0.0,0.0,-0.0,-0.0,-4.9365041293988146,-5.3144254020693955,-0.5146007158260052,-0.04387994308270458,0.09051868881145014,0.07031872270848272,0.4773238579326134,-4.372323737836403,0.29490123415713193,0.17277139940213493,0.24337296780594816,0.2594864154375222,0.07486647665988175,0.2948478064461975,-1.1237507622922553,-3.6309214831795176,0.3311512031299119,-2.7748080686122245,0.48865192065284324,-1.9026132190152854,0.19245964342609162,-0.0853882323153633,0.29138974069795176,-0.0,0.2974938169351599,0.21145539131336233,-0.0,0.0,-0.14414252402917754,-0.0,-0.2340994349741662,-4.099865450340297,-7.857755263899659,-0.7593773980686124,-1.4267598849053191
1 3 6,0.0,0.0,-0.0,-0.0,-1.819437776119919,-1.823036368459582,-0.7779851184935869,0.07293247548210843,0.237734097381689,0.3300124750072308,0.7616370463880247,-1.814604282506433,0.8150747443705848,0.4544722640895028,0.760612649700713,0.5221395062460157,0.7440653373056172,0.4810582684315869,-1.1847844655146667,-1.7908270227941516,0.29421206230609664,-1.705508403896104,0.18007680350108377,-1.5084332148031379,0.0024520301735133244,-0.3618200904552345,0.4708779296625553,-0.0,0.3019908780613802,0.05999229673417059,-0.0,-0.06509507389805172,-0.5055151583921393,-0.0,-0.0,-0.0,-0.0,-0.9423552014495522,-1.345103664459108
2 1 1,0.0,0.0,0.0,0.0,0.28569077180893054,0.3354262271638659,0.2198148652154446,-0.008373101047222047,-0.026078610663040513,-0.0,-0.07165459217119236,0.2006405627546083,-0.08218068665239588,-0.0,-0.13322935473834235,-0.0,-0.1192450887970752,-0.07016658129419302,0.10402291011660235,0.08852949447760934,0.044466435152984096,-0.0007583635785510793,0.15139773105591217,0.0019174039827661179,0.19848063076793937,0.2558116887494131,-0.0,0.0,0.0,0.0538450496968416,0.0,0.1487852389597529,0.17018908720156045,-0.0,-0.0,-0.0,0.0,0.05182175108391624,0.0
2 1 2,-0.0,-0.0,-0.0,-0.0,-2.8072802027560493,-2.941219020864893,-0.980878312968077,-0.36462401844603165,-0.41886405506099833,-0.2359661251820311,-0.43888610772201425,-2.5848008029589766,-0.44499845302496804,-0.2535256734436326,-0.46995875604421405,-0.28888614242806165,-0.43426971639273304,-0.4057428288287156,-1.2014939628442838,-2.2693429813293355,-0.589897278608335,-1.8899214933582458,-0.724129792069511,-1.511634265142438,-0.7108315792583291,-0.8274146042775151,-0.35609655883523256,-0.0,-0.4426934980572181,-0.5503174333839237,-0.0,-0.674409638111333,-0.8130117065259271,-0.0,-0.0,-0.0,-0.22605846546165992,-1.0243902164402088,-1.2887043413017363
2 1 3,0.020803478629845495,3.849854979496466,7.099293622600421,8.261053889076454,3.188693561693287,3.0466911986975247,4.629664793451818,0.07043644573265552,0.14067357308066064,0.5598170147523452,0.45200626308534403,3.3728432122754968,1.3343896820591996,0.9547003010312887,2.3945271422163428,1.4770387005575059,1.8557881303937966,3.2629344841577272,4.545943427095437,3.612683853499496,3.6982860369977772,3.9214429677677387,4.234848200449686,4.26666095742179,3.9292903560044627,4.425780302649471,2.130207050184731,6.49493217978211,2.8921127705076692,3.670471696875425,5.443947863005518,4.2921785845996805,4.6431068500437105,4.234729213849047,1.8404148315447022,2.1502497571862174,2.99506047052445,4.686543456345848,4.478693478026025
2 1 4,-7.881944326937681,-6.231961536770624,-4.94557959748675,-4.008915824748038,-2.019033890354539,-1.992020568315108,-3.823074120659794,-0.4957795047121749,-0.7727033963515197,-1.9239406219177828,-1.5604787764353167,-2.070740563515808,-3.2662559810084915,-2.6153716109304948,-4.9081177148937725,-3.2937686340571783,-4.285602654480881,-5.125384752482308,-3.2632129121650566,-2.1724896285302995,-5.100090103555983,-2.3768702899970497,-5.102925348934803,-2.7420168225967188,-4.4103765582999666,-4.24350893943912,-3.8772882549748386,-2.380064496535465,-4.268063653886992,-4.447265169884032,-2.3857593666350256,-4.409153627393812,-4.083896736514404,-2.040415306245313,-0.0,-0.005314531696011446,-0.0,-3.535772258332747,-2.9523397346811757
2 1 5,2.4495404374516494,2.9717843802859187,1.8942805063327652,1.2861133479261455,-0.1235086701183976,-0.0676497570543606,1.131307328722938,-0.3991870226948347,-0.2769826506122949,0.1722335111608952,0.23444813864089195,-0.143991147622965,1.1302983484643472,0.5709256124119236,1.6087774323218043,0.948293545286918,1.6399843355274182,2.0979342129730885,0.8426074127628177,-0.06731374879850209,1.8808869624499194,0.15060590389235037,1.522307637877222,0.4851475688744863,1.4180360750770702,1.3202215601305862,1.2489910500607813,0.8573149791499067,1.416849437944359,1.4506343312349526,0.0,1.3947332204730902,1.2265289112222657,0.0,0.0,-0.0,-0.0,0.9593575961561925,0.6021621691474782
2 1 6,-0.0,-0.0,-0.0,-0.0,-2.288191418844525,-2.4922736632071354,-0.7091418396965306,-0.21549533986409936,-0.16866069018620275,-0.09205574395996033,-0.15853315504470708,-2.010018409179322,-0.24955268311669138,-0.13934281126907835,-0.09052377886967149,-0.20352730450912745,-0.41562253270599925,0.29053006328208303,-0.8334421818553357,-1.677153639967126,-0.14359276043926622,-1.3343028376515749,-0.30989592053279824,-1.0403107186106397,-0.5907201902898775,-0.6398842171361139,-0.3071719289011874,-0.0,-0.3718873463423743,-0.42525103097058226,0.0,-0.4938431065249726,-0.6008914611133053,0.0,-0.0,-0.0,-0.0,-0.7130490465822471,-0.9013042362093667
2 2 1,0.0,0.0,-0.0,-0.0,-1.7064409252816282,-1.7485149247944995,-0.7595038004867745,0.011497621172537446,0.012152775175755613,-0.0,-0.015252142825242595,-1.6388029822626027,-0.06518639253186055,-0.0,-0.07554845078382146,-0.0,-0.0851475433551096,-0.08366131883204052,-1.0020498098964263,-1.5383380739220962,-0.10842610230700438,-1.399747201272067,-0.16464904214031972,-1.2203019949301175,-0.3322545832389498,-0.5246004885921469,-0.0,-0.0,-0.0,-0.10443055246847908,-0.0,-0.2700112836212322,-0.5133781506173947,-0.0,-0.0,-0.0,-0.0,-0.7809858072651374,-1.0089112838066912
2 2 2,0.0,0.0,0.0,0.0,0.5706617519385916,0.5183173281423367,0.9838879247799652,0.43596431136414415,0.5073378633062618,0.4103418743182209,0.445411824438236,0.6449813981488697,0.5693456680579245,0.44778019728870516,0.7057355311710893,0.4996449063020175,0.5920164479976691,0.7757112701714229,1.0127632889612905,0.7435123681580768,0.7215254998020914,0.8565035929690274,0.6516538091264392,0.958791948326279,0.7615218371666351,0.8803770830950094,0.5708222139035135,0.7695075064103077,0.6119328825758884,0.6990569851932047,0.0,0.8121317911094409,0.9044606065244687,0.0,0.0,0.0,0.0,0.9765364793246667,0.9623523535340532
2 2 3,-4.361199310422083,-5.337561980509227,-6.423508778964861,-6.073028919162933,-6.037626594252752,-6.203355518561055,-4.612827968672121,-0.517265354673101,-0.7939148859788998,-1.5689196389471338,-1.5213556675639792,-5.8158744172446655,-2.5333593612303456,-2.0950000643483904,-3.9925556722502913,-2.62426844930943,-3.367786101737581,-4.178368358886719,-4.948137716123749,-5.5858001358733445,-4.131784336441891,-5.388085620247892,-4.049113650301472,-5.198488259529391,-3.8960734015224694,-4.24389178810914,-3.0755744615221694,-6.597713261637023,-3.450355533063632,-3.7737942375936284,-8.048041671788019,-4.131364899225798,-4.463860467019571,-7.672508191496224,-6.8783552298372275,-7.004481579350713,-8.067912184741074,-4.8019530658790055,-5.070089654180133
2 2 4,-0.0,-0.0,-0.7424447567664666,-1.2924928433302518,-2.256061748886462,-2.298799168011034,-2.397951786855063,-0.7909325739442739,-0.9252709135056318,-0.9406421097482839,-1.1164386805220683,-2.206749070541803,-0.8708880655971468,-1.0009512664901214,-1.3404193206987223,-1.0787298608565643,-0.9686549395634959,-1.507027790862249,-2.406246503591209,-2.1844740619004135,-1.5076944051200611,-2.2247190849947565,-1.5955111816307797,-2.320103027222152,-1.9434058708696642,-2.2383182630267373,-1.2129583121470071,-0.6334653509815378,-1.4394000051267863,-1.7526715096883436,-0.0,-2.0764901999889993,-2.330517678729688,-0.0,-0.0,-0.0,0.0,-2.3787948807581185,-2.3234802066862916
2 2 5,0.0,0.0,0.10188399194165802,0.0,5.031418437212614,4.891008165669477,3.662703969333721,-0.19923630054222397,-0.10769342639124732,-0.0015747869483564868,0.21123602608767406,5.205181757632235,0.21152435721853335,-0.0,0.667682962114631,0.07811315304748763,0.10811789797689907,1.5171991063659993,4.482408595789055,5.336817416333772,1.6623805148734492,5.322769502293261,1.9109177844338445,5.057883044786596,1.964567957645432,2.7735557420457204,0.4422190234205054,1.8375890770770833,0.9451186816756809,1.5518175744382505,4.058667743538363,2.2726572516508456,3.1142549860462188,4.867782938095224,5.244965092204729,4.9586666554666845,3.4107615711299135,4.025641818331696,4.771490188462068
2 2 6,0.0,0.0,0.0,0.0,1.1209201445683055,1.0761468378617516,1.0683958123997521,-0.03164638651983203,0.08617058161078471,0.12939706965266953,0.45265419558077186,1.1901279893154952,0.46896621786658815,0.2197717138366591,0.5963981445678503,0.29270730432201114,0.39485674129087633,0.6416317369657938,1.2676021998629232,1.2794720207345927,0.5408825027379415,1.35755995955478,0.6513310126233415,1.3687363667716181,0.6620215849303964,0.8451273713610493,0.3108033894868974,0.0,0.38004767419555247,0.47675288093817186,0.0,0.6199497612571866,0.8590747043422379,0.0,0.0,0.0,0.0,1.1274443796489864,1.3353476889704659
2 3 1,-0.0,-3.1400331924622353,-1.7950042146119456,-3.124060321459201,-1.2418352194070295,-1.2473589187447036,-1.5853882360725686,-0.07242436042583583,-0.08930044183280458,-0.19269150242255006,-0.10822568757016916,-1.245608037377688,-0.5225510453059609,-0.3767037571636346,-0.9738432574755334,-0.6288011204602596,-0.6988559584589303,-1.605291760186198,-1.471411813293663,-1.2658886505385925,-1.8677287992226794,-1.3058967891074444,-2.181516612291255,-1.3718635989094174,-1.613450813238806,-1.6550070571765556,-0.9724421910589458,-3.751873520840002,-1.3085012459284964,-1.5429957979392244,-4.3032123184400115,-1.6765803271849482,-1.611975789215292,-4.2902655029809695,-6.045162062873676,-3.963374717429636,-1.5300369745010856,-1.500451485218473,-1.4165894604938247
2 3 2,-0.0,-0.09517030779801847,-0.827590898272032,-0.7884431066399108,-2.5877410796892297,-2.572739956845977,-1.4682492299665844,-0.43904378658578347,-0.4876583703441932,-0.2830440606266482,-0.1967796822115308,-2.5797153558498227,-0.8293138257500489,-0.3474486492322968,-0.828620480438907,-0.44896454895787274,-0.7786921905070583,-0.8994162678089428,-1.7922612243666567,-2.5141756588078805,-0.9680281954305107,-2.3575047488820298,-1.190251089143696,-2.1059447115979575,-0.9747860083862424,-1.186369387222119,-0.5846354833034605,-0.0,-0.7016252496062375,-0.8783257245330952,-0.0,-1.070581530340205,-1.243506684294822,-0.0,-0.2886949013632088,-0.25070163657162475,-0.6579051601933896,-1.5773702948957118,-1.9448575273467337
2 3 3,-0.0,-0.0,-0.0,-0.0,1.23643272243296,1.3268627866101943,0.13050776897062424,-0.4830911792191829,-0.4805205701366081,-0.0,0.09142168131425338,1.0930124056138892,-0.38156154531459474,-0.0,-0.5456511957932946,-0.0,-0.4132624889995584,-0.7191139460818831,0.28400693408885075,0.8964944596583397,-0.6389538864003448,0.6746202305452837,-0.5776034154933544,0.46453242683883533,-0.1204275448993938,-0.0049593655275172975,-0.06327208767581985,-0.0,-0.10349815194076373,-0.08413865360536797,0.0,-0.0,0.0,0.0,0.0,0.0,0.23696990093632894,0.12763992810441277,0.28043305769685234
2 3 4,-0.0,-0.0,-0.0,-0.0,-0.8502284301875265,-0.7060246460702079,-0.8922080713842013,-0.22461414945222563,-0.2275462201676693,-0.26017873317827556,-0.033015872200813895,-1.008411250880655,-0.644028966546466,-0.33818489295011916,-0.6344083123369555,-0.38172229674739194,-0.800664576317205,-0.5302304223098904,-1.0177529094156537,-1.1297567819050933,-0.49012112822221465,-1.1675875000274858,-0.48506893529347195,-1.1189829073996833,-0.6254528798970277,-0.7532686126479028,-0.41994968099829827,-0.0,-0.40691857837181833,-0.44841736590675535,-0.0,-0.5508600984875135,-0.693768717188289,-0.0,-0.5651291925349331,-0.4756676535915916,-0.0,-0.8954931624276418,-1.0189931885780406
2 3 5,0.0,0.0,0.0,0.0,-0.6447540533796954,-0.7185133394808791,0.02822624145494063,-0.053351856041925036,-0.0011106262524998682,-0.0,0.16776767108562254,-0.5277693652488238,-0.2058212673854437,-0.0,-0.0919100843542705,-0.0,-0.3867833733060575,0.05535085271986686,-0.02565094044782495,-0.3800747433435989,0.10451710289293245,-0.2295498757267284,0.37648465696957073,-0.10671965641665998,0.08023773010897321,0.06879416134464084,-0.0,-0.0,0.0,0.0,0.0,0.0025823021662950622,0.0,0.0,0.0,0.0,0.0,0.0,-0.0
2 3 6,0.0,0.0,-0.0,0.0,2.152289025928676,2.236524407197355,0.7523915101766202,0.0100388901831932,0.08762539753398962,0.12721839335071475,0.34369965047048034,2.0470219446936206,0.3555382868399344,0.20038191146329767,0.42232452060130365,0.24980421665103272,0.3120090333444719,0.3620089780049024,1.0473182248483888,1.890753728488593,0.2417403222045047,1.6594574607208266,0.27395920156490067,1.3644468595357357,0.39154052473591544,0.5228581035060503,0.24036118123002073,0.0,0.2701763655553037,0.2918054093656064,0.0,0.3657859865233656,0.5214708980183276,0.0,0.0,0.0,0.0,0.7920253153618111,1.1367537855044045
3 1 1,0.0,0.0,0.0,0.0,0.04459984792211498,0.056301107379172516,-0.0027130479460250904,0.00504854469888383,0.007483527138228415,0.0,0.015622771439271722,0.030385897294842427,0.022027815168446357,0.0,0.03329586207230087,0.0,0.027226434967567763,0.042218920808921895,0.0038016746339371963,0.019357704347768085,0.03337978877970119,0.01427135596575911,0.0241443281191994,0.010595093642364368,0.00701624039628525,-0.002019243955138087,0.0,0.0,0.0,0.0,0.0,-0.0,-0.0,0.0,0.0,0.0,0.0,0.0,0.0
3 1 2,0.0,0.0,0.0,0.0,-0.030029962322587526,-0.052598204224011284,0.4219926454263294,0.20664964363310057,0.21307016142281404,0.06024897100601685,0.1615667284600431,0.0001343185559447838,0.13398682369834064,0.08112641042407572,0.16688387567436547,0.13299906096554584,0.11586351688358125,0.30917006435884264,0.2731398050035606,0.03314227932342501,0.5197764942945045,0.0731718173059959,0.6659368009135259,0.14650140699577727,0.5497903487865676,0.5278371201256721,0.23732013365034177,0.0,0.35348749079454744,0.4586865445138401,0.0,0.4798330392432496,0.41460785915458054,0.0,0.0,0.0,0.0,0.2594538937990929,0.09565727286431137
3 1 3,0.0,0.12194579455404789,3.375818510268743,4.505359672812046,7.997480638479139,8.282926062811697,4.210892013833179,-0.8098908353613353,-0.8328581993106532,-0.0,-0.4495880273812027,7.555598103231863,0.4063262005742097,0.16399517494483867,1.3295461350007276,0.6572842532698188,0.9371319443062225,2.446198596180701,4.818287879521712,6.959213429773946,2.950694923006802,6.250059397426988,3.3394444838617807,5.507064793230298,3.006131011603437,3.629076659065721,1.2458267679335002,3.0239630411987877,1.9351871187744916,2.6631997681357507,3.9312623723159197,3.3372840596198303,3.9128275596046938,6.737797208665476,6.221770386230814,6.913345802208589,7.852199742356756,4.483434689545226,5.119037161844983
3 1 4,0.0,0.0,-0.0,-0.0,-1.8954349591918975,-1.9144812201626324,-0.6427029071056278,-0.4572506791906676,-0.37235583393378485,0.0,0.2620746511890929,-1.8636529231286088,0.9847278842580286,0.2630513151180121,1.3944794199056514,0.5390972616070324,1.3270163709970837,1.5472073033533855,-1.1131413437252096,-1.8097893246879344,1.2349164418254284,-1.6982051274112162,0.9513109414177402,-1.4751066903506163,0.3115406175368799,-0.13878421459283988,0.6518021947402639,-0.3753192379441172,0.6141181216735009,0.38198948971525576,-1.285808808658166,0.0,-0.34225388174748816,-1.5523022298967704,-1.7459844395929551,-3.3750541290713625,-4.131251458115176,-0.8475130114472327,-1.3047652933736176
3 1 5,-0.0,-0.0,-0.07947137902764975,-0.0,-1.414576921137161,-1.3950673352100165,-1.2664787372141797,0.022916901429575143,0.1768031534612078,0.19331763803278648,0.6963243742449082,-1.437980614205403,0.628065646894738,0.1725594178885157,-0.011752172928858749,0.0,0.3419814467124336,-0.9147056079360704,-1.3413641067847348,-1.4555322211145238,-1.5295890846360525,-1.4522939764621703,-1.7798591474611647,-1.4129636561001624,-1.0674651818466336,-1.1936459911567858,-0.14453822568806934,-0.0,-0.5629255447087139,-0.8891096524577559,-0.0,-1.091823567693171,-1.2125371097714854,-0.0,-0.0,-0.0,-0.20363792040430392,-1.269179396626201,-1.3523905954660185
3 1 6,-0.0,-0.0,-0.0,-3.0065948263263995,-3.5231958582922744,-3.2932544766326473,-3.308459008042502,0.012095606331192138,0.14029672724246836,0.17498203853401992,0.5398663790089406,-3.8228419066345034,0.5175163321868156,0.17790360453571497,0.05046726875693935,0.05251927763711396,0.2500373082559893,-0.6535720373038902,-3.935416432871777,-4.1299108037989285,-1.1731099092544799,-4.326826148090416,-1.3747329590670014,-4.285446917795186,-1.7031584413558611,-2.5192843512477165,-0.017865043077746303,-4.678981721205738,-0.5206953261286689,-1.1891685541140617,-5.466060546662553,-2.0327537172091756,-2.9001807739044017,-7.447527780275895,-8.138559933432786,-5.7280656206947205,-4.359298681877382,-3.6366691615050097,-4.15383823642766
3 2 1,-0.0,-0.0,-0.0,-0.0,0.25901562756499663,0.28919501520573493,-0.4392131880251998,-0.007845059622064004,-0.026575997342816564,-0.0,-0.10060752522024913,0.1849131997421,-0.12783783932362844,-0.0,-0.2545585628579232,-0.037924642048491546,-0.17721272602535867,-0.3354681304291131,-0.4016884540607839,0.047407261405903914,-0.3551644713912132,-0.13571584993891445,-0.3772475262504972,-0.3022862186377766,-0.4087455844741667,-0.4402604818121079,-0.10597492154501172,-0.0,-0.18210378734788388,-0.24532517871107204,-0.0,-0.2909902448087851,-0.3091425370511367,-0.0,-0.0,-0.0,0.0,-0.2973372387199326,-0.23103837051760098
3 2 2,-0.0,-0.0,-0.0,-0.0,-0.9347340143807144,-0.8202256277528244,-1.8100998798397039,-0.31430132945829997,-0.3607387996120606,-0.17199363742583634,-0.31469333074222394,-1.127395862128996,-0.5839862615097803,-0.23552858413004332,-0.7541178746562585,-0.3492548781848787,-0.6509120363123402,-0.8962154492185492,-2.0131117438338406,-1.4136233376719414,-1.070423435733896,-1.741709329192692,-1.2372624749717605,-1.9837339904170148,-1.158209071397374,-1.481173064271631,-0.5197311319455934,-0.0,-0.6985141761754352,-0.9436568000846576,-1.5051789520905237,-1.26606544575294,-1.5950513351813072,-4.765474629525473,-4.224212084410877,-3.8605727354500807,-1.6862206873293724,-1.9423846260026927,-2.023711263576511
3 2 3,0.0,0.0,0.0,0.0,-2.3720132315973532,-2.420239846033064,0.06955475017509577,-0.5547380853920125,-0.5831372055450645,-0.004694246202766363,-0.2064011562570848,-2.2813691196744372,-0.28805461884072986,0.0,0.09871477861421325,0.013338641408714526,-0.12869471452937392,0.5508339609086793,-0.6412976668114949,-2.1083386880688573,0.7733506263772685,-1.8008171758733866,1.0280499903627633,-1.310285142346732,0.7665276083612925,0.5874405898453658,0.2004566698607704,-0.0,0.48194637847897076,0.6859703777013829,-0.0,0.6799076005809567,0.3242678321325426,-1.6099541774999846,-2.7922940346807374,-2.3324912321570923,-2.374954570725866,-0.19451286984022326,-0.9175223923676039
3 2 4,-0.0,-0.0,-0.0,-1.0123993395920714,-4.266508118729852,-4.329386016279694,-2.698261413053614,-0.15041276202256462,-0.10696913529616023,-0.00863631809852385,0.17425216053617715,-4.169301992562637,-0.3587972083212778,-0.13457868117292426,-0.9239008662120848,-0.378159247138576,-0.7103332075387876,-1.4206806192747856,-3.092893177693148,-4.01872929935126,-1.918557098144559,-3.790448486799521,-2.2545384918002465,-3.4734526808038626,-1.928043655812054,-2.3162383586183646,-0.7526189402447675,-5.0280083340878505,-1.1800035102149053,-1.6274341656904698,-6.76183078400629,-2.06475453889874,-2.495566634698899,-5.779297210287313,-3.2538370707767346,-2.700874195712491,-2.4664183597353446,-2.9289065228083353,-3.351992004511272
3 2 5,0.0,0.0,0.0,0.280732660918101,3.9983530406891594,3.719868774150939,3.657616909073531,0.05008930687608537,0.20944199791339277,0.3753504449386915,0.7635117109396473,4.347622546802876,0.9853809931977916,0.5669390828503723,1.1899461720734021,0.7586919107194171,0.9894056396804704,1.131246405378314,4.4065252137545565,4.694354839223484,1.1070071634602803,4.910234684008011,1.4292358089369415,4.845177593073894,2.056121425597469,2.8058095899667834,0.9316672345996534,4.33645793261529,1.2337464134546838,1.7082645151402338,7.385988134182384,2.3755305992435645,3.222921506675468,5.587689522050659,1.9389430418380624,1.1936230444002907,1.7513112314450108,4.087430606987324,4.694263238290754
3 2 6,0.0,0.0,0.0,0.0,2.8858265417476243,2.9560384389769907,0.9462513286439204,0.004097352470076288,0.07400375543271519,0.04797668114529224,0.2948100739530714,2.7541764216793947,0.23196553793733138,0.09186934204382467,0.26540423023810134,0.13019265997848214,0.11858801935081849,0.31422743094159294,1.3161915438190543,2.531649033335394,0.3124365303998559,2.197622901458928,0.553554507551981,1.7674164534373449,0.5425530067084484,0.7008793727962891,0.16365084575602104,0.0,0.26812604001947915,0.4115224926726894,0.42786739061649554,0.5439659810178313,0.7499094307214768,3.6289088195308166,5.151058721051876,4.841685386846217,4.296797343500418,1.0762181511292779,1.4734651089465713
3 3 1,-0.0,-0.0,-0.0,-4.502977669760487,-9.033783689435994,-9.236095573207795,-4.0361854104432755,-0.016272406615300394,-0.005166332728321002,-0.0,0.058450164892765694,-8.68396892435724,-0.17205999426114488,-0.0,-0.41563253406093714,-0.12049738380448984,-0.27782734714511625,-0.7969804345709325,-5.1941740917085655,-8.125912676237773,-1.2119502259612678,-7.327812247611838,-1.662570674324323,-6.322502788599615,-2.016122713290526,-2.9470047365529544,-0.3959973675732434,-5.943005594905043,-0.8606984892748727,-1.5489093742093571,-9.270583779518924,-2.412851302522116,-3.471647194127206,-11.867083193692485,-15.754203106431184,-16.7622088834111,-17.7990615031327,-4.656391592072519,-5.824761488282867
3 3 2,0.0,0.0,0.0,-0.0,-3.843878488978632,-3.9244412388909273,-1.37930971424572,-0.00042793764903545356,0.0427521437460407,0.0,0.24720386657808566,-3.70957463642166,0.1952719578718104,0.03644100837817105,0.2956480650904746,0.0858644563547113,0.22637664177441452,0.27105184845563074,-2.037354025329794,-3.4844628838811325,0.09436880925664597,-3.1333678703581533,-0.09844158650069221,-2.64336550758139,-0.3024422289439882,-0.7697579550529241,0.0790262412428102,-0.0,0.0,-0.0,-0.0,-0.3863475715656413,-0.9471397220258398,-0.0,-0.0,-0.0,-0.0,-1.648115841947252,-2.2898035478212093
3 3 3,-0.0,-0.0,-0.0,0.0,0.5240771511577323,0.6427258634932546,-0.14397697814747354,-0.02275516546204039,0.004980910641372915,0.0,0.1657015257257288,0.40195192687196674,-0.0099156826262027,0.0,0.0007067776250105812,0.0,-0.056751348257020384,0.016716293456277852,-0.07581655944002713,0.29051378109994347,-0.08586677243535812,0.17735274576723353,-0.15161197445857902,0.04740516898477449,-0.06868983521426066,-0.13324044439860047,0.0,-0.0,0.0,-0.0,-0.0,-0.0,-0.026984826837259213,-0.0,0.0,0.0,-0.0,-0.0405169862989549,-0.0
3 3 4,0.0,0.0,0.0,0.0,0.2583687549141188,0.16161693738961272,0.8490532929316982,0.020234725411719355,0.1059908357649003,0.06868668292215636,0.4200297636802115,0.38783838762524825,0.4674396919379597,0.16184764768088536,0.6550569623235364,0.273566569928467,0.45355150511114706,0.6107074913640008,0.8889389149766559,0.5478651040130001,0.5024468692165155,0.7143207206401095,0.5675445598298245,0.8414684899330784,0.6487823097316928,0.7526052582107479,0.35049253485422915,0.0,0.41905615398477114,0.4932663056835793,0.0,0.6278224742408971,0.7313554703903089,0.0,0.0,0.0,0.0,0.8044655731640501,0.7904530443447306
3 3 5,0.0,0.0,1.0187368113473987,5.103628411648439,5.041339798043325,5.062823529658019,3.6625886907766407,0.004446233000513921,0.07296351729646991,0.007810086176644585,0.2874776318340096,4.999619231352325,0.3067158329332983,0.12324519481613604,0.733553414531458,0.3260990018746167,0.34727304275068266,1.0821790582831512,4.188901635966162,4.921674588621422,1.3740029660105422,4.782777047544062,1.8605604911138955,4.551409749541664,2.2350302527628814,2.9850910785801923,0.6293247353401058,5.855390419811631,1.1368766784000535,1.816542176590338,5.3966186640350555,2.611536648371178,3.3816932787292138,7.203777237767689,8.755671154236543,7.564573258232864,5.909128911567592,3.9910795501750336,4.417575717738108
3 3 6,-0.0,-0.0,-0.0,0.0,3.440148265012911,3.474619687557768,0.9192806067653365,0.004358646026456152,0.034841816635913916,0.0,0.13450083432992388,3.33823106209442,0.17003478788696483,0.0,0.14769459972993934,0.0,0.15724923981020347,-0.03051586027282337,1.515545157768544,3.1044718980257597,-0.17345653939698244,2.6964910852306483,-0.23420914547119437,2.139581960888852,0.13938102962294002,0.44009136039281516,0.0,0.0,-0.0,0.0,0.0,0.10781062793431909,0.5308540216858404,3.2478022942278226,3.773478097810744,6.326319723433461,10.04514324633046,1.1238144453290224,1.7838754893155426
