,Lasso 0.00048828125 electrostatic_coef,Lasso 0.000244140625 electrostatic_coef,Lasso 0.0001220703125 electrostatic_coef,Lasso 6.103515625e-05 electrostatic_coef,Ridge 9.5367431640625e-07 electrostatic_coef,Ridge 1.9073486328125e-06 electrostatic_coef,ElasticNet 0.000244140625 0.5 electrostatic_coef,ElasticNet 6.103515625e-05 0.5 electrostatic_coef,PLS 1 electrostatic_coef,ElasticNet 0.0001220703125 0.5 electrostatic_coef,Ridge 3.814697265625e-06 electrostatic_coef,PLS 2 electrostatic_coef,PLS 3 electrostatic_coef,ElasticNet 0.00048828125 0.5 electrostatic_coef,PLS 4 electrostatic_coef,PLS 6 electrostatic_coef,Ridge 7.62939453125e-06 electrostatic_coef,PLS 5 electrostatic_coef,PLS 7 electrostatic_coef,PLS 8 electrostatic_coef,PLS 9 electrostatic_coef,Ridge 3.0517578125e-05 electrostatic_coef,Ridge 1.52587890625e-05 electrostatic_coef,Ridge 0.000244140625 electrostatic_coef,Ridge 0.0001220703125 electrostatic_coef,Ridge 6.103515625e-05 electrostatic_coef,Ridge 0.00048828125 electrostatic_coef,Lasso 3.0517578125e-05 electrostatic_coef,ElasticNet 3.0517578125e-05 0.5 electrostatic_coef,ElasticNet 1.52587890625e-05 0.5 electrostatic_coef,ElasticNet 7.62939453125e-06 0.5 electrostatic_coef,Lasso 1.52587890625e-05 electrostatic_coef,ElasticNet 3.814697265625e-06 0.5 electrostatic_coef,Lasso 7.62939453125e-06 electrostatic_coef,ElasticNet 1.9073486328125e-06 0.5 electrostatic_coef,ElasticNet 9.5367431640625e-07 0.5 electrostatic_coef,Lasso 3.814697265625e-06 electrostatic_coef,Lasso 1.9073486328125e-06 electrostatic_coef,Lasso 9.5367431640625e-07 electrostatic_coef
-6 1 1,-0.0,0.0,0.0,0.0,196.32828561674492,193.29877025901325,-0.0,0.028564723890553062,-1.8145048177226655,0.0,187.4888406230524,-1.5669712213942948,-1.256611679507909,-0.0,-0.43547207296161794,-4.5874571898701095,176.8686040595786,-3.2126698593237135,-1.799455532081542,8.274922413256832,30.959155278727444,135.2162070977601,159.438714752017,57.80463790666033,81.21085010894431,107.64685026403215,37.314037982411946,0.0,8.808617324178488,23.994084752104047,43.64923877633139,10.744185178376522,66.35548488758961,147.67150428855246,93.60565402778462,121.85026479672369,303.65783240737795,440.10466178916187,470.88449541516167
-6 1 2,0.0,0.0,0.0,0.0,90.09488370291693,89.10156155234549,9.378974232616471,16.061260515864404,6.510819569892245,13.233295163990139,86.61205323380057,11.134230629562103,10.732621229707565,5.76565757846795,15.210392627185433,26.337273512697084,80.89382192852555,25.66970800470443,21.551068868793806,25.677502137993972,29.93381050937114,53.36824586301674,69.88003259873219,13.989177945579703,20.730372441307846,35.0552464670749,14.064727564791177,0.0,15.802274572780679,14.27482920949125,11.77528606940437,72.88064990462632,14.782154032766762,108.7862737600593,26.309740708107366,43.37658642267651,86.8868490243408,73.28321700250542,122.31174677050349
-6 1 3,0.0,0.0,89.56285094939594,113.6640966346754,85.52516572886596,84.94052993856135,-0.0,3.653014455954159,-3.974068306830959,0.0,84.55898697881828,-1.0415875975467475,-5.065778759187619,-0.0,-3.2441808493466566,1.0760561924733274,84.93694628002683,-8.837435725878862,9.864714360899473,21.572911428212603,44.83869032714654,85.82378886426997,85.88401760780104,59.41610788886732,73.64890255586492,82.38872850253944,41.82258160631539,115.79680195199279,15.953204056540514,31.988141099105157,51.51133287767336,90.59411541535736,68.84829477707136,58.673396422352816,81.15154501315195,85.99393861164191,136.52440063405552,147.17443251856116,148.571397536563
-6 1 4,0.0,0.0,0.0,0.0,37.50793789401649,27.943639965911448,4.020919084406992,4.413385292413732,9.155385953339152,3.545426344234073,15.374608851431,14.036713594967562,12.064623959942525,3.9850576539151574,9.200183521149073,-3.8837446058160876,2.6547531712609844,1.9567040615362759,-3.924734837541097,3.5479986419730163,18.309404217621864,-7.713286611749562,-6.019619122761914,10.785952130335255,4.836260184345844,-2.8548970066150443,12.518002427193615,0.0,6.646275492863033,10.296559791085595,11.163012635341387,0.0,7.491563416328772,0.0,0.0,-0.2577327178159062,0.0,67.00904627432094,0.0
-6 1 5,0.0,0.0,0.0,0.0,126.78077128283292,115.95819864023575,13.778809887545252,6.497940398236627,16.39063737919358,11.306405381670505,100.26149339703748,24.807396512377693,24.420686726060353,13.371739669443276,21.459457586072748,2.2595040646319147,80.69772017310841,14.76210766429959,-7.573740157521798,-8.859906556769017,-10.792973108792607,39.336570734845566,59.598692692832735,0.40371207866330705,8.295068265842652,21.693655475191644,-1.7973270620020498,0.0,0.28549662338296744,0.0,0.0,0.0,2.6159392845298326,28.020208920428868,13.081641708159196,28.431628876694973,192.34587009070407,366.5657774681083,406.375910165071
-6 1 6,0.0,0.0,0.0,0.0,90.68015109625252,83.7554810499975,10.005328759608746,12.029031144473974,8.93607189738775,11.140384327345556,74.1801345216653,14.613327872941632,15.99526881812064,7.702106400535474,17.075532549464494,13.103328868427592,63.402857497521936,16.58591783019381,11.851162408679329,15.28210154470764,14.939186221520545,47.06214265837797,53.87377556367404,29.73582384492144,36.368992746192504,41.93380457016947,23.193793145302983,0.0,13.331375547966767,16.325804192323968,21.668539398250644,0.0,29.387444148522288,0.0,34.771301373495724,39.777496438236504,0.0,0.0,0.0
-6 2 1,-0.0,-0.0,0.0,0.0,87.19382623320736,90.18915865701435,0.0,0.3839761830339475,3.195001819573552,0.0,93.62009117399836,3.7948846525416293,3.4877703518543197,0.0,1.6403507326292759,-2.0335948291389108,95.84407201062002,0.18495991727192335,-2.160826082569452,5.710879173705206,22.62082287022032,87.73290845488117,94.46500309471551,46.26993742200088,61.48932027288672,76.00622995455169,31.434485703071726,0.0,6.742325062574969,19.23181002960794,34.11003790235896,0.0,50.110029549162014,0.0,65.56015982435478,79.11058556775286,0.0,32.03053822059221,0.0
-6 2 2,-0.0,-0.0,-45.01055376616607,-122.62087143510773,-219.97204044432283,-212.07304479143176,-3.6113506613330655,-21.301466692715884,1.810707624941791,-11.649718607495036,-200.069941431519,1.4850100254986536,-0.8430781770876785,-0.0,-7.326927089530721,-42.04266329635203,-183.5669052126265,-26.995594670722316,-51.09605071884879,-54.86754873176677,-49.622474732543395,-137.6257649010849,-162.57484185680363,-64.65708760312076,-85.28936133185435,-110.68480587865942,-49.6507630432029,-184.1804054346511,-32.16321453707125,-42.45152624006063,-55.88996252647347,-255.47245055796446,-73.9163528677024,-335.8934175533568,-96.97732143324109,-124.24376761548858,-348.53769584080743,-619.5501657898075,-489.4374145078048
-6 2 3,-0.0,-0.0,-0.0,-0.0,-271.9322186680497,-260.5071896951348,-0.6666713739754584,-22.18095335110188,3.249754883687653,-9.57077398207036,-242.93232257864616,4.540272077456765,1.1533975203196076,-0.0,-4.453037255877731,-35.353580984365394,-218.93011072072596,-21.38689494493936,-46.618107080761604,-61.68092030167604,-69.80118596186043,-159.42316819932688,-190.0457104441681,-86.05698185372907,-106.16027182492752,-130.64896489779656,-68.34604577018676,-0.0,-38.34191631247026,-56.48109739988266,-73.93628175316431,-43.303579151293825,-92.7349091060783,-96.00937702606349,-115.0393247268381,-142.9329487227211,-271.7366308127898,-286.1302322222127,-290.3236716673962
-6 2 4,0.0,0.0,0.0,0.0,97.59068783622331,94.38729008206339,7.18002349645169,0.3535531372762375,14.312671398212775,4.448527532960658,89.21020128847265,20.71646700657269,18.76973535636343,8.140933924397993,11.724601545661953,-1.736352351833859,81.17500232702602,2.706402057667857,-6.837783475537734,-6.347763028935224,-9.743302179753782,51.619641159182805,68.9078237502763,1.1124416249847462,13.071380955450685,31.370339078621203,-3.361424526862538,1.3577797162575966,0.0,-0.0,-0.0,138.39813976269372,4.752628920309955,199.32406632142087,20.41354855401626,41.16919000433639,109.86344148769024,58.906531146048856,0.0
-6 2 5,0.0,0.0,0.0,30.149778243664997,90.21757348514411,85.14615115565049,22.030219693504197,31.406996013041308,16.880712183740272,26.75048793115157,78.16512334739666,26.445351960003677,27.617479446339313,17.088526388793067,28.63512761588808,37.289339244233446,70.10608626570085,34.493974284667374,37.50088017347355,44.742643248453625,47.46967499683887,55.64431302366228,62.26271696350918,43.83402759444129,46.86655085101407,50.60806108382989,41.02710527976193,15.979785916557374,35.793850612038085,39.166967323520154,41.97571303067167,0.0,45.60489965085447,0.0,48.11589014596053,51.49219453012588,0.0,0.0,0.0
-6 2 6,0.0,0.0,0.0,0.0,55.55851536280294,48.8327456277282,23.63733589975532,32.32086986060317,16.457210647200135,28.727365701857007,40.05575379672194,26.596670002446583,28.872331728927925,17.78531632765566,32.442856615903956,40.7396840729114,30.935342709155705,40.38100628048457,36.03391758849771,37.9932863617974,36.081821000978415,20.838826778255935,23.896367456098826,30.357051901529385,26.13932882604074,22.135541400045792,33.25165819807904,55.797926585567346,34.48707329791449,33.51163793103125,31.525260212363122,0.3048531833801007,27.972071652160466,0.0,23.24662738048588,19.71221819262678,68.04829281332438,0.0,0.0
-6 3 1,-0.0,-0.0,-0.0,-0.0,-158.6053582411463,-157.50737204072982,-0.0,-5.502052151823579,-0.9664986791850863,-1.8362791223272479,-153.88986541957334,-1.6706889504169429,-2.7812181196411916,-0.0,-3.960508027926254,-11.507987332883598,-145.7401341759154,-7.547208983691198,-13.66883198580292,-20.1710760700649,-22.083302258684128,-112.26168655591279,-131.76144804023343,-45.766653210503364,-65.83230110908778,-89.16380663295604,-30.641532704582875,-0.0,-11.164600282105317,-20.464012635687382,-33.804193877362,-0.0,-52.07321143003889,-0.0,-74.34970163584394,-98.86280426457945,-0.0,-0.0,-0.0
-6 3 2,-0.0,-0.0,-0.0,-0.0,-6.577096509582542,-4.76156960060667,-0.0,-0.0,0.8274402220637204,-0.0,-1.8104259205962976,0.3102098606275664,-1.4390598003085622,-0.0,-3.246923348217481,-4.269705215972523,2.047728108201383,-4.604196692672635,-1.7033291811806797,-3.238421710872914,4.0171462780367175,8.15748346217167,5.810541362991253,4.3675210542951195,6.929720893108259,8.428897410687734,1.491002382714223,-0.0,-0.0,0.0,0.0,-0.0,1.5268948252723282,-0.0,3.6956905370217092,4.009829608209565,-0.0,0.0,0.0
-6 3 3,-0.0,-0.0,-0.0,-0.0,-49.411610885023805,-46.104490417661566,-2.033672991845973,-10.418606056556351,0.37807430878681086,-6.205328880701862,-41.48088556310971,-1.0953655426173288,-3.5673337358118835,-0.0,-9.11382168764741,-20.28456326540886,-36.01618657769133,-16.756847093095146,-21.220181175575902,-22.43761215371773,-21.282028286757885,-25.503896040592437,-30.434445149751685,-19.879227094128808,-20.358466596022872,-22.037501368813977,-19.476649622460833,-0.0,-14.320527244124248,-16.143544921737565,-16.980124742214525,-0.0,-16.839388655059803,-0.0,-18.174634356307266,-20.90112219950017,-0.0,-0.0,-0.0
-6 3 4,-0.0,-0.0,-0.0,-0.0,-87.10355598549437,-85.72164358425634,0.0,-0.0,4.500739698340727,-0.0,-83.00913541220096,5.508879399589818,4.440452694618012,0.0,1.3297531398616502,-8.205728414520859,-78.0470377719146,-4.9138533078045175,-9.000285964765485,-11.47714672242623,-18.946215335944146,-59.50672071629541,-70.11117406645991,-28.394179850431854,-37.344409757516836,-47.92520860732311,-20.451654886424862,-0.0,-5.379726616229831,-12.717001591861502,-20.61869929917743,-0.0,-29.47202826381208,-0.0,-39.7084370272583,-51.83164122621548,-0.0,-0.0,-0.0
-6 3 5,0.0,0.0,0.0,0.0,153.03285155755754,146.70065952436332,7.863926656617979,9.532792692550785,9.439674997036025,8.905031087409379,137.0983400579923,13.634822399076251,14.202856435936233,5.956117003044982,14.184358693817392,10.583358790833913,123.52094418218299,12.66429666985808,11.703622774642152,12.154071482502228,8.232197388812697,82.16239286319114,105.16917321156711,21.282494260851653,35.83006514754574,57.38539657949161,14.128572905003203,0.0,9.254337688484739,8.972108375983083,13.456167437570855,0.0,24.638786858129986,0.0,43.608926681939195,68.06358126819482,0.0,0.0,0.0
-6 3 6,0.0,0.0,0.0,0.0,78.57378315501985,76.90629895324543,7.951193559839106,10.032173600794026,9.06340254164164,9.209458554422413,74.07733818740024,13.301497511510968,14.04549369985089,5.866790086809666,13.984065867534818,12.54408025903586,69.39890467556293,12.994715058420809,14.65309255540745,15.352540046725148,10.281091433927983,51.93687672993654,62.090988503261116,19.854645585304688,28.556026363088733,40.017058882791936,14.94944816996268,0.0,10.154067638839717,9.72456218461674,13.106790831546071,0.0,19.954536019860708,0.0,30.710156624594916,43.154210085972345,0.0,0.0,0.0
-5 1 1,-0.0,-0.0,-0.0,-0.0,-67.27523425267417,-73.40791983918879,-16.35310330402405,-25.303276252371187,-11.000607876558526,-21.229442260612593,-79.23017822299015,-16.514863692418785,-22.4850774444388,-11.205181121808028,-29.016897437182962,-26.693607134307303,-80.78183994402212,-27.969842222881752,-35.358974525491476,-36.72821166502975,-26.853178481671232,-61.38379465475791,-74.70260724687749,-24.93382058123568,-31.88000240660393,-45.208799788180436,-23.985799828470114,-0.0,-25.928025583006903,-23.054653105284874,-22.048783212261082,-0.0,-26.323992115773677,-0.0,-36.079486979262995,-51.88459830475986,-0.0,0.0,-47.46747115242769
-5 1 2,-0.0,-0.0,-0.0,-0.0,102.65492754902453,93.4852473757484,-0.0,-3.6103955172093065,-1.4822361251050753,-0.0,80.29425972655626,1.0723288638330422,-0.8298235987646306,0.0,-1.978131913412666,-6.612929801688012,63.99459387059725,-8.290103630299296,-7.781808684952412,-11.766138289934316,-21.04844228583008,27.76127052384102,46.09507871536895,-14.183227337845672,-4.7446180964980655,10.125845544794291,-17.012206708001283,-0.0,-8.6627916723107,-13.210429211644835,-14.670176971294408,-0.0,-8.165971475954214,0.0,0.021075907261962547,17.2435537791921,0.0,105.9868450447149,187.4472138320538
-5 1 3,-0.0,-92.70107097644264,-191.00318553086908,-293.6330119624276,-343.5806023191654,-340.3792717319576,-5.161472011574721,-43.79978634560013,3.5974223435354733,-19.249289500702474,-334.60382984932414,5.907006981610668,1.0842230999691216,-0.0,-7.61324809587519,-53.78506118995299,-325.29799890280583,-30.48829147130183,-79.37329421254174,-107.78933702260402,-156.55054842219798,-291.35703671064846,-311.2626657810892,-193.9152244262322,-232.8862354928651,-265.2245657530474,-149.19725321464972,-340.0743241983302,-79.98582477355127,-125.1890828432519,-172.5090508542283,-357.5659632873417,-215.39735274378032,-365.85967917153766,-250.38614274341367,-279.7660682829513,-336.5449604884088,-385.3590851647709,-433.3016380410032
-5 1 4,0.0,0.0,0.0,30.1313573910886,112.51793107391242,111.51137271128103,6.847366181418254,15.793988928347027,7.468258604829992,10.575996990845931,108.47135221938187,13.495314982538055,10.59009894199429,3.8532107893169005,9.61198033053424,19.0822670017122,101.90627492941525,11.320229952014875,26.39070662076709,33.55175027987282,36.047417541321614,78.02484654251529,91.26917561055022,44.771291177086376,53.9018631134778,64.93266437744215,36.36429110385175,51.837942781942864,22.56759940123959,30.87055639563021,39.00661774968916,96.89702081222828,48.006251512527015,144.6052209317678,57.349676250211665,69.99706810493343,121.86584413375188,81.56018236176077,112.22683131980693
-5 1 5,0.0,-0.0,-0.0,-0.0,38.116789684455256,28.47527636701311,17.71527931402065,17.934048345040203,6.113277052478357,19.75818047913483,16.021488643391507,13.283870761628302,15.142909961700806,13.133721337060235,28.313435500775377,31.279400434168945,3.2941506681424286,43.11692614853252,30.074683171833374,24.874847314750472,13.484940666739535,-12.946718056873339,-6.793764348672921,-8.00594360364411,-13.611054238040145,-15.22110567420487,0.8125823333354898,-25.95758661955019,11.383004154496495,2.523863542773139,-2.2208920083820662,-34.85346177713728,-10.16283296631964,-24.137468944149177,-13.66689286103681,-13.603986973313534,-0.0,-0.0,0.0
-5 1 6,48.077893731776655,102.16167414089348,203.88498297716745,222.15258437699362,69.54485687027952,87.29297801138691,34.22521807783119,57.27422719952915,19.605516281531465,45.02413832297359,109.24698819106251,30.99420487676027,34.31526887242985,24.811990526758088,44.71749255867562,71.11681586089729,129.9456130980008,67.38122718073299,72.77106327820215,82.41843669701052,94.11905989733457,145.14419983503683,142.9864063033444,107.87799843014771,123.8456819965404,137.51842753558788,92.05724149978354,257.9602308539631,70.70032057041186,86.30526876677747,102.25038236145247,249.99233497968257,118.70030921012638,206.18414695977793,134.02549561847724,145.50956333369209,148.1025523654148,114.67995220245125,67.66592294704508
-5 2 1,-0.0,-0.0,-68.31056885136105,-162.63763622421163,-188.1605393583267,-178.12967000146128,-4.8503225801980365,-21.280253778501418,-4.657619065774352,-10.835014413234136,-165.517274204934,-6.5128237267669435,-8.752874467229239,-1.012278853603233,-10.953534599304412,-19.60661093437786,-153.5673204819795,-15.344015472305703,-25.141135610541735,-36.297068830922406,-56.66206240008088,-140.44228857212548,-145.41224527002188,-101.19571907085675,-121.29737514180837,-133.99690664787354,-76.45640608042434,-209.56798241708753,-39.266712025883905,-62.57459655073484,-89.52278908707656,-212.6301562311182,-112.53895685083123,-176.24978415917366,-129.3895572150191,-138.6319598411659,-102.41039830350252,-65.42086588420773,-191.53314268870264
-5 2 2,-0.0,0.0,0.0,93.30872924549077,5.092239374394986,5.639353690370597,0.0,6.6191862143305995,0.4091563395811237,0.0,6.109939862802984,2.4215428948954427,-1.9883848952988699,0.0,-4.4472321102496215,16.86229576430697,7.169101786679731,1.7665253187107366,19.73135141722723,30.75970833213935,46.931042235402735,19.461392337588567,10.97291948531843,41.93415782324203,39.87365580490676,30.85662816251237,36.20936552761404,136.6535332914329,16.188734562315304,29.029670441679738,38.90784268303963,160.8516469882993,41.60212545093151,100.51570656232172,36.80622447922321,25.713375045799964,0.0,-0.0,0.0
-5 2 3,0.0,0.0,0.0,0.0,-32.38745831209182,-27.02856596527769,-0.0,3.6934551439302163,-4.69773924102672,0.0,-19.469934112240608,-3.842815052005026,-9.37879967415196,-0.0,-8.368717556678614,22.778840317214424,-10.356254830273421,3.23058900153648,28.67583978186628,30.595874275885624,34.12116444480333,6.005517217707654,-1.2410088131134633,14.060000090519116,12.519264031374023,10.339519002046593,14.999328049364948,0.0,9.641938569470689,12.724309051654254,13.070054595480993,0.0,12.021056764266293,0.0,12.100327463161722,9.622719164705709,0.0,0.0,0.0
-5 2 4,0.0,30.360009074890854,10.95037723685054,0.0,-44.264921515474626,-36.90415996759408,15.208910584041345,36.387591977840465,6.150846452782722,24.89419163749761,-26.16391700952863,11.935800700098648,9.512831982534257,8.348263311179462,17.342751251370547,56.06780308452097,-12.452178380566515,38.79942514194931,69.56380323010063,79.01926337549102,89.08679324621797,18.216200803909775,2.8605552099112708,50.71410356612716,43.68551780685004,32.333135024873464,52.70019252537625,0.0,46.518501145696085,52.405397369243296,52.443462469368164,0.0,47.35446708545034,0.0,37.94768221147906,24.20976383974667,0.0,0.0,-0.0
-5 2 5,0.0,0.0,0.0,0.0,136.07093839410885,137.03635101578502,34.06377257690484,44.95309011462494,21.752873614578682,40.17018144596749,136.0446324530222,33.080798503473986,36.25970455138616,26.932115802925154,44.82850912336468,52.87713021019865,130.22513941142182,58.62881105162509,52.75932410391647,55.88411477353779,60.32060576894375,100.86047906646806,117.85817346574503,62.85617718274199,71.22249243140561,84.03676984706746,57.19902392785739,0.0,48.6581703162209,52.76534508421792,56.05858231669639,47.005050224958126,63.62066273548656,78.33533829435567,75.98998683626213,92.49099937632752,63.105044220464606,48.454609398482454,82.80422960565878
-5 2 6,13.10796378592661,0.0,0.0,30.119738063514045,-45.0418413642706,-41.57725597838003,35.109746223736586,46.059270414916455,22.08909943682466,41.2811704276505,-35.108390251648004,35.267257879501656,39.351537329092565,27.384136794600902,47.17726219556577,52.100312924917375,-24.12309651172259,58.56706291826892,46.39990498878111,47.48461476816764,45.35425132149806,11.95265435327421,-7.94129375206209,53.408916756448875,46.1606371993014,31.550823587376218,54.256191513247515,0.0,49.640989831454654,52.71646962697703,52.885267388646376,0.0,49.27045312660891,0.0,37.69826478799306,19.5142825345956,0.0,-0.0,-0.0
-5 3 1,-0.0,-0.0,0.0,0.0,0.4360153380527935,8.058402917240905,-0.0,-0.0,-1.6462790422558,-0.0,18.196280438040535,-1.9441446138755607,-2.913777699182318,-0.0,-3.4296317334706914,-6.841968621318291,29.667376017399636,-7.58249854603043,-4.040632005613825,-5.228317815901023,5.817998941490054,49.334070246966235,40.79673277642214,34.915120789669906,46.83122132193304,52.06408927386407,20.34285752684801,0.0,0.0,9.17927506802295,24.579501182228427,-0.0,39.30506001730884,0.0,48.79933441639797,50.296833047684586,0.0,-0.0,0.0
-5 3 2,-0.0,-0.0,0.0,0.0,114.83089094928283,110.94524864849456,0.0,0.0,1.5731322520694013,0.0,105.49984346237699,2.4340441916631765,0.6586794845940809,0.0,-0.7271185942720565,0.28433796705484743,98.70973089359019,-3.6743938749954466,7.733349496558671,9.565407999329324,28.065807625285398,80.88960917535476,90.59600751910276,44.20208728369392,57.486629121277616,69.7178524204672,30.243977394813978,0.0,8.073612954267748,19.92531251865426,34.08821728191021,0.0,48.66852187028206,0.0,62.06089846936541,74.32883304940032,0.0,0.0,0.0
-5 3 3,-0.0,-0.0,-0.0,0.0,38.826917909665475,30.99376042150005,-2.1494430007307583,-12.18370100320917,3.566908008873445,-7.408707898480662,20.22492803005301,2.7756365753815393,-0.9188743125066019,-0.0,-9.85063453568846,-28.46932280687362,8.017908574662615,-23.893789248614926,-27.170460635630615,-27.964459140915046,-27.133399631258627,-10.637202812302965,-2.986050719848244,-18.19464074675632,-16.793704080987183,-14.755913343142403,-19.272439308792524,0.0,-15.54512560742672,-17.191578269949904,-16.028697323054207,0.0,-13.874066566110093,0.0,-14.081929973027483,-10.01311595443553,0.0,0.0,0.0
-5 3 4,-0.0,-0.0,-0.0,-0.0,38.07544267287897,35.65194106463717,-0.0,-4.616971565326577,5.554457137163672,-1.0050080297716073,31.64826397600279,4.840315325764344,1.646473667240276,0.0,-6.357620213899735,-16.275774417395734,25.29984085665766,-14.35519551955712,-13.335103762162538,-13.923932617685729,-15.780350357279909,5.362805489714775,16.221641177742132,-15.372344029247143,-12.05001160679192,-4.846917634091625,-15.340666215217484,-0.0,-8.329207290582557,-12.043796196794615,-13.488556309662536,-0.0,-12.07219661940137,-0.0,-7.39904758685062,-0.0,-0.0,-0.0,-0.0
-5 3 5,0.0,0.0,0.0,0.0,122.58787403742227,122.98054129922255,10.577237354612079,17.142616221153155,9.978606082222095,13.694136293786695,122.05331772200584,13.713389873850815,14.498229897491381,7.462324254617858,16.404661036856265,20.78594266773221,117.50576443735349,19.59259994403491,26.90319919142771,30.2327414604093,28.3611336884781,89.21034755861487,106.76607522334888,33.96210475118442,48.05507276085212,67.86714258240835,26.366688276873976,0.0,19.380099037877873,20.908277918482508,26.37733661257511,0.0,36.64985155518853,0.0,54.68871197778606,76.15243640993351,139.60449591952568,54.45937999903537,55.59008908182593
-5 3 6,0.0,0.0,0.0,0.0,-24.560388394678053,-25.262008612309202,10.435676122810207,12.926956332721478,10.322303817128358,12.195847278755995,-25.54014243612131,14.88362498098746,15.881936135247292,7.772256897624476,17.328799155593682,16.252217498659643,-24.706167535190392,18.182912123516104,17.759294744379087,17.85326223929329,12.202631078185446,-18.58678122985529,-22.376856029888195,-0.19306629558799066,-7.0996328920712,-13.416467390091597,6.417901912160887,0.0,11.106785257665695,5.648243008422248,0.0,0.0,-0.0,0.0,-5.013752085942776,-11.132822860089751,0.0,-0.0,-0.0
-4 1 1,-0.0,-22.82231148664305,-6.724068493810852,-0.0,3.436377119688744,3.7873907120003594,-5.714243390371099,-23.988159865360856,4.068853065479171,-14.470632274567224,3.5298756124625164,1.9470221820617326,-2.981528034160423,-0.0,-9.684656711456748,-42.125519638609596,2.0908022944281672,-25.274164619015423,-59.63938185850423,-63.80261317580614,-55.05242827445364,-6.295169026599989,-1.0322412642905023,-28.3457452932394,-21.711732951452007,-13.666863525149743,-32.24750478320033,-0.0,-31.25487425339902,-33.14920727027987,-29.58209184053304,0.0,-23.795551641547064,0.0,-15.687862103388417,-6.6967458256940775,32.20441572221472,77.67736692365456,70.50928568704245
-4 1 2,-0.0,-0.0,-41.49447274579802,-114.2161073387581,-176.9263293622246,-174.7105415287882,-0.0,-13.337524980327654,6.741887047791183,-5.207099095674595,-169.9900819903098,4.890371905060757,-1.845199891174271,0.0,-7.423489719109304,-5.051865106802761,-161.12228448257608,-12.760798739571932,-11.2448806999161,-20.233738789429747,-40.1285223115723,-127.31590712362976,-146.8665194877471,-59.41466643143224,-80.54647480516154,-104.2056959091248,-42.35696439331696,-190.8881667723597,-22.597499504715632,-34.69816164159961,-50.74389771513286,-260.1933442123597,-70.62642993907095,-281.788609182143,-93.1764868332895,-117.96327278409517,-260.31757813542407,-226.823540788629,-263.2634462840779
-4 1 3,-0.0,-0.0,0.0,10.20322954614958,17.925668522037473,10.026041903976544,-21.362582998602008,-28.729612571648495,-10.15977053652903,-26.12333060586391,-0.07744483379167195,-19.876740478628555,-29.266147962632633,-14.54229724807829,-38.211757745250125,-19.391915137523938,-10.45839038030565,-35.186810451715985,-16.860546450364406,-24.914704326571318,-35.982544653672385,-22.732825048833927,-18.5105276405815,-25.71398839720519,-24.257565681394418,-23.866878005619334,-28.009950167876156,56.510274738123414,-28.205269492006305,-26.264153751188893,-24.25702111589017,53.8332361485768,-21.612624047370783,52.21937094223599,-20.134889620506,-19.800619791563875,72.10215439771301,54.59434332671484,73.9235696281869
-4 1 4,-30.91432431566292,-121.4323412430487,-122.21383970814948,-70.60280396795606,-40.69339862089148,-47.071908897756366,-49.75600366398133,-71.57325823160188,-26.095803103944068,-60.550755449326324,-55.76683134270792,-41.53477388566331,-55.13353275374836,-38.53115618989689,-66.50343775548382,-77.47969674820996,-66.04441772868027,-83.72659961758079,-75.47794555693774,-89.89941912500753,-109.96204025968973,-90.89193424527373,-77.68317970121997,-111.05961934632082,-111.73314991400711,-103.78319302686154,-102.31370531009442,-65.01267718717754,-84.25702823957778,-97.70372594522635,-108.79870318070039,-11.071071668365207,-113.8642353227659,-0.0,-108.15635661309055,-96.30213863160301,-0.0,-0.6884954129889633,0.0
-4 1 5,-0.0,-0.0,-0.0,-0.0,-122.88184996706718,-125.20026161781573,-10.047857992020353,-28.101790964918703,-3.110247108996652,-18.38506387170603,-126.18257878126549,-4.418947699091661,-9.117601521716521,-4.304678491464861,-12.828998657211523,-52.12592483945626,-123.32909763870104,-34.106208609808306,-57.247642486038295,-64.29993720268072,-61.79012698851884,-103.22827778829593,-115.2443687675824,-65.20332312957156,-77.22456344070194,-89.98936238110855,-54.11692756745782,-0.0,-37.924765521158264,-46.332409727950996,-57.961585576774056,-39.45978578896985,-69.59243715994687,-94.90601497287456,-81.54776707833597,-96.39531867642468,-225.13337917450903,-247.01383984150146,-287.97255607348274
-4 1 6,-0.0,-55.75142669114703,-156.547958825654,-133.86214404266332,-111.36574598825008,-114.09011761123088,-5.2024139368611815,-33.63774051951643,-3.5599339530293115,-16.371828655821165,-118.89173440233198,-2.4370463156090807,-6.234355423983847,-0.0,-5.134268031647946,-51.369091366445474,-126.32087918516206,-25.433917098654497,-61.47024937895914,-80.50049821086283,-101.43894089132309,-142.4497493667626,-135.32374906531538,-120.62550014134362,-136.1540455149913,-143.47892516342037,-98.5108636127742,-90.48752943701317,-58.32072899715284,-84.7802669434406,-110.50991065600567,-52.15294365727692,-129.15298040598208,-36.72780044916574,-141.19100764248017,-144.75637141716862,-60.55644630153619,-31.01793181500262,-45.8354235460954
-4 2 1,-0.0,-0.0,-7.484597871065327,-67.9105416791783,-196.3764894550367,-198.96581391794592,0.0,0.0,0.9959932413369339,0.0,-200.86820294959173,1.6819273215156567,0.18472746523954583,0.0,2.2833746577345724,12.776893651681492,-198.65861542659587,10.805663048630725,12.616135196414916,11.873248993801385,9.092356828643373,-165.0576933517663,-187.6433831889371,-63.737601789921456,-97.51647450305137,-133.0764301584998,-35.17214724409932,-102.26077660473202,-3.630838425795972,-20.09393352573984,-46.01270443196424,-155.35047025961637,-78.96389112113884,-222.0621869386958,-115.18185163868534,-150.5299510404701,-218.88033037829268,-185.87801074704552,-187.81164632562184
-4 2 2,-0.0,-0.0,0.0,0.0,184.58170896290375,181.54533417479107,-13.859714805490043,-11.836240221424848,-6.359808673036788,-15.362556707467142,176.3092467579684,-13.497036649794659,-24.043258949379894,-8.199143682994533,-29.804955661347492,-7.02098373239288,167.1278877333584,-25.529706372139334,-5.471065054652186,-1.0060377571841468,21.01993095065347,129.15287624520266,151.83841074339946,41.83104833888703,69.80070123192505,100.43466769490284,19.118545212190085,19.229040065879243,-2.1404038205932547,6.409045937998034,27.811250757069764,25.17433683966415,54.056298215790164,83.27972290245668,83.90302561678563,113.93439562162182,59.57490857207625,38.61110671260648,126.24722996987249
-4 2 3,0.0,0.0,0.0,0.0,11.752465389488584,15.868358821045877,-14.447412625050713,-0.43495459121364116,-13.609469539832224,-8.768820913365044,20.543932849881095,-23.170450372108032,-31.65710582369409,-14.90566060285999,-29.187229423943293,30.646589025440292,24.090606572055094,-3.6676617202870805,36.746992989252924,26.317754153032194,21.333998991768887,22.850272523735747,24.94561593747043,13.506540022239253,15.39843592875844,18.98106281348574,12.361170109442645,0.0,2.2066097152888684,8.007270643048102,10.114169014465448,0.0,12.032409788094839,0.0,15.965446750831452,20.235848849311317,53.36814162005687,96.55832535275435,77.05892949029102
-4 2 4,-143.6225735527655,-37.158022290783826,-0.0,-0.0,36.93231206863303,35.301671984810625,-56.680527183805886,-66.09642235250517,-29.809268387578935,-64.93330203517785,32.0509388647777,-50.05987636128507,-63.68081232791462,-44.27668032113597,-73.72739646265163,-87.25225398290401,26.76250836880904,-93.46999632777305,-77.20886349646875,-75.47374818408228,-48.3608475631269,14.364555282099952,20.281639270001776,-12.453457056963229,1.3989515558753196,9.119437473312464,-31.677340185051552,0.0,-58.81125990519506,-41.00022731448029,-19.18025747800188,0.0,-1.9397288965448953,0.0,4.500164156385923,10.199855672744995,0.0,-0.0,0.0
-4 2 5,-0.0,-0.0,-42.58878287443057,-28.148739971086243,118.20261799550508,108.66621807949336,-0.9132594562960403,-9.483735600064714,-4.789972359260786,-4.427884112645522,94.74918648679399,-6.977489393038567,-9.988792517793692,-0.0,-2.0107268279773542,-21.414259409019433,76.49590804731976,-1.7862716058970531,-20.961863230970714,-35.01148437636085,-35.967194005286586,33.052426898603066,55.10114653119727,-11.596276003999911,-1.363247320060529,13.557722528880051,-17.350180714289763,-0.0,-15.51460492757391,-17.775144249728875,-16.279199507513678,-0.0,-8.14514491600978,0.0,0.14136928949146332,18.279261010282337,0.0,0.0,90.88725049251441
-4 2 6,-0.0,-0.0,-0.0,-0.0,-130.2629001421096,-121.10818086675334,10.216000651686624,0.679875933175214,7.332876266107378,7.574708566732399,-108.5721333589401,11.101788599621981,12.460494621468198,9.10751772134381,22.14420534576944,1.372587690901978,-93.21800810197045,26.6601499855092,-9.070749852968106,-24.314041730501337,-33.06657008406681,-58.114047365367384,-75.96901129417202,-20.693001385762926,-29.281737965925856,-41.84872203103455,-14.314730250810372,0.0,-0.0,-7.327160269919409,-13.91264858897898,0.0,-20.467660489008928,0.0,-30.043411024580287,-45.414767812525255,0.0,-0.0,-0.0
-4 3 1,-0.0,-0.0,0.0,0.0,97.81563207580541,96.98980843177668,-6.196099328369912,-6.322379140042924,-6.574117858103689,-6.617549630675105,93.36830611554632,-10.808716938432674,-12.428806530804478,-4.561613851241405,-11.074349148364002,-4.1668715971932215,84.68997360673119,-7.998204325515275,-5.242732507826618,-13.907602152109469,-23.66268501784878,49.15100975387681,69.58284113144853,-3.4857013329866584,8.616723618991687,27.201494348712114,-9.205383095529589,0.0,-6.226089249569183,-6.73699569399141,-3.356345865704591,0.0,0.0,1.801961489828596,15.395632407374707,37.77078222264922,102.36749126797015,86.79196935570695,39.611156655395746
-4 3 2,-0.0,-0.0,0.0,0.0,-12.414705680234066,-6.960717385374465,-4.046394844468688,-0.0,-2.3742500508927615,-2.57746487898869,0.9628892503463564,-6.602756748708221,-10.476178838427893,-1.8493510208686825,-13.796265787017994,5.402909336407901,10.681484365815693,-11.59284864207633,18.267342669215203,22.37830588981669,26.86318541936154,28.539242278887777,20.44137652808786,35.121236992058854,37.09501971759177,34.32056443934936,27.524360783964557,10.316968149197985,5.887615917527719,17.76507349866017,29.636720431534037,21.375409505595343,36.801067555797985,52.42730140834466,36.33887368367815,31.114973390872443,0.0,0.0,-0.0
-4 3 3,-0.0,-0.0,0.0,0.0,-18.355154353348304,-10.976634496167467,-14.375353490949607,-16.814470243596514,-1.9791654759583122,-17.690593535726318,-0.9812632418061948,-9.837052514682599,-16.11086192917546,-8.352753868456784,-26.127297072074594,-25.699987681058808,9.84735909128313,-35.661356076317716,-16.482905643961427,-12.368145167273738,-12.254588174541004,21.449891849913307,18.23074763996688,6.222864955330208,13.822161538620344,19.391189308848464,-2.3833689769610236,13.786521304101779,-11.569897198315019,-4.870687187307419,0.0,55.00003057748552,6.5616965469037805,56.68995732406973,13.090856144336522,18.418751673341585,13.233198453610642,0.0,2.0571306988745612
-4 3 4,-0.0,-0.0,-0.0,0.0,-118.3572948483083,-109.92985158955322,0.0,0.0,9.936298340396082,0.0,-96.82427426644043,8.373102752954848,3.8189074897779043,0.0,-4.2419357022945965,-7.5349790202800815,-78.74921946075285,-13.297349244402245,9.137190628239845,18.70287756476701,22.703520420811763,-33.23739378530179,-56.7097154241747,10.948649705771768,3.17704159759941,-12.099002871426565,11.915426020716005,-0.0,1.6163410893577561,4.972593223427253,6.732054229106978,-48.22979913707425,2.2300093004166217,-73.26346283171723,-2.5647102392946284,-20.879735411092053,-10.513214545991994,-104.39100907601699,-123.22845508984123
-4 3 5,0.0,-0.0,-0.0,-0.0,-64.92158636469993,-60.20026819575846,6.756468614813115,2.5815025386711525,11.899856080406815,5.561654371703502,-52.97112989806524,13.557898547285207,12.755333656803733,6.149930066248181,11.065646200685528,2.1387687416992667,-43.543960228367744,8.85263877773971,8.032131944680525,3.651896010873885,-9.358207568033325,-26.032419577018487,-33.682431925514265,-18.045642118067892,-20.604142740810957,-22.118940581736506,-12.231724822221008,-0.0,0.0,-4.655002647326257,-13.500044753430753,-0.0,-18.096334962646424,-30.444968455804062,-20.155107141362627,-22.384749998430475,-0.0,-0.0,-0.0
-4 3 6,0.0,-0.0,-0.0,-0.0,-70.26142131987693,-67.44784391803996,12.711923780072492,10.289291637710123,11.727689175321443,12.501748450028844,-62.508971077711955,16.129146195261487,17.767330349516648,10.750222999512426,20.571887271233887,11.854487062555148,-54.69831979694935,20.33485882978297,13.540716411831061,9.035032084389606,-3.3967377803519754,-32.34450826976888,-44.147704118091426,-6.031958945010045,-12.798201741784412,-21.44965384505364,-0.040200129979413385,-0.0,5.039087555176619,0.0,-0.0,-0.0,-6.9189574814369355,-0.0,-15.056786564134388,-25.003823067839747,-0.0,-25.165662824194232,-77.88610237437852
-3 1 1,-6.323799445572898,-32.11380699337046,-57.925721722888404,-103.5898094193188,-162.0437054417335,-151.63141550021686,-28.377232371334777,-53.38523432666671,-10.971872063716345,-40.32796257541532,-138.4441358412536,-19.844754236870116,-23.980625485643827,-18.53855345749876,-36.394174683031146,-80.30057252097839,-125.08915583050609,-56.625587822844984,-97.87735034413328,-113.57062033431288,-88.25635054747377,-107.0864088488403,-114.35582495903391,-89.42298337832578,-96.56624152809316,-101.92348274052527,-80.53738065068117,-139.23172139044178,-65.40798739463193,-75.03851622065888,-85.08342124749154,-143.65686889718307,-93.56954677472575,-129.22448770156507,-99.63627765123138,-104.18130415237165,-150.9138433279243,-163.19185509070243,-199.55152675140093
-3 1 2,-124.19213446831185,-150.1074159835622,-132.85157404465076,-50.40400993510852,-141.74433901588543,-135.10617704313117,-10.080764626991842,-46.11532684014401,5.25674063618427,-26.693362243390606,-126.18037298226864,1.676827765592885,-2.6797328488127388,-0.0,-16.424483879299444,-63.18639850760905,-116.11493587034411,-44.439065968492315,-86.52225629188894,-101.02383754012195,-96.20294168465293,-98.216499557375,-106.4350852822509,-85.73115269343346,-88.58571321145689,-92.21410294405752,-80.38143387198443,-15.509768831546744,-64.24850947679593,-76.07670115604661,-82.69549160837303,-0.0,-86.26939435295418,-36.700933206070886,-89.41817424001101,-94.48924943152166,-63.5492677635174,-125.41766714040293,-98.41164722972309
-3 1 3,184.21621717804035,191.25026380807884,210.78613387382757,208.65749777884864,130.47955035838905,128.42444310018683,65.59698592107712,102.64497521741191,29.38051744080874,83.60834649510595,125.76982894204846,41.668215827872686,50.05797603412412,51.06449225546351,75.04274568787571,156.8850087522479,123.48142041193525,128.12214545050801,167.46424551246247,175.9373409554896,186.43711338163487,125.73590443377132,123.09470553994453,140.7948059840984,137.33983633748645,131.14054698143045,137.85383929536798,204.60199413266994,121.05996465305569,135.17621017683234,142.71326013327163,168.4289672756817,141.89107242307014,148.58393486925766,135.23722967355116,129.56676204952493,112.8647164842304,119.03341345464969,163.42136064061415
-3 1 4,-0.0,-0.0,-0.0,0.0,53.51720071382733,55.21352169141011,-18.93314131822407,-12.593542974003416,-16.120205473801615,-17.498702585709577,57.696579528395276,-30.522514080429318,-36.05658716237146,-16.505377619492293,-27.635550146575206,0.0974852325291785,59.99721823930434,-10.388363384169846,3.368203287326465,8.587232531694063,5.706607971878385,53.12382703830058,59.423932374064854,13.430099767557895,26.690524048606427,41.14891876117054,3.344671209475418,0.0,-5.862552430360803,-0.0,4.970326065560904,58.53027830879343,17.03044244505222,104.52613990760892,33.09530938251866,47.69603223512631,98.50774714964172,46.43639273951809,0.0
-3 1 5,3.2755470538654445,143.29742191713095,183.99059017742368,214.63969753838882,248.48404620196652,248.7931859213166,14.956141267096374,57.86444468231378,5.546891738230123,31.833300512156256,248.3861111011645,7.977120265319541,4.817364790666749,4.6264237643293935,19.238741532972313,71.20020359056107,246.83675275057612,52.71381673699979,91.27422170421221,110.80519150156825,151.57487129347618,240.82926527805367,244.3602478249783,191.4735487744523,218.10332977184856,233.59616722701983,154.96776080835713,253.59353397838103,93.63330038656163,134.16132027559738,174.71204902446613,299.07627975376255,206.6245873846898,299.5596648290031,228.58744591604875,239.57295772195346,271.0048209229458,263.4894467783443,221.46575222120566
-3 1 6,-0.0,-0.0,-0.0,0.0,64.60078770716052,64.05239968041411,4.499402912270488,7.989885021048141,7.986959687156466,5.475210950366733,63.0245583110365,12.126992949920389,9.58527292062433,3.56640246376861,10.679598625810703,1.8823987572263863,61.31818551955644,6.278987183284393,10.75037342861202,19.473100340151127,34.03565073359026,53.16355615779811,58.2913633401539,30.528738465285155,38.14370041735256,46.06042300032017,23.701625187302934,0.0,11.655335221091114,18.11007290183594,25.336044594533988,0.0,32.699833370802374,17.045880873877284,40.082808942312994,47.41812040090757,0.0,-0.0,0.0
-3 2 1,0.0,0.0,0.0,0.0,-0.38624269840403963,-1.1008888404851491,7.838223501760601,22.923084689002668,1.641170844321185,14.78349117800207,-1.353868213769044,4.1110717443622296,5.74059913481297,1.8585514986442142,18.371001257191892,33.25394409288205,-0.564465955934085,32.59019855596285,31.46471006827418,28.76017033843406,47.513966972378874,6.289450850164444,1.8561929407214728,27.704156437299545,20.386318090348425,12.701972870377926,32.33439935277906,-0.0,29.01658018518016,31.21945358638449,28.848239233643298,0.0,22.4512617228179,0.0,15.757584642723286,8.060429627902137,0.0,0.0,13.425838633372363
-3 2 2,48.33484769629803,100.74113120671304,136.51785095088692,182.55846771206976,195.36314162879478,190.61125633909646,30.986787426845183,72.9185230231126,19.265438825431787,48.85457210249014,184.5362293893119,18.029434144037303,19.370529613599192,20.550583629592964,37.348270601132924,118.18894419545424,178.4169030457294,77.31600809307353,136.6723951067029,148.55256953267053,171.93622456354572,168.9625710025766,173.3092872816078,146.76937803037274,157.13219017350315,164.08691290738093,131.97290058062785,197.75378336283075,99.38686527038509,123.47548131028029,140.85844216737874,227.02070535237237,153.98527953044777,226.0908446627942,162.1120569927136,167.80943793260394,232.63178114043657,213.7495656031585,214.12646541157366
-3 2 3,14.031024420196367,10.333641136767122,8.401529203842182,0.0,-7.17545380639508,-0.03405783599945919,55.806791397826906,59.24117091220519,48.58896202285477,58.689082535411465,10.171862389994551,56.506134123137016,60.488243762508304,51.58757134521418,66.21107258201398,83.77904496428498,22.2875502246536,74.54123896494809,80.44621459095941,74.44605808170839,61.70517242545478,43.165378557708046,33.99035663591683,54.96179350247851,52.589625109660716,49.114393429072045,57.1379280587405,12.181103719704813,58.21964416497954,56.25923207128647,53.95709104628158,21.20913766039568,51.485527007800634,0.0,48.52670259578191,43.67850492463442,-0.0,-6.1274281677693985,-37.67566323389221
-3 2 4,-150.37538994558165,-218.69114804764365,-265.95495312743225,-269.4639436826949,-253.30531842877082,-250.09778147199611,-49.13191031719868,-90.33643846158846,-6.024637274083242,-67.63138009105963,-246.28571850915196,-30.51132844819139,-46.60998658546523,-33.46158888834754,-68.71379933616676,-101.95577562807512,-242.58666560780256,-91.89225304455672,-114.79940617923734,-133.7145609434968,-160.97953408577752,-235.05108926877273,-239.22749609356325,-191.4571888274901,-213.5996403490363,-227.5058123630842,-161.92122096171917,-297.2726019651376,-116.9704347015703,-147.70897348680398,-178.91310924006277,-371.6290490971377,-205.06997400089975,-391.5608329248739,-222.62703779117345,-232.68701694485554,-428.80865029848536,-407.83915692874916,-360.86577582011125
-3 2 5,-15.184921545634184,-70.7119307266979,-16.43335187047905,-35.824991047470114,-70.05364943035784,-69.89986836267244,-26.768278154933462,-40.9915309676625,-15.060278655619612,-33.850311674263246,-69.82665131763675,-27.254823633339235,-36.40075543663531,-20.005857034943354,-34.94650869175184,-56.520293446918686,-69.53127579672311,-39.546516729326235,-58.1916912341671,-66.05123330080869,-57.65933359872419,-66.28004053421496,-68.42007265463792,-59.899401186198915,-61.84379665933099,-63.83869455271057,-56.925017964746594,-74.27377048460092,-48.420466558390295,-54.403381586405004,-58.4319156962199,-88.71038759602087,-61.358556851019436,-98.61310973398655,-62.45202434156593,-64.7013398241983,-47.449948696292736,-52.52123246097341,-13.945616964903637
-3 2 6,0.0,-0.0,-0.0,-0.0,198.08706259147343,184.68693040412336,18.379273791120124,26.864556333870905,7.394521012719132,23.35751685272306,165.59483612344067,12.371102028158498,13.20772606002505,12.530916606946466,31.149158427611273,39.942011973560994,141.7824222117254,50.7818747268212,42.71717345280707,27.061263713693236,23.284501222098427,89.08362944993392,115.35220741903858,39.95215982189171,50.086366300546985,66.45482710901003,34.23927448734843,-0.0,28.347580950375104,28.34946321463974,31.246049375410518,0.0,39.31733436416873,81.17707092004365,54.778332951991935,75.53395479856987,202.56793524524957,270.19260776636355,194.02513367415114
-3 3 1,0.0,0.0,-0.0,-0.0,144.22771965805697,126.57282162470115,12.343962348177174,10.98504796953406,9.991017028884796,13.401289507525622,101.01185112398993,13.61054309902849,15.766896855605939,10.115042972990137,22.378337479075203,28.696739578935514,69.43547763343398,27.340525734590866,22.678076115817024,10.642577455367167,-9.280907194747419,10.198753018659318,37.08933462258036,-14.50170558356452,-15.144251311620632,-7.3825147996961356,-7.602691595076571,-0.0,3.3376553400301967,-0.7478852924296492,-10.41408583483495,-0.0,-14.325312132821782,-0.0,-12.12664718538219,-0.0,-0.0,0.0,78.84967612930757
-3 3 2,-0.0,-41.034053786413885,-144.65684605331185,-177.14195850610255,-82.87292970127021,-90.40532600074555,-0.0,-29.23586202394452,18.40766389107989,-11.16194199598009,-101.47141144828296,13.67504517168208,11.71360385964199,0.31778589504309623,4.1476939297241895,-45.785272801737584,-115.60154150844689,-26.325850389906577,-67.37314750858518,-93.87763331940985,-125.50167714710408,-142.22456478709535,-130.49146766362188,-124.58539113327461,-140.90646207873064,-146.62094185223415,-99.59306254884213,-201.18928248306975,-53.83838616554684,-84.88929763967165,-113.16672245750313,-194.11286581785666,-134.67301450776003,-170.32860840098493,-146.5945421162349,-147.38225917136015,-130.00047148026147,-116.19391116707811,-46.69365355942171
-3 3 3,-138.58792433065827,-148.74106190776476,-99.88815793773806,-115.05200735283663,-75.06390011173282,-77.65923952231645,-33.75438176376839,-73.43649559832203,12.73649768556584,-53.99285650808623,-82.84829273804598,-1.325812252143848,-12.380950117252887,-16.10127902396546,-43.35609867258183,-122.7737241632714,-91.39417784512266,-103.93163244913886,-130.68045323002826,-134.47708802863136,-144.4437775521231,-113.93826991927881,-102.61194624190719,-120.7339155016989,-124.700945096417,-122.10305731216671,-110.67959333709592,-140.1589115163149,-89.9347001515842,-104.67031849805304,-116.57157232774091,-148.89297481726456,-123.88588326519792,-153.29776967688605,-124.59623014466759,-119.09802740050718,-112.80503740083554,-119.69417246856082,-71.72912657506927
-3 3 4,-0.0,-0.0,-0.0,0.0,-170.5897287834293,-163.19488207917695,-9.972546225059638,-16.799484516765766,13.219251579965643,-15.155061825281889,-150.69783264763902,2.581568128526208,-6.483966628979764,-3.506043931142774,-25.698908738462123,-41.33192447186162,-131.5402685557239,-44.94077968011343,-28.597358894598432,-20.212429588332466,-16.741703176206784,-75.70085711142522,-105.6000350504026,-17.85194086574147,-27.756557521494425,-47.75579918101285,-15.864379294053002,-0.0,-14.850756634536461,-12.875943122591885,-12.353277385368159,-0.0,-17.568622298623236,-21.680067237018633,-33.661060776668144,-58.92777709940938,-105.48394625869737,-71.70296272368753,-98.78920294706039
-3 3 5,83.50780659078926,33.26883263108791,20.21925143555384,3.466248539267343,9.15373017335504,24.77165916707121,29.973099562366766,58.7006760107761,23.213140544631216,42.587904766471254,45.379030741298976,27.911378678924592,27.89572345739375,20.740395742581477,32.35682817143854,69.15031861968667,67.50557850928867,52.39492224067771,95.00452472252846,109.74844568874022,119.37873062694443,99.28121955377705,86.50500288264527,101.17183925278252,105.34845396699423,105.18678308470625,93.12138493663974,0.0,74.3045912896831,86.57185530450418,95.11933903049552,0.0,101.01531885000254,-0.0,103.37685192123035,100.50274026605888,-0.0,0.0,0.0
-3 3 6,-0.0,-0.0,-0.0,-0.0,-109.0551556745021,-100.14323398195117,13.117962551805922,7.088676736011796,13.25356454786347,11.599206060787841,-88.93018615858365,17.662864423502562,19.29671064098112,11.875529834502718,21.642126446726785,5.866635596385998,-77.0786178108295,17.60328616736246,6.878073102510176,0.6127439932725333,-14.511025381566242,-55.041372230632575,-65.8452848574544,-22.808645647459493,-33.362328875274905,-44.17069367149255,-12.493924304873454,-0.0,0.0,-3.8878070410540904,-15.686387176339123,-0.0,-27.317924749875772,-15.67514425834884,-38.67257981781817,-49.383959056704526,-246.35154251287886,-207.17093315785834,-168.68566091471226
-2 1 1,0.0,0.0,0.0,0.0,88.14325602966657,83.87140614030966,20.1939077833682,39.450805578167845,12.443606857453231,29.049028652561123,81.14248304426879,19.179629076055452,23.43516361134147,12.944109175754729,28.770636255311672,48.10666409582644,82.84351727487397,41.41504300114207,53.48568516521864,56.9200215142681,66.19821013973193,94.18404265325762,88.70014935644377,82.23641917560374,90.63151697448565,95.058993503766,71.17075862754926,0.0,51.78573373446087,63.362006031078856,75.62858992113955,18.51854064353053,85.9407712056942,47.507736021489514,93.23571997241253,95.2179416694197,6.871313561038642,109.5800472267185,151.8401462151728
-2 1 2,0.0,0.0,0.0,0.0,98.1094567382007,100.45955601780304,9.512956443172037,27.58315475369488,3.7786234988209797,16.932798408858652,103.24700303479081,6.194895659114259,8.848456376013303,4.532912876800544,15.447596737405474,39.08515366404099,105.9110233103546,28.745852990577827,47.446577734843174,56.90313636926216,71.6760897999424,107.71760286676201,107.72587798989007,84.4561158954998,96.7795481476925,104.47524058397784,68.71899332486122,0.0,41.339963931355854,58.143181946376735,75.29754111650985,0.0,89.83213850113079,0.0,100.45368337277331,105.97657432254016,0.0,0.0,0.0
-2 1 3,-0.0,-0.0,-0.0,-0.0,-181.8444869957368,-172.45768089471133,-0.0,-5.3930675705250835,-6.111794308355958,-0.35264707262718237,-159.18114938015302,-9.524331433414416,-4.542318619644271,-0.0,-1.3755434067850731,-2.675971117278041,-142.87079659225296,2.218387310846963,-6.507973837134997,-8.72276919625004,-14.804547357112074,-106.76731398389879,-125.096166661255,-49.264873366789075,-68.1024220934315,-87.72905966952557,-33.096550561624035,-81.47554431053358,-13.014238856466697,-22.909854730820488,-37.71816085236635,-87.7717473244443,-56.47571093445462,-113.80382634931212,-77.25867003616752,-97.40487849051267,-128.52298190175884,-147.15694337185946,-160.5479413103082
-2 1 4,14.462712380178656,120.94190250126167,178.37646395272435,201.16050744450587,299.79703611722715,291.37364380760215,34.38500790998257,74.95265372656576,9.290408308503144,52.12184100192613,278.3505775325312,11.638680341222967,17.443010500941334,22.43595297556559,45.247164707634454,118.42233926872555,260.56150341332335,93.79000878662143,131.64094174745762,143.24602255525366,159.313337025409,219.25926086608692,239.80935627329768,165.18208704552367,183.87309401742814,200.9358825529255,142.66100211342348,252.73946251158608,101.42282460614064,130.14447762607267,155.30512410698546,250.23934705210027,176.3695243112556,270.3492389529551,193.49455256535003,210.71401675525556,251.3450428596193,238.53131654193098,309.9464916490951
-2 1 5,-6.837179143250731,-58.44966125027881,-14.817467083106385,-82.39185291455345,-115.95016110207128,-116.1370315371449,-19.028347681713992,-20.11206345731498,-18.889571664258753,-19.969964422811273,-114.87683121203702,-32.278767675922296,-39.21545068984399,-17.322274921528287,-26.878050426703425,-13.66312506049052,-110.34433533336816,-3.366486847063358,-15.094131926391812,-10.41956576693568,-18.922427098979107,-87.54082492682693,-101.15568997651225,-40.916385290628156,-54.98973711989787,-71.32092108616841,-30.852200633336025,-101.49806160776009,-22.610264700334806,-24.471702381948194,-32.26580911017041,-141.23746000043107,-45.45067382596333,-203.44344335051815,-62.888486417469885,-80.28194434113588,-181.05432649469492,-80.37940188975429,-76.15041513487722
-2 1 6,-0.0,-64.48748221418683,-85.66555879049076,-117.65077140302981,-68.57631769851785,-73.4176551341859,-6.665343424693032,-23.781276145182407,-0.808837921933861,-13.875589553915683,-80.79436049158366,-1.9866045439312046,-8.426551047258837,-2.145571530803845,-10.299501335489536,-40.56548890594502,-90.19194653764905,-23.527785032222027,-46.37298634447094,-52.031496572529264,-53.099362246975744,-105.32934632723418,-99.40418780652305,-86.82705178583649,-99.72545286574027,-105.7721206764903,-68.6466938727069,-171.01906678259735,-38.19206091104678,-56.77429542184379,-78.01114148015094,-171.32734006007715,-94.12551281940723,-129.63503919035213,-104.4316653898975,-107.21685764568346,-87.63969689078895,-12.058444055413549,-35.18642288530433
-2 2 1,0.0,39.387876163453214,63.87821276520689,82.7071585565143,53.63004771009296,67.35444292054142,4.244878161415413,40.93827551303037,-6.520485786719584,20.71854684338015,85.09001333164271,-8.342641073454443,-5.630279368783728,-0.0,9.637630975830689,68.9555661035781,103.40832855704109,47.5387076423957,78.39958176659282,92.05144918478294,109.41409895921964,126.1261031712858,117.94481536526163,110.947216406039,122.33193914386354,127.51644551944611,94.5549775591726,100.93775769295628,62.39425658406933,83.45774525944195,101.24513944026364,112.77647251480091,115.68030215894923,127.02175891976847,124.60921374424431,127.4942560599828,101.39724153008527,69.50289277159315,1.1946210845739451
-2 2 2,0.0,0.0,0.0,0.0,44.18338748415436,36.22964815538847,15.304996361311074,19.712463801427873,12.19042821464308,18.92094460330268,25.235537581028556,6.666137852535798,13.244607400400916,12.165988240468012,22.67239628900254,48.368418676714306,12.821522115577514,36.12947970198179,53.282510102327265,52.3998340825036,37.55947819270587,-8.035063413735495,1.2523722255182395,-12.314529346710358,-16.413258039430406,-14.34231368966389,-1.78009801184908,0.0,13.961946976032296,1.5753512855067453,-6.359920375074611,0.0,-13.2453686888806,0.0,-14.183522152417002,-9.417113583422744,19.159205247582932,58.40828748264232,165.5397326659801
-2 2 3,129.03866941084755,126.42492177963905,92.22304416563256,64.34446996346966,95.95453412690006,94.65422380294812,67.35929661259166,83.45772885831576,55.99873001813468,76.36193120641913,92.89367270861516,65.32535895672471,70.92323412821705,57.37394565065858,81.05745680273036,100.09137670988652,90.82205338842624,95.19062521037998,99.80403294682793,96.72514828266146,101.71171855577433,87.76066052965584,88.96139038570576,86.31882665046491,86.44430373665405,87.02586691247018,86.78014751257327,42.03590228080231,87.28633999708839,87.72355399685111,86.17614538502276,37.762348252174846,85.82175782666886,53.60264390674628,85.39870735342596,85.46218545694056,46.9037535386089,50.76792137971004,44.40213727689818
-2 2 4,-0.0,-0.0,-0.0,-12.120343356134587,-45.154561717032266,-51.312285828607,2.9450372450768625,-8.134039249115412,28.333788502032075,-0.0,-59.37927117270741,19.840549254700935,14.739698615707313,7.12306845432605,12.744868888904092,-24.924842990606795,-67.85989968885313,1.4540338633451821,-48.22777104674264,-66.79118633511676,-77.35844597944359,-78.57370959087734,-74.83460590305317,-60.301870383563596,-71.17372653336211,-77.55474139901217,-46.704018546861576,-0.9358401174973746,-22.303515791885285,-37.56380476679328,-52.20471747272027,-0.0,-65.07334262170149,-4.929564723965254,-74.58606646523033,-78.3888413930911,-0.0,0.0,27.527362103930056
-2 2 5,-0.0,-0.0,-0.0,-0.0,75.39475621764358,63.67520212142851,-7.981461033687865,-6.0558305217856265,1.4823981845976157,-7.485292584197948,48.14619344200941,-11.345031075736438,-22.016617895158447,-7.241759144283761,-21.92746795321405,-7.695859213119585,31.41094423648983,-8.038296614917172,-4.018759900446219,1.1047161848068416,12.96724483658028,7.905243045769361,17.231592719397288,-2.4953647289328993,-0.1755796380834959,2.81976507574476,-4.441805378855945,-0.0,-3.832010089160175,-3.0666524416902177,-2.6235592341442273,-0.0,-1.0654284757141328,0.0,-0.0,2.7651173523745753,0.30738742818348824,59.94930092534529,15.127952680687564
-2 2 6,-0.0,-0.0,-15.254584417914597,-6.867774715651209,-182.51128783809457,-168.88482065221476,16.43461452093473,13.580185143561646,11.203508889699355,17.07359283105547,-148.49735636250512,15.675574073256831,14.17151596951029,12.680542845076493,26.446416126500015,19.651281263568134,-122.15475429813796,43.92051937264577,11.350783077022173,3.7307754009399554,4.4365523319823925,-66.13494188238992,-93.20171110847946,-13.662527508242073,-27.067140979672633,-44.024650453062925,-2.485344984930431,-0.0,6.292793293597666,0.0,-6.609659292051452,-0.0,-18.23337529276288,-86.26312175302031,-31.82911737956638,-51.45815534272899,-145.92295679894545,-287.90487534450807,-248.03084414364858
-2 3 1,-0.0,-0.0,-0.0,-0.0,-71.00487890028839,-68.1701991132675,-4.170368070696022,-15.167810941541271,-0.48914717782019945,-9.664992856474626,-62.55017537280312,-8.749097358876448,-8.938716470859784,-0.0,-8.745522420115133,-25.4052318227373,-53.159041513337705,-16.760642683069673,-31.437499947246387,-34.54925026209464,-23.391972754614486,-29.475610702763937,-40.995845696648125,-21.919982035157844,-20.373934712929874,-22.22007095440026,-23.518639951103165,-0.0,-20.521747706603357,-22.804627908279038,-22.08794728129873,0.0,-19.996326868187484,-0.0,-20.013754787242156,-23.99753598826759,-23.21982153064189,-19.47162673630758,-0.0
-2 3 2,0.0,57.109227291439396,154.54715512116815,228.8970229191845,384.5414118238712,364.73170637007064,30.166691170245386,60.697265686688866,22.013532208437166,41.62146632026284,338.4799407120416,18.956959501902883,26.35796137861559,24.27682971411165,41.170582320978426,73.10948299621312,309.53609984645004,53.706288722781395,88.81779325102549,110.65341878787389,151.84585889956915,255.5542712044822,281.6809378641193,170.48019758003184,201.4490122826858,229.45282875333123,137.0705369493175,288.9898031009686,86.39245090223235,119.56698065532373,153.19585038101482,273.50446949116923,185.3911994077639,272.0398109636228,215.1780055318919,243.06830870014693,315.90945037831096,361.1771618886353,298.6531761235389
-2 3 3,-0.0,-0.0,-0.0,-0.0,-116.23360615732196,-102.27780815854628,0.0,-8.325015832278845,24.758169745653632,-1.9398113769841039,-84.4158442059492,17.882301209231073,14.484860662295544,4.811616963348482,3.635090897583833,-42.11987379462952,-65.89416078686189,-36.237073351749096,-38.651552037637984,-31.418318984980893,-26.610434954072723,-38.444372877278845,-50.169964013872054,-19.987150784850073,-23.832199805649143,-29.96309459641456,-18.27883558004622,0.0,-12.679453945544724,-15.537310427572365,-15.813771467589916,0.0,-18.484634930623805,0.0,-23.7672361396582,-30.519405661243596,0.0,19.69585039310997,-20.87616882851209
-2 3 4,-0.0,-0.0,-1.0732271311113089,-73.7180260611497,-194.76905990515607,-192.88254759672222,-0.0,-18.200122192568934,24.358567247744634,-6.4376579713087345,-188.53222386360093,17.187530276102198,10.009668802388829,0.0,-8.189855852598644,-40.86407282654073,-179.92557952021795,-33.45221357451298,-38.21690612641137,-35.62486329954659,-51.88244054371102,-147.69501733976338,-166.0440735795463,-85.82697702706628,-106.23655263863323,-127.07765636169606,-65.48028568971455,-102.62799435771275,-33.36769643849777,-53.32005159600859,-74.15109649962915,-106.76909566630924,-94.07083867114781,-125.94145351116272,-114.18251171774148,-136.21938605845145,-140.3229746934302,-218.5604710178035,-269.2702868241303
-2 3 5,109.6512888802803,187.95500014063416,231.99248312765096,353.20563667972874,383.7992538000396,380.1739062870015,22.52267184806825,56.49230931661495,21.374173638260025,35.55808630222932,372.502176543071,22.61098481117365,21.348918167115578,14.47184001747242,25.738923990656225,58.36704575330294,357.775747156113,42.00112014397823,79.06079234029693,98.60942252374382,131.30888022261476,300.88024954002884,333.79990105157134,180.39851437857112,220.97051027492887,261.9386571359331,140.60477426701445,435.58250415414403,86.17795228609918,121.41059592929564,161.66431347664775,515.8945973807394,202.12105501812948,599.7251478829561,243.88963611867263,284.28368177026107,629.3814683151654,664.2888368455843,597.1182294247355
-2 3 6,0.0,-0.0,-0.0,-0.0,22.62600227957777,18.48776200152353,9.850375210631023,6.621936074011241,11.906127875774397,9.943320800633115,11.796354523894074,14.293385876708676,14.282269358616226,7.767359357440161,16.016818311569754,11.38279560581275,1.9197936518237613,17.103874104603523,12.202217644008025,5.0762646063217245,-9.065969296220555,-25.686838240296012,-11.186943985624671,-33.834366052775415,-40.24716299426377,-37.02152574965051,-20.689603891433535,-0.0,0.0,-8.340928021013157,-24.271189821964967,-0.0,-35.68690654918579,-0.0,-39.23093758502819,-30.63642864271448,-0.0,-0.0,-0.0
-1 1 1,-0.0,-0.0,-0.0,-0.0,0.4717776633531233,-1.341222799668718,-0.0,-0.0,-0.6728776209664415,-0.0,-3.5295148751830223,-0.9742278329979746,-1.1650809371865203,-0.0,-2.950040896731948,-7.610950510354965,-5.492795539219492,-6.035399779999899,-8.301733300660944,-8.831690391883825,-8.816268214390286,-7.008263296796586,-6.68606506413042,-5.974370472906031,-6.280453881341848,-6.726771008212394,-5.7737533668828815,-0.0,-0.5921349605838083,-1.1633915684696388,-1.2942523012656497,-0.0,-1.484089518987885,-0.0,-1.6259829188328978,-2.128022516756587,0.0,0.0,0.0
-1 1 2,-0.0,-0.0,-0.0,-0.0,13.204203859223991,10.235818172622011,-0.0,-0.0,-0.17451510998583272,-0.0,5.828030399605107,-0.2751839766066118,-0.35494164939174444,-0.0,-1.095308496503363,-5.461299504918437,0.13210571390960169,-3.1697995532222065,-7.402495235103267,-9.760805858001893,-12.979689521568304,-11.497812379755503,-6.062643198590536,-14.472553837996713,-15.877069495852723,-14.973674405927905,-11.687415034918827,-0.0,-2.3598923736231097,-5.793372257467981,-9.087757534071056,-0.0,-11.215268713714476,-0.0,-11.63372720719333,-9.345905959722995,-0.0,-0.0,-0.0
-1 1 3,28.27780926209492,33.369509209090424,91.44314466995148,0.0,163.70318417510825,152.28727437173305,34.36427926344223,40.933490155047224,19.502721557425694,38.668141509714324,135.46208291275008,31.39844651948476,41.0888566226276,29.157927083896222,49.652600618001635,52.137409946429244,114.24973527992825,47.13600474241905,48.18850925905055,34.0223100986172,28.18519205961564,70.24914939906412,91.31797324209944,41.14034497714884,45.182920287581666,54.44014418720041,40.10893855328652,0.0,41.556447626373874,39.197914516235485,38.63413752514685,0.0,40.59270640035934,0.0,46.869717371412605,59.224767486643785,0.0,63.94253080593324,28.711250672012227
-1 1 4,196.54448249831637,175.58911697920718,167.36367388799727,170.93799255719463,-59.466446533467426,-64.1834656610785,80.35348018483725,96.8602161098231,47.81688217689344,91.01646120770548,-66.6437964046465,70.4480819613741,81.55527900627851,67.73883109315628,106.56784174789135,127.42050264931106,-61.45542863835138,122.48356366098082,121.10012945219265,111.49055579269509,91.42333501455528,-16.392025230626494,-44.262886044022586,65.43423030058612,43.366470409629024,15.168022936761897,81.52703305142725,127.22291183947186,96.66435887283336,90.2430339748191,76.57358726170276,64.79318778476971,57.2810390555917,0.0,31.589599034207794,0.6452675828371432,-0.0,-3.076793924937248,-39.458861882668664
-1 1 5,-0.0,-0.0,-0.0,-0.0,90.7715246064516,99.18511180811802,-10.712623590034081,-6.919740946023996,-14.585223442298194,-10.105945482807188,108.15024831888401,-24.391988013790183,-29.90423262591259,-9.344133944777763,-16.43032481308194,4.891432798388264,113.47633792664494,6.905566386394792,1.3431503090645844,12.329098155643603,17.524861218878755,99.64932461063954,111.00689024226841,40.292926468330506,61.023041434608714,81.75248952768231,21.405744861716673,0.0,-0.0,9.514195681235,27.195373564605962,50.82902645816987,47.31601788889642,91.5065837044802,70.02146684851397,90.16053749088425,112.70717364200053,62.2149074333254,22.32164798091165
-1 1 6,0.0,0.0,0.0,9.61912137891188,56.153098893446966,55.313343471525926,12.997264587965944,27.708878509163192,10.543817471661272,19.254131791008565,54.53374461819883,16.782097626079356,14.674082833330905,8.233435126673532,20.24831520882185,32.37702193180904,54.33444763764539,26.470314237723507,35.14313957514672,50.52342750485494,49.12661687422909,59.14657011233887,55.662744561108525,64.82200917045571,66.61306136196825,63.74598672814147,57.47324741199021,11.994573922674086,38.82233189376864,51.15804424769853,60.99436467492127,0.0,65.82436989087464,0.0,64.9924389557676,61.81507565242073,0.0,11.66668324031091,29.727441785834543
-1 2 1,-0.0,-0.0,-0.0,-0.0,-22.474904684760023,-25.285993702700434,-17.51616623121169,-32.205388740108496,-6.335721091264635,-24.369127837430714,-29.647973260588554,-12.378137483677003,-17.851203777255336,-11.794230224631269,-28.249319155256686,-43.60006986803075,-35.71604156655101,-36.8703055525686,-50.03832226014765,-52.38657712575503,-54.34435850606647,-51.19560738338032,-43.270240698786296,-57.503143076087085,-59.534866581894555,-57.28270823332771,-52.09115192948102,-0.0,-40.61412416605711,-48.263009049979374,-54.408965486531315,-0.0,-58.10646714126387,-0.0,-58.08807478469261,-53.20503897549899,-0.0,0.0,0.0
-1 2 2,0.0,0.0,0.0,0.0,20.566418639332678,28.353000934411092,-0.0,0.7410779609828565,-1.754040812205924,0.0,38.09469762402627,-14.553786413377015,-8.501994865013364,-0.0,-6.142917753838661,14.775597938035792,47.048545670225835,7.529010677602124,17.39317113111252,17.877168781982142,34.69647780257661,50.665791826582385,51.73471864941135,32.90020207255129,39.39327298924569,45.59767474815875,25.102407564187224,20.878203204049587,7.946754197042022,17.75973388311707,25.539139928001116,51.214463024759375,32.463829128806296,67.8079465788638,38.94545709829276,44.46153071107114,37.71555028323714,6.560127390298213,-0.0
-1 2 3,-0.0,-97.72916227142724,-175.98873360578418,-174.62041857145184,-91.9300019328361,-99.35471074721717,-1.2184015758044022,-34.20636968581819,9.013720111194614,-16.211626100113197,-108.77846950233953,0.614912840610108,5.287361652031649,1.2268123553028474,4.132598666990197,-59.44085555880441,-117.72682209247041,-37.10793847321856,-75.23679471935424,-89.4368576876932,-89.56222634687981,-121.41616908419921,-122.68384559151995,-93.07919165662653,-104.60338075228415,-114.57368087717829,-79.66209306218596,-175.16439018159258,-54.103885001947724,-72.27502454525265,-86.79634409672147,-176.7586754896632,-99.34089900205431,-181.77221224953803,-110.33545147477484,-118.54639982679481,-147.890495734878,-71.33734786997593,-88.99129689707843
-1 2 4,76.85899565171023,77.4567485521936,83.81820357297764,105.642026093505,66.97294208915281,83.47334374386044,67.21508979918235,92.37314171800412,52.779762341929,79.27036700429137,105.06283858128249,63.232173950908454,68.58444318067211,54.89839539537558,90.1047668669071,105.70182457932107,127.81545231174869,106.01375175154372,104.32096683200147,103.89819108533926,106.83800110494525,157.755878356204,146.52003645684937,144.76599090903972,155.9007348616327,160.6751365597087,129.6862203484039,136.24555948692705,107.31357061450733,122.18520276908724,137.79658672718978,173.27309918082526,150.94753974101744,195.48901650322404,159.71315546183482,160.98075353251664,147.66053764212975,129.73348298618444,130.62325814525533
-1 2 5,-0.0,-36.86055498689291,-85.51457852156653,-64.23947184906325,-154.43633619809515,-156.70085827192742,-15.218173072471604,-46.79956608723132,2.9805774394803364,-28.32448264112554,-160.30219235746134,-5.846032458164283,-17.396312364604906,-6.549535572788268,-25.285884455565483,-60.055257001547545,-165.04717009716188,-41.73633450977026,-76.76983058839936,-82.22331909291884,-107.67517079354506,-171.68996649505362,-169.61976146279287,-140.7654119308913,-158.87153988412825,-168.78681407173258,-115.46318085461733,-77.39577816863864,-70.7648110546741,-99.19857806931141,-127.6141818720936,-114.79090579319278,-150.04808346856436,-107.52302840777935,-163.31048065797833,-168.69981319168946,-99.07119388288936,-99.77004136558911,-103.30232618137136
-1 2 6,0.0,0.0,0.0,0.0,18.778359945701027,22.21904533550951,5.63916455331898,10.28088171096597,3.5493158608777247,9.019377172050879,27.0841192261133,6.117720546468493,3.3844209125504636,1.7292472204416958,11.799044377914017,22.71438736921993,32.37454126456214,27.702437586762848,10.206477889460837,8.709143814269344,4.437619273074864,35.51942850988614,35.86464305207702,18.74031046487292,24.983065775532186,31.318516799673738,14.584784454593574,0.0,11.220197461914829,12.180540962592437,15.491232949226477,0.0,21.5535701699488,0.0,26.97363241585937,31.144397784679402,0.0,0.0,0.0
-1 3 1,-0.0,0.0,0.0,0.0,43.69163552703245,38.018790414796904,-7.739153953571266,-7.432072884087737,-6.2859274838872174,-8.687278179462382,30.517363513985583,-15.813905000112005,-15.984225075098463,-5.162827632006265,-15.79276680461462,-11.766152236186906,22.875597910047418,-12.038930898919691,-11.576189146096187,-9.04137463388691,11.11254561700158,16.74058890156445,17.85111777476043,11.852063210078914,16.279612382829608,17.383890780711486,4.8686097746032155,0.0,-3.092919255592253,0.0,6.441199190956455,0.0,12.983209723470635,0.0,16.434021772553706,16.318717651249635,0.0,-0.0,0.0
-1 3 2,-0.0,-0.0,-0.0,-4.268181587490343,-137.84146199292147,-121.24896997759336,-4.358906271558865,-17.140744596519404,3.045135340883281,-11.558610416811971,-98.8836364446906,-9.98827461549703,-7.836297418160155,-0.0,-6.220770632973133,-31.418886807329773,-74.21406644965492,-26.348256988247414,-34.67825201730049,-34.804945050233776,-20.52438838782766,-36.00537979025204,-52.19057197901281,-19.75436510061062,-20.922108669063586,-25.96543594025162,-21.130235097504613,-16.27598468092896,-20.19367171736647,-19.67467057681235,-19.23978282392439,-0.1705581033518512,-19.220192143888394,-0.0,-20.854264312613196,-28.416725817466524,-0.0,-59.04317059095713,-132.7118295711841
-1 3 3,-0.0,0.0,-0.0,-0.0,120.96197850807967,110.82572085888403,-0.0,3.892681674101897,5.861276220425849,0.0,97.41540540431133,-6.5125440884047645,-6.426130190400809,-0.0,-2.73419496471148,11.418760825896298,82.7595580160086,-4.193738442583972,26.0210205584717,42.44215965169409,53.58303233582796,60.025686454845285,69.6581093736338,47.11659550513518,50.90320129571403,54.21824418915859,39.74137428762446,-0.0,17.08375681399509,30.28123699534777,40.19514492683496,-0.0,46.18820193905532,0.0,49.203822868003144,52.893690172898474,0.0,0.0,51.221468838050725
-1 3 4,0.0,0.0,-0.0,0.0,267.0817270436404,253.4239675096576,-0.0,-0.18016744005421303,19.280251739034547,-0.4889439988973997,233.45667769410122,13.272398530564653,8.086925297399752,0.0,-5.982440657111722,-28.574035150939373,207.3798723372667,-25.63995190825567,-23.674123181240265,-9.82872116620129,2.2505628406865057,143.5467087778792,176.62203492762563,55.011696297880725,81.63338282542583,111.16716639616641,31.134041537396158,0.0,0.158217273984899,16.220844150233493,39.42536441565563,0.0,64.71210898508085,12.68766508181575,92.57750509003847,124.50205791551961,88.6515399905272,88.63033344204578,172.05317090563378
-1 3 5,0.0,37.7338168059469,41.96159874999273,32.317132879695826,-14.666051871528008,-9.510243031500199,17.34482630868601,42.86265808486693,13.80806856337064,28.722992223399917,-1.9218097799382747,14.67316266756589,14.399074592045139,9.349243709089983,22.34689986444097,58.34633529175535,8.58610810891993,43.63920058191335,68.55492854091182,77.19866954481205,83.51630500113961,39.045645974410114,22.433376740353214,73.49789355465572,67.9889650914616,55.588976412841554,71.62061731815409,8.597632886368212,58.02289699387869,68.39381680265255,74.36726994462464,0.0,73.08659934791017,0.0,63.539529703715566,48.17166548600586,0.0,0.0,0.0
-1 3 6,0.0,0.0,0.0,-0.0,0.7832898209541842,0.8703947504329597,7.067291919164329,17.317114894431658,7.651132014989144,12.457968343166943,1.0887014578073355,8.22707410121793,7.968887791740175,2.7034885702503915,12.088537373579952,30.33341129814656,1.6415475582776486,23.889455214515774,34.033998422754884,31.03089592260361,24.53348341200795,3.7839794246954064,2.574529672332088,13.038482982269851,8.598532479804337,5.554660938770237,17.78782976279651,-0.0,20.189436136741257,16.63816998990919,12.281172461007085,-0.0,7.1918518271532035,-0.0,2.735429410398758,0.6849070189782082,-0.0,-0.0,-0.0
1 1 1,-0.0,-0.0,-0.0,-0.0,-48.13424768236847,-43.37368686168551,-0.0,-2.998683595459367,-2.1693237652376425,-1.048998230724772,-37.86772704865271,-3.3836828278832614,-3.6910169320764825,-0.0,-5.055321098516485,-8.984332949280665,-33.089744268022635,-7.20124560436599,-10.047562991070995,-11.60284464986514,-15.051307096951659,-27.978878642672935,-29.977459800528326,-19.19146790984339,-22.906412929617126,-25.86628000876979,-15.274085747202028,-0.0,-5.708775174382926,-9.127239011149193,-13.108185550284063,-0.0,-17.205119293628222,-0.0,-20.823480582985255,-23.31647119873954,-0.0,-0.0,-0.0
1 1 2,-30.410310780672454,-40.25544566266816,-77.47824419083645,-79.37883231685035,-260.4669045113409,-256.56477303696016,-48.36095046930342,-56.79681687122966,-39.392250631918735,-52.9579726983136,-248.75590660237347,-56.11746894049608,-54.3792434765554,-42.307924177296954,-44.20600724142327,-74.09695341591997,-234.7975916264847,-60.58234203234074,-78.73089610744164,-80.32330610744461,-93.04118939414937,-185.10410306126,-213.13173500836047,-105.21102251382936,-128.2783687568681,-155.3635221922256,-86.05652800813598,-91.26175282100174,-64.6238507674095,-76.50939419466314,-93.85341403101386,-125.85977339701918,-115.91574653963345,-188.1152871275551,-140.5486141490441,-170.5447507763447,-233.5305209588348,-300.2527973173794,-276.0058272136074
1 1 3,-42.2071594883594,-133.80640512523885,-202.40429680850642,-204.6006172470384,-60.9786760828084,-62.67219751852446,-1.2026851822754896,-39.24388148025251,-0.4312312831460544,-17.259428561363418,-66.66011423506583,1.8268318357143896,6.092520205597268,0.0,2.139029517953781,-62.460305538289646,-74.03107503257894,-46.68686216026884,-73.69296015469834,-86.49162924134788,-100.71294702881801,-96.51001562835965,-84.65545619527097,-108.82025930234704,-111.48503879955588,-106.48392429740336,-96.99089309746326,-167.93934734664572,-63.71100882551224,-87.9428622293138,-105.44910020741095,-109.90131364403359,-112.77188819513313,-60.0664547625329,-110.24347643694188,-101.24801305816028,-33.002579648838974,-12.738513668449999,-6.527925161491053
1 1 4,0.0,0.0,0.0,0.0,-108.87145291835752,-93.88066348849205,19.82697028704911,13.986224772905238,7.835205706225494,18.141896678797426,-74.91574993353453,19.228581819127868,26.829707339314428,20.546299888872458,50.622911067246406,9.660312893778944,-56.10740328290589,13.994908770559059,-4.464424986126332,-5.924838352671999,6.349374934687427,-34.71647700810184,-42.191089093814625,-18.272001528123273,-26.52393267460993,-31.02102029129662,-7.072502068126651,0.0,7.275836810524693,-0.0,-10.532359048648745,0.0,-20.688053003827815,-0.0,-26.913514102480367,-30.800646346698127,-34.724800347136075,-56.60684743485481,-94.75438805591547
1 1 5,-0.0,-0.0,-0.0,-5.65278033557525,-11.986977931482365,-16.57749800539229,-1.5739526275806046,-20.880132534819662,-1.2688716426403297,-11.556433195010987,-21.924992079619216,2.3502394079209012,-0.885272788161815,0.0,3.09466338772086,-54.39660014149056,-26.20923136054601,-36.82786534998356,-61.34208815591339,-50.107960570715235,-44.867296213886775,-26.330715776294543,-27.698068966166396,-23.09250461653846,-22.229821096248745,-23.78384860633988,-26.069738028949438,-0.0,-25.780735098662173,-26.613320669042036,-24.73544876470696,-0.0,-22.655635913235905,-0.0,-23.249218317641443,-26.475275271216628,-10.328943786045855,0.0,0.0
1 1 6,-0.0,-0.0,-0.0,0.0,-71.19361228100239,-65.64115831188873,-2.739490483081361,-10.354551067924463,-4.1440537887483355,-5.811490236583649,-58.104394925397045,-5.371836318561045,-9.272879714433042,-0.2784363461043436,-7.8549424649884205,-11.023412317283949,-49.452715027985185,-12.68744688435068,-17.773147179616082,-14.531970942680452,-29.99675336428669,-36.02739170834685,-41.55738042347397,-29.402924477132977,-31.121001224910685,-32.900759459161506,-26.477791852151178,-0.0,-16.06779755729045,-20.564752641776558,-25.4883302126359,-0.0,-28.830248855184223,-0.0,-31.774169648190917,-32.59463760761662,-0.0,-0.0,0.0
1 2 1,-0.0,-23.437906245306873,-41.21196368849835,-54.46154794967369,-175.75020490733723,-180.700083932793,-20.80496629474105,-40.49015330338937,-8.04605010450412,-29.014556535702532,-184.8762015442607,-19.391568162022892,-20.44865261483631,-14.11426171866747,-19.073382348511267,-56.36485523385164,-184.71467498067975,-33.64618289566995,-75.26695978514502,-94.59972475839447,-110.30687026639103,-162.79455335381323,-177.32960155536196,-102.43774057588925,-122.55253698722892,-143.52569883685086,-84.07903380944646,-72.68522287759667,-55.46408639704764,-72.82714039171216,-91.04666492693455,-136.3469085100035,-110.54933498451106,-185.90481568419895,-131.7769549031388,-153.44812400593509,-205.2111410811962,-212.04565981084605,-199.75906486761193
1 2 2,0.0,0.0,0.0,24.07527937635369,-19.455873569620774,-17.336174298031576,-7.42686276092379,7.3900027315779395,-17.720216222367604,-0.0,-15.060911870381242,-34.01889197495108,-28.749448360824623,-13.671153741078824,-7.316382051622202,41.206481281988076,-13.153878635635929,35.80357551060334,42.60149817364859,37.12759370745984,8.015368811170333,-8.098143450962931,-11.296192961116768,11.015408133923632,4.275227414485942,-2.65022534260367,15.927880412397618,22.70988848090046,15.057493520963986,18.34415004069583,15.447946770062657,6.801051918739044,9.314345234950425,0.0,2.364010973458936,-2.7401621859240644,-0.0,-0.0,-0.0
1 2 3,6.257341419202419,106.03919362478678,148.74889401294314,158.47254381977754,123.14091526737039,126.28572999602338,11.618490959925783,44.606545716218015,-4.363156970990137,25.685170706775402,130.45911395115294,-14.904104123023982,-5.757298633945356,3.9229318746165256,26.43132284545053,82.67487481078076,134.74197326099167,58.22356435174191,95.94354836900156,103.73541157475897,104.24411190925176,137.60197830092724,137.6896213731254,107.69736557182887,122.476766592317,132.77850373878806,90.44967685479398,127.69662502756262,62.715278268161036,80.9667505848956,98.19920872660055,130.09098583776688,115.60157728824242,148.2470808038486,129.2394407579399,136.47087055675607,142.2879260582979,94.79811177864087,83.49723478209687
1 2 4,128.17048738122713,163.33838534131314,233.4885998554141,241.72478142015748,227.92939270805005,226.63289108267722,29.632075778057445,58.60509528352982,21.040973569685686,41.14884669220311,224.63717326161222,22.488082551223936,24.57925881610778,22.124630873316942,43.51184164028446,60.13903368692281,221.53676808862554,47.37345591929551,72.31301094907539,90.86579612881185,129.6436205742142,209.68985248751122,216.74023210624793,163.50725501136262,185.32091904374062,199.78293348737054,133.69954021941916,238.91572083021995,84.14416573636952,115.80347041510407,148.7370524451404,222.19889749556114,175.03264685835265,202.98372325110014,194.1220289867457,207.08815945498816,257.21663277636594,284.06060094554016,303.570110429423
1 2 5,13.344446293834318,51.565036537936635,40.99033489409817,7.2907234682322,43.28746645562582,39.69907371701966,9.643325080982708,32.829964475597166,4.06251599151121,19.851644389520388,35.528755834883675,5.673407563420006,2.7056911703974,2.6303949577913763,14.949684207387882,51.97608075324436,32.63872239422953,36.44540092349013,52.62793954190694,65.35967686873481,79.07743428015573,39.547678005236556,33.481285059461456,67.37087060736853,60.962373568805006,49.945426631771504,65.52970839126284,0.0,48.18336012879937,61.18189426728836,66.4428204994629,0.0,63.819685369506715,0.0,53.934854295247504,42.700027270698605,0.0,-0.0,-0.0
1 2 6,0.0,0.0,0.0,0.0,62.86082342508615,63.321372291673256,1.005883969076903,8.99652298683821,1.6841282788558305,4.596340019082979,63.784872871351695,2.3296882255020583,0.671724235665182,0.0,8.977384090526092,20.75743133387783,63.87101791302658,16.523154327524345,14.642013927338422,15.62682073692785,11.595427274877897,60.372271290900876,63.00849452505835,38.08037136973458,47.316959277009865,55.131257140696775,28.883348394263706,0.0,15.3278642696748,22.86333402755154,32.48756177018771,17.25375579673665,43.42211685907525,4.441262260535847,51.95146319944731,58.09604789507459,0.0,0.0,49.73613086511987
1 3 1,-25.129664384196495,-76.96129557119762,-0.0,-0.0,-87.5926720534549,-76.6935261339278,-17.44785145549463,-34.617744691687406,-7.734378115349675,-25.078777411959944,-62.96951501008542,-15.503762934982388,-17.99803236763717,-11.47845933897135,-21.973267588310293,-45.76937906840946,-49.18294713889562,-32.79153665514537,-56.92782684994353,-68.00528420082038,-77.352531274835,-33.92851963620309,-38.78677574493814,-46.135872418489626,-39.87384136083855,-34.79426634163528,-49.621323920494284,-0.0,-43.23422618474818,-48.0449709183053,-47.36693256779627,0.0,-41.46971980835041,0.0,-33.98891751426639,-30.803644806915038,0.0,-0.0,-35.8375092278051
1 3 2,-0.0,-0.0,-0.0,0.0,104.19925877093094,97.14917747890244,-8.189714017077307,-0.7498118744780959,-4.562575778588837,-5.8670405747828545,87.4450232900974,-16.537020817245416,-17.643358525194135,-7.509330894390011,-12.959859497102501,1.8205543469878829,75.79027074332801,-5.518112632135523,8.60741085753416,17.148710415771376,17.995757943516974,51.14087214594593,63.27174878168878,22.546423276047204,31.26581955351419,40.50778747283361,14.287927916281651,17.55387623786992,0.0,8.33910208552654,16.968888244045758,66.77688629882792,25.972667024528086,71.61935004827248,34.20794956030273,44.99884094855578,78.58664287280824,132.56330925966597,164.56390677649242
1 3 3,-0.0,-17.105742802393873,-99.82745894330135,-86.24999256337209,-89.44247855725652,-85.55974606291123,-12.080905407222575,-25.10577585501695,1.5426313688744444,-17.988089339976455,-80.64638114245852,-11.295184146558421,-14.709030299020123,-6.406688431310858,-17.937711055342806,-34.86497734708357,-75.75834626790491,-24.284679777456734,-37.40377901766857,-34.105800572892136,-52.89273515209305,-71.54969977831874,-72.33769866743053,-68.12574791891,-73.3669645702112,-73.0278575040332,-56.62876092636365,-64.42042316763583,-34.40512164713841,-47.56824798609282,-61.73392104115267,-43.74432722010826,-70.53568605872233,-11.916503407632115,-73.47528974969171,-72.54413993969209,-40.95066504499843,-87.43047628789986,-128.4193128155281
1 3 4,-0.0,-0.0,-0.0,-44.68465533563479,-277.7316583056593,-270.7757815596804,-6.316389114482394,-23.61105371268148,4.481702234157198,-13.749216865292501,-259.49026234730235,-1.6928157801476604,-5.907380773615055,-0.6044107915809245,-13.859893990127638,-38.798414557754626,-242.5127636484639,-30.545663599902735,-41.22817779881427,-41.36390650862922,-57.08088639383518,-187.83157218546702,-218.57919064781413,-92.09397798493204,-120.52233970168314,-153.4863379386094,-68.3463736811343,-105.64575633290085,-36.73614425303967,-54.7690028955925,-78.34548195284657,-173.01083789663295,-106.08834881723436,-237.02539814165198,-137.5990181403345,-172.6693856228995,-296.9850774060345,-297.62597158711526,-392.95452566606724
1 3 5,0.0,0.0,0.0,-0.0,-162.06653507339414,-160.42858964945654,9.56210551318545,19.502429059878413,6.909264631793613,15.769527903027997,-156.7200672303445,7.28905455007022,7.379423202982421,4.164798691470378,13.968639576442188,39.60927395645334,-149.1186986705492,28.589784170197923,46.477165869714646,48.43296037742893,34.5434565122481,-117.23809421321634,-136.08084160146706,-37.8537391925612,-66.34332607950502,-93.46614943644254,-11.191169193706475,-0.0,15.34576036668548,0.0,-17.853689664546803,-18.42219008707618,-47.27511195785704,-69.9994712954649,-76.28587159718779,-102.50370721691323,-109.26212352447585,-129.14907853602995,-121.79273807142094
1 3 6,0.0,0.0,-0.0,-0.0,-54.67118535105763,-56.34539196082692,6.033691828488543,6.530348216231338,5.39267504594304,7.923052319270189,-58.847877271751514,7.127672098067629,8.174370699976826,3.012272692150345,13.803556791310875,21.650358388338873,-61.97307259216566,21.251281885484936,18.56322889657936,9.52404525062479,-9.894944098840456,-63.646351196737164,-64.3464460554978,-33.43556546090068,-47.55319869460796,-58.084109209759816,-17.87574038157429,-0.0,0.0,-4.910681608416013,-21.435750060188866,-0.0,-36.92135520864349,0.0,-48.92467004656293,-56.626658874737046,-0.0,0.0,0.0
2 1 1,-0.0,-0.0,-0.0,-0.0,64.23797313665223,52.20563910634795,-0.0,-3.6726849243400737,-1.3735249644217231,-1.6550576725629838,38.71335414352832,-2.127951994334624,-2.7163108236007893,-0.0,-3.1451185265497146,-13.772505133584641,27.72282636932752,-10.069408482872102,-15.780949062086494,-16.60862936989152,-14.548764097168798,17.00238350643903,21.27375393667956,-3.251595232312773,3.833562842946742,11.380065136645987,-7.556120007359911,-0.0,-4.891489322890402,-5.278499869991182,-2.266597070938692,0.0,-0.0,0.0,3.8142573308752046,10.143595555323481,0.0,0.0,8.633363027562268
2 1 2,0.0,0.0,0.0,0.0,90.72251061934709,76.43633350332252,21.011181436121444,17.384787337515252,23.533037117475846,20.97865346532427,57.95052836048637,31.58504497008609,32.19961579078172,18.946630049375628,21.984735041311303,26.650383700720365,38.54480391800412,25.345445905799973,22.115294368262163,8.499445740850408,-5.3245129651989,9.532243750196653,21.82433850311406,2.046771214669726,0.02437740934521964,2.2226902749282513,6.6350414150024815,0.0,13.57371602067262,7.76705902117216,1.7436055904333618,0.0,0.0,15.25580383395487,0.0,3.498007133883071,36.0152852660387,66.28992200619412,81.68015855723057
2 1 3,-0.0,0.0,0.0,0.0,100.30831754647792,89.15737491106024,-13.62659114750335,5.759245246664283,-30.67762573099341,-3.1333464324789584,74.99352689654543,-35.27064229090307,-32.033472707266625,-18.64229288271796,2.9302933576627557,12.147669879718407,60.71504402344885,-3.6516917663564303,32.531627323170156,50.528898095554176,50.21438195893922,41.77313409068324,49.324537956546685,33.44054911494336,35.015358902325154,37.36435875891435,30.884499507791446,9.370942339033261,18.79993367496923,27.317726185509244,31.82570088904224,15.860657748726512,33.991974190452154,12.730000440004929,35.146226592823076,38.00534110747858,0.7197216789639669,28.798015147643554,61.99555004874055
2 1 4,0.0,-0.0,-0.0,-0.0,77.44302919330723,77.99669739088633,20.937598072779046,14.069343714307772,12.532927479520257,17.558379731398425,77.13532955953455,27.216488409641105,30.460661387346022,21.298619426155526,46.366780309997274,-9.918258188625812,72.55339215464883,-2.990526791299395,-2.9765560708372742,11.844441837116396,17.370338965159355,48.13327381188567,62.546118634187955,13.442031269207508,21.06164150313757,33.069043818172005,9.897730025942542,0.0,8.977203777327235,5.61756716452777,7.315818089830352,9.024794090131186,13.880086247272445,55.2527131213633,24.21587423432761,38.24305045173372,86.6019027556077,59.440705454000486,94.35709078256409
2 1 5,0.0,-0.0,-0.0,-0.0,-81.66458538747847,-76.51362816896813,-0.0,-4.457805342222878,-7.062668270951925,-0.0,-68.81006835100952,-4.243314230323769,-5.952411051435726,-0.0,4.564023226029652,-5.267707070134467,-59.06145698218565,-7.271333913590844,-12.43691566609595,-17.488521002238507,-29.555706575727676,-39.10558935401397,-48.619667792831834,-24.7479867289788,-27.29383460960694,-31.81162190620252,-21.96783670126416,-0.0,-10.738363286733076,-17.744674396100457,-22.68414149169226,-28.83753178598487,-25.241497589707553,-60.91615782971479,-28.450538845384987,-34.31072754857468,-83.1499956232527,-59.809952777907604,-76.71158899198585
2 1 6,0.0,-0.0,-0.0,-6.945664869290649,-72.4841697639464,-76.91025734047204,-0.0,-13.224279858725868,-2.618396528613518,-4.863823347851435,-83.03241359449618,-1.067832111821261,-1.4139967097358017,-0.0,2.204403790382023,-22.886543697081475,-89.56599855445072,-14.904169866247953,-34.25573719650353,-48.49635017388512,-63.877162369355396,-96.99526266305129,-94.81452805013298,-68.57391312470702,-84.04248771304653,-93.90247589046423,-51.16113677062974,-59.17475333700563,-25.090308860492208,-40.36986665337197,-57.83570635208387,-65.67471769542045,-75.96492418605078,-11.94483415786073,-89.21249822791626,-96.21847012709915,-18.20380685510761,-0.0,-64.65373902732249
2 2 1,0.0,0.0,0.0,0.0,156.67650708937094,147.7956081220136,2.3061813143033967,8.846038525657208,2.7849658806232633,4.986153683914091,135.14495617369914,4.839745629697979,5.4117740360344,0.2647165584606788,5.940898840706328,17.317534976849185,119.53565383313006,12.57559704857392,20.472365124529922,23.685425022446616,27.35064437395792,83.31943067685073,102.01196543622501,36.39846718592419,48.8080893972412,64.85482712388138,27.124609757621286,0.0,13.680311191059342,20.60417670186962,29.36726946942515,0.0,40.45464561019098,0.0,54.2424290106414,71.90921295676517,0.0,0.0,0.0
2 2 2,0.0,40.69325365932563,138.343398563059,153.55522877925006,24.605824889040356,35.214617702340256,20.14096894142139,57.006875390709844,8.388842109311472,35.86051766812737,49.275798611977464,13.410231588227015,17.677477269590025,10.161996628464042,26.910969425034835,75.04567699711157,65.69183569932498,50.05419488330069,100.25068521252135,120.2732890496824,132.06869308870236,99.7559280350652,82.94752732802469,122.5534380810881,123.00088898983486,114.23495643638087,111.88544245311508,157.48032222119323,81.38490109880013,102.39579991831657,118.23144011630201,149.51334835497343,124.7097852367817,124.43017012362462,121.27770894137397,108.97500818125211,88.46138420027894,111.47255224318909,60.84935060347355
2 2 3,-128.7116276174529,-188.9204171976076,-225.36614351783783,-255.92017726349366,-245.57584258178093,-240.29805312633943,-30.024957019873522,-68.2459158712816,-10.473105429751397,-46.21978607152754,-233.0309440008519,-27.644527143745993,-33.3856246556837,-17.821883981640973,-31.39292447416001,-80.02728288728832,-224.4860107851382,-54.05731750861463,-108.08818693610725,-129.91822216116,-157.10233443190643,-206.803149597754,-215.7464486015145,-160.69570417893888,-180.7759317345883,-195.85109804829878,-136.00510768102865,-268.185642932637,-95.7365465165794,-124.80480538862605,-150.77784524266298,-254.13539790668915,-172.93561521759932,-235.41164748079012,-190.62821473945448,-203.50137882965956,-251.86497246526702,-260.26564783007825,-271.939188286078
2 2 4,0.0,0.0,0.0,-0.0,92.42740162150484,75.14762298726735,5.646962645461463,0.9081702685986843,5.076881568848381,3.633195203773824,53.105327601712204,6.202451519481016,7.067727473264967,6.150040169159607,17.493516361098617,-1.7566295262901679,30.906197367847692,2.2641160493326304,-3.0371260227339536,-5.157272385460529,-4.893574031821217,3.2879676973539773,13.698899082114227,-3.879823608123571,-3.7500041217131614,-1.822529735535732,-2.9763805238594103,-0.0,0.0,-0.0,-0.8910664412189363,-0.0,-2.3878982046238026,-0.0,-1.9789207420974597,-0.0,-0.0,0.0,44.97054704849541
2 2 5,0.0,0.0,0.0,38.44617606446169,112.13610844153509,113.79095642734431,7.950220286625704,17.548203519281145,3.8510154405673123,11.989806910574268,115.64560271204353,6.956974525749602,8.840223823275512,4.616600297621765,19.686307989440568,23.3722762071271,116.34243802186798,18.663654727113034,23.48129096896868,21.22449057468026,22.56521199883822,106.27624443669406,113.85104456665948,57.95222536112345,75.694212045965,92.9849169249398,42.817040928361784,128.91347900498943,24.46270142781932,34.83606969805807,48.88340942354125,130.23489037079833,66.07614024228936,122.21753714982746,84.32780309013879,100.64461505802929,146.41623916491997,168.42634549400768,156.16446011204053
2 2 6,-0.0,-0.0,-43.490875776375006,-130.29603092643248,-48.52205987220271,-55.180979264411604,-0.25217473785474903,-25.18195722245389,0.953640632513871,-10.016493461539786,-64.42556449217416,1.3167693620220122,0.9575241742593332,-0.0,0.7313387296974322,-39.685697074076735,-75.01237746167324,-22.54651827371345,-54.482053243566085,-73.26624551170659,-97.92132150272293,-94.0777521708653,-85.27379834977471,-94.63761048855679,-101.30986501916738,-100.22812732678287,-79.86900685100107,-167.52922418335248,-45.59897961745699,-67.80466308649362,-85.93227766455412,-120.61824774923204,-98.62367459717662,-144.50002913611337,-102.11068991783266,-98.64886026641908,-141.89254351939027,-92.03909292180171,-8.173776650233842
2 3 1,0.0,-0.0,-0.0,-0.0,108.79513089679646,105.00021903886372,5.333438454566786,9.425203183353213,2.5603282845352187,7.741193706559989,99.11527772283894,5.352294232972705,7.3487540363464365,2.716296933481565,13.224807481738717,20.8541346039493,90.6666233446386,21.565001721532575,17.81862078318214,11.46671121719901,10.151414616119608,65.40741715540227,79.34303252511307,26.72968298792813,36.91106000325009,50.41489950638813,19.953939896555895,-0.0,10.827756957086999,12.732861278800707,17.642928389615648,-0.0,25.734645132217473,0.0,38.08947826704041,53.05128398559074,0.0,-0.0,0.0
2 3 2,0.0,0.0,0.0,54.193138170275255,181.82747662936305,178.14446795558177,22.995904155246556,39.942069504678,12.868062401157399,30.868673492327545,173.46728454951827,18.727697475423447,21.661474775929484,15.679719499625882,31.966845373204997,54.47869871347695,168.63213623656534,49.315141770200135,56.68127779237703,53.05330106461036,57.25756393838667,158.58907489010124,164.09452213087468,110.60428619323103,133.20511241463745,149.18205833909076,85.15651922003507,25.82531862395819,52.75780855261493,71.08053532959823,95.60131146918462,88.5941826637087,120.87178073016771,130.12499443859048,141.36700533503202,154.29738143158045,153.21490765678834,119.40289308922674,187.3043097085499
2 3 3,-0.0,-0.0,-39.808825308056356,-55.133436074378054,37.71588445550667,34.191176911154756,-3.216486622051028,-28.191444431969312,2.773262208024377,-12.974293938944754,27.663879137893964,-0.18937108871269123,-2.2550545031671656,-0.0,-5.762089214930079,-41.055527897456685,16.6795761297,-21.086595122034705,-54.34190776210133,-71.26805223563855,-101.4403243184871,-22.4370942639088,-0.07034531490445514,-77.42211469800645,-67.63865325211333,-47.104260771463466,-73.66869705036929,-0.0,-47.513709648139276,-67.1074445720028,-77.52259015299738,-0.0,-74.97972175451193,0.0,-57.99891362153919,-33.653822696556276,-0.0,0.0,6.219752581702482
2 3 4,0.0,0.0,0.0,-0.0,-155.7624857288417,-146.70323293054568,4.916377022617062,12.320240898621964,3.0545273067575884,8.534824701446958,-133.16728167440775,4.224433662988896,5.287109087796097,2.0746196348718526,12.068465164717558,24.127891404658072,-115.36465208009936,18.873052795546545,27.50249523176978,26.726994189066563,21.50799500654939,-70.81910971987143,-94.2337398122086,-5.065838648509565,-23.809214404688873,-46.561812091014694,7.93643498647011,-0.0,13.427867044427192,9.58190417860715,0.0,-0.0,-9.070457164795194,-0.0,-31.283977853407528,-56.139071585939796,-0.0,-0.0,-0.0
2 3 5,0.0,0.0,0.0,0.0,34.04127751137277,26.30289482653358,4.769758416499985,12.713427598833327,2.6353863878445445,8.582922584527537,16.92760649152435,4.155817839809805,5.765317513610479,1.8711366939710437,12.053568599630447,22.555486473880904,8.096824081207004,15.926074641355303,27.42591402951069,30.392319476610457,31.47367038715653,-0.7128015347845552,1.9370150321268902,8.602985433509177,3.5763650967791327,0.061229430531137656,13.514113579433124,0.0,14.49955434286245,13.411699953691212,8.422554566474577,-0.0,2.6063550928145496,-0.0,0.0,-0.0,-0.0,-0.0,-44.159963774201366
2 3 6,0.0,0.0,0.0,0.0,105.62724261061928,101.1015239023183,7.20483354205165,14.882167520319,4.194441399108867,11.097343540618667,94.68222156361975,6.677451909782756,8.344391198934618,3.609680674742251,13.7945973033545,27.594229760181918,86.49385702737847,22.30335931440508,30.361409915424908,30.884293205607346,28.801212780626173,65.58273165260609,76.77632166868898,32.33588862187209,41.65312366257914,53.347833399056285,26.106367822192443,0.0,17.92565135475946,20.71105144730033,24.745136867496242,0.0,32.68541363398437,0.0,43.74577385279454,56.4409461139616,0.0,32.579854437794566,1.4676157444800504
3 1 1,-0.0,-0.0,0.0,0.0,0.18782044318939506,0.4926008419123241,-0.0,-0.0,0.37538728604513666,-0.0,0.8792280544573556,0.47420400496598847,0.4056115779043322,0.0,-0.6050504348783003,-1.8646856882576373,1.2566097936725724,-1.1199451863619831,-2.306170376969956,-2.185439503123573,-1.7779674529420961,1.5241407393672037,1.484112643926209,0.7961169244857895,1.29181613832605,1.4734576283820178,0.05404714629844952,0.0,-0.0,-0.0,0.0,0.0,0.0,0.0,0.0,0.0,0.0,0.0,0.0
3 1 2,-0.0,-0.0,-0.0,-0.0,-93.3184947684716,-96.83401085471489,-6.143304065360041,-18.513098402159798,-1.287042728030911,-11.715955653565013,-98.87439805804019,-3.681272744167968,-5.313029614146405,-1.8375857658427477,-12.782068399254676,-33.17942842936333,-96.20054729306906,-21.591739023966774,-40.20209347977398,-40.374688001036105,-37.906334379798984,-72.09563664388452,-86.71755429589727,-38.86633159687307,-45.88102782436895,-57.118140277154254,-33.960512858392796,-0.0,-24.79498291868585,-29.171576585752202,-33.713048255584376,-0.0,-38.66221977414514,-0.0,-47.12226246584471,-61.21114734642811,-0.0,-0.0,0.0
3 1 3,3.3938748631637505,5.86348182432692,0.0,0.0,-164.79094522923384,-155.93549595041594,12.170804777015988,5.319787280280338,7.664157886293437,9.518347103726596,-141.6559056601521,19.840899062100057,20.1578740821457,11.29067505394162,22.890939505720535,6.333661182891416,-121.01701089817861,-3.2697657890195653,7.38128016187797,-14.461509310475565,-23.869578376495593,-66.78353403327287,-94.89584955056301,-13.102955435880444,-23.906075028605592,-41.86334729283647,-7.018156436670076,-0.0,1.1509592955650882,-0.03498067772050328,-5.355739031335729,-4.807112608428592,-14.476764412361025,-66.31876318159377,-29.01849839550682,-50.17751431721905,-94.73348998642942,-210.48513566250176,-179.2611230643931
3 1 4,0.0,-0.0,-0.0,-35.67988697505472,-176.71391509927088,-164.0448934260446,-0.0,-22.696251573157948,0.6217460129348646,-5.976950685221719,-147.42080435190536,3.932619192592669,4.0056470807673215,0.0,8.36087977546734,-33.233885796470915,-129.64845137872823,-18.699520624315365,-48.70079499528949,-76.15680164973432,-109.59027265394968,-103.63955145346169,-114.30582273551695,-90.60307439058812,-95.10145129648637,-97.93422827534295,-79.7284513638015,-36.7981344654756,-44.60844152686416,-69.06341823371967,-84.92146216890964,-49.81082943282003,-93.07407037803365,-22.232087947392234,-95.9639212420216,-99.89527068303045,-60.6410403122345,-0.0,-158.51976692097548
3 1 5,0.0,0.0,0.0,0.0,50.67034684393463,46.853960814258144,16.943522555198502,24.81537846916644,5.4759410780636975,21.947642814390843,40.79702963777981,11.163743109491334,15.549430984669696,10.914045623243698,30.022204913685158,43.60859202495989,32.48338599828598,42.2466462924696,39.79966525575697,29.093934494994656,17.68106161560485,14.888885530367718,23.076673888493016,13.661840327354382,10.124965639894702,10.259935620095188,18.98709353222175,0.0,23.99979046715088,19.737380559097144,14.00268577255269,0.0,9.50057331995121,22.45425748073938,8.67836641059581,11.677606545785634,41.88652782088813,21.003465697281907,0.0
3 1 6,0.0,0.0,0.0,0.0,38.79412277045235,41.754847187528384,16.358710013544954,33.404462703366605,5.158365966086573,24.342186284704198,45.81185860015291,11.198464142255174,15.204033659469177,9.356032054639657,27.72989760660986,47.932469453508006,50.662637726160405,40.7160745753947,50.729603115549715,46.71830697886992,54.966563562634136,59.58614628980614,55.493070713660565,63.30763177611692,64.45171743687528,62.75222293709917,58.261094087101576,0.0,43.49192232227463,52.51639534596804,59.838992093898035,0.0,62.069306426661015,0.0,62.07403156443376,60.74291632920438,0.0,0.0,0.0
3 2 1,-0.0,-0.0,-0.0,-0.0,21.507247496871443,18.47777737178757,-0.0,-0.0,1.2551007876364781,-0.0,15.038896942815459,1.50689175650429,1.3279898625732882,0.0,-0.3725328487082969,-4.310975984808928,12.322065332145804,-2.743157483344461,-5.262298268753461,-4.743621873406954,-2.719881407995748,10.166723687510197,10.933855531725062,3.5919691974314425,6.4372516885650715,8.821353955599038,1.1713275247947847,-0.0,-0.0,-0.0,0.0,0.0,0.0,0.0,3.2954239189565575,5.186539491534348,0.0,0.0,0.0
3 2 2,0.0,0.0,0.0,0.0,-195.5662619889776,-180.2780933919698,16.003236538834024,24.012197132384163,8.007032428823013,21.150954225435303,-159.2693820591049,13.774088107428728,16.23961996911723,10.746581558840063,22.549836220352237,45.80320553456316,-134.7946712373048,35.55429565477786,51.34872235477791,46.161664958413766,28.945886524600045,-86.45684308950605,-109.97789629129912,-17.374830469738306,-40.644492322673,-63.75056141505542,3.490559464446935,0.0,21.399050195968922,10.361571825848017,-0.0,-0.0,-23.56392412832277,-0.0,-48.244789720652875,-71.18502470829654,-0.0,-0.0,-31.502293334527142
3 2 3,0.0,0.0,-0.0,-0.0,-171.16695589996144,-164.32543102363007,19.763348607900546,17.549008668072602,12.778040033137916,20.709554113798504,-155.19365594608485,22.355444602239277,25.489016928286556,16.564721932842744,30.893944444838795,26.103559359097854,-144.74468740989496,23.59326512296744,27.38345094048737,14.45569208451243,-4.771601529849112,-118.74230926431548,-133.13480430408737,-47.93856465741029,-75.5786831127315,-99.69561753347374,-20.69183336152065,-106.50654096731769,8.446781655628723,-2.9715495590729595,-29.53793930823133,-172.26471824876143,-59.80800675931838,-219.59107979872945,-87.16619537881307,-110.16826511632158,-229.1808238582164,-250.51161202945852,-210.01780832337988
3 2 4,45.17277615541087,6.3742781088574585,0.0,0.0,83.08694838320811,84.87191619022938,17.974137840731064,36.308158636095456,5.771258450323584,26.411740054843268,85.71476248706999,10.32507747697242,13.935959236882015,11.044927367308498,27.54307775302593,54.94999247654462,84.04807560107466,41.72780032812236,63.197406596564946,65.75273593308728,65.73173018912529,74.65859747316868,79.74517870193984,61.97942418627636,66.43233615672553,70.32439361173165,56.48616946373933,0.0,45.48144184943402,51.984193526492035,57.84561474878083,0.0,62.400016452674556,0.0,66.29476422286308,69.00967973797363,0.0,0.4128356017431467,0.0
3 2 5,0.0,0.0,0.0,15.9065284957835,91.24076861076804,91.1207639056857,11.60353084288141,27.53475511620902,3.9747265569376107,18.60318821044008,91.61884331753248,7.6390177380253235,10.66440491431022,6.271043303775539,20.953666704224577,39.671111914814276,93.18036350415383,30.881576075547102,45.65250552883635,47.378523449724135,55.150932058995274,96.07546337332124,95.31930841795273,72.06727511056744,84.61101218352869,92.94283493095618,58.09740698221344,17.824210372331695,37.9194642891998,49.9940569444933,64.57312261709751,40.13812881467363,78.79145379682758,0.0,89.90797964389549,95.18985285376267,0.0,0.0,0.0
3 2 6,0.0,0.0,0.0,-0.0,-71.83323895141969,-68.25686696286789,0.8626923295308729,2.5956103205220806,1.9743537856880775,1.808516660505076,-63.435880415346496,4.329785995505212,5.471978831530581,0.0,8.819755808111475,5.970355359389834,-57.519047637095646,5.520952720462433,6.274821527933037,1.8728368913395093,7.116469200555641,-39.862041126116004,-50.03306206173564,-2.9234544213900513,-13.659706422483664,-26.984212480374765,3.615792661116215,-0.0,3.404819335453575,1.467307144669272,0.0,-0.0,-3.7437648160137953,-0.0,-17.975220456023223,-32.176374139879144,-0.0,-48.950502649958956,-42.51682575383525
3 3 1,0.0,0.0,0.0,0.0,52.883169481411564,49.19969616553832,0.22837793068453463,4.676666740638854,1.0876771597917874,2.295563738881753,43.99108087942444,2.1423538667091364,2.7075290680946384,0.0,5.07701570697997,14.218665460657698,37.48301132671909,10.550248513702869,16.10455241112368,15.986568425000257,14.714265863641412,23.671439602774342,30.36467103514174,14.113493791932363,15.673201934660844,18.58644459935262,12.655544598646673,0.0,6.837370202230948,8.807217867515844,10.350489245627736,0.0,11.865194539886128,0.0,13.662898103308132,17.59947155277983,0.0,0.0,0.0
3 3 2,0.0,0.0,0.0,0.0,132.16284199503792,126.3567325766879,11.617916398677945,26.078734060581592,3.833584499713475,18.581083849718762,117.83622680159691,6.9922039492818735,9.332150676336036,6.12095746692282,17.742552074094704,44.79594622747159,106.36678453404689,33.718808887536746,52.38759491952012,55.85716485057505,54.57189415740232,75.87136378897095,92.05418379674381,42.22912253460022,48.8711616064243,60.42913381538847,38.774877014815935,0.0,31.780871514394466,36.202117332148305,39.08304343023969,36.42053312104729,43.905920107855216,18.344462222247095,53.517781521234745,67.17571197712536,22.742727902168156,23.755099903067038,133.2359231497934
3 3 3,0.0,0.0,0.0,0.0,50.97239176580136,51.8399764562346,6.093079672472746,13.043347935544833,2.6117060808037067,10.268027033948446,52.1025636312117,4.360156656132584,5.6583707920421045,2.2770302284820385,11.969249838269608,30.67708636970727,50.27795773983313,25.001964335354593,32.92463925168729,29.81266290122601,17.581724171941417,35.77753990467558,44.91535404373331,9.740012673056532,14.868667030655027,24.621096245049053,10.069101563538235,0.0,12.194373018313241,8.813126708831907,5.803776087145824,0.0,8.150108688938115,102.80696775328039,16.892906585045175,27.973522556086873,151.76404665342181,43.421936432484635,53.43089467742967
3 3 4,0.0,0.0,0.0,-0.0,-31.50748130632597,-27.897204366637627,1.5793844919451072,6.047371443006762,1.2793975196175942,3.8231806676858664,-23.359017048779492,2.760241609196045,4.139974411687887,0.0,9.443575950840547,13.705924683167952,-18.352370839182047,11.450930149713281,15.050953959236203,12.934581527302806,11.70061039873419,-6.930381771871371,-12.934179803138013,6.337348437414425,3.3848874138726335,-1.0749083162813293,8.512910597501119,-0.0,7.033785573677767,6.159612084527113,4.491819946734562,0.0,1.5683346484133018,-0.0,0.0,-0.0,-0.0,-0.0,-0.0
3 3 5,0.0,0.0,0.0,0.0,66.64142249273537,65.13587319739172,9.319973936221167,23.691602280499286,3.5432601362017047,15.661116862168468,63.12506127333653,6.7269104804645385,9.192897829920152,4.582763933467544,17.219854839186304,34.71719373156873,61.27258292416479,26.212393235723038,41.07341930765186,44.12542058293056,53.81734120898,60.991810245261256,60.524507878191415,54.21606785625875,59.11155511853622,61.168397683435096,47.20680206842884,0.0,32.646459781099324,41.31929490512834,49.04292245367319,0.0,55.06870393862945,0.0,58.11482473218436,57.86602820010226,0.0,0.0,-0.0
3 3 6,0.0,0.0,0.0,0.0,95.36486884140689,91.30535028092002,1.3739567670711494,8.386531363694525,2.039784002209821,4.404984127452865,85.76066123545388,3.405852961289169,4.240777480609506,0.0,6.785762462587429,16.017857783583693,79.19140644258255,11.951196115605836,19.044191524267056,21.482941299447102,26.71276358902175,63.44032763251562,71.85728395250322,34.86524014333577,43.9890443493914,53.86496676587826,26.931725259533124,0.0,13.506453265202904,19.813743796312018,26.92069785674452,0.0,35.659245134073814,0.0,45.38968976439906,56.0486739333992,0.0,0.0,0.0
