,Lasso 0.00048828125 electronic_coef,Lasso 0.00048828125 electrostatic_coef,Lasso 0.000244140625 electronic_coef,Lasso 0.000244140625 electrostatic_coef,Lasso 0.0001220703125 electronic_coef,Lasso 0.0001220703125 electrostatic_coef,Ridge 9.5367431640625e-07 electronic_coef,Ridge 9.5367431640625e-07 electrostatic_coef,Ridge 1.9073486328125e-06 electronic_coef,Ridge 1.9073486328125e-06 electrostatic_coef,Ridge 7.62939453125e-06 electronic_coef,Ridge 7.62939453125e-06 electrostatic_coef,Ridge 3.814697265625e-06 electronic_coef,Ridge 3.814697265625e-06 electrostatic_coef,PLS 1 electronic_coef,PLS 1 electrostatic_coef,PLS 2 electronic_coef,PLS 2 electrostatic_coef,Ridge 6.103515625e-05 electronic_coef,Ridge 6.103515625e-05 electrostatic_coef,Ridge 1.52587890625e-05 electronic_coef,Ridge 1.52587890625e-05 electrostatic_coef,Ridge 0.0001220703125 electronic_coef,Ridge 0.0001220703125 electrostatic_coef,ElasticNet 0.00048828125 0.5 electronic_coef,ElasticNet 0.00048828125 0.5 electrostatic_coef,Ridge 3.0517578125e-05 electronic_coef,Ridge 3.0517578125e-05 electrostatic_coef,Lasso 6.103515625e-05 electronic_coef,Lasso 6.103515625e-05 electrostatic_coef,PLS 3 electronic_coef,PLS 3 electrostatic_coef,Ridge 0.000244140625 electronic_coef,Ridge 0.000244140625 electrostatic_coef,Ridge 0.00048828125 electronic_coef,Ridge 0.00048828125 electrostatic_coef,PLS 5 electronic_coef,PLS 5 electrostatic_coef,PLS 4 electronic_coef,PLS 4 electrostatic_coef,PLS 7 electronic_coef,PLS 7 electrostatic_coef,PLS 6 electronic_coef,PLS 6 electrostatic_coef,PLS 8 electronic_coef,PLS 8 electrostatic_coef,PLS 9 electronic_coef,PLS 9 electrostatic_coef,ElasticNet 0.000244140625 0.5 electronic_coef,ElasticNet 0.000244140625 0.5 electrostatic_coef,ElasticNet 0.0001220703125 0.5 electronic_coef,ElasticNet 0.0001220703125 0.5 electrostatic_coef,Lasso 3.0517578125e-05 electronic_coef,Lasso 3.0517578125e-05 electrostatic_coef,ElasticNet 6.103515625e-05 0.5 electronic_coef,ElasticNet 6.103515625e-05 0.5 electrostatic_coef,Lasso 1.52587890625e-05 electronic_coef,Lasso 1.52587890625e-05 electrostatic_coef,ElasticNet 3.0517578125e-05 0.5 electronic_coef,ElasticNet 3.0517578125e-05 0.5 electrostatic_coef,Lasso 7.62939453125e-06 electronic_coef,Lasso 7.62939453125e-06 electrostatic_coef,ElasticNet 1.52587890625e-05 0.5 electronic_coef,ElasticNet 1.52587890625e-05 0.5 electrostatic_coef,Lasso 3.814697265625e-06 electronic_coef,Lasso 3.814697265625e-06 electrostatic_coef,ElasticNet 7.62939453125e-06 0.5 electronic_coef,ElasticNet 7.62939453125e-06 0.5 electrostatic_coef,Lasso 1.9073486328125e-06 electronic_coef,Lasso 1.9073486328125e-06 electrostatic_coef,Lasso 9.5367431640625e-07 electronic_coef,Lasso 9.5367431640625e-07 electrostatic_coef,ElasticNet 3.814697265625e-06 0.5 electronic_coef,ElasticNet 3.814697265625e-06 0.5 electrostatic_coef,ElasticNet 9.5367431640625e-07 0.5 electronic_coef,ElasticNet 9.5367431640625e-07 0.5 electrostatic_coef,ElasticNet 1.9073486328125e-06 0.5 electronic_coef,ElasticNet 1.9073486328125e-06 0.5 electrostatic_coef
-6 1 1,-0.0,-0.0,0.0,0.0,0.0,0.0,0.03857072773983705,9.79605970592214,0.03929646989556203,9.733970856234832,0.036256754246800485,9.844160260820628,0.03910683701353468,9.718885055152157,-0.034371915812227455,-0.7107459584194906,-0.030136232935164046,-0.6237776905331589,-0.009720398037450685,11.23177551929183,0.028483968582587577,10.19036941770853,-0.040392105762261904,11.39760336697503,-0.0,-0.0,0.013613300824691742,10.725028136855077,0.0,0.0,-0.04694613139779254,-0.18047310677590256,-0.07280862550569624,11.01048026497451,-0.1012358787944549,9.94819432815961,-0.25582317108819475,-1.3451389654352672,-0.0896103057774754,0.09437249743705045,-0.45712895112475826,-0.5611164853071733,-0.4398191400964488,-3.0036837515431496,-0.36009695305275446,2.8834713521126507,-0.1874486321929004,8.208319964656125,-0.040359093072301844,-0.0,-0.07687212693543838,0.0,0.0,0.0,-0.06402560922785387,0.0,0.0,0.0,-0.02629589972223333,1.93975382717935,0.0,0.0,-0.0,5.03808611350962,0.0,0.0,-0.0,6.95130179755278,0.0,0.0,-0.0,0.0,-0.0,7.921977733168202,0.0,7.542614281620439,-0.0,8.01850809915315
-6 1 2,0.0,0.0,0.0,0.0,0.0,0.0,0.976373408803268,39.652941157493814,0.9767174096630895,39.80947825562653,0.9645816598344389,40.14291715243284,0.9742878355733535,39.99833154009693,0.06479146337145586,2.550303890130936,0.1326356582494329,4.026844943514777,0.8165686266217338,37.564632798103965,0.9407433669004376,40.064603088317746,0.7040449450002103,34.02925497842264,0.034751835058277225,1.9054905065968335,0.8941674054524646,39.39699517214619,0.0,40.77647606907741,0.12494153075763288,4.2835922667114055,0.5619741266585692,28.71998491423075,0.4098573223560402,22.338553105114876,0.27556197574223684,10.506705943918432,0.14998459100222086,5.707111315608869,-0.06076294098197738,5.93329056321567,0.17641825169994463,9.750021680250052,-0.06349182618294354,6.424014061182549,0.06628178940332605,9.480365602927593,0.026536097843524894,2.9416913923916734,0.02582031465885173,4.415814113916274,0.0,85.76583537842902,0.05742703376066426,6.514781587109518,0.0,113.55526088218072,0.14387530887415687,11.010435133962092,0.0,136.24491481368483,0.26973938622269084,17.33774013143582,0.0,120.55733068315003,0.4406998983390147,24.74665043940182,0.0,101.07313149133617,0.1373605143696451,65.87555841881093,0.6140379116085797,32.04729494697639,0.8744314874908161,40.4594596971858,0.7582135470817687,37.43635179568371
-6 1 3,-0.0,-0.0,0.0,0.0,0.0,0.0,1.4560280284437486,15.505817860114867,1.4620078862420036,15.732528762605323,1.4697800186152086,16.51132026434334,1.4678708237365825,16.063455505459597,-0.09065370934174943,-1.5566522392087718,-0.003846694180119113,0.4384872897279488,1.3945206947329267,18.72301280938535,1.4626896928484212,17.105285900353685,1.3116042078181975,19.259840460730725,0.0,0.0,1.4406175893415063,17.873446539163677,0.1443075340135488,0.0,-0.042083011366326833,-0.8967066519927696,1.1816657189797293,18.777088169035963,1.0046071091797482,16.700518892385244,0.12172891837234358,-0.05050441650750769,0.03820211835964295,0.24456275512638215,0.5234263043383108,7.774379660901748,0.16972372943431177,-0.3419151834469288,0.6787536580214986,11.395289367815243,0.8392378502027722,14.388910604872772,0.0018224596039934254,0.0,0.15872423564405785,0.0,0.0,0.0,0.38210431523957095,3.249808165220807,0.0,0.0,0.6241832674677342,7.961678513827328,0.0,0.0,0.8641808615605895,12.16744362479414,0.41853287276595724,0.0,1.0726070722210184,15.400904010345903,0.9178339512388726,0.0,1.9632299094820784,0.0,1.2351520224778778,16.682552453769077,1.3979571799315917,15.585437295675133,1.332561133175905,16.612622715902013
-6 1 4,-0.0,0.0,-0.0,0.0,-0.0,0.0,-1.3085948176613647,-5.2295988760332515,-1.2965669885228,-4.856874685876118,-1.2492806274290225,-3.6650952261530603,-1.2776741445997333,-4.33314390255018,0.10051917730567483,3.5861869864161204,0.15368524863312608,5.464746842470947,-1.0661230739693357,-0.48823889595788206,-1.2071082361354124,-2.83309544241242,-0.9695744433198237,0.9140087152507828,0.0,0.9873609480183924,-1.1463845682398133,-1.778639067781344,-0.0,0.0,0.05933433358993471,6.207236525413273,-0.8565976904764608,2.1830972610626014,-0.7230848411447113,3.0520997204675173,-0.11889782969637892,2.696122279690353,0.002305191281605755,5.968065594341673,-0.5311793671866414,-0.3952424690584548,-0.37408692739318455,0.2232107067199974,-0.595935775379984,1.0604354656034567,-0.6115537061154388,3.181111214043321,-0.0,0.620680633238481,-0.07135378421147497,0.40350444017777626,-0.0,0.0,-0.21550682080708028,0.5893929551431818,-0.0,0.0,-0.3919115502865644,1.2391760019375233,-0.0,0.0,-0.5505455542010632,0.9610536945464421,-0.0,0.0,-0.6983038061817017,0.0,-0.0,0.0,-0.0,0.0,-0.8342076995832142,0.0,-1.0539586396076248,0.0,-0.9604511845420474,0.0
-6 1 5,-0.0,0.0,-0.0,0.0,-0.0,0.0,0.5966500075141258,4.449918998376463,0.6072423552872815,4.6829513825053075,0.6269740966232201,5.297628874073914,0.6190550987508227,4.9814825695344025,0.21870780581315039,6.420252599716066,0.2915002317685571,9.082883298691003,0.5385585406782365,6.032664630933752,0.6234064716539428,5.582489307780713,0.4372883487438373,6.250639255459938,0.030786281699987633,8.18275275467554,0.5981840282944053,5.819927928439683,0.0,0.0,0.22339718732824285,12.277006517830166,0.308067452038608,6.420545361809603,0.18539255243832256,6.434555901639451,0.065617207208927,10.951796178430445,0.15894400733904446,13.030094138826412,-0.049054790065565186,5.283031091923616,-0.10524287252454037,9.785686531842757,-0.10076432472816714,3.6613665253293717,-0.05585939273024991,4.584270101026538,0.0,8.063868833230433,0.0,6.926986704312789,0.0,0.0,0.0,5.667547600897646,0.0,0.0,0.0,5.0904802192392955,0.0,0.0,0.0279979786447525,5.160134692636325,0.0,0.0,0.1372380919482181,5.067088397878061,0.0,0.0,0.3558052602379947,0.0,0.28234528743282616,4.544760567411098,0.5513136930334589,4.519446643587938,0.4299250481901945,4.318656586662285
-6 1 6,-0.0,0.0,-0.0,0.0,-0.0,0.0,-0.4599895064457883,-5.998545250433979,-0.45889902650044734,-6.000315240661377,-0.46369106820855555,-6.069259935579162,-0.4592163991892431,-6.019581881122029,0.10519718196883653,3.500281136307834,0.13117362080949388,4.983949326668115,-0.5401177837116388,-5.612127913313396,-0.47613767721098293,-6.128301751022024,-0.5882667054490968,-4.441632904218379,-0.0,3.3205710825523718,-0.5007373854576145,-6.070426814935222,-0.0,0.0,0.042209248745850116,7.952361139219408,-0.6203390763362311,-2.538792792379656,-0.6015097477112968,-0.2829682641108291,-0.14434631940621628,7.523948943213889,-0.023342579273268334,9.16874609006908,-0.431415958360167,4.721492929928505,-0.4260560772874169,6.250122169497489,-0.5141420011188484,4.091652850457251,-0.5606963696722944,4.340963684070944,-0.0,3.9474508593805275,-0.1004013603939591,3.5307567372317754,-0.0,0.0,-0.23879210998602982,2.2857060834725957,-0.0,0.0,-0.37696507170864924,0.4003506540702072,-0.0,-0.0,-0.49306359783243914,0.0,-0.0,-0.0,-0.5582186804063299,-0.0,-0.0,-0.0,-0.0,-0.0,-0.5388125630057113,-0.0,-0.4296542426616794,-1.4494642000526055,-0.48628162794477214,-0.02519791169994354
-6 2 1,0.0,-0.0,0.0,-0.0,-0.0,-0.0,0.47648833923599637,21.552088001179143,0.47353228857105684,21.281963627990702,0.46269488855142976,20.407625604929862,0.469183704532782,20.90348252115468,0.061191086666763865,1.2514899978358183,0.07939425369351089,1.2601270579171566,0.3789105898901592,16.696667419216336,0.45116882777423384,19.712809274293136,0.29776805193951034,13.816604024317703,0.0,0.0,0.42719865314244093,18.588901198871934,-0.0,0.0,0.11167369901503969,0.8782066012518884,0.1930368797763085,10.139727423133204,0.09626655523319799,6.316508000960315,0.16595023697258254,1.3033827287573905,0.12263414075934496,0.6648547390512944,-0.018323670569844287,-3.7401596287268988,0.12068019862497024,-0.6539884929788617,-0.02810386787071701,-3.2670472900109364,-0.013307846370115816,-1.7553113825920514,0.0,0.0,0.0,-0.0,-0.0,0.0,0.0,0.0,-0.0,0.0,0.0,0.0,0.0,0.0,0.0,0.45993120717788893,0.0,0.0,0.060466094473728964,4.302106482089624,0.0,0.0,0.0,0.0,0.1856301831810958,8.589855990868065,0.37528353275595216,15.326176122780408,0.29883004255868756,12.462120276806843
-6 2 2,-0.0,-0.0,-0.0,-0.0,-0.0,-0.0,-2.334181407944543,-19.055738246383243,-2.33735363010164,-19.124338168062025,-2.333332992541631,-19.198781233167562,-2.3387007915361453,-19.187670130191478,-0.0002789247360797365,0.7092585887547831,0.012146605623182925,1.1182005367978247,-2.1839418474127714,-18.425538722434503,-2.3137347606750662,-19.10460198833374,-2.0377380822473032,-17.686608408381048,-0.0025686717488625326,-0.0,-2.269175457804065,-18.86332657363775,-0.0,-0.0,-0.03873188932967705,0.6642192961354995,-1.813622119681966,-16.481582523188052,-1.5148783640718253,-14.687399451532333,-0.3550018160376666,-3.8415831189321406,-0.12443427388953884,-0.506008001540342,-0.9257720372733954,-13.478489077699823,-0.6422012660433313,-8.552697651478967,-0.9795062540773143,-14.137695764437368,-0.990665481747889,-13.588256270982745,-0.1669657586710726,-0.0,-0.38334617842108654,-1.6687343476568515,-0.0,-0.0,-0.6494179353810632,-4.952227916058654,-0.12826427018068437,-0.0,-0.966269264169047,-7.422321467038784,-0.25270175030284125,-0.0,-1.322241281355757,-9.863792913066025,-0.0,0.0,-1.6694961567256346,-12.082476597532738,-0.0,0.0,-1.525236485608772,0.0,-1.9629047816476377,-13.54807450630461,-2.254229232471548,-14.340849295971074,-2.168536567024744,-14.493396353903552
-6 2 3,-0.0,0.0,-0.0,0.0,-0.0,0.0,-0.7724160120379224,0.7749167553426459,-0.7707170216954725,0.8276470065589082,-0.7630483051625987,1.1755651962233835,-0.767869301748111,0.9439754706384044,0.0759757148311284,1.2729369064634966,0.14486372734548003,2.9118179589622137,-0.712182371978085,2.7211164649937922,-0.7544519907797568,1.5701279351961868,-0.6716408182410499,3.187630408457699,0.0,0.0,-0.7388340917212911,2.1206121275809435,-0.0,0.0,0.14910997577399066,3.6788180504555212,-0.6164891372362142,3.3134491486283495,-0.54646149812301,2.9569781119349305,-0.12954398664607,-0.3955181928634051,0.09664398532586702,2.854336145893811,-0.446447654199275,1.0207892165223247,-0.2718148678029779,1.1369958489951553,-0.5626716886481603,-0.03528154615308039,-0.5909140954979029,0.3264136327046941,0.0,0.0,-0.004220914708669213,0.0,-0.0,0.0,-0.14974043834012604,0.0,-0.0,0.0,-0.28876195355797796,0.0,-0.0,0.0,-0.3974551051448482,0.0,-0.0,0.0,-0.4928352351542687,0.0,-0.0,0.0,-0.0,0.0,-0.5703897921504897,0.0,-0.6714734480534991,0.0,-0.6339207125694923,0.0
-6 2 4,0.0,0.0,0.0,0.0,0.0,0.0,1.8797865344589906,22.83300165207894,1.8765663710369258,22.910743716326955,1.8425624896108168,23.166707159748704,1.8666824076983852,23.02505499927425,0.23069171345004044,5.6063082616850854,0.3142939881848938,7.451389270511305,1.5880651325967547,22.59485338798535,1.794084512847793,23.281385551243307,1.4258566784093847,21.039059604895016,0.2818432903037039,4.236558405716499,1.7112805731444007,23.202757626695682,0.27674801715336955,0.0,0.3867507646535012,7.703647103692467,1.2365439503886715,18.332946871204516,1.0402526131996264,14.850051658730976,0.44291549155840365,6.181403211959778,0.41865004769088376,7.293627987347426,0.6875819522020151,9.18836214427718,0.5501396088093606,7.612250024178532,0.7062920604449829,9.159728031801086,0.7898405328144561,10.820720586072753,0.3507119243876072,4.3432745324817,0.4415689315480394,4.5584234492804026,2.368592500962741,0.0,0.5751070992333103,5.541955979169154,2.4214300259954977,0.0,0.7398143200860847,7.724427624821878,2.7451786096333026,0.0,0.9294761082252772,10.911390928274873,2.0463101899705016,0.0,1.1336860104655668,14.906825865468813,1.823321839300405,0.0,1.6529211659714933,31.63377210907411,1.3359572031046743,18.468287694303005,1.6944640554113757,22.23293546268386,1.5305864321695741,21.001050846534785
-6 2 5,0.0,0.0,0.0,0.0,0.0,0.0,0.8275155848107443,30.837452792319414,0.8216904324121823,30.695161831198217,0.7881059846269826,30.227227509485317,0.8100346009581821,30.493426176618673,0.15683691475155712,6.612216094798955,0.2099146890678783,9.103326957236906,0.6300662005985301,28.531367334270538,0.7509616627077241,29.864875080504916,0.562122002486312,27.397543122645647,0.06768817876032025,9.739190192485957,0.6966245972321339,29.330001756387887,0.0,0.0,0.2085340584356658,12.295525296223717,0.5025369802560213,25.868259169515287,0.452686383245225,23.948517105266006,0.18825071746149605,15.06352645215132,0.19027187293256298,13.949007783371478,0.35757535447383365,22.18434106033,0.23948148505746278,18.66128997782778,0.3625668945130384,22.900380624313343,0.4111255693505201,25.33486247614643,0.08859579585173157,12.43699093256647,0.13150332106644583,15.226475271431383,0.0,0.0,0.20964036520105225,17.913674244442547,0.0,0.0,0.2871386039979848,20.377273659725994,0.0,0.0,0.34797274748778045,22.742335662868687,0.0,0.0,0.4057945272034706,24.990705088308538,0.0,0.0,0.0,47.460576737414556,0.45410659992370317,26.70181309283302,0.5976025347384335,28.783860870879348,0.5097849501973181,27.76954144643451
-6 2 6,0.0,0.0,0.0,0.0,0.0,0.0,0.486618282414741,11.101061382541497,0.47939875662518155,11.009683206742537,0.45476324315833294,11.000589422666383,0.46888870929003434,10.946973821576135,0.21767659701361108,6.446329511010145,0.29491155418667414,8.84493866856764,0.3832026523913855,12.282960609494529,0.4362422796853914,11.253880220400251,0.3532197152207418,12.78553235318574,0.2442635107148344,8.631485334879605,0.41223642567530866,11.715104381690663,0.0,0.0,0.3638804152131341,12.215724380283877,0.3304720433015061,13.062531444024955,0.32332144136896096,13.070089831790051,0.45494419226396504,14.536339250563948,0.413530920941569,14.10828275978352,0.3954996548220837,13.591823203968852,0.41575007416941373,14.253784919900607,0.3073993821954088,12.280684993706267,0.3165297931896549,13.504590776693064,0.2796322542507552,10.259220723972419,0.29041061039752886,11.06542283481173,0.0,0.0,0.27273009241988105,11.158006993314146,0.0,0.0,0.24515558293276363,10.928305916742906,0.0,0.0,0.2391826781078806,10.976044737537777,0.0,0.0,0.24058771188118788,10.889795768205977,0.0,0.0,0.0,0.0,0.26433728423436414,10.491757441834244,0.3136330238536688,8.297124856707173,0.2839790488598097,9.463106739651565
-6 3 1,0.0,0.0,0.0,0.0,-0.0,-0.0,-0.25445965463903836,-24.628643175038693,-0.25232493001592293,-24.508325326406577,-0.2433538807570141,-23.564353143154754,-0.2487506470033209,-24.21066262873916,0.010410582669002298,-0.3785798876581264,0.03453690561406578,-0.08828174999747825,-0.23840859776227327,-18.164382108064324,-0.2367657719892037,-22.370801197815815,-0.25923899143640045,-15.62021819687032,0.0,-0.0,-0.23261872884337395,-20.52601986522501,-0.0,-0.0,0.07573279817270172,-0.011443305196761332,-0.285192284706502,-13.13135481298318,-0.28967845530085534,-10.646769351583938,-0.0620053234446202,-2.8503671971652174,0.06171878498688121,-0.6824094341923839,-0.11197915648458472,-2.2783779633945467,-0.08145058370768105,-1.851182262244423,-0.15239740970290894,-3.443101195514572,-0.22318588988407562,-5.343274274859521,-0.0,-0.0,-0.0,-0.0,-0.0,-0.0,-0.0,-0.0,-0.0,-0.0,-0.10143645194237284,-2.2784040838673825,-0.0,-0.0,-0.16822698570006425,-5.150667365635032,0.0,-0.0,-0.18662572918443887,-7.837304989291903,0.0,-0.0,0.0,0.0,-0.15354108321317347,-10.286677153860596,-0.08236424651870919,-15.586622931136517,-0.11329737483974316,-12.908152871440672
-6 3 2,0.0,0.0,-0.0,0.0,-0.0,0.0,-0.5312101577289094,1.9340086868185857,-0.5328238157910263,2.0043702018305907,-0.5246036122977864,2.434369549640397,-0.5320646035840201,2.1509433165409537,-0.013264113221466556,0.3241103511665638,0.005520447074469856,0.9542822074027336,-0.4142926203116255,4.429815300085028,-0.5050039739461667,2.9188934402820705,-0.3446241061984469,5.1467720257191,-0.0,0.0,-0.46873235702690036,3.618119618094021,-0.0,-0.0,0.005598654998576721,1.323621456452015,-0.26726322152564413,5.567960722033413,-0.19215498318096794,5.602313131475164,-0.11147452410043159,-0.020609373339303707,-0.03356447002638955,0.6802793589095628,0.03948861467808164,8.096337728947907,0.004621017696708482,5.101038286996439,0.015097664491980951,8.585588846067822,-0.03463049234188803,8.268327035034003,-0.0,0.0,-0.0,0.0,-0.0,-0.0,-0.0,0.0,-0.0,-0.0,-0.0,0.7917049847711984,-0.0,0.0,-0.021565141682057094,1.4448870500891249,-0.0,0.0,-0.0983191937321555,1.763434089161677,-0.0,0.0,0.0,0.0,-0.18667243371415762,1.5534828217771663,-0.3214773033549672,0.8605796996223529,-0.2672034362306519,1.161117464415523
-6 3 3,0.0,0.0,0.0,0.0,-0.0,0.0,0.42165347092479677,0.5964916021540645,0.42020993821904157,0.5897452767234147,0.4166592974973245,0.6356787399561094,0.4184604374600734,0.5953472136087802,-0.0055889931055966785,0.14809262798746642,0.0018008666912223345,0.20307331136736542,0.400387197892189,1.2838192797137093,0.4145091676190448,0.7421443688719613,0.3792021688112408,1.7038994688598486,-0.0,-0.0,0.41028119692222254,0.950128567267861,0.0,0.0,-0.027780362680245793,-0.9155910864830787,0.33870738567350667,2.0377272798171604,0.27158796363138527,2.032409100340865,-0.10129830684271467,-2.129897997860509,-0.06980936523269127,-1.9963740143106568,-0.010193678750478533,1.3985375449400557,-0.04363793948935004,0.5678628607465722,0.024750011341703754,1.945328644532244,0.08317793445944287,2.2556446483588135,-0.0,-0.0,-0.0,-0.0,0.0,0.0,0.0,0.0,0.0,0.0,0.01609751365067059,0.0,0.0,0.0,0.12727499426770056,0.0,0.0,0.0,0.21875487174224925,0.0,0.0,0.0,0.0,0.0,0.2687177645374148,0.0,0.3401989585767162,0.0,0.2980426789109661,0.0
-6 3 4,0.0,0.0,0.0,0.0,-0.0,0.0,0.1308637450384584,-2.7905542122717217,0.12908031850002274,-2.8053139790192554,0.12048080077244082,-2.9102408490183223,0.12591115498153424,-2.8395160099746306,0.08740836011192708,1.762950706578259,0.12690418067548076,2.2057194255641557,0.08290700787886479,-3.3463623922311743,0.11167576078883681,-3.033376148806733,0.06702705108412332,-3.3540294061989915,0.0,0.0,0.09881779749601664,-3.2003685422969337,0.0,0.0,0.15676148501612605,2.0582399662413398,0.055027241557150317,-3.107633766171081,0.04931585262269381,-2.5328689806565765,0.05562278452792754,0.14679059547990486,0.13420850512501906,1.356959149133941,0.0007793874885618139,-0.16918294823387536,0.011796328638988987,0.14947477259638317,0.01684617694094155,2.572262694462839e-05,0.05093731096079778,-0.35569340526728993,0.0,0.0,0.0,0.0,0.0,0.0,0.0,0.0,0.0,-0.0,0.0,-0.0,0.0,-0.0,0.0,-0.0,0.0,-0.0,0.0,-0.0,-0.0,-0.0,0.0,0.0,0.0,-0.0,0.0012794749291765652,-0.0,0.0,-0.0
-6 3 5,0.0,0.0,0.0,0.0,0.0,0.0,0.16623354950263822,5.139922837663836,0.16635688611282315,5.181914982929148,0.17260117254021262,5.398840254586889,0.16794310519269087,5.262595165910335,0.15787078100659574,3.6975436975457665,0.21121852023096607,4.681671424915457,0.19340844179703293,5.399759547445614,0.1811087305713805,5.572827706432184,0.1803897944291225,4.529974317896707,0.10991817829851935,0.0,0.19070703584459098,5.66202698102354,0.0,0.0,0.28135040964664526,5.845869056995705,0.1520447679726071,3.150006701845649,0.12189019007467507,1.8275345689131877,0.20890749361684746,2.8681305540627045,0.2907678213266062,5.6795625504393765,0.039594407028304315,-0.6135170727634609,0.10699290280228362,0.17077194348995667,0.03075854210987634,-0.09720327335368592,0.03592326755863624,-0.2071192330582134,0.11124855168988135,0.0,0.09046700298536471,0.0,0.0,0.0,0.05059137026969733,0.0,0.0,0.0,0.006475935122968417,0.0,0.0,0.0,0.005598119849057259,0.0,0.0,0.0,0.025386160658645587,0.0,-0.0,-0.0,0.0,0.0,0.06427957439933771,0.0,0.08709946298397352,1.017043771260383,0.0869637783351308,0.6452702474932085
-6 3 6,0.0,0.0,0.0,-0.0,-0.0,-0.0,-0.15171840252309066,-8.271520650327544,-0.15234583513277597,-8.254186518172055,-0.14563143024222874,-7.935759135214268,-0.15121205113925254,-8.168896902109216,0.14018742250229937,3.550156859922603,0.17578921129520966,4.386569077360476,-0.08961081098722874,-5.931026410942379,-0.13287427345967798,-7.472167064777365,-0.07178576511093589,-5.184175937171767,0.029054529077159573,0.0,-0.11265256203868143,-6.763256381927999,-0.0,-0.0,0.21785266979416412,5.318368772052063,-0.06239534229179089,-4.590796472305686,-0.053005952794852484,-3.907382371765369,0.10419269841121252,1.905946878565742,0.21553559467941577,5.136526836387032,-0.030408069592149284,-1.9714187108049037,-0.01141850276921507,-1.370903013350727,-0.018013682186636373,-1.692215381961056,-0.03319960657598426,-2.381202226782143,0.019725257566378607,0.0,0.0,0.0,-0.0,-0.0,0.0,0.0,-0.0,-0.0,0.0,-0.0,-0.0,-0.0,-0.0,-0.0,-0.0,-0.0,-0.0,-0.4319830122722534,-0.0,-0.0,-0.0,-0.0,-0.0,-1.052118048782753,-0.0,-3.139044513409214,-0.0,-1.7728479992874675
-5 1 1,-0.0,-0.0,-0.0,-0.0,-0.6145969935721414,-0.0,-3.3571634911909984,-27.91466848545325,-3.34353425781446,-27.807268306951283,-3.270536053716303,-27.215955777662558,-3.317708637597781,-27.601372546271808,-0.23784585373459027,-4.30896490990558,-0.28549954647381587,-5.628185933824377,-2.8788548982726336,-23.36887395397163,-3.189379359821231,-26.519141903503076,-2.6394754073164144,-20.509347173429965,-0.364558312686317,-3.369616339745139,-3.061400908745489,-25.316963296892702,-2.223532754126921,-0.0,-0.5971935142273515,-12.979067104978666,-2.341989642243681,-16.928078362632437,-1.9885863699044817,-13.312467458344155,-0.42118136797516686,-3.8803875044858573,-0.6496746623472186,-13.441152547544936,-1.0002649545029088,-5.9856280845858585,-0.5721341537567474,-1.679737908613903,-1.2105060631240578,-8.083262879552379,-1.4247719092598476,-9.888709283731062,-0.5015147991579888,-3.822028356797773,-0.7050670432630031,-4.324874864169986,-3.6247584230504266,-0.0,-0.9942859008533178,-4.946345715905854,-5.633128393139833,-0.0,-1.3795689361961991,-5.768945906310413,-6.186284366025934,0.0,-1.802836844340613,-8.03004308726685,-6.5766521717221575,0.0,-2.203343749663019,-11.37983756220107,-6.7957901990615195,0.0,-7.086912922069227,-0.0,-2.5559770401371535,-15.003436020687875,-3.059658057941206,-20.306523647053325,-2.838727082879039,-18.15313046845793
-5 1 2,0.0,-0.0,0.0,-0.0,0.0,-0.0,2.73198865337398,9.410344427928607,2.7394169520371663,9.510709010425902,2.7222798599583053,9.568343997654349,2.74066924145994,9.5944752796468,-0.0685209488447793,-0.5805955018978725,-0.043644895952283165,0.1465430018543626,2.3762054687361425,7.180783954891489,2.6664954005443344,9.288710044672444,2.1257723179169425,5.034660840358031,-0.0,0.0,2.555618121334855,8.564437784531371,0.7375426534226034,0.0,-0.1514567294505547,-1.1678061249666287,1.8213047812810492,2.3787678077561107,1.4938838775354317,-0.1120163157364672,0.21502623088031603,-0.7288999743583776,-0.1198914023725288,-0.2050781143469897,0.8483362059605916,-3.068897897081968,0.5371839922349448,-3.0557608678971473,0.9901642442572861,-3.477653418737875,1.1804952647723588,-4.2100270871816505,0.005687355223173756,-0.0,0.2486709624201803,-0.0,2.6471013664841516,0.0,0.5754433517466339,-0.0,4.244736940462913,0.0,0.9261961245890804,-0.0,5.1764923044172635,0.0,1.272666312055131,-0.0,5.44790903514799,0.0,1.6294949014720783,-0.0,5.439078783621588,0.0,5.2858459399775395,0.0,1.9784822711891874,0.0,2.55176705396528,4.698559468134247,2.292935009615313,2.5271946816111615
-5 1 3,-0.0,-0.0,-0.0,-0.0,-0.0,-37.41800496109475,-0.3732591822067434,-80.59203306044006,-0.3892468516410557,-80.68929120745138,-0.4471238015225272,-80.41558896877925,-0.41343184299715835,-80.69667006187817,-0.03419952185362141,1.4091190976306391,0.006629807418209672,2.3595685809614206,-0.583254763022444,-74.52331853818605,-0.4906399976650592,-79.55322892691198,-0.6057907282383835,-69.52865400151612,-0.021698614625527878,-0.0,-0.5400025308577913,-77.73552779983659,-0.0,-99.89727842086604,-0.19763496325846155,-1.7605530721155076,-0.6011208589664937,-62.617371319347356,-0.5707233228464894,-53.9545229420023,-0.15443349622373495,-9.433412689211721,-0.27144075582850563,-4.099073098714424,-0.4849328152455905,-36.575576091249076,-0.17201375988351716,-20.74154701585549,-0.6383982477870626,-42.810520929051734,-0.7046363439691232,-46.81892087443218,-0.0824106446172501,-5.047978585294314,-0.18150221798318888,-14.444796119166503,-0.26484057459081756,-147.18117066329336,-0.30885725221531474,-26.16044118774766,-0.3663385365258399,-113.53418744941888,-0.41906590601775884,-38.30262360195194,-0.013969581972611327,-129.45289833064817,-0.4946382078345648,-49.46822888309776,-0.0,-130.97357717187367,-0.5351789311501531,-59.29419855126277,-0.0,-134.21957435540236,0.0,-132.3994939577717,-0.5378016547567658,-67.34701189555713,-0.4918802998810889,-78.04735280041066,-0.5354578590046148,-73.14845716408786
-5 1 4,0.0,-0.0,0.0,-0.0,0.0,0.0,0.7274267479214798,11.740019893820392,0.7154991011710479,11.822857800725313,0.6696455081553243,11.455226973316114,0.6970776430895398,11.796378712077503,0.0992878753998042,2.9253350930621758,0.18802203619374638,4.7198264875612645,0.467621680017528,6.156485676883249,0.6278954257449183,10.538161971670442,0.347148684992233,2.616790801561269,0.0485176828876992,0.0,0.5630314368481232,8.813114285325437,0.0,0.0,0.15570939135529877,2.468490175733024,0.22929646317318272,-1.4686698967360496,0.15254509035422162,-5.30591943479958,0.23792120651349055,-2.410769049212701,0.16706591305339732,1.6350141322158347,0.3100586163454494,-13.330586347404882,0.4056563366968413,-7.077692463044296,0.253851790314029,-14.856817985936663,0.14270156947687224,-16.42655821721219,0.1010400143038314,-0.0,0.11564973240974816,-0.0,0.0,0.0,0.08015733813534805,-2.257247769720984,0.0,0.0,0.024328270096592244,-4.08997612442928,0.0,0.0,0.002630451643907529,-3.1846617979384613,0.0,0.0,0.0460157340940562,-0.0,0.0,0.0,0.06689452520984981,0.0,0.16217638377725796,0.0,0.4179000052863602,4.765648921149818,0.28109362713821995,1.138152160691434
-5 1 5,-0.0,0.0,-0.0,0.0,-0.0,0.0,-1.4077828879965872,17.042174712953187,-1.388152940878003,16.93285612277289,-1.3132750702036051,16.546937368695275,-1.3577081675370928,16.770276491665644,-0.15076126798531558,2.394585517386986,-0.12649127294800552,5.551400346422592,-1.0713167084740405,15.468115737160643,-1.2509133302173645,16.253854034160916,-0.9682382565090424,15.05174525493494,-0.16185271780343594,10.176500992662373,-1.1686361183553666,15.887642493403996,-0.0,0.0,-0.2972327254745783,12.416745228613243,-0.8634435241007813,14.761641796131196,-0.7535359294824541,14.744342458623818,-0.34913286412202693,17.29300839548027,-0.3618271956565576,16.365617117376935,-0.454569315663818,16.656796822525582,-0.3288094802068961,21.30138598035763,-0.47596257488926447,18.747187259596103,-0.6068743531907301,19.42050629146716,-0.226073768099856,12.674261115025148,-0.2974417777196184,14.137238516983578,-0.0,0.0,-0.38025151063781587,14.236889575071084,-0.0,0.0,-0.4829021638601646,13.965541042991484,-0.0,0.0,-0.6041979958601542,13.99299337375816,-0.0,0.0,-0.7175373354010871,14.44338456376597,-0.0,0.0,-0.0,0.0,-0.8426470086506912,14.848782465193631,-1.0525731833208742,16.048795021227708,-0.9687619457118768,15.317369327653394
-5 1 6,-0.0,0.0,-0.0,20.061538910732054,-0.0,39.63499217293591,-0.616375911292647,8.143691336192274,-0.6064982988427894,8.509049356366033,-0.5644804582996226,9.944178543416125,-0.5901927195418125,9.081506833351934,0.1141046047237234,7.679528499304213,0.13945438452792416,11.118026768051035,-0.40660565345231736,16.308988447790515,-0.5256868814792331,11.255240035829493,-0.3426505258072542,20.462165754261417,-0.0,16.197426047745367,-0.4717361728835201,13.276239749363635,-0.0,33.304349942134884,-0.041032884387568774,17.78128112648049,-0.2967689075849475,25.240841945571734,-0.27798257637202384,29.437141381957684,-0.2640069159566279,25.99532343497581,-0.166046336382546,21.306408557870714,-0.3093214285165603,38.9444300804681,-0.3620690164216254,33.789824551419656,-0.3558572677621755,40.86001842424935,-0.3771802145500487,43.26629697468716,-0.05403083201902042,21.298369454592578,-0.13624548424114924,26.54476479517861,-0.0,11.08386531506188,-0.17606403036662763,30.42822002609802,0.0,10.139094732167425,-0.15597085700824417,32.860583933992245,0.0,13.684656857769061,-0.13509231858063808,32.918464966954545,0.0,1.62251649807586,-0.12688464977611896,29.736678294677333,0.0,4.523071648601552,0.0,37.03119065009862,-0.15761609840883037,24.597455509298346,-0.2939323704480707,15.769547446017405,-0.22867212413816027,19.284631250970754
-5 2 1,-0.0,-0.0,-0.0,-0.0,-0.0,-0.0,0.1070119379980774,-51.24358013058677,0.11214949143848758,-50.902224222348096,0.11522359164076797,-49.124130528924105,0.11636283548279762,-50.26665109717524,-0.11503829159509775,-1.8244007370624973,-0.09211217490563396,-1.503274541989842,0.03390775565126957,-39.758568749969044,0.10328885781841976,-47.17929226160614,-0.018222987289378056,-34.04816402746824,-0.0,-0.0,0.07635208251080779,-44.124280047094246,-0.0,-0.0,-0.02960198651556318,-1.6894967453126413,-0.0663849851413114,-27.169539301120917,-0.09090765949693867,-19.640480504421365,0.05616656145912759,-0.29190947706495907,0.000894931848950948,-1.4978782766744014,0.09530750530176466,2.759809857549716,0.10306306766456523,2.888859619030616,0.019905042310839647,0.7884939918288905,-0.061736707921261666,-2.43678093903037,-0.0,-0.0,-0.0,-0.0,-0.0,-0.0,-0.0,-0.05025211137639153,-0.0,-0.0,-0.0,-4.937454746819683,-0.0,-0.0,-0.0,-12.005763452048795,-0.0,-0.0,-0.0,-20.47664417820631,-0.0,-0.0,0.0,-0.0,-0.0,-28.650398253392908,0.0,-40.333120609723125,-0.0,-35.43669076001708
-5 2 2,-0.0,-0.0,-0.0,-0.0,-0.0,-0.0,-0.6150352332117018,17.40085579854449,-0.6170410950914683,17.29693463028968,-0.632117788511686,16.746974723429823,-0.6220824833182337,17.10095471496183,-0.1375332843394715,0.16026753518570377,-0.1360363679501533,0.6762197662724895,-0.6325675461773814,14.249241259338756,-0.6460738288211455,16.156132621050165,-0.5634269254270612,13.148130709411515,-0.14409885255197072,-0.0,-0.6536219679256189,15.29420873335541,-0.0,-0.0,-0.42904064824812094,-4.8094718645861665,-0.45578231277554776,11.855371259851857,-0.34796709496446226,9.926927394852125,-0.10437578036306618,1.6135048642548735,-0.45876029515700334,-4.713291365625678,-0.004999480691413009,3.8885398239817617,0.024924874745309182,1.8698129814620188,-0.1267221708427341,4.12887191604028,-0.2561408439555893,5.023789224753773,-0.13258415678651236,0.0,-0.10606115751255127,0.0,-0.0,-0.0,-0.08472649966469165,0.0,-0.0,0.0,-0.09135387711666192,2.4675432813169778,-0.0,0.0,-0.16556281114777868,6.000623799568387,-0.0,0.0,-0.29586967465306496,8.130742200246601,-0.0,0.0,-0.3562978551648744,0.0,-0.4390114172574624,9.862643478599491,-0.6062726991624579,11.859590558507746,-0.5559433077315308,11.029955107354732
-5 2 3,-0.0,-0.0,-0.0,0.0,-0.0,0.0,1.0047745306939244,38.311386259092004,1.0053662875264717,38.37207676841682,1.00179922830273,38.531014227775565,1.0050330087325767,38.44960922076088,-0.16696476472702934,-1.8401159074677713,-0.1277777560915367,-0.841049513187932,0.9235586887314862,38.428769944023124,0.9920751437691291,38.59870907426231,0.841785248926083,37.645336119771514,-0.08900578101051164,-0.0,0.9694870065434849,38.61357329146875,-0.0,0.0,-0.30737371399594937,-6.108537716928436,0.7177227359226771,35.599246082740585,0.5581785088132357,31.68951742309706,-0.16482790106520925,1.1351311689549013,-0.3330450143912042,-5.848752233177224,0.17590096600553876,20.262640491291755,-0.014627251614023196,9.895678374373183,0.2710208360808734,24.344637275328612,0.35520343439553015,28.571700682271906,-0.06273843130490642,0.0,-0.0,2.1945242947600834,0.0,0.0,0.0,9.819418534454092,0.0,0.0,0.13914623653796948,18.374542324593538,0.0,0.0,0.34383565329711646,25.975661075579392,0.0,16.312763969014622,0.542278696968966,32.11099604190411,0.0,32.66554553941184,0.12381766291744133,23.957752556565215,0.6961262427859087,35.943190122730336,0.9057243373967674,37.918974522701596,0.793002317165237,37.94094085781747
-5 2 4,-0.0,0.0,-0.0,0.0,-0.0,45.525249397340026,-0.6540707011324428,17.868226468061195,-0.6492155376559707,18.4662353663425,-0.6164795101262943,21.00012201961065,-0.6384638119583156,19.450696014826114,-0.16366065555427792,2.4093015430297755,-0.10984800968148616,5.12934522824264,-0.43154719356410043,30.600900578530634,-0.5765915212997424,23.3400083445481,-0.34172088959209374,34.624940429940864,-0.12467971381818002,6.14273291889165,-0.5140906208720941,26.609972499640097,-0.0,83.79563942478308,-0.30905516969811325,5.556776270991821,-0.2635499745278915,37.62822536667458,-0.21338432942199564,38.43714537354519,-0.3415140886329217,12.442462663188486,-0.36953351971309717,7.118591944008758,-0.27447935893713377,35.2369883904277,-0.3082460672658975,24.35407514951873,-0.22687633406004867,41.347203479581154,-0.1932506315198727,46.891563925691536,-0.16269025494220854,11.314409149095324,-0.16355805310593619,18.67488054088507,-0.0,114.10789799502683,-0.11020141507348886,26.674185173277504,-0.0,111.05561532853345,-0.07252151122375297,33.30081813470627,-0.0,123.17104408383604,-0.0714013342533001,37.56867941673772,-0.0,89.89110834592123,-0.10614082919055982,38.623475449542596,-0.0,62.485773202923504,0.0,51.364541547950616,-0.17472728926834502,36.95121550173136,-0.3938877882352441,28.529498889503948,-0.29711791495476664,33.26396327758951
-5 2 5,-0.0,0.0,-0.0,13.638329147047612,0.0,35.69350064263274,0.49746563646113384,44.74939992784149,0.49866688854372415,44.79152347285531,0.4790094939804,44.64305680291349,0.49488824213334437,44.78741493390317,0.12125627258420822,8.52065359902221,0.1669117179189426,12.183907258229496,0.3227051847596631,42.18638276695844,0.44405927248480653,44.23249116559294,0.2541069340959844,40.42637104454118,-0.0,17.336250155971808,0.3891637446868998,43.43659342900454,0.0,10.983720620604556,0.01863629317287735,19.95775575759719,0.17913800625599252,37.9886476017026,0.08380851687020896,34.74185054188556,-0.3017403729192855,24.49428514495045,-0.12201265035160516,22.97340530258234,-0.4744703725032933,25.115407093306064,-0.4875034059734944,29.27659342625187,-0.4170241187271905,26.380385567677273,-0.2395765756591459,29.414998873278723,-0.010686383081668988,20.366011645101356,-0.08821425124630894,22.74199682700427,0.0,28.760543398515384,-0.07760723289277752,24.96188921993188,0.0,19.833029968867315,-0.0,27.797089540932774,0.0,10.326074900303421,0.0,32.227876451407056,0.0,46.70173307417173,0.03100388960584465,36.94818908097151,0.0,61.161887725400064,0.0,0.0,0.1427362200400042,40.46850373170567,0.29451127360362905,43.85347920553787,0.2168256319100821,42.47009713509581
-5 2 6,-0.0,0.0,-0.0,0.0,-0.0,0.0,-2.0450247822674714,-8.705557670163518,-2.0493121380293133,-8.801264519365878,-2.048547338725772,-8.724434183402353,-2.052113180816718,-8.849399986361034,0.12635551883683827,8.652354072861417,0.14931724793311427,12.368400941500704,-1.9223357174207794,-5.591280767769382,-2.031795673726634,-8.2632883029059,-1.8056395813355766,-2.9683326563535313,-0.0,16.240393862300948,-1.9934413030224674,-7.289064647152417,-0.14186614752824553,0.0,-0.003480195544395876,20.123486386840426,-1.6369519441715374,0.5268022190462303,-1.423490854874121,4.466346080891801,-0.4189960185747779,23.11400369927496,-0.14115322424163693,23.46165101205311,-1.0053426133964407,14.48208288147113,-0.8444347001914204,22.467197249901716,-1.1231401437833604,10.886498199256682,-1.2113471094993165,9.64100231603606,-0.16940680609849637,17.794372284228004,-0.4078689009619103,16.937425521277273,-1.606893698910828,0.0,-0.6785886482107292,14.064636339434596,-2.983381402321013,-0.0,-0.9732260016614265,9.465848683794366,-4.101259253981494,0.0,-1.239498692815272,5.498820978154372,-4.502148547811258,0.0,-1.4807952521034662,1.62181558626292,-4.220473864815929,0.0,-3.2429316850603103,-0.0,-1.6912920975299337,0.0,-2.0081769700041807,-1.6763533179926167,-1.876269714913634,-0.0
-5 3 1,-0.0,0.0,-0.0,0.0,-0.0,0.0,-0.6782819102159109,33.5774874966541,-0.6811621922462711,33.42468855216335,-0.6757970624107573,32.7012521625529,-0.6818223306608155,33.15575076549883,-0.02444780582318046,-0.6448515122613795,-0.03581171270333211,-0.10229443397491965,-0.5904218733050626,29.2920809046499,-0.6587029964398783,31.97091551662256,-0.5452760282303494,26.994254101384062,-0.04229586941585515,0.0,-0.6293679135901842,30.871538201674756,-0.0,0.0,-0.11892886880361607,0.6983602581898244,-0.49804485783836455,23.579406847015616,-0.4570822104545375,18.830195745600342,-0.39987614440134733,-1.7085231805879046,-0.20453817342067207,0.5121862732860823,-0.486553133011056,6.061802094615118,-0.46104466785020515,1.3527152099409738,-0.5242063233039013,7.076571352751093,-0.5695043612691343,7.94146591092977,-0.14543432557247524,0.0,-0.24750163093075697,0.0,-0.0,0.0,-0.3266640591679031,0.8361442865113677,-0.0,0.0,-0.35270956083554605,5.68762984340111,-0.0,0.0,-0.38255085697895924,11.817543110782474,0.0,0.0,-0.438381376637529,17.638194648861525,0.0,0.0,0.0,0.0,-0.48946253269507667,22.150664600477047,-0.5690153924680453,27.507613035150438,-0.5352020776089557,25.44899805572114
-5 3 2,-0.0,0.0,-0.0,0.0,-0.26263928178779894,0.0,0.15384294720574407,37.90519157183652,0.14973091747582318,37.90585561552629,0.10808017108429523,37.49307530166072,0.1375183428069164,37.814262593001025,-0.03641659964874774,0.616199736312065,-0.022067321073464437,1.854536374647689,-0.20486385408488442,32.85757789127924,0.04904463520393336,36.742280788764134,-0.40640229236624703,29.08607539712131,-0.0892224511656453,0.0,-0.05232576657346039,35.30478311344982,-0.0,0.0,-0.0909926109189813,3.450250805611988,-0.6296805532030055,24.002463852445945,-0.8133746609430643,18.286279218617793,-0.5901582532890682,0.39818604556791937,-0.22217361549510165,3.206710089354199,-0.9539495199594902,11.793247822327288,-0.7888685881465616,6.166134360356658,-1.0711372672792703,12.386942385614734,-1.2101366064352874,11.542799669223365,-0.27251310742862445,0.0,-0.4946750506584791,1.0204045224985332,-0.0,0.0,-0.7066357200438169,3.387198436930071,-0.0,0.0,-0.8410809458170162,7.583853902928986,-0.0,0.0,-0.8411384262303584,12.671616907268259,0.0,0.0,-0.7110145137451638,18.58955191013861,0.0,0.0,0.0,0.0,-0.47348659643423197,24.57655359978621,-0.026715442997097584,33.154029538338754,-0.22772852685239137,29.541908065997593
-5 3 3,-0.0,0.0,-0.0,0.0,-0.0,-0.0,-0.9180131146661643,-3.6276550056291805,-0.9241989053236076,-3.714397670396281,-0.9426582036431912,-3.856649639253101,-0.9327053390771998,-3.807656262803526,-0.008574169768013605,1.3971665583906958,0.017775933828090586,1.8045815264899276,-0.9499237339410462,-2.703311201237164,-0.9519532607099566,-3.776347626685424,-0.92974275764563,-1.534614957681817,-0.0,0.0,-0.9563570776526913,-3.440354357061882,-0.0,-0.0,-0.053595677935385215,0.28662128788322744,-0.89919990272899,-0.1976233764669317,-0.8609820706174658,0.7794437247911562,-0.4140480046471011,-4.012559616339605,-0.16413924161539203,-1.676005575745795,-0.9542121800343929,-0.1460288641208139,-0.6621670062050588,-1.608902896074649,-1.0531767632785194,1.0881047362759038,-1.0687845197124686,1.8744770409903995,-0.1614326836490443,-0.0,-0.36944319387084834,-0.0,-0.0,-0.0,-0.5514316303786349,0.0,-0.0,-0.0,-0.703821707240291,0.0,-0.0,-0.0,-0.7824573168537656,0.0,-0.015786112276011698,-0.0,-0.8241276254732608,0.0,-0.128161626748685,-0.0,-0.0,-0.0,-0.8621728393601569,-0.0,-0.8928764808158101,-0.0,-0.8904925853326651,-0.0
-5 3 4,0.0,0.0,0.0,0.0,0.0,0.0,-0.056359416992844344,-21.56960175181751,-0.05929885835549594,-21.490224385570457,-0.06552485155931388,-20.757746491205427,-0.06283288118544149,-21.270242607581277,0.11386300293941475,2.1756943949083345,0.15906618742279655,2.210548391084576,-0.020932850785980808,-15.646181778045552,-0.06409861483314351,-19.752840746569294,0.03209231559261407,-12.603823531930754,0.0,-0.0,-0.05212292987687765,-18.072147236679385,0.0,-0.0,0.09307454283631822,-0.2229129542041897,0.09269986287673809,-9.294560175000537,0.13304662130607897,-6.21317621377687,0.03558842001933407,-4.28092357765054,0.027636087074851663,-2.697592634740252,0.03690552376223174,-0.9360216982537465,0.12438311884776174,-1.4645311907486138,-0.0256390512380195,0.13337113841013035,0.06504359264329293,-0.004618927839778483,0.0,-0.0,0.0,-0.0,0.0,-0.0,0.0,-0.0,0.0,-0.0,0.02766038064838293,-0.0,0.0,-0.0,0.05471085418753154,-0.5109336231945648,0.0,-0.0,0.033888090902282085,-3.947077409939097,-0.0,-0.0,0.0,-0.0,0.0,-7.379075332272864,-0.0,-13.775269084408993,0.0,-10.821143320818928
-5 3 5,0.0,0.0,0.0,0.0,0.0,0.0,0.756053876787081,2.2180502203827346,0.7515928468673408,2.3502670700377086,0.7367238771540031,2.9032543920860947,0.7452248799947867,2.5689504039601503,0.2547179954105431,3.908644316800873,0.33963332184040235,4.990864526521229,0.678737904530094,4.116456341425082,0.7249261578034559,3.3542564268192856,0.6382365602785974,4.039740610950095,0.24882724559014716,1.0169506630424219,0.706903568807933,3.8294998557367768,0.0,0.0,0.3676778275801683,6.902821917458102,0.5871743152469898,3.6877335458873155,0.5292092448324427,3.376294980486252,0.35158899943353816,4.547971496376641,0.368286434367122,6.831867283575918,0.3335565455908324,2.0308553107910776,0.3179871031474744,2.9871424496768664,0.2956313000576757,3.0562921930729123,0.3754655243100288,2.47314917912027,0.2748253282589046,1.5413270073960037,0.29816715674384464,1.704606354790967,0.0,0.0,0.3493542574292722,1.1924211466935528,0.0,0.0,0.40888233022423837,0.0,0.0,-0.0,0.4723987379084954,0.0,0.0,-0.0,0.5245520098481223,0.0,0.0,-0.0,0.10231616807132178,0.0,0.5789005558375993,0.0,0.6309576923344475,0.0,0.6098473324334566,0.18117985768740585
-5 3 6,0.0,0.0,0.0,0.0,0.0,0.0,0.38140750600733114,-1.4863669537839022,0.38005943627064237,-1.3735541266712927,0.3753283177950476,-0.8638514858258819,0.3780610263002891,-1.1794938074249022,0.2172019646742815,4.043271557035566,0.2832548611681227,5.252177466537186,0.3581089098591421,0.875496307136523,0.37168706698148435,-0.3911717586862292,0.3433220246764384,1.4307031752928918,0.15771088733528627,1.469956577641,0.36654235379617206,0.2235573341873911,0.0,-0.0,0.3001466759606691,7.34211877078547,0.320864040514457,1.849961583242145,0.2936503890693904,2.218956572682258,0.2679492781871151,5.239837416346526,0.2989111300964236,7.578449738991572,0.14990556950035594,1.493999439545123,0.1727986758856935,2.8291391682618867,0.10768507397294907,1.9537368463660556,0.16218120284344095,1.696941644834737,0.16553514064182312,1.8000166825024126,0.16122304447012156,1.567521590328857,0.0,-0.0,0.15957145151033128,0.5443410755922008,0.0,-0.0,0.17942249238637717,0.0,0.0,-0.0,0.2043925574942466,0.0,0.0,-0.0,0.22509611813214947,0.0,0.0,-0.0,0.0,-0.0,0.25607690537848404,0.0,0.24928163137548334,0.0,0.26294087140158645,0.0
-4 1 1,0.0,-0.0,1.2431173316988668,-0.0,2.8678379560729934,-0.0,2.8112688128164924,17.216315117818922,2.81957027173318,16.89310655601811,2.8413593489988385,15.03865124730206,2.8302540026760314,16.255663264098764,0.11323713661368139,1.5937796601287864,0.16115306332866772,2.8552185026639805,2.8166367225820133,3.8821328381916222,2.849389629869859,12.843367179822803,2.7305181804559977,-2.7286952763027617,0.33464421791216914,0.0,2.8468893526429153,9.209598122320115,4.384336442655553,-0.0,0.27704730749034145,2.8289285274795146,2.5623149009964226,-9.217564384309773,2.3042231472417463,-13.613419607285493,0.8718697518150382,3.3801025724604816,0.4196854341784279,1.457405201572163,1.728147847667804,-18.109259328299288,1.3278411749382533,-2.9422650616028605,1.928165463349852,-23.182337625386,2.1252155157860857,-25.031165096521942,0.6073879525649655,-0.0,0.9705001920374672,-1.8615324615801268,4.355954397587553,-0.0,1.4002460370381153,-7.980030853025877,4.055963887286202,-0.0,1.835250084582817,-11.885428857837132,3.9577237753726746,-0.0,2.219121646729263,-13.324494424849778,4.57301375184021,-0.0,2.5223323017947457,-10.803887476946706,5.019124092120827,-0.0,4.645226974161177,-0.0,2.7525633609557105,-5.746793295105618,2.94725561702332,0.9558946019451209,2.8886736456762594,-0.0
-4 1 2,0.0,-0.0,0.0,-0.0,0.0,-0.0,1.77371437007865,-33.88060253405528,1.7418654984812183,-34.35978673323602,1.6185650018132967,-35.207257902507415,1.6920326252361109,-34.88557624486367,-0.018184972179247954,2.640813584255075,-0.02619385862449283,4.77269201381103,1.204888237771744,-30.73454513071193,1.5145471664892558,-34.94376938805581,1.0107757099621524,-26.247198472508945,0.0,2.429874447964649,1.3755360080963188,-33.61043115587544,0.0,-0.0,-0.0011425367595563128,4.93677482152312,0.8058150821830182,-20.78563224651964,0.6160455371110964,-15.3308057300719,0.31879959298770305,3.808888972614155,0.10372330608741463,2.8481792028221102,0.5963440378443405,-3.8584476671538153,0.4752921485754664,0.5228324701632696,0.5624966391293177,-6.9013518953665995,0.40463460178426014,-9.095301107596107,0.07140306824173681,0.0,0.19089688403995056,-0.0,0.0,-0.0,0.27695346930917925,-0.946872047485254,1.3518180170809522,-12.751881378104333,0.35144013157132253,-5.742868111117239,2.539121695231023,-32.68029194977608,0.4717251216926298,-11.257441155094373,2.9152004042723108,-47.843338383859354,0.6398504131779624,-16.801525470713845,3.661856119705109,-57.26419923622517,1.9033371246762696,-45.523433355022235,0.8503620629077224,-22.131492229081488,1.2747214642909008,-31.05910129498462,1.0662744817516758,-26.985896911641884
-4 1 3,0.0,-0.0,0.0,-0.0,0.0,-0.0,1.9598359401351306,-2.075340195361889,1.9498285311413215,-2.512654224239058,1.8992749515933505,-2.9407846748805992,1.9314907144912343,-2.8987308994928753,-0.053652959904607014,-3.979606874987702,-0.0789101944751707,-4.372434640125457,1.6700578350925752,-0.9047291331076197,1.8464439959674759,-2.421335032305392,1.5570651895037197,-1.3423962045564029,-0.0,-4.211952224300943,1.768910557474691,-1.5175963799382488,1.0331984698547365,-19.639508917297015,-0.0757304648485642,-11.019653424155836,1.4280302243531353,-3.0520702124066608,1.2682346567699114,-5.621165841472251,0.05662873786365443,-16.259369426479388,-0.09738205321226621,-16.076046600002968,0.8535977820418078,-8.251777956559666,0.40695893080221485,-12.25436387917198,1.016367797429925,-9.476153451203368,1.1699644961374724,-11.09955746078508,0.0,-7.226686717411811,0.23381085758474537,-9.29437660087784,1.5629106817647151,-13.091325274098548,0.5576767580018755,-9.757478310962988,1.7998133437028137,-0.0,0.8538345289871606,-8.47461354529572,2.0605755068658826,-0.0,1.1003981435592516,-6.024996325981209,1.5929504191397905,-0.0,1.2892576365237036,-3.207241264930925,1.386188595724346,-0.0,2.500928449924607,0.0,1.4266297398206351,-0.3504970780756004,1.6556543444308396,-0.0,1.5575177113046412,-0.0
-4 1 4,-0.3248467228164779,-66.0043187875202,-0.0,-75.21596739871265,-0.0,-62.73059996444908,-1.1924316288513,-59.46141116741932,-1.1988094949800487,-59.25008899068389,-1.2212677589096106,-58.49732332408889,-1.208280893051262,-58.939253241498406,-0.5697397139032219,-10.221789662216201,-0.6319164231159088,-11.38923292353943,-1.2795578031212977,-54.58046958331027,-1.2382102133687076,-57.815977539759466,-1.2937774093721142,-51.38869967409529,-0.9198904935089606,-19.245591235189288,-1.2587317779316713,-56.637366440570155,-0.0,-101.86965116630618,-0.9615159814150317,-22.354448242505978,-1.2934224231911045,-47.29498847536351,-1.2743951885964027,-42.98691030135868,-1.2329836003698065,-31.264343904003667,-1.1700082905440894,-28.568493631508048,-1.2449552452477524,-35.43876852389205,-1.2335681720038854,-33.00221362602196,-1.276579398272075,-37.627450271405664,-1.3547305433939667,-42.74998746163739,-1.0496896318850815,-24.480666847961487,-1.143182255316895,-29.221104290621494,-0.0,-102.69792061791398,-1.2086236194420745,-33.804837319596935,-0.0,-118.73301257567192,-1.2678403255998134,-39.09280794965951,-0.0,-96.34272538697331,-1.3134805468828081,-43.01721905262128,-0.0,-74.91351156935345,-1.3325758961108272,-47.35632632887728,-0.0,-63.950947057371366,0.0,-85.06376438661991,-1.3287328206036744,-51.248010817830576,-1.3101717473519647,-56.979230679755595,-1.3180246775112738,-54.05875182240343
-4 1 5,0.0,-0.0,0.0,-0.0,0.0,-60.371614774327476,1.4166456071455378,-63.67422149387612,1.417507352978672,-63.56648737522152,1.4147819570696587,-62.52988936396177,1.4176454609864542,-63.256660586977695,-0.06252384849968758,-1.2182913711850774,0.01416352010177449,0.06097965056825624,1.3108356865539363,-56.08043309036052,1.403729437213207,-61.132726581385334,1.2008221733345896,-53.000413289614244,0.0,-0.39097774477797814,1.3741839830355607,-58.92679170656149,0.0,-123.24716259093468,0.059983238897893226,-0.8980409713458237,1.0447369708210659,-49.77868553928622,0.8587144836504099,-45.71826987267259,0.1383271467856119,-12.494640771029859,0.055675080729966846,-3.2227500944635246,0.49125897146857617,-37.47449137987051,0.3869000795533676,-23.186501748227354,0.595817438888532,-41.3143176516573,0.630640542439542,-46.12320671807459,0.05078249875747227,-6.6548731839356,0.17947178962085758,-15.587667884994076,0.030703603249330417,-152.73767157756234,0.34368461161040176,-25.68218680559613,0.4561645058397209,-180.75481464477033,0.5236037906690938,-34.855038788388725,0.0006682312991240052,-180.28209510906808,0.7267509708253347,-42.446369848681314,0.3674250072604064,-162.88488081447454,0.931574497504335,-48.009204529021225,0.520901788134893,-162.40901356802098,1.7173517054995133,-139.22170605039082,1.1175493752491912,-52.35097419203194,1.3189629324733476,-58.78381862966871,1.2463840261217085,-55.66722865327457
-4 1 6,-0.0,-0.0,-0.0,-0.0,-0.0,-0.0,-1.1434919732280868,-54.86656425070473,-1.168166857831996,-54.57534664718953,-1.2304278689700017,-54.26459096851243,-1.1990451810956029,-54.31474128483169,-0.11783473978052036,-1.3944348037231984,-0.04160534238198098,1.0759733387876098,-1.2996006347873206,-54.34199632929217,-1.257340758616126,-54.515165753707684,-1.3138786970200678,-52.200166581730464,-0.0007094211185398414,0.0,-1.2796097838175466,-54.79623135900667,-0.300650206108569,-0.0,-0.08443891571536027,3.272151141776906,-1.30449557440122,-47.84705865094227,-1.2416205365792565,-41.36674736195343,-0.3051660561712482,-3.7647249723686316,-0.132101107904367,3.439754382956128,-0.9444906077460498,-24.541419387436694,-0.4563681170921928,-10.32882403884425,-1.0799074076205928,-27.995435257676732,-1.3132247543169357,-33.25559092088612,-0.16235620508151427,-0.0,-0.4029446110821021,-5.740306543989331,-1.1826382536768802,-4.447579229067459,-0.687544665138919,-15.450400700059271,-1.1186336620685227,-0.0,-0.964497337819536,-25.685856968462137,-0.0,-12.783115329783794,-1.1539519392121877,-34.98036150677903,-0.0,-20.8693129270152,-1.2542650863953344,-42.54214093750638,-0.0,-24.667702048488657,-1.1496210902325503,-59.540329740482555,-1.275538864999479,-48.57945682644449,-1.255223380220568,-52.633533045549925,-1.2595829567467505,-51.965179318816354
-4 2 1,1.297174471209123,-0.0,1.6666300094713133,-0.0,0.7565341625303473,-0.0,0.44500690171300994,-56.661494288366264,0.4710103604943672,-56.65621939789483,0.5725094966895107,-56.563166195251206,0.5118945764193723,-56.63722734772537,0.10544795079354183,0.3901329795210008,0.11850625837179367,1.4247051055202546,0.9025139291654714,-53.620570232921764,0.6584572861576121,-56.30021086360048,1.033625082637539,-49.831200125064775,0.16257895610438564,0.02041947975574817,0.7715482486886803,-55.51782943265803,0.0,-0.0,0.22544080551321244,2.153849923550557,1.1462951214326795,-43.42992462090549,1.2131019724388186,-34.2488577935903,0.4827329616513579,3.7258158086797644,0.3109379323654681,2.491386466333824,1.3685362175408489,-1.686847750694876,0.9278260569978757,4.757809979418702,1.5139990957936955,-5.537098163721917,1.613355185546129,-10.67766093689184,0.400161649134052,0.0,0.6830323712424016,-0.0,0.0,-25.297172787673457,0.9519792267297111,-3.2378441234712305,0.0,-27.137377990766552,1.1610993017975795,-13.602160457731951,0.0,-45.57908345675565,1.2384527269606114,-25.501831459261744,-0.0,-60.9016913030683,1.1937066127602047,-37.213165024774725,-0.0,-75.45336693104876,-0.0,-21.08456643344446,1.0945168092891449,-46.17988649550553,0.8068973266877114,-55.48443677088493,0.942784039345557,-52.275436816228655
-4 2 2,-0.0,-0.0,-0.3893233943819088,-0.0,-1.4290679227971932,-0.0,-1.7186177547001356,50.67630090691345,-1.7274174147594885,49.89443783978546,-1.759854876369217,46.854430990948096,-1.740744884457297,48.67431535199632,-0.0736371016027802,-2.491152553871589,-0.1726069140161485,-1.1419683719120715,-1.8725251328048076,34.63366410396866,-1.7871014904298674,44.15295681789086,-1.9127696301508792,27.655222442106627,-0.5105584388527534,0.0,-1.825278301941436,40.17675761692196,-1.4244461838536788,-0.0,-0.5563543030847453,-5.847837303160257,-1.9086414634945437,20.029155282256664,-1.8139945982060564,13.022343110987231,-0.858320820558306,-1.4577109642781527,-0.7240286313339668,-8.655870954365884,-1.266467137273714,10.883244538251452,-1.0261566542122782,5.750253809514959,-1.3994224421403199,9.692321067994977,-1.5709534393853821,9.208030232843084,-0.6831944570803249,-0.0,-0.9094360591412388,0.0,-0.6567920491198785,-0.0,-1.2043788998080915,0.0,-0.0,-0.0,-1.5073507525067715,1.6337803088066036,-0.0,0.0,-1.774241600584316,6.8088748056724615,-0.0,0.0,-1.9532241700792803,13.837821681168538,-0.0,0.0,-0.0,16.82830318922691,-1.9896570035808105,21.88559604119345,-1.8810056897185048,37.0509699155118,-1.945604179328339,29.77941826043987
-4 2 3,-0.0,-0.0,-0.0,-0.0,-0.0,-8.051563703589729,-0.45452294402952437,-10.517292878254727,-0.447687070321729,-10.703025909913471,-0.42890287744733807,-11.955355884199154,-0.4386960448171745,-11.111098172722036,-0.22390294401631639,-5.330862380298925,-0.25653142902381393,-5.197230973231255,-0.4247163301439902,-19.909308048929834,-0.4205671981433289,-13.544211809512822,-0.44915649344009534,-24.08781045877355,-0.41234453238717034,-4.784260242202894,-0.417265982755037,-16.185612839605437,-0.0,-6.381124759199339,-0.4774871263621877,-11.57245869126625,-0.49194486882163774,-27.340802748377595,-0.5437503567625883,-28.044311063988253,-0.6119758558618378,-9.347260687601771,-0.621533690852581,-15.04912298332972,-0.637810688788399,-2.7745640747425777,-0.5655535181762136,-3.889716662568657,-0.742427574236266,-11.925170282906748,-0.8206526533443876,-25.011053584602106,-0.4641734477660304,-6.782946562253718,-0.513729987476114,-10.230404586807449,-0.0,-17.320821760343186,-0.5545772896338214,-15.51520337194583,-0.0,-0.0,-0.5546858903387404,-21.211269269083687,-0.0,-0.0,-0.5131930001126446,-26.528554135985132,-0.0,-0.0,-0.44747079423500385,-28.535829396377732,-0.0,-0.0,-0.0,0.0,-0.3816530783136721,-26.507596493316854,-0.3308565662147903,-18.29911607527293,-0.3414940600045502,-22.370831789035066
-4 2 4,-1.952714617341984,-28.375534303782334,-2.861489258929503,-28.734824987031878,-4.270087278681111,-32.40308966605812,-2.6023036378227307,-19.061711800397443,-2.6075002424324105,-19.000692167412215,-2.6117145465361506,-19.343049132299033,-2.611990113906117,-19.03796927688125,-0.38505781219222046,-11.676363062240087,-0.457670732178129,-13.797784501258235,-2.5320849023233327,-23.204606441804685,-2.601769664726029,-20.106621215908262,-2.4537717567327486,-25.27429981662965,-0.8566272534833786,-24.558488153735578,-2.5774236936913657,-21.42428194105731,-4.988091784603904,-0.11628753144718759,-0.8455031684192268,-25.262244435421888,-2.328245173693858,-27.685724323042752,-2.1506926039709113,-30.73525835360475,-1.3029358100263106,-39.40282651513867,-1.138643594087794,-33.40391893225662,-1.8303337212444033,-51.65288247846992,-1.4786068079536439,-47.48996005321701,-2.0269027732285956,-51.05950571468433,-2.1086609126395945,-52.490962524481375,-1.116139713408636,-31.892998562290924,-1.3946219023533413,-37.58835382499575,-6.2801204850960675,-0.0,-1.6540282941028852,-39.60226739265721,-7.104323099913158,-0.0,-1.889006688745913,-38.08669759410711,-7.331097643121182,-0.0,-2.129169622763038,-34.10738033630784,-6.877377642616574,0.0,-2.333710432757027,-29.849235490241142,-6.034516122246214,-0.0,-6.475899539697481,-0.0,-2.495740112037907,-26.034678328491257,-2.701652675939183,-20.53788919278748,-2.6188924133465483,-22.859903356369735
-4 2 5,0.0,-0.0,0.6510076943859598,-0.0,1.682575318270023,-0.0,1.8544326607443333,-34.60767504932672,1.852607311310994,-34.72023188043078,1.8343682419778728,-34.69619844019725,1.8473688051625368,-34.79406735472137,-0.030067707561400883,-1.8762438446201042,0.10914366471217973,-0.03946570870287877,1.669872433164967,-31.342542019541817,1.806272771692501,-34.231795578058396,1.5621994001855233,-28.74717076973794,0.19818506132009756,-0.0,1.7534792814491635,-33.17407885886846,2.9947385901087924,-0.0,0.23062913046316805,2.3954634055393145,1.4473425115265541,-25.60111734315801,1.3306870048668533,-22.085534989930093,0.6488851190762372,-1.1292041154586312,0.36189229455238475,2.3907001687487766,1.1816608359299285,-21.39307913695537,1.0305966443001584,-4.06462291075613,1.2369773651081717,-21.868830446168847,1.2481980035195714,-25.750471632173248,0.4068311350786539,-0.0,0.6445119423500175,-2.935269521462457,3.937802191429306,-0.0,0.8857215649560712,-8.686439925071602,3.5223511031001116,-0.0,1.1110234441596822,-14.16968013723706,3.0855305683147103,-16.47324081468862,1.2904773578319273,-18.952099766535277,3.654631757100072,-43.681953188361845,1.4218726629226799,-22.785824254350015,4.486696973938057,-62.57462387146922,3.679493578026616,-10.881077647324565,1.556128928163667,-25.972636972997368,1.747204311643461,-30.663880888204954,1.6828540403352894,-28.870627455142223
-4 2 6,-0.0,0.0,-0.0,0.0,-0.0,-0.0,-2.46449718024664,8.648894709640054,-2.4488806579165123,9.335587548576196,-2.3826232819685913,10.990719900709529,-2.4232923244143763,10.177667564157469,-0.03911920819125847,2.8723055011048273,-0.011071938753707216,5.554348792611854,-2.0811922752308534,11.943463765863074,-2.3184906147394884,11.596023617698599,-1.9037291290016845,11.487706249942784,-0.08111745026727903,7.7822436405451025,-2.2202905902387875,11.924737183493255,-0.0,-0.0,-0.21879445870942626,12.570328282203944,-1.6967158128169317,10.257745622368462,-1.4657100898592226,8.209879452972872,-0.3309676075955881,14.331382126312196,-0.31696787981884145,14.772622185752624,-0.8432406317302379,-3.4448749975767474,-0.4936136602246432,13.40515332426102,-1.0716356157833686,-5.71235116839252,-1.298468936301278,-7.6728092492133815,-0.23012415640751788,7.5760245453972965,-0.44882539177410286,5.135808624678415,-0.0,-0.0,-0.725889920280082,2.751292232474032,-0.38134394060635507,-0.0,-1.0280600444126466,2.2638222254303484,-1.4383830234025325,-0.0,-1.3191203947475407,3.7459030484469475,-2.254538813701207,-0.0,-1.5897937743959074,5.684478453718927,-3.2781605674907452,-0.0,-2.920957114288642,-0.0,-1.8285455134028712,7.308030342566595,-2.2554408834839736,8.09295355559508,-2.032070749449298,8.03147084354126
-4 3 1,-0.0,0.0,-0.0,-0.0,-0.0,-0.0,-0.6577111065189868,46.15258266539689,-0.6761988987540816,46.156012474576386,-0.7188275508705487,45.45816401302375,-0.6983366948775863,46.003974490441244,-0.19091444051596193,-2.5750979838592847,-0.21907288545009593,-2.5700165536208948,-0.7636757658733168,37.3121590610906,-0.733829633972309,44.15848064370904,-0.791040099690167,30.78100842535727,-0.19737202834383336,-0.0,-0.746033085939423,41.62949293360727,-0.0,-0.0,-0.3004126584461671,-2.1880071922159363,-0.8164610145963258,22.280794695828078,-0.8121635787989451,13.14686269924175,-0.493268993503499,-1.8428697865712393,-0.3629930459848464,-2.656990356438563,-0.5051661784099104,-0.5327405475849424,-0.5270638636571754,0.37734737662602424,-0.6037479477461659,-4.377499501674407,-0.7498851949839005,-9.079500878108526,-0.28485480929764134,-0.0,-0.39550868625097013,-0.0,-0.0,0.0,-0.5301844549958512,-0.0,-0.0,0.0,-0.6668172822972612,0.0,-0.0,0.0,-0.7549894270702396,5.549125109638728,0.0,7.849981362934436,-0.7939088864114624,14.530725065155375,-0.0,20.221138042012353,0.0,0.0,-0.7915182211489956,23.83662742169578,-0.7354101919270613,38.25560397051524,-0.7600338570571207,32.31768955493958
-4 3 2,-1.3743557765157433,0.0,-0.6704354211897927,-0.0,-0.10974729448437491,-0.0,-0.5902044669439175,-19.718138971934447,-0.5850327342235878,-19.16812602567221,-0.5615618275466725,-17.19708949536745,-0.5760948864032092,-18.347400635015976,-0.4645140366303754,-0.929999530156784,-0.5334120384398046,-0.2336753352505857,-0.4866436781318594,-10.45298440748155,-0.5400465917548783,-15.597903848051295,-0.47215172526247356,-6.935831319419127,-0.729829702600331,0.0,-0.5129269650598387,-13.377791629616896,-0.0,-0.0,-0.7931677957711502,0.4810944092673655,-0.4830557047041594,-3.08955271365189,-0.5319429749656522,0.6876647029025061,-1.1113997940049016,1.1731753187551757,-0.9666072745687618,-0.46628745885485506,-0.8204133732830261,20.45604137500139,-1.1549045653463594,10.403923559539082,-0.7347911839522869,18.58606454261542,-0.6848297034744864,12.407419774467979,-0.8246939136741922,0.0,-0.8415914360174879,1.0048729493410515,-0.0,-0.0,-0.771755478558986,2.2994211091262575,-0.0,-0.0,-0.651635926236498,2.749809360925785,-0.0,0.0,-0.5358377448383614,0.4742330409174986,-0.0,0.0,-0.4649618317678886,-0.0,-0.18994933944513384,-0.0,-1.618662664226592,-6.873980419155189,-0.45744125687777776,-1.3319110324691366,-0.5165318669096074,-9.781319327677588,-0.4771073329498293,-5.904638745701677
-4 3 3,-0.0,0.0,0.0,0.0,0.0,0.0,0.915645927572564,20.923179775259413,0.9113073032894363,21.016582728141586,0.9010111082450305,21.35084013964343,0.9063046144331546,21.15886897218423,-0.5101391839356099,-0.7752439394711819,-0.5699172556682993,-1.2475317614915857,0.7901503413459089,21.30704523674445,0.8915238534572624,21.55771434429179,0.6465515209563352,20.13068230057533,-0.7539937329799502,-0.0,0.8634055691237743,21.644396015314147,0.0,0.0,-0.9428805982864488,-4.641317629503811,0.4311304303973918,17.81973695417076,0.17177415983068886,14.3959206685972,-1.0356775199003185,-8.534713673337881,-1.147458248240177,-8.81630516564606,-0.47058942279059846,6.433024672981791,-0.8244624988927836,-2.8408590220512075,-0.31260180615431654,9.365876112192373,-0.019235501710869858,11.000361054125467,-0.7887293957749372,-0.0,-0.6863431737532601,-0.0,0.010538414046941258,0.0,-0.44660023815935207,0.0,0.007215009540383233,0.0,-0.16424249973808314,4.8436192093606305,0.0,0.0,0.0,10.1635995757761,0.0,0.0,0.2703103069614574,14.388475591458862,0.0,0.0,0.6282413344071186,0.0,0.5571493470919185,17.14931291139414,0.8604592110169395,20.099045340362952,0.7645384161727917,18.875822753357017
-4 3 4,0.0,0.0,0.0,0.0,1.7149491549984905,0.0,1.083476495035423,18.589799334189383,1.0803352081032493,18.622197852016726,1.0730697427139013,18.651064697943823,1.0765230852414496,18.651891154709322,0.0327137951985066,3.8920722712383626,0.11679138709669834,4.645988691442731,1.0778399594455998,17.645936061258293,1.0713878260499299,18.56860478812436,1.0808206899107582,16.24146932230598,0.0,0.0,1.072900735634466,18.303649438472906,2.2541293741895005,0.0,0.04187680500591287,3.188251960274439,1.064550345762262,13.745951646519575,1.0002260282703803,10.2055596271786,0.07989988546274877,-4.379994405649475,-0.011743114124793109,-0.5472760100778797,0.6080188321615666,-1.118373491653081,0.32934703272219185,-2.849230832418914,0.7402427941843909,2.3926269278134558,0.9951135981701782,2.8457703652764486,0.06558853959996892,0.0,0.2267413333925025,0.0,1.7562381241123501,0.0,0.47326265394716105,0.0,1.8687710672348594,0.0,0.7195780435087946,0.11514770963304465,1.8985302228193894,0.0,0.9236494926119242,4.059102701682284,1.7691254155845098,0.0,1.0575428472998447,8.57046577841476,1.6375850728838848,0.0,1.515927967058004,-0.0,1.1013802423581796,11.838305090398979,1.0504733347281265,15.516411859259634,1.1102059105278586,13.875646170758033
-4 3 5,0.0,0.0,0.0,0.0,0.0,-0.0,0.1977776565719922,-22.14310332722793,0.19558438843376103,-21.986876308308457,0.1958073553692132,-21.326272905782556,0.1941436552179087,-21.730804803257254,0.21473802482574791,4.6612026225082515,0.28575100012105,5.625270436473208,0.23961502963693468,-18.359037142621805,0.2033220912285909,-20.697719954389385,0.26125469909961085,-16.428198231482376,0.02084431809296226,0.7542861363125655,0.2183337936215195,-19.74513544557594,0.0,-0.0,0.16061318726809937,7.017299261293135,0.2722165822952946,-13.871113327508148,0.26081354733850287,-10.665296397291112,0.012662373097827806,2.220152372842308,0.039906026966146875,5.395219864125259,0.11240654564867798,-1.5232799280507037,0.004808058819086783,3.520814778415183,0.09497905125073501,-0.9805028944274098,0.19439336601429286,-3.947718270253918,0.007133494684528155,0.42506704448294136,0.01852938183656434,0.0,0.0,-0.0,0.0557693282460396,0.0,0.0,-0.0,0.1098720647631159,-0.22358821329147643,0.0,-0.0,0.1763734550377498,-4.831401576891554,0.0,-0.0,0.2089334011520147,-8.852590423016201,0.0,-0.0,0.0,-0.0,0.21499870219172518,-11.955610123506704,0.12023427395343966,-16.05769554465496,0.19681906386666156,-14.25723183950097
-4 3 6,0.0,0.0,0.0,0.0,0.0,-0.0,0.3251132689263433,-10.28249855527105,0.32410279853707036,-10.09240807564102,0.3076473102545727,-9.528106489788883,0.31961012088453344,-9.835043949770508,0.22029243998243803,4.593764426275407,0.290266711147124,6.033293018100994,0.2085466936996155,-8.12233008436507,0.2842050550669853,-9.177510449749622,0.17517407742481245,-7.145406258780291,0.11496730739640001,4.245873123991796,0.2489092096736863,-8.744109158432085,0.0,-0.0,0.23318503024610912,10.00566019829198,0.15795589238934812,-5.661147949010002,0.15722784299735534,-3.598115111019941,0.15465984174840103,7.771918152908655,0.1934117460984005,10.602586017714092,0.17636924534716247,1.4026105086822929,0.014831118613121351,6.252680035581724,0.16603083894887735,1.925700858539224,0.27289248582657843,0.48817478847061196,0.1090875319676492,4.53926111108381,0.11188034110069225,3.530775419706619,0.0,-0.0,0.1099918335982753,0.9805936298732009,0.0,-0.0,0.1001747167592636,0.0,0.0,-0.0,0.10834583253870685,-0.0,0.0,-0.0,0.11408351282548837,-0.0,0.0,-0.0,0.08422033657953824,-0.0,0.13005975646742363,-1.94434403383061,0.13846441190988248,-4.964152848285365,0.15291213772960507,-3.6066479692450493
-3 1 1,0.0,-55.3429654508815,0.0,-90.1281308747553,0.27279805285329883,-90.35276355047317,0.7120215364610184,-57.639857947297585,0.7285750453561871,-56.897648705267805,0.7918978580115196,-53.97303543739738,0.754328039607276,-55.728247221379405,0.2195103201557897,-4.297709021996111,0.2099716502630009,-6.844149526242408,0.9657897447238338,-43.4413240731026,0.8437092570990745,-51.40231857545816,0.9881079009372986,-38.994821732276556,0.12824771801577917,-14.347202434129533,0.907237959739464,-47.83000528216563,0.0,-49.655849403044776,0.346828456276579,-13.244930382347441,0.9479889194701129,-35.594928974703315,0.8464530904137146,-34.0603896697333,0.307827837725202,-30.192293035514354,0.344295540682618,-18.929326872257498,0.385743977735961,-51.194764525986585,0.4149902241150392,-41.625480014319216,0.46643141693963114,-52.97046509630004,0.6075693672977693,-52.496292897069054,0.21480929315764585,-21.873967044717904,0.3138753962716659,-29.0865562539105,0.0,-12.960326014989262,0.42572910679858045,-34.57172473769955,0.10026324674144167,-0.29016686328814906,0.5723151414612745,-36.07353799951687,0.05258851550744675,-4.035196772717026,0.7152608205309092,-35.30874194863711,0.0,-2.451133611565687,0.8529349807706003,-35.00524190911042,0.0,-0.4250182216070425,0.06637746128387485,-26.648432461265028,0.9407147410093809,-36.9361930403121,0.9319128440595467,-46.5200376539995,0.9448797847030764,-40.68093200965397
-3 1 2,0.0,-0.0,0.0,-0.0,0.0,-10.402245554189761,-1.1661931403079264,-46.54423557584314,-1.1693346043245365,-46.39910750777083,-1.1662814594874467,-46.008812310415784,-1.170796492361524,-46.213481153621,0.3266839211569832,2.0590781160430764,0.3284375818493163,2.368131820803113,-1.060421855787147,-44.10027879240905,-1.1502272789029706,-45.765396551440666,-0.9743284426635122,-41.342768057098475,0.12827632147590015,0.0,-1.1169128306792073,-45.30078583261332,-0.0,-44.74716112292647,0.34050140081956237,2.259689500253852,-0.8518274796809443,-36.44979350496276,-0.6865996384398828,-29.75198920966395,0.07926260947107247,-6.8316710020573606,0.25958622296076506,-1.4011944757460155,-0.1417143432643145,-15.236310667796115,0.03942776581016956,-12.502043017668697,-0.2529412510204156,-18.013234139443245,-0.3592708242025215,-17.039200304969015,0.07772455614010058,-0.0,0.0,-5.411896335633164,-0.0,-71.65178306248256,-0.0,-12.620984670467578,0.0,-82.43633963360573,-0.2414775817192433,-20.368916121484798,0.0,-71.0029875502633,-0.4840727252923188,-27.849613778019354,-0.0,-56.207422739918364,-0.7189373883598441,-35.239164028682616,-0.0,-46.65713303901344,-0.0,-42.92369818478658,-0.8780054087126262,-41.936955217394235,-1.0645970139865384,-46.88232124264549,-1.0075000496329716,-45.976309845305074
-3 1 3,0.0,132.28247853442477,0.0,126.95651886493954,0.0,105.23838288893982,-0.08647804922797328,127.11757108020902,-0.0755726238759632,127.30635710342723,-0.048695351414944986,127.18808166216526,-0.06210134695995466,127.41475699090522,0.13104651909095547,11.508420271673177,0.09537661765249017,16.555842604166084,0.002115889771498959,119.41259023124964,-0.03701543755916888,126.2174441846053,0.05761767130186172,112.06977242959307,0.07616594469645048,38.16638841857008,-0.023829270501578723,123.8980550243168,0.0,129.01406457947925,0.24240586371247144,32.6119593979748,0.14909559826072707,102.06008735374508,0.2539497030183949,90.65504055135669,0.3540018099307542,50.86800750789439,0.27917468737263723,38.952533783503405,0.4154947705787573,79.32643346543111,0.4232633197012032,66.32430433006027,0.41229852761159086,82.6196479535211,0.42488492184353094,86.61492400959999,0.16179158476316782,45.92839662445339,0.2375820424648444,54.63363741977687,-0.0,176.81882584953703,0.26302055908926525,64.31302381756991,-0.0,191.2733572950607,0.2634448918807111,74.66084834712089,-0.0,202.80040839216963,0.21117108548549,86.72316326865148,-0.0,198.96929149426313,0.10324349557624195,99.32066510108376,-0.0,209.5609436056806,-0.02338353482518702,249.9563544522764,0.0,110.92623287234183,-0.0,126.18938979891037,-0.0,120.12875220302472
-3 1 4,0.0,-0.0,0.0,-0.0,0.4357847694403986,-0.0,2.297580043859524,-50.24599399158053,2.305113647845642,-49.438572487963235,2.317261493989348,-46.036779507292906,2.3130924995136954,-48.11626713613573,-0.1738796510813957,-6.31432376342548,-0.16326417020100814,-5.980440164566333,2.2291463971727,-32.17297563443031,2.3113309163280324,-42.856425501644466,2.117774143877149,-25.07005713909143,0.0,-0.0,2.286585361893892,-38.24502578190844,1.1768267837885358,-3.345660347989586,0.18237611164530357,-4.7498728938949935,1.9289790984011055,-17.68107350279434,1.6536896854353722,-10.805990692307462,0.22724310455045496,-2.3227033123606917,0.22852933835526537,-7.266991933116074,0.767660248313382,9.726391192439033,0.3627921246448774,0.7336051849325446,0.9759277637994993,11.485541155828296,1.2389037742782212,10.011996791712379,0.07838660398780756,-0.0,0.31977286772298125,-0.0,0.5398410374381021,-0.0,0.6281990901096915,-0.0,0.3685443140250624,-0.0,0.9866139699394794,-0.2214064267864981,0.26151165608519694,-3.801298791161027,1.3687401489278277,-5.51509292640498,0.31217179559290464,-14.493489066641567,1.7074856318952922,-13.016722982745716,0.12374319206407722,-24.377947025605057,1.2120016378060938,-27.040643201203462,1.9653270578484794,-20.98911655503263,2.2744338225390552,-36.00636842443227,2.142518764534257,-28.656575525086836
-3 1 5,0.0,0.0,0.0,64.95678980869558,0.0,105.29225788549515,1.5150518526883565,85.07771291155552,1.4958065413609838,84.60185870970533,1.4247877282960992,82.85115343384614,1.4663539644236816,83.87995506640124,0.036962420217314954,2.1727310097118164,0.15759075813475046,5.947311864908788,1.2629927566481958,76.97185247937615,1.3708132179282484,81.41876419972239,1.2491495348010888,73.81677388906051,0.2784416246403569,7.5633323863955635,1.310762728870002,79.47469057869064,0.0,155.40335308463563,0.41596396310894546,10.052815390622268,1.2698270238970937,69.57795236505295,1.2884860158194709,63.49362811729242,0.5171612799262538,18.114388484313352,0.4973926568615953,11.596739860540461,1.2804101964771306,46.37728771161212,0.9854940425868832,32.033093382440185,1.4618217335429418,55.00398440923544,1.569589549266012,60.06170354599228,0.4685688422928861,14.827735041596211,0.6987219794265923,25.355835087401783,0.0,161.9066036655672,0.9416411729374303,37.84615037958696,0.0,156.86150674327635,1.1401686543253795,50.2029144012541,0.0,171.85302839315108,1.228347225018946,60.379952320344096,0.0,166.42578609992376,1.2132348750370272,68.13779833877135,0.15207802041929908,161.68920567446455,0.0,114.29310944738086,1.1910078593712583,73.24990631810503,1.2059687727535489,79.91150147786718,1.201920250633343,76.9049925218152
-3 1 6,0.0,0.0,0.0,0.0,0.0,0.0,0.30307305253104166,25.359014522085747,0.3283496823302927,25.52631864005625,0.3957652467036566,26.26450818662595,0.36087228519449915,25.813375924181003,0.06208568379416751,3.1285115709036933,0.1735144437643905,5.845738985637912,0.48087146672872083,27.379446378718786,0.4282702422867849,26.864637868940786,0.5025010827930071,26.22785912735544,0.22405737120693536,3.9435809202665286,0.45661082016184407,27.40310524173913,-0.0,0.0,0.32746312299620683,8.920437505381555,0.5255043670314338,23.778847626557262,0.5524276799141403,20.4396058068322,0.3767360352835968,5.699060982371877,0.37396749461700607,9.203683214096584,0.7702344233470118,11.470149539871628,0.7176045392142143,7.675181361765827,0.8505756992459502,16.622504508207786,0.8336088230415495,19.527565663432846,0.33071876426871266,5.4179073710771855,0.438068105889747,7.3286992961322985,-0.0,0.0,0.5216809535376102,9.665868323879119,-0.0,0.0,0.5080250047937811,12.0765491785591,-0.0,0.0,0.45583747367342603,15.56131585956267,-0.0,-0.0,0.3899992915566612,19.136924513405862,-0.0,-0.0,-0.0,0.0,0.3615340382686155,22.226573506482982,0.25380339594559065,25.12916890353937,0.3536542414671324,24.275535639692116
-3 2 1,0.0,-0.0,0.0,-0.0,0.0,-0.0,0.21239750663663617,-15.99573194118801,0.2104262999302888,-17.021613165765896,0.19392657886328574,-19.767103569157054,0.2052062687979393,-18.345209821989773,0.1623480395879718,0.642850618683488,0.2360934238943219,2.484133573274041,0.13150046585696232,-22.302606175513667,0.1747810436354416,-21.063058172407384,0.12984416289987905,-21.34870491475953,0.28946381897107165,0.0,0.15069840981092056,-22.026399531494626,0.0,-0.0,0.45608055731132857,7.432885702350079,0.15550178451357868,-18.742800140531756,0.21355441698514777,-14.530251246539521,0.6323444598415325,9.672638646082069,0.6043993064627277,9.953018303886788,0.5998996916548962,-6.351585346134082,0.6056399213181015,1.8578057872037521,0.5146148571118729,-8.896779649928718,0.3520065727451181,-13.36552577032266,0.388703911598198,0.0,0.4367823760455547,0.0,0.0,-36.176664210972675,0.3818836782710429,-0.0,-0.0,-46.642483438355214,0.21958908948987968,-3.5167665513570525,-0.0,-55.59021380883661,0.11022458025366068,-9.861923643908144,-0.0,-59.964716563283815,0.020916923509409945,-15.64245785285295,-0.0,-56.92450950622944,0.0,-25.09766558890797,0.0,-19.435688988071654,0.009465257511113326,-20.390826969864655,0.00869289019631306,-21.03570524305159
-3 2 2,0.0,0.13242006766082687,-0.0,16.367534898250938,-0.0,40.25985412498385,0.06783363101538802,82.40562095664336,0.07334071295341674,82.59040617013206,0.10892684633484628,83.20622754079145,0.0854258492045056,82.8581592332794,0.005316066585603448,7.54631933109942,0.015306549613783492,11.199358617082142,0.22581103292864718,84.16889521335995,0.14662952110085306,83.61263580888009,0.22703718530019265,83.715923021834,0.0,19.49523732330391,0.19214598112185904,84.00016755547159,0.0,67.16868937058703,0.08034983794671735,22.16338289288267,0.19823159016421413,81.9036572419343,0.1662187418340355,77.65208767619694,0.1609991987659089,34.82189208075544,0.1692118146743385,23.110753780943014,0.2627002047314054,67.70170892852943,0.12950276450438544,47.003481215820905,0.304304557936372,72.58433328863144,0.24201990615413013,75.88970211875116,0.0,26.411625661628715,0.031921670308859444,37.18207010771466,0.0,118.56643936543813,0.054093385680696625,50.8522643740522,0.0,141.64936430811335,0.04512023635320616,64.63986575045223,0.0,159.89988794962738,0.05560364251433724,75.21161840129557,-0.0,159.54451044970162,0.08165224719581148,81.76918414768127,-0.0,143.31736770263484,-0.0,91.46734307340516,0.1318826229394217,84.70823563552334,0.15021069877396137,86.49274953240614,0.16693334249523775,86.29429658150495
-3 2 3,-0.0,0.0,-0.0,0.0,0.0,0.0,0.24038888852188128,41.57800461330098,0.23828117379335764,41.693878622400526,0.22800319150020257,42.58641813725188,0.2345680842156375,41.98623214945454,0.020004279872038015,19.03241481876324,0.01403124858651004,23.58856734353418,0.1625935743693462,44.60303008135378,0.21615453699267329,43.517779032743405,0.1246076699400125,43.23019725747859,0.04841911317351219,33.23083887573507,0.19520935870191827,44.44748077550206,-0.0,0.0,0.13793449144288572,36.589205727200756,0.10117262194035151,40.2792823484178,0.11122267957145943,36.55962035826938,0.29173004358268473,37.96123855982657,0.22221896391619744,35.12811531736802,0.2692878622994736,33.68440945806861,0.2416759488771272,36.213363764219636,0.2918069733305191,29.897854066580326,0.28878877306801365,27.129074883169544,0.05706578805071162,32.823136800405436,0.06510359469744162,31.115112842759583,-0.0,0.0,0.08363136228083319,29.565194970834572,-0.0,0.0,0.07565857864885496,29.090650638954358,-0.0,0.0,0.03210428582568971,31.557200390949095,0.0,0.0,0.003437822976436365,34.81407921075797,0.0,0.0,-0.0,11.930906222318855,0.00726353279326192,38.423185481255615,0.13713180477677955,41.809081972007796,0.04146311162513526,40.98598290799961
-3 2 4,0.0,-59.27710692954301,0.0,-69.80067173857124,0.0,-100.60239859085398,0.42298996541651845,-96.88159140781997,0.3919281069654902,-96.33710050379416,0.28248084023887954,-94.15108392082347,0.34572314022702183,-95.47624973602929,-0.22394276439436528,-2.3598651002052904,-0.19661304359362675,-5.234771659321786,0.01184842825018956,-83.47796998089962,0.20102287322822743,-92.06108696676078,-0.05684391215447869,-76.04316210905493,-0.20952964546349864,-19.134196299027632,0.10534432010185488,-88.69884170703762,0.0,-133.18629026151677,-0.2711451931725877,-18.84653729818601,-0.09299323256352297,-66.65592753685141,-0.11569145258295138,-56.41225661994409,-0.42140542614531035,-32.57508445541123,-0.3847340824165562,-32.662843911564664,-0.303606365060042,-36.9042722514199,-0.26911686704598725,-37.5233724944509,-0.3258389292722787,-36.75712652617914,-0.26401529296510884,-41.75778682866243,-0.23495255894089612,-26.05607635447005,-0.22507173164216832,-31.860761421409425,0.0,-161.91836583713584,-0.17505986695398884,-37.66983715831106,0.0,-197.24737049728031,-0.12344346750451006,-44.949073761499314,0.0,-223.38823633572844,-0.03935726198679744,-54.416756595678706,0.0,-223.5521608227511,-0.0,-64.87105269960712,0.0,-209.04134302131862,0.0,-136.74160269440682,-0.0,-75.54326007078971,0.0,-89.03037218287676,0.0,-84.013053608595
-3 2 5,0.0,-0.0,0.0,-0.0,-0.0,-0.0,-0.6980115224815552,-3.464751466735747,-0.7036387759626787,-3.492958478999028,-0.7024363253249531,-3.5043483993279265,-0.7072028695185044,-3.5153880226302276,-0.07038264426234919,-5.899147846070362,-0.015001636892751866,-6.192463302955647,-0.5786045737643093,-3.241958206607627,-0.6818589018711467,-3.424917517909191,-0.500996353929536,-3.7718334388057926,-0.0,-9.27005683203725,-0.6404182796253582,-3.2802560561966665,-0.0,-0.0,-0.05216385563954075,-12.260382826117793,-0.41017166094202573,-5.366006600451331,-0.3098836546675335,-7.9607557213075895,-0.23423345220147138,-17.85962561255529,-0.12292514107844696,-16.976767713520815,-0.086302584661973,-21.865801815194608,-0.17627968393783822,-20.363016053785795,-0.07803082898534315,-15.69890979167915,-0.03494611787641437,-14.583696489669313,-0.0,-11.802101431466644,-0.0,-13.265162239071909,0.0,-0.0,-0.01681262066941844,-12.528430311015246,0.0,-1.8678110246501207,-0.0645998570343032,-10.512020760201876,0.0,-16.53135355474752,-0.1195423995646912,-7.597884891648413,0.0,-9.717945454250133,-0.19415158279002526,-4.896787375988298,0.0,-0.0,0.0,-0.0,-0.2762647341205132,-2.6243900309826125,-0.50774539349163,-1.377911208337612,-0.36554828744100654,-1.7016606998722992
-3 2 6,0.0,0.0,0.0,0.0,0.0,-0.0,0.4703494092014482,22.37090970610251,0.47755046356358,22.3044142949179,0.4746095625009989,22.36110215172995,0.48174408909803423,22.273263235389507,-0.0064915943413564915,2.8964518985594707,0.12529281483558707,6.889362875741241,0.3271386142811581,23.658244306986685,0.4469487473693378,22.648655928270156,0.26591299513481664,23.94090356796194,0.11511001397365805,12.20130364883027,0.3949736812868721,23.133401050482913,0.0,-0.0,0.16726960778750402,15.711330754068312,0.23768274500361752,23.731131607529147,0.25508781378108786,22.96856132187236,0.41335597972117777,23.103330803252465,0.2380339587017221,19.776324794258116,0.6380991561812833,20.227020440950252,0.6371790108983985,29.34697144693059,0.5801510964935143,20.899864850267612,0.4439645681606099,17.02937371628907,0.20661098098939573,15.519823613886006,0.27992004118763847,17.466305404378748,0.0,-0.0,0.30128810977896975,18.475736699296302,0.0,-0.0,0.2744178445612507,18.586523086484803,0.0,-0.0,0.20604697213065656,19.431203044578844,0.0,-0.0,0.16751413111046956,20.305505620361824,0.0,-0.0,0.0,-0.0,0.16996731488754402,21.0610629312059,0.2646208644214661,20.689292413201674,0.2478358796810767,20.996851587138217
-3 3 1,-2.3206081125665343,0.0,-3.314894922761362,0.0,-4.181095619037322,0.0,-1.6541879161933288,35.16720216257551,-1.6607525294844017,34.56991783074634,-1.6993731218468997,31.868846850844513,-1.6742334984500478,33.543262709353364,-0.2474912265569568,3.9135057148498156,-0.3371196397312173,5.748977700403024,-1.8240444577306172,22.07645812942775,-1.7390536630973628,29.331760667022717,-1.8230341195484392,18.402780771852296,-0.4831604569994726,7.176397134508826,-1.787297410584558,25.92956059201969,-3.686847495199226,0.0,-0.5585277234003151,11.263620112394081,-1.7693942146860728,15.318526978619218,-1.6660743115666865,12.960923269330468,-0.8754278966652217,16.518787230209735,-0.6038101579906097,13.344800346745345,-1.4881083289457504,13.269647078212934,-1.3123739035372395,16.326945745050256,-1.5771006250534012,9.402965990898425,-1.7553053847974462,4.8775905500639105,-0.7144991172552154,8.267649662985376,-0.9817382676776693,8.647661661352803,-3.7460005878982288,0.0,-1.2619451546172227,8.313101902172477,-3.83471258756175,0.0,-1.479823289430031,8.519762268181406,-3.7140683320249277,6.142530586848264,-1.6523987030313954,10.022505274002707,-3.721424508270651,28.032503874603893,-1.8007431193299972,12.662677592669905,-3.7128690378934315,33.410971329048046,-3.4340506136272846,34.3522594122195,-1.8695281492411957,15.119878875395903,-1.8620679115476517,22.119785321295673,-1.8875474066957194,18.079152287423785
-3 3 2,-0.8257536643052713,0.0,-0.0,-0.0,-0.0,-0.0,0.0794481732253095,3.5365975274265495,0.07004633024836061,2.841994454072975,0.023819302432978758,-0.03993123776956523,0.053091062807914376,1.7082949860822567,-0.2560914571213304,7.210326799214428,-0.33603539134942134,8.865049330554772,-0.18247229935477824,-9.728817891846926,-0.023506633127317215,-2.576990544160998,-0.2874445773869162,-13.454677443708205,-0.4805858684966514,5.405066590969055,-0.09273634341848128,-5.914003748389781,-0.0,-0.0,-0.6129933511100695,15.296650632865838,-0.4032810011101714,-16.28107611939076,-0.5266359533687152,-16.87035640010581,-0.963365044244971,11.341521170462443,-0.7078709803764709,11.781761305249397,-1.0029261404485388,-3.052585815523592,-1.2067195760473959,7.10244183870221,-0.8940349788153347,-12.147926755741837,-0.8455941400954171,-21.43394684201795,-0.6438568325285947,3.2566849522125976,-0.7501878905181667,0.0,0.0,-0.0,-0.7499834319503015,-0.4457537446113896,0.0,-0.0,-0.652704672517156,-8.181842368732257,0.0,0.0,-0.5346690349345142,-13.579746894722936,0.0,0.0,-0.4067055914335324,-15.541559842343108,0.0,0.0,0.0,0.0,-0.2827771665262916,-14.073223464393063,-0.07580264694411298,-6.451347444332939,-0.17298694709587717,-10.71896243985249
-3 3 3,-0.0,-0.0,-0.0,0.0,-0.3221648976964252,0.0,-3.469205478271837,-43.61587675993713,-3.4432136234299717,-43.170249246644396,-3.3432626019482043,-42.365917980887346,-3.402926960085022,-42.69152225238024,-0.3107884003530549,4.988917177853818,-0.3505430281805843,4.45429949954153,-2.9369864788991658,-41.56111541639623,-3.2549044024523623,-42.29792528541288,-2.6884059640990077,-39.338610121101055,-0.7217156420472495,-2.0795843875303306,-3.1238971446337325,-42.25673914322561,-2.0287109402202805,-0.0,-0.7464995416337823,1.299474569601258,-2.3850225449388227,-35.19286038654976,-2.0491090216911085,-29.71316883114342,-1.1657879468253531,-16.099967196416433,-0.9655008588332531,-9.183676151993312,-1.3190024436115737,-21.726800486025883,-1.3140470591098674,-21.849138896781962,-1.3628955128666602,-21.88622618923047,-1.4399528288789816,-22.438349524216672,-0.8868074843909727,-6.126325640975557,-1.0499597205515638,-10.024836050476587,-2.140808434220027,-0.0,-1.2684067601958946,-14.603593500788223,-2.313956056900915,-0.0,-1.559002617037735,-19.373155831028864,-2.051802551351837,-0.0,-1.8848541861426664,-25.10898802673153,-2.349137295933129,-7.527993653968713,-2.214431634202728,-31.02669685398045,-2.6450844576473913,-8.482372051904772,-3.6776252582381397,-8.04826231661663,-2.5737935974675055,-36.69371896499249,-3.1225078235607118,-41.74333057460964,-2.8606496890985555,-40.915889122186876
-3 3 4,-0.0,-0.0,-0.0,-0.0,0.0,-0.0,1.1036516748013407,-30.345938008595564,1.0824676251557084,-30.568353261708644,1.0006536160025896,-30.85602806453537,1.0495135603882328,-30.782951570773236,-0.3841338610883118,5.178013054593658,-0.3529464165669403,4.166152019004571,0.6715968405238049,-29.5510117431276,0.9287051595321769,-30.661384038126606,0.4658884855587787,-28.99159562812026,-0.5051937409146812,-4.437139714768396,0.8229663441844988,-30.183393980909845,0.0,-0.0,-0.5574086141003793,-2.755552569346221,0.21184894006477614,-28.75999193586256,-0.05763618451611381,-28.840680122695566,-0.7630380936414006,-21.627579240042802,-0.7257170172254328,-13.657096797228904,-0.7046238680035255,-34.58968423910704,-0.8264775423052119,-28.37707914990675,-0.6504387352940518,-35.06954646860135,-0.48183838274006685,-38.44879512712066,-0.5800967227318612,-10.368068948733487,-0.5746384974433684,-16.60709880937234,0.44182260588435207,-0.0,-0.47221815374693654,-22.788656136871392,1.976816237082904,-0.0,-0.31409098412501185,-26.72599893914706,2.3233854184992877,-0.0,-0.06874211538709356,-27.960488141859535,2.9247998370508257,-0.0,0.010035374399634079,-28.316002680855053,3.2730552405197906,-0.0,3.2182840007896076,-0.0,0.28796335469854195,-27.974314563679915,0.7352338614312576,-29.286849778003152,0.5576185355903636,-28.52457990779879
-3 3 5,0.0,6.056390357166668,0.0,0.7956844802910675,0.0,0.0,-0.1700580542472152,24.096109562928635,-0.1644724357885462,24.103701543134022,-0.130328785463765,24.335842712238218,-0.15285337088743078,24.16220856511542,0.1817169801381703,9.092643713686712,0.3157612562480302,11.522635815208266,0.038958400327235694,26.106171320623115,-0.091398740779548,24.697830756990502,0.11521947318698884,27.02956652095477,0.17098007580677424,11.2133935504828,-0.03349806449715661,25.293358031351573,0.0,0.0,0.3185056792223283,15.530388398903446,0.1839216607125695,27.83301328759424,0.23815811824361408,28.202960462624905,0.24618006920138336,16.766606779836806,0.26311690815549665,14.59119493800088,0.37234628027168715,30.54861623850385,0.33564449215070835,26.998886107350874,0.33469537898900764,35.20357866216585,0.3309488945812238,35.29290743707204,0.20618880961907843,15.797237030136923,0.23726426091696468,20.611999773404683,0.0,-0.0,0.23722310126539375,23.89196607828119,0.0,-0.0,0.22802111695911637,24.99367531274541,0.0,0.0,0.20576141857034122,25.952488582026145,0.0,-0.0,0.17359369944112268,25.403246307028674,0.0,-0.0,0.0,0.0,0.11514303039008257,24.59437831611896,0.0,22.734645479101196,0.06709869190745771,23.45781452664808
-3 3 6,0.0,0.0,0.0,0.0,0.0,-0.0,-0.9033311183731443,-18.721720012127154,-0.9030903283398043,-18.294662193004125,-0.8984907476223073,-17.185601148101423,-0.9019896117703323,-17.752568270725988,0.2096698889900066,5.191453527728011,0.30016126938512716,6.804738312119668,-0.8121738245030087,-15.669968662637332,-0.8889541654477574,-16.67343839560713,-0.7132931013126801,-14.808964160301885,0.1473352226918668,4.871058420912405,-0.8651801350411915,-16.20841565965396,-0.0,-0.0,0.31391942506300946,11.597575707907032,-0.5668094240500149,-13.247789385911846,-0.3950647564958163,-10.580763989327801,0.22372425686325514,8.185128606392958,0.2846449617279188,12.151318205866437,-0.03067768726236929,-3.1384076809505412,0.010907170031281308,4.516801517064807,-0.16747738170104917,-3.329503411999243,-0.1972387144615741,-6.193724919280299,0.11376800241314865,4.491980926026091,0.03880269013422725,2.0918664554604014,-0.0,-0.0,0.0,0.0,-0.0,-0.0,-0.0,-0.0,-0.0,-0.0,-0.13280572366079244,-5.151550614449061,-0.0,-0.0,-0.31064678089364584,-9.425154478873965,-0.0,-0.0,-0.0,-0.0,-0.4923369124759864,-11.963387710199383,-0.7172119627181566,-14.63584708016365,-0.6319609454138916,-13.348759818866311
-2 1 1,0.0,0.0,0.0,0.0,0.0,0.0,0.34738708456179435,2.705232226348472,0.3347293046642265,2.9255568467934796,0.3298356230665681,4.909928847302027,0.32511374064169873,3.535971277540547,0.26534260354428874,4.874191126808968,0.3170394891210555,5.481197132757349,0.503603893348665,14.534472278175578,0.3606830994283854,7.385025726772529,0.585567668445126,17.072867114675454,0.26386209847948344,1.545734569299677,0.42170150384869104,10.874080163973348,0.0,0.0,0.3773288973258331,7.545655992845931,0.6435853078915306,17.620838243591486,0.6589135163398713,16.192909516704532,0.3839933884415718,6.174619904183437,0.3986690823971552,8.11195987919755,0.5191218906458772,5.513412888294711,0.49037949343982973,6.215004650789159,0.5409180818266964,5.57842268178555,0.5964791858290817,6.743756618264448,0.31936891825793673,2.4606950083154615,0.38559220382166937,3.593881984884919,0.0,0.0,0.4602070063092486,5.261140051501073,0.0,0.0,0.5393420473691161,8.149152113647583,0.0,0.0,0.6017717739955567,11.346730422396442,0.0,-0.0,0.6254236456989255,13.948862694561347,0.0,0.0,0.0,0.0,0.5853929351567074,14.512453532454957,0.39733750368555515,9.167704462199957,0.49799029612603535,12.671763573970914
-2 1 2,0.0,0.0,0.0,0.0,0.0,0.0,0.1684582711969328,11.277202807300723,0.17234917299912833,11.533814918414675,0.18480272413729598,12.197374027395375,0.1778078520803235,11.859253501663416,0.06414226461357359,1.4800960316802019,0.08575213560160226,2.0509907887359784,0.22574472563182985,12.972098420605363,0.19381400918109998,12.493673666916388,0.25334788690600185,13.238170065131277,0.03955194371427861,0.7605046059016414,0.20653175164585832,12.738121701619434,0.0,0.0,0.15797530339087107,4.814507616129576,0.2859167208679307,13.432203968517149,0.31292594520559575,13.235977949499548,0.268232187153463,8.066425926638024,0.20092327159202925,6.256564111964716,0.38012001271802154,11.74794617593202,0.34353749540112016,9.91857288700861,0.39000551648949705,12.543227505237207,0.3949692892833213,13.441611568978235,0.09547141458993832,2.4192032883522865,0.1475285904671666,4.190891626942896,0.0,0.0,0.1869176152488093,6.071381859644238,-0.0,0.0,0.2105267990981477,7.844432010042238,-0.0,-0.0,0.20760230763156767,9.018895740118927,-0.0,-0.0,0.18083899695572897,9.485741520390409,-0.0,-0.0,-0.0,-0.0,0.148301404318167,9.537795473627494,0.07377131984598448,8.747886677371511,0.10675434793258824,9.211814587765636
-2 1 3,0.0,-0.0,-0.0,-0.0,-0.0,-0.0,0.4082056238310043,-24.536013668537723,0.3931256982306282,-24.114079499806397,0.34151126820206135,-22.774017382685933,0.37119280404791566,-23.520348112660887,-0.10862093167273826,-2.39400472290131,-0.1875174943800473,-4.914186367703991,0.16512374387030318,-20.621155752811642,0.30134156219007835,-21.9157928443285,0.056083000638436346,-20.896600007567333,-0.002809761918936245,-0.0,0.24493520195418497,-21.078865619645516,-0.0,-0.0,-0.020842783199482583,-4.320911103871364,-0.07977433777186678,-21.53033560638113,-0.21857086701578446,-21.272983635764255,-0.09951526233458419,-5.344993937669413,0.016383926338392862,-4.042099446779892,-0.5453671725862176,-12.562858035816891,-0.359608370151472,-10.390302372388284,-0.6118210555246308,-14.092216695484948,-0.6503047362183381,-16.557763413482025,-0.0558578522539938,-0.9658617263552659,-0.1465083650673863,-4.6559611485129535,-0.0,-0.0,-0.23186798409034595,-9.641466231898791,-0.0,-14.594879450957732,-0.26033552499010554,-14.437013223539974,-0.0,-17.115142536897597,-0.20343518643414651,-18.519907250066094,0.0,-8.787517789365578,-0.09495729779505921,-20.315174203938795,0.0,-3.7653533347370103,0.0,-43.45755075920408,-0.0,-19.67720096390039,0.019108147415058323,-18.74142993453874,0.0,-18.69886857898497
-2 1 4,-0.0,47.67241097563811,-0.0,82.55696983047508,-0.0,108.36388288616497,-1.8028873629138644,59.30072185306744,-1.804600183907482,59.54960760983283,-1.7921954083033786,60.49897804602918,-1.802941789561242,59.93061088534469,0.06179588050981795,3.6390755719364014,-0.11491129925857206,6.866052207843107,-1.6442007624070225,65.03782766623958,-1.765393585332682,61.38830317624365,-1.5466076236294966,67.79366065993662,-0.2326138698097029,22.82427902809341,-1.7169673331791389,62.83508076339375,-0.0,139.34331562023706,-0.3935602162377026,19.198736825076708,-1.4269677350843946,70.11964952752089,-1.2912670084483155,70.3799253065398,-0.6553447968793713,43.26037074848686,-0.4798209576792926,25.053069500446654,-1.0609329666291614,73.68847979226962,-0.9234559860621011,62.32894058322909,-1.1234498510583308,77.91631034806501,-1.2132333576486858,81.82073797945066,-0.4326017908813315,33.00678391801242,-0.6544715635412606,44.63907661411724,-0.0,147.28496750161227,-0.8530334898368134,57.00136670190332,-0.0,152.86196661834265,-1.0073353640635412,67.52122600652146,-0.0,141.07791071884304,-1.1660466951612023,73.538209160164,-0.0,147.06109812648648,-1.328260458581203,75.30961538321255,0.0,150.44224827198587,-0.0,125.87966270728683,-1.455313924953605,73.38362291385158,-1.6889183982690124,67.65915971738869,-1.5814816410449621,70.27195766773085
-2 1 5,-0.0,-0.0,-0.0,-0.0,-0.0,-0.0,-0.5304997547450353,43.83672252396618,-0.529577819480454,43.472612640389265,-0.5410153012055942,41.76513311795231,-0.5315777329266349,42.8365255282077,-0.4598835819786702,-7.39909124821032,-0.44549838112410917,-4.971189978312966,-0.6333203550378554,33.867558997461046,-0.5627097985144768,40.037845084947016,-0.649265725836264,29.392436894488647,-0.22096744534673934,0.0,-0.5970630023647389,37.44013800781639,-0.0,0.0,-0.2714917475075973,1.1263735663648586,-0.6254724885867153,24.37490418759297,-0.559249645630476,19.47211640585327,-0.2750760442672934,8.142085805940734,-0.31345344937416825,1.688865650495866,-0.20436282818533694,12.335301287713424,-0.11452513277152827,12.42667012228843,-0.11207555060723938,16.77878906658493,-0.0894488368821164,18.254861942311674,-0.20226747070663362,0.0,-0.20215382773516238,3.453689852226317,-0.0,0.0,-0.24139075991912784,7.711833048468903,-0.0,0.0,-0.3482779829290213,11.796842580040362,-0.0,0.0,-0.478628271909979,16.139324988466946,-0.0,20.0279058147287,-0.588618516479265,20.102393958693273,-0.0,28.22971776173275,-0.0,52.31027150247704,-0.6542888317194947,25.523217669024444,-0.6365217274578749,34.32918350461175,-0.6593505372601872,30.766112542225112
-2 1 6,-0.0,-0.0,-0.0,-0.0,-0.0,0.0,0.5361728444433119,4.683970155758979,0.5282301294576417,4.415507056760505,0.49870910951207226,2.7915711839095616,0.516123866313352,3.8609533629101627,-0.0840557374285,-0.31682378487835866,-0.03215547922002962,1.776858541144637,0.397846356410814,-4.9294721045954715,0.47412227244585153,0.9540828551122765,0.34829824876058124,-7.817601510499973,-0.0,0.0,0.44042903815015916,-1.735177335898388,-0.0,0.0,-0.11927912625295728,1.0546117841243268,0.2908125994137497,-9.465096368199102,0.22115255125009164,-9.294019087178466,-0.28123302046817605,-2.3766682667623873,-0.21406410819015373,-0.34943935217107563,0.06140361826392368,-2.5943698224521263,-0.13538861929788595,-2.592977360486444,0.1512178143887428,-0.7092775338460251,0.17576357324343955,-2.092580293337976,-0.0,0.0,-0.0,-0.0,0.0,0.0,-0.0,-0.0,0.0,0.0,0.0,-1.1469021473611574,0.0,0.0,0.0799974531052247,-3.3406876439864517,0.0,0.0,0.15044111169006955,-4.518907241847549,0.0,0.0,0.05892328899854068,0.0,0.209619757055995,-3.8963432884449274,0.40772167685674,-0.0,0.2876936516442409,-1.504566630176479
-2 2 1,0.0,-0.0,-0.0,0.0,-0.0,0.0,-0.04860203577426114,49.79202119459065,-0.048749377829789484,50.24430012025141,-0.08089438204137746,51.322168804700134,-0.056308606530254886,50.80728831188091,0.27606352144212937,-2.554090170815415,0.3346360286488432,-3.2297852141783903,-0.3026738384850754,47.95442327686533,-0.1321563933477772,51.46949008107486,-0.3777356758530881,42.671115148030175,0.39705611455280215,-0.0,-0.21121331247851666,50.650240370243594,-0.0,0.0,0.5148304301878168,-3.366636820680566,-0.40912973472628994,35.14861652043461,-0.37917780616967817,26.92678433490951,0.46793851761211497,11.866574312173292,0.6663245015173981,-0.5948596457481579,0.004922602590115379,12.440573428049646,0.19570740850329368,15.63252190885261,-0.09470926999948169,12.747669159981822,-0.3445716613886971,13.399646171634881,0.3449613451931159,0.0,0.19003332677859616,2.2747186465240845,-0.0,0.0,0.0,7.05212429817694,-0.0,0.0,-0.062195748344997005,11.806664876449561,-0.0,0.0,-0.23194071642674774,18.77154404261251,-0.0,0.0,-0.3308278994526362,28.220497281347182,-0.0,0.0,-0.0,0.0,-0.3387385731447679,37.40768090768032,-0.2373311136812489,49.748346130411086,-0.29509303084300564,44.63155677244639
-2 2 2,6.039956803187952,-0.0,5.75955733822073,-0.0,3.979737410020552,-0.0,1.5507053074645203,-63.769626104664205,1.5378311460700589,-63.76624248295814,1.486554992610461,-63.73307517762213,1.5171129628491178,-63.76235279003428,0.5229497877082232,4.775020435511883,0.7377887368827543,2.3094804371994524,1.4052606187706258,-61.0814621329068,1.4473588219625362,-63.55891506549385,1.4610440559749285,-57.342657500493544,1.4471508222242255,0.0,1.4110728614866581,-62.89453229782552,1.6667408882647823,-25.64213803829322,1.3518307754069303,2.881168919878018,1.5813917862865223,-51.216926286170896,1.7224180026128546,-42.72386979919656,1.9753038971222134,1.5058311553432504,1.7275933295199069,-1.0188970056539666,2.1318762628701835,-9.906993804244689,2.09116037152829,-5.949042706833847,2.164747563602861,-14.325552490823917,2.1353234055593147,-22.259272537501417,1.6739278621048568,-0.0,1.8443659757098843,-4.462701738467923,0.0,-51.241046439638396,1.9542262888616255,-14.113460709995492,0.0,-82.88786457415054,1.943557410465614,-24.91814658456074,0.0,-99.76871445279527,1.8590628135537508,-37.234062301119494,0.0,-95.47287907214579,1.7035109256649077,-47.912318848717625,0.0,-85.36794251092365,0.0,-53.63839163748923,1.5492450686656272,-55.673267424722,1.3705641337503858,-63.720077779886914,1.4338009111305678,-60.82619549763263
-2 2 3,-3.749711231234547,36.19835093401526,-7.44641669636915,46.31064040908079,-8.487991291681103,63.015501581055474,-2.3708946468945546,75.30577312155253,-2.379344700542766,74.7469389369893,-2.3900138974312553,72.40101649272103,-2.3875201972069164,73.83073957707377,-0.10843379373306389,21.934838997543352,-0.18152851223407815,26.712343626334942,-2.314910210657865,63.8677846948822,-2.3806086314808277,70.27511672465776,-2.261011894233054,60.10894950922211,-0.42438440631816426,36.75070194893899,-2.3554430623485416,67.36906952028711,-6.376026359879671,90.72761493240654,-0.445015399731951,40.52721651623658,-2.1874669471032675,56.28498596307354,-2.0729826066626487,52.58741985000171,-0.923317594359443,49.932709739608065,-0.5924772177685204,40.00221511644432,-1.8813864887950253,49.723768716252074,-1.4178657571577806,54.431623521534455,-2.053238636928148,48.75459497955556,-2.214107174906796,47.940046582415135,-0.7359135994263721,40.79264765548826,-1.1127625271201071,44.09018751487689,-5.2563562419155865,107.92185454692947,-1.4821496055361119,46.52591108273804,-4.597246872667137,141.36069955180156,-1.7938433633845674,48.456404232167905,-4.065977510504816,155.6812152134921,-2.0348391357633084,52.08231713333264,-3.4587807806484796,162.1196609320915,-2.1806904492132753,55.666658363320174,-3.0060186489723257,166.42510975509663,-2.8727303120966896,138.97371305709365,-2.2651394167609284,59.661068721640646,-2.3262913720580687,68.47232552132421,-2.293439836849834,63.6744106775926
-2 2 4,-0.0,-0.0,-0.0,-0.0,0.0,0.0,1.1199641512039924,18.09951935379927,1.1027608147848589,18.315557328701903,1.0607905947325222,18.74209310011001,1.0818072175734965,18.561089582023023,-0.021360536750148172,11.098413995839772,-0.0039001637248536896,13.491804950890982,0.9389272079339162,17.031536193398896,1.0394478701169703,18.72132043986463,0.8142596105174151,14.463951513520042,0.0,6.148885863064893,1.0063841554091286,18.284814927258655,0.0,0.0,0.05692942363300494,18.677433014902544,0.6272506929867105,10.59310265529684,0.40548510650924446,6.447249006177346,0.004391628764430244,10.880310115009124,0.10088645275061524,11.111722306673952,-0.11416937871814517,-4.451285360226571,-0.09191793816792708,1.0166360604277684,-0.07978087014821464,-5.395629269162015,-0.08497450496746117,-9.101233349608295,-0.0,4.00780727339982,-0.0,1.255763457811962,0.0,0.0,0.0,0.0,0.39178301822990397,0.0,0.0,0.0,0.7076363725955763,0.0,0.18174007825061678,0.19414265051904084,1.3064773538683783,0.0,0.43066417329346185,3.748627316608114,1.9191752023722968,0.0,1.340261861955142,0.4110566006191137,0.6773215834550425,8.369699327984828,0.9687860752926013,14.29049256833059,0.8689531058015794,12.149566982670464
-2 2 5,0.0,-0.0,0.0,-0.0,-0.0,-0.0,-1.753681237403209,5.964844498724216,-1.7320076819731347,5.03894681842396,-1.633269176136253,1.0735548096498824,-1.6948513940294863,3.5010303479141918,0.0020241811392043008,0.5806589809959832,0.1180199641781453,1.13740485985708,-1.1884762167826783,-12.228541531036527,-1.534727667137787,-2.5274711682105817,-0.9490557716915371,-15.803138920848143,0.018305783893219192,-3.969502754185826,-1.3872530973440662,-7.25801251720311,-0.0,-0.0,0.3467960923759517,-4.541301350769963,-0.6871948798917804,-16.758700036351474,-0.4271914545352871,-15.435689329486141,0.1769693850148096,-12.692863112469317,0.3019118339411359,-12.614497401270432,0.07880752002117211,-18.611756945327606,0.15947147464967615,-19.15301372840041,0.017957382069589967,-12.732452157191126,-0.016720418371080695,-11.681890876876857,0.053985409192340426,-6.959502520141858,0.03560226206669699,-8.71580979345372,-0.0,-19.55091099587322,0.0,-9.645471192088955,-0.0,-7.803980352253197,-0.001539341209307705,-11.510832728499071,-0.0,-0.0,-0.22566372125687897,-13.311370038694914,-0.0,-0.0,-0.4871040792982412,-14.456899994402406,-0.777972267701609,-0.0,-2.137656615554759,-1.2412596627491799,-0.7754918234955349,-14.782418137699159,-1.2439186768246169,-8.747120047991958,-1.0382720487164574,-12.928449840723808
-2 2 6,0.0,0.0,0.0,0.0,0.0,0.0,1.069537154793374,-1.925894865910286,1.0528024242515486,-1.427206113500726,0.987075258260146,0.9743222722439951,1.0263702367023637,-0.5394333000892194,-0.04083977811144101,4.388441731152083,0.09827035498410587,8.329755142798684,0.7777866942255129,11.110369881255682,0.9315836918432735,3.393002862826703,0.6977190549954613,15.510347624775102,0.1345712181774767,12.112331958801327,0.8595336350265189,6.8568674314807545,0.0,0.0,0.22588397117670553,15.190141390754057,0.6275139820262244,19.28888437611717,0.5697038016542194,21.67411499172153,0.3513479903207697,20.890823741280897,0.30437439377926895,17.652246245517986,0.6206913826149381,16.75581752876963,0.5740560686682457,23.595075952811577,0.6472107140671506,21.176218995410345,0.6273817894427403,22.676014613631096,0.2138791429627823,15.479805896714705,0.2935933870507279,17.922782717038523,0.0,0.0,0.3680196350217807,20.217966561971018,0.0,0.0,0.42955857633192146,21.32442890928167,0.0,0.0,0.47699137655365936,21.734973673934725,0.0,-0.0,0.5357097326358893,20.059263990765178,0.0,-0.0,0.0,-0.0,0.5899080807663329,16.06554618377669,0.7740454484712946,6.098962848810776,0.6553902673318559,10.511227476805708
-2 3 1,0.0,0.0,0.0,0.0,0.0,0.0,0.657013694184699,-0.21864349105411882,0.6604007042774099,-0.04578047892429864,0.6935372994093314,1.10351564603338,0.6703789608343039,0.33900623799573554,-0.028755890546174175,-0.19160014143381787,-0.004520642444539686,-0.5054476043099165,0.8599316190824045,5.830944867944943,0.7360484827759978,2.3832263016174338,0.8985866918406517,7.0945022334086945,0.02164304490114718,0.0,0.7967100270791998,4.096181446126373,0.0,0.0,0.1233272737403778,3.2240742361616848,0.8879180962313152,7.691235182110061,0.8180622352861231,7.57823010467793,0.30986332417011686,5.36060291891331,0.17504490596435127,1.7770182115487172,0.44508546880459093,1.840492463414699,0.3797088364656516,5.91222547926238,0.5231694825901883,0.8530894782100339,0.6585018124865977,1.668679426146239,0.0986846042188506,0.0,0.20815062563532458,0.0,0.0,0.0,0.35589830601489975,0.3037234726570702,0.0,-0.0,0.5243287151024992,3.490169645442849,0.0,0.0,0.681741724601854,5.530597664139141,0.0,0.0,0.8071452544507844,5.931113979361521,0.0,0.0,0.0,0.0,0.8945762634341861,5.800470113258024,0.86260477483483,2.3768431251244877,0.909986750717806,4.5483730313468005
-2 3 2,0.0,0.0,0.0,0.0,0.0,0.0,0.8419856204770029,38.74071915933611,0.8320121233825899,38.79198021885224,0.8128742532419216,38.682359850748966,0.8208175127040909,38.80212792490342,0.1569990525680187,8.62275420537097,0.25786653460175485,9.72885227962502,0.8666225496234066,36.565767145376284,0.8140429423268813,38.32238793523292,0.9233931084255418,35.18718406899652,0.5576413868454289,18.886481532634814,0.8302746951795718,37.630031526212015,0.0,0.0,0.514702396633746,21.637591763899103,0.9918255561450262,33.723527687042434,1.0564067816228473,32.50100520300477,1.0898818224006812,32.0535627767661,0.7354620509647435,21.855516394287562,1.4364263686944274,36.49143435194551,1.3766186046101847,35.56721180150191,1.4450208448373627,36.19427261929807,1.4124238042627169,36.70819847548972,0.767890849247749,22.724770244016277,0.964783984112665,25.724253008465393,0.0,0.0,1.1015293824607064,27.6247656512349,0.0,0.0,1.1261683848989839,29.496253475922167,0.0,0.0,1.0933170299905686,30.54153307979232,-0.0,0.0,1.0301239092058472,31.789273840355058,-0.0,0.0,0.0,0.0,0.9549725949250707,33.626906890723085,0.8372183461690151,35.72795202761446,0.8854012166801285,35.526553959151144
-2 3 3,0.0,0.0,0.0,0.0,-0.0,0.0,1.3121509662737116,-31.646099336598372,1.3133845272877454,-31.367429529417755,1.294776329374142,-30.290620319607683,1.3099823744274612,-30.934965111308017,-0.08319922081860669,9.697835416426306,-0.08143827872198406,11.502571489934644,1.104292947508559,-25.59446244362335,1.2590625748384825,-29.321015059854723,0.985670597243955,-22.29014638825331,-0.0,8.405211550780924,1.196166973093524,-27.837513246245063,0.0,0.0,-0.16493726615685242,17.805573025942667,0.8428269045872272,-17.63048258512377,0.6767502621804549,-11.647160190476017,-0.16343381206971397,8.533983164537782,-0.1550533115379016,11.514605297220195,0.23767268241931744,5.066664126064036,-0.0710454660843631,3.827478113623093,0.35151255533480413,4.805720549743044,0.4751948104710562,3.5994955414212955,-0.0,7.439693467902607,-0.0,5.283904578191226,0.0,-0.0,0.013253237703347232,1.0354824443852955,0.0,-0.0,0.22754499534203868,-0.0,0.0,-0.0,0.45291330966940335,-5.325466166239873,0.0,-0.0,0.6650540814174464,-11.688622491951127,0.0,-0.0,0.0,-27.09514792814304,0.816508357461044,-17.130662431212144,1.1063538649205003,-24.48745756149609,0.9670258873706886,-21.046567122363633
-2 3 4,-0.0,-0.0,-0.0,-0.0,-0.0,-0.0,-0.6399906535490499,-13.046331679474974,-0.6506008490478258,-12.719085362971361,-0.6698970410791246,-11.69215800172765,-0.6622328638833136,-12.261261398787635,-0.31027356324290367,9.541310144302965,-0.23801275960679166,9.6445100152124,-0.6163774918463102,-10.209326070528329,-0.6675780301490406,-11.049846301088566,-0.568349588493407,-10.857483725352044,-0.16631420145208428,-0.0,-0.6504642364461859,-10.44685295413315,-0.0,-0.0,-0.27531996211800536,6.568764404266266,-0.5162652877040755,-12.685784103019602,-0.47066383791809485,-15.187678355559921,-0.36218991302077563,-15.28599023234208,-0.3424660007415411,-4.2218899651805755,-0.3796075807028795,-23.639186034734596,-0.33423934051190424,-26.07369685263198,-0.44360187492010034,-21.30639142877009,-0.4200121797535512,-23.363295920417578,-0.21542636199452397,-1.833280295119659,-0.25700912466331355,-7.382048991939453,0.0,-0.0,-0.2879178223618598,-12.787793791169475,0.0,-0.0,-0.34826366351176546,-16.209308145777044,0.0,-0.0,-0.3718938757257292,-15.303468203823202,0.0,-0.0,-0.3488107309353618,-12.741718629980726,0.0,-0.0,0.0,0.0,-0.40288033515819405,-10.137541785512596,-0.4047919601044444,-9.16095558125555,-0.4365266399904649,-8.614201369274019
-2 3 5,0.0,0.0,0.0,0.0,0.0,21.064541881300702,-1.377457116634121,78.31347370309061,-1.3772999568960964,77.89376890915301,-1.350893631708419,76.07001203284679,-1.3713021607759492,77.19705424451718,0.02352682572031905,8.372315895537985,0.16187940004770318,10.1205221114584,-1.0792962566674913,67.07756180680238,-1.3039269547271946,74.25325143723965,-0.8882457118403212,61.08527863791663,0.09008480323020751,4.929253254661387,-1.2169689194458504,71.38063052907617,0.0,0.0,0.2764458447102036,11.811576087346847,-0.6558092340893363,53.40704752872941,-0.413908775228572,44.503312309621215,0.14372642534554853,8.822001261585775,0.28823635101681305,8.564294393977772,0.04819914593092756,18.881469564612743,0.05949095398160418,10.953943831051868,-0.03948841077127231,26.32269766575895,-0.07580623818127606,30.768657036410445,0.05606108400878507,7.964313037663469,0.0,12.92700525052227,-0.0,0.0,0.0,19.656424538531198,-0.0,11.694727539656384,-0.013159920072140634,28.758999257391352,-0.0,81.68450355779576,-0.19749222692376286,38.57684612252104,-0.0,96.92527169969982,-0.39486103939370004,48.192489959279534,-0.0,99.31941110264437,-0.0,103.1814677498296,-0.6311776995758,57.083602147490254,-0.9831873528101197,69.90583433924884,-0.8620880463380063,64.2883243065905
-2 3 6,0.187517332791834,0.0,1.1407770210311892,-0.0,0.3350191261842788,-0.0,1.5660052788762011,-34.740893268322075,1.549926324446467,-34.39041405157513,1.4899192118968418,-33.05907251453856,1.5253785563307372,-33.848555810505395,0.3178959802418347,4.663659300035918,0.45864232146028305,6.141392874371889,1.2772897314950329,-28.33260024353729,1.4393338238256923,-31.940887290917324,1.1763770522910184,-25.550679069303296,0.5172051321602202,2.927354965450496,1.368556778433845,-30.398840282558492,0.3191787935027056,-0.0,0.6238417288209631,9.10990083764195,1.0882225097395708,-21.72495671129697,1.033453846682112,-16.600032324486524,0.7361319923217117,6.032332585529156,0.6400934004885536,8.383446681469566,1.2034087979371402,-1.0714841268537045,0.9005047834643142,4.519816264888366,1.2126331257117073,-2.141047474116591,1.2869593135220936,-5.897441502127044,0.6856029673692516,2.886273537337857,0.8501387162302732,0.8982040318182033,0.2947332361042858,-1.119042544309421,0.9615616730879005,0.0,0.7403430888982621,-43.09475379373715,0.9982541556648771,-2.6574419702313987,1.0480057824243898,-84.72587897654054,1.0180539587150708,-10.030003509928179,1.9443573587031426,-92.79378314253988,1.0470629506705302,-16.901664227553834,2.5183390853242043,-83.73205821760605,0.7615597679292988,-74.11055615834982,1.1154859424765267,-21.802865396471216,1.362173165758386,-28.047144339960216,1.2157838009873523,-25.23219799499384
-1 1 1,-0.0,-0.0,-0.0,-0.0,-0.0,-0.0,-0.09465769729590227,-13.074815380267374,-0.09402044435205313,-12.972094655669208,-0.09136854318909952,-12.566793348802365,-0.09299166158380426,-12.81077834408282,0.0004892092248503279,-0.26356780370142646,-0.0007531287640580374,-0.6269201220141437,-0.07781199841641882,-10.794804396981117,-0.0887580615710098,-12.19526292434182,-0.0681761382173119,-9.674923235949551,-0.0,-0.0,-0.084504133998785,-11.627321721633962,-0.0,-0.0,-0.004801138490972004,-1.5959290061082703,-0.0561275295764627,-8.343498323344662,-0.04363981436004898,-6.988954617249118,-0.014307943688456599,-3.386433162418373,-0.0065062620755125,-2.084640572124636,-0.029730498540029866,-5.687434103878834,-0.024172058463829943,-4.834388877760703,-0.03204351173264157,-6.010639963883282,-0.03484915414082026,-6.357788496362095,-0.0,-0.0,-0.0,-0.0,-0.0,-0.0,-0.0,-0.0,-0.0,-0.0,-0.0,-0.9312143445611889,-0.0,-0.0,-0.0,-2.110040303792619,-0.0,-0.0,-0.0,-3.5244044160006305,-0.0,-0.0,-0.0,-0.0,-0.0,-5.078765202520683,-0.0,-7.6029147710608544,-0.0,-6.512535633598092
-1 1 2,0.0,-0.0,0.0,0.0,0.0,0.0,0.03552831105121169,7.50433663374982,0.0335451315238315,7.372989648079648,0.02576804068274471,6.858671142853259,0.030414223758978263,7.167106771540394,0.012619979941318017,-0.06835799381411257,0.015574244517488135,-0.1866164728456563,0.001851458446563765,4.791143570135108,0.019245872678218104,6.400576474357516,-0.0063382237559048435,3.5717578062697117,0.0,-0.0,0.010920600754385562,5.729233323014227,0.0,0.0,0.013336242228171192,-0.5077674991970714,-0.012470486951031602,2.1443523194705216,-0.01572720922122994,0.7240553394669406,0.005582764002011974,-1.1762691106705507,0.010120166182948833,-0.6921186255814976,-0.014630377309722626,-2.4092037431926387,0.0016754403101737977,-1.7693598681116671,-0.02039787848677549,-2.544752369845839,-0.023533613499762473,-2.5053294364552148,0.0,-0.0,0.0,-0.0,0.0,0.0,-0.0,-0.0,0.0,0.0,-0.0,-0.0,0.0,0.0,-0.0,-0.0,0.0,0.0,-0.0,0.0,0.0,0.0,0.0,0.0,-0.0,0.0,0.0,0.9158625283545146,0.0,0.0
-1 1 3,0.0,0.0,0.0,-0.0,0.0,-0.0,0.8526448659849568,9.655674753044128,0.8551727096775974,9.85910648100779,0.8303543364300224,9.684027052257163,0.8510555609275007,9.955095970993598,0.5992788772406149,7.639263555396972,0.5922058042114636,6.608824012839269,0.6272189481793833,4.981727726977881,0.7836078364048066,8.773031776860224,0.5590829507997627,2.7944747324328456,0.4628531865961094,3.5090181996570613,0.7106791283538586,7.129596860420053,0.0,-0.0,0.4377466759723448,5.94185880268205,0.5248215237506101,1.0060533731720867,0.5222175207165364,-0.074406392829306,0.5349548473332832,7.43063690142242,0.427486866300646,7.344729035752744,0.5916637379963451,-2.5539952648322193,0.6407765550249597,1.304817710636154,0.5399028532223199,-5.119428153017047,0.5188451137953195,-6.165512244726356,0.46367662771977997,1.8608209242735048,0.4713055110104992,0.0,0.0,0.0,0.474211289934645,0.0,0.0,0.0,0.48196521235863204,0.0,0.0,0.0,0.46318199238577457,0.0,0.0,-0.0,0.4677786457861681,0.0,0.010846569970627207,-0.0,2.8502277059275065,-0.0,0.49755258054411,0.0,0.62484667962298,2.568534736509819,0.556614979318696,0.06757706777986928
-1 1 4,0.0,80.2452004514234,0.0,82.36090609600643,2.2712019581970146,70.19155984199503,2.0095321817586336,14.245939212056058,1.9623773215997042,14.417059320985796,1.8038272873376928,15.935136740031762,1.894064897381379,14.881582980682312,0.45694186434962103,18.72998926180997,0.48225245395002125,25.21831056578943,1.4147626272502813,25.06823970793966,1.6908678562646982,17.9124236997666,1.2819547710794819,29.807113366132285,0.4898165383509792,42.71847456305675,1.557134833516972,20.997184808822944,3.248072271467448,71.37418887696522,0.5688140635740371,42.54835303894589,1.1690016628476647,34.91317817850147,1.0719867427219412,40.079756113545166,0.7920789463698622,58.948149462138915,0.6037468080678859,50.05967032005152,0.8515076056015413,58.65510699567905,0.9469995705436101,60.435208511080454,0.8435752068088451,57.685303481520556,0.908042439219313,57.634975974799545,0.6181651175654579,48.31694697267368,0.7412590396193947,51.7436917793282,3.663911886171808,58.341438995362466,0.8289604422496809,51.58081221803378,3.1062407212009733,13.102724910090076,0.9274515134421809,48.45630397486893,2.9274550953069927,0.0,1.0336704733511013,43.8770852257061,3.3787130330118353,0.0,1.145133188727641,39.02001720685704,3.809502460149237,0.0,4.4071770044449154,0.0,1.2766513992664268,33.5481936746094,1.5450516621558257,23.26282746239768,1.423077053275579,28.339491284052748
-1 1 5,-0.0,-0.0,-0.0,-0.0,-0.0,0.0,0.4006223830320494,31.061618884832505,0.37649090442880295,30.969706351449698,0.28491208991177563,30.1365320907421,0.33926145076400777,30.71412279722106,-0.2555588256146306,-5.713067561467937,-0.2691543637874645,-3.1142995480939093,-0.021554093208372146,25.693623105149356,0.20752500208658323,29.08390040067585,-0.14354091415110704,23.843357287398305,-0.3600480405560688,0.0,0.10284031706663047,27.53830889339223,-0.0,0.0,-0.36289592236160223,3.3617951536763386,-0.24299178917804765,22.16660178764856,-0.31868924659730785,20.492513038659595,-0.5836551886103518,12.785545548565247,-0.5057229380906466,5.380676797408397,-0.6464107822631779,10.307575218097076,-0.5676334359236064,10.01315804524293,-0.5360696697082069,15.937644785805656,-0.41037357275932695,21.980922585310037,-0.4204014218907594,0.8689189314872554,-0.44549998523044165,4.187792974399663,0.0,18.471622159277924,-0.4105424507716295,9.145522835313702,0.0,41.765190690815196,-0.34143316600782764,14.1255264687807,0.0,42.85911976037343,-0.25170460154906005,17.69762927416261,0.0,23.313500416738254,-0.12448800010825425,19.594206415792424,0.0,4.885370921867123,0.0,20.6010850193076,-0.03168113644832514,21.47803081160353,0.033533092601535044,25.621820461312964,-0.0,23.66045189725531
-1 1 6,0.0,-0.0,-0.0,0.0,-0.0,0.0,-0.6129734732772424,29.06076102109455,-0.6107695850579566,29.207380965031447,-0.5972322783788507,29.63540258151964,-0.6060707310595539,29.406344710346012,0.06143949045098941,4.130038995267888,0.15273694283662692,6.490858229777263,-0.565713986393819,29.332193267777743,-0.583866979401061,29.840324074871557,-0.5772774081847458,27.61632982885939,0.0,0.6520942773647183,-0.5701103765425982,29.86805717627809,-0.0,15.082479008832472,0.14399892367388523,6.146367716884296,-0.593305412686528,24.279645826358415,-0.5831840547681554,19.56252216082252,-0.16419583803985857,5.664347326003847,0.06779837537918162,6.3173953706639026,-0.34135918510137586,1.6917100655801018,-0.22369962178333458,-3.3751769183711557,-0.47510084720393164,7.084556485732123,-0.6094422532689912,10.929829458316748,-0.0,0.6088179716990106,-0.032947991165285094,1.8670391927237695,-0.0,27.71773053645914,-0.21332231188649886,4.1942444771317415,-0.0,37.058040833684295,-0.3973148646623862,8.867582999309626,-0.0,30.531447052783253,-0.49633225703282935,14.850152820988038,-0.0,22.826466513965794,-0.5428531941190622,20.55405656370719,-0.0,12.470957844155835,-0.0,34.763852929835686,-0.5418653219550196,25.035633582989995,-0.4989078928705067,29.044426440503166,-0.5248364226409487,27.76991986366467
-1 2 1,-0.0,-0.0,-0.0,-0.0,-0.0,0.0,-1.6244942482117604,9.876106540408005,-1.6055657605947933,10.081848474096113,-1.5499598465518765,9.96807754920307,-1.5799845020613164,10.194870460695185,-0.029680861329250997,-2.4817173893983724,-0.05686823907159978,-3.5440806987822326,-1.4558406093638618,5.172482680540217,-1.5180680853511133,9.121909106065537,-1.4177707039612315,2.4480498516275566,-0.007209031494847637,-3.1271867874804213,-1.4864161961246658,7.49725415524986,-0.0,0.0,-0.0910045410071993,-8.812433108541924,-1.3439937433833993,-0.2961105921092719,-1.196392427160455,-2.704317824487853,-0.19122650085466084,-8.695770045575083,-0.1360122015515413,-11.394011209871385,-0.4999762851054504,-6.85473196604486,-0.2561738817986056,-5.6159812916240295,-0.6356836994251237,-6.325004442307161,-0.8162351673984302,-4.8779215834570335,-0.059466618202290496,-3.5514924236374323,-0.1795452750238433,-3.2323551477748276,-0.0,0.0,-0.41399224630127096,-2.7207437078896,-0.0,0.0,-0.7454224774050723,-1.5842474116448304,-0.0,0.0,-1.0469651996260754,-0.0,-0.0,0.0,-1.2613431376803035,-0.0,-0.5592435112392794,0.0,-0.0,0.0,-1.3562459408007004,0.0,-1.4070229851276566,4.139412575800702,-1.400490511293591,0.9845072231272046
-1 2 2,1.7535481821878591,-0.0,2.5254487754209682,-0.0,3.2817618596002247,-0.0,2.422311588546868,39.45236748158013,2.4164882941097634,39.158923803388774,2.386072693458338,38.63096916467126,2.4056990014507074,38.84972207551744,0.225882893864904,-0.6870620601288185,0.2881646470388892,-6.9495297292796225,2.19839273130842,35.99695793088365,2.351238620694543,38.46924573807349,2.063198731673924,31.722856172769408,0.5970326660018882,-6.221081828710785,2.2921063434755333,37.913096824212644,4.130303966853994,-0.0,0.5365193907214862,-13.994525904623378,1.890601630278159,24.95698629231053,1.6978870822890306,16.69865240876193,1.0689598182326456,-14.546056373315585,0.7880995484879326,-20.21210829077101,1.5397154162957545,0.9244932999545108,1.3731065714463568,-10.917525147736166,1.5704812311614855,4.681215912589662,1.5248352716878466,7.293431489443759,0.821819072788212,-7.268508582642063,1.0386583421198212,-6.193142154472196,5.607784907409095,-0.0,1.2611927348349772,-1.1898140107222206,6.371362461781477,-0.0,1.5019886727150715,0.7648709571562722,7.111410116857362,0.0,1.7124104387258674,10.164733871974404,7.380190287413427,0.0,1.8878102388014517,19.13043610088838,7.450769549692698,0.0,6.029595925435102,0.0,2.0894285949914257,27.938256825873523,2.3720808239222615,37.48760558449697,2.2676357027929432,34.73538672708357
-1 2 3,-0.0,-0.0,-0.0,-0.0,-0.0,-0.0,-1.7566457459502465,18.58802188545298,-1.7493383187915328,18.514293584569238,-1.7113460397370581,17.640257475670765,-1.735743654183355,18.26302924750297,-0.2703885769113919,3.5306961308576894,-0.3421263463191025,2.256510463085411,-1.520442436823547,12.390943764193324,-1.6700734012956455,16.439857775805464,-1.4166386292032869,10.208918720166455,-0.35420808938051773,1.9255002120145415,-1.6065980321017441,14.606545472831842,-0.0,0.0,-0.46804604363341945,8.34787219402995,-1.3001371423686567,8.173202198220205,-1.1717147631760048,5.963485684983057,-0.550557334899277,3.371323122082,-0.49516244242606416,4.851905476518536,-0.9705524088990425,-6.397630923823142,-0.755390331139621,-4.151082647378369,-1.0485884914157977,-7.818539507887906,-1.0937492581434933,-5.542344442808265,-0.4779960797185197,0.0,-0.6234566597560575,-0.0,-0.0,0.0,-0.7602475965397474,-0.0,-0.0,0.0,-0.9033515716265923,0.0,-0.06915105231497139,0.0,-1.0463070607694058,1.0314126018636582,-0.18485357903920369,0.0,-1.2184344765437558,4.213659034846477,-0.30695720219179184,0.9420462934534846,-1.1530719302765544,-0.0,-1.366314806648124,6.768304088499327,-1.618121771005729,11.458137564285062,-1.493530426613093,9.820689351853154
-1 2 4,0.0,90.10105175926533,0.0,70.91118206807222,0.0,50.001090712725805,-0.7606739275903808,34.32055902788796,-0.7371355868940779,34.75887552897194,-0.6305561000200193,37.01245242107067,-0.6966523068170911,35.579148944631235,0.01770526422026733,20.67396151526827,0.007297842223337399,27.44931271388982,-0.23885034092870128,44.85966058855719,-0.5301766526789079,39.23211411663439,-0.08474041097174086,46.87385698797225,0.01865409451747386,35.913792037063374,-0.3947522428148404,42.072087326691616,-0.0,28.059291542687262,0.03888419712332496,45.31215006818683,0.05182287231962718,48.00945506055083,0.16184225766410879,48.50485433139248,0.20648487602710322,49.05924027070879,0.14829766565255081,45.63610033724233,0.565053026737679,47.93160378234377,0.3088149379923364,44.499632593329416,0.5982096559929941,49.92234548561026,0.523657174132357,48.33102594177228,0.07893483521181566,40.94629999554986,0.1392843475917696,44.92378603270046,0.0,18.454062962365207,0.18570654535772066,47.096265458025734,0.0,0.0,0.1824203857024399,48.38936685907704,0.0,0.0,0.12609870478830867,49.21726567491642,0.0,0.0,0.027398356313061655,48.557075037960345,0.0,0.0,-0.0,0.0,-0.0,47.18972872677516,-0.21745258411927107,42.51547488041318,-0.04809222761580577,45.30572548050507
-1 2 5,-0.32921423287912893,-2.889967579290046,-4.6117286106779725,-10.975453546560592,-7.133388100840005,-1.884966048747455,-2.9657864345410068,-37.91513095536833,-2.9525797101305953,-37.97121747108449,-2.919816319690087,-39.27423952725904,-2.936305648090742,-38.314112636153695,-0.237038617909768,1.167499445675625,-0.18616438758176862,2.060776399863616,-2.835044646150283,-46.345304360525745,-2.9036900942018447,-41.13701832841692,-2.7394823918646307,-47.5892056836869,-0.16954089999947144,-3.6415745821055685,-2.881054521373458,-43.77524032921092,-5.982753682488805,-0.0,-0.05015817695638852,-4.623388736465057,-2.5610883508077285,-46.68159499086279,-2.2693655501000594,-43.57069647101165,-0.5035284178356938,-18.20698376665604,-0.20363101451236387,-12.421014008929662,-1.3353161311331954,-37.983909367110485,-0.806879960565795,-36.54399841074236,-1.5212121735887565,-35.082594656152715,-1.6944982698751647,-36.21674599426625,-0.3772467610731722,-10.483842212235105,-0.708456881894707,-17.911703567045855,-5.487031751476912,-3.2403462317168095,-1.1521854216090943,-26.056475606443055,-4.716313389022298,-31.237618777606603,-1.678598826014007,-34.36886817056759,-4.250067344700521,-36.53832523632267,-2.1581553336282076,-40.57097623238465,-4.251991521066998,-27.839536111983744,-2.5318019022902027,-45.32798815531491,-3.810317297133091,-12.93478510362502,-3.4583495419574133,-4.484329221289912,-2.7799501752798603,-48.05098314016991,-2.9348798030776,-46.89722303079061,-2.90493917348015,-47.883706566638914
-1 2 6,0.0,-0.0,0.0,-0.0,0.0,0.0,-0.17361387465496458,-29.391995918936708,-0.1880796504881714,-28.78485540617271,-0.20070937636780667,-26.04821718622706,-0.20084186541788807,-27.746853453291365,-0.12883089750813498,1.3902756711548223,-0.014633283163977048,3.18402725935329,-0.004699816506119161,-15.10490176320119,-0.1739412434867718,-23.414525196089766,0.13024775487194695,-10.236334685016406,0.0,0.010357254778661949,-0.10962080760585924,-19.694009800263927,0.0,0.0,0.09534973471554775,2.0968436711558236,0.26633856518904175,-5.774286537240645,0.361636726876825,-2.212832698254222,0.2879246354866769,9.435452876525178,0.19508169711769102,3.049224620835521,0.37944583795345027,3.9537703080270648,0.2997196268428971,5.991120310326935,0.40703826958856726,4.270693538367444,0.4254627062396884,2.454093957254017,0.06809251361992133,1.6490115916456864,0.14842199391483782,2.2824463518937637,-0.0,0.0,0.22979578209858997,1.3184779369646993,-0.0,0.0,0.2884729588444959,0.0,-0.0,0.0,0.3125137289016931,0.0,-0.0,-0.0,0.26133680110254637,-0.0,-0.0,0.0,-0.009802216412245572,0.0,0.1110794533094448,-2.6292337341925167,-0.0,-13.050201101784927,0.0,-7.861619757476415
-1 3 1,0.0,0.0,0.0,0.0,0.0,0.0,-0.1892292457129318,65.08104565512396,-0.18209385855902877,64.66749540731531,-0.14633817698997986,62.16961191604287,-0.16928103471364847,63.81369274193001,0.20112503147455632,-2.4622131120589255,0.2868497847252718,-3.780426915365525,0.08848689590986498,49.81202250139953,-0.10497262375890784,59.34398305968228,0.2612769545746562,43.74938196705979,0.4688972096314795,0.0,-0.03180324425125633,55.14922274108565,0.0,0.0,0.5494465612230611,-2.5697586526362866,0.4660481101641421,37.1248111969481,0.655611533548935,29.902090257222653,0.8722364471665894,3.600042169901262,0.7289890014826529,-3.771927486293701,0.9683654517103065,14.578763620223468,0.9618179504264874,12.529510543846296,0.9768182478657618,15.10496327769596,0.9465664776100439,17.430499951312406,0.6137945153391927,0.0,0.7353314527214201,3.004595158479996,-0.0,39.09671537114824,0.8075988817954959,9.190675697183636,-0.0,78.8933900033722,0.82037878647822,16.910546713286895,-0.0,101.26702869377269,0.7418759253151126,25.74554813774201,-0.0,96.88288694881999,0.5616410377406971,34.745864833032556,-0.0,94.26695724100769,-0.0,93.6051394349874,0.3488304668086332,41.56243738903131,0.0170736720407729,55.16977017487933,0.15954764539174898,47.97801784754901
-1 3 2,0.0,-0.0,-0.0,-0.0,-0.0,-0.0,-0.23823276504942886,-40.658137595851336,-0.23480823288082095,-40.52564621540752,-0.21366654249884018,-39.576626902618855,-0.22758771903920844,-40.21884860717324,0.16406593678209866,1.1927869329603238,0.23538009777745897,-0.04480195456712927,-0.12919204882155402,-33.82598137646083,-0.19050841989995582,-38.399728323281956,-0.11548707534884015,-30.290140393157365,0.26608710925369716,0.0,-0.15936559892053115,-36.51631216723038,-0.0,-0.0,0.3699659756662495,5.321210795865222,-0.12797184412658566,-26.006726763812768,-0.15014166681648977,-21.354693937292854,0.4850950649960872,3.063992311784694,0.47096136036288966,1.1944807938272928,-0.11842409701117287,-11.993515522297702,0.28829900294202315,-2.9106397195350167,-0.27300208613788135,-17.88628287646509,-0.45155156306769806,-21.98147615941418,0.2194045955340322,0.0,0.10631584496535164,-0.0,0.0,-0.0,0.0,-5.738984237275905,0.0,-0.0,-0.0,-10.509882420465908,0.0,-0.0,-0.05339082702886535,-15.745775678120632,-0.0,-0.0,-0.04969505475754706,-21.154952124857935,-0.0,-0.0,0.0,-27.537762627068265,-0.026513027237145874,-26.480896489967968,-0.05896564730012376,-34.57692590805688,-0.026069784788002138,-31.183372727647793
-1 3 3,4.115402338131891,0.0,4.5919218518518115,0.0,4.284236893294921,0.0,0.7835770453585186,40.76630531684572,0.7885256138341078,40.841876730605186,0.8574064760323209,41.20544092686323,0.8076830459338694,40.97602262239116,0.027092665266158795,2.2958761774335863,0.09682938975757335,2.4317065487449776,1.3192629523234463,42.39239546621013,0.9562635134235637,41.57059845837866,1.5396728053306163,41.96610098062931,0.3349860575471346,4.143501857933308,1.1138611237366778,42.049992655275425,2.9974192609870314,0.0,0.31308179263119773,8.993602324698637,1.7270388198021256,39.95049719891098,1.8248211650024073,35.89360959797758,0.9320233639401344,12.175300476479489,0.5350020812226601,5.377293621243508,2.006595097130221,27.03561121542222,1.4877766672416552,19.295623922517525,2.1773521315519364,28.531034705944805,2.2448866079500758,30.96297979058591,0.6965170110578166,7.586322102315779,1.116512772207489,12.031419656284376,1.1928731428573098,0.0,1.520141620359605,17.93631375953997,0.39475686506755103,0.0,1.8128110154149442,24.24495075420647,0.0,0.0,1.9312534162508053,31.01203646502175,0.0,0.0,1.8572624957701918,36.496547170797605,0.0,0.0,-0.0,0.0,1.6886745430361003,39.62803192383808,1.2282600907759953,41.56081020483549,1.4588940362804592,40.935296463218485
-1 3 4,-0.0,-0.0,-0.0,-0.0,-0.0,-0.0,-0.46368980951281985,-17.745314687963877,-0.45163467781866906,-18.069592225972343,-0.4003771177859495,-18.65116406215263,-0.4317044415545028,-18.422189676440734,-0.3491650607764346,7.552121585451542,-0.2734720148446872,7.051004754086392,-0.22444327615801904,-17.236718172161904,-0.35387533673270616,-18.586838284486042,-0.17078089096376872,-16.030947093966347,-0.10206748278593154,-0.0,-0.2919987585378773,-18.12184955584062,-0.0,-0.0,-0.06720010728240569,2.8757697666320134,-0.147307010375236,-14.82025860081425,-0.1506086955538785,-14.050382040013082,-0.02056568586527374,-16.10133584749618,-0.03102424718836567,-6.865476878515677,-0.23858380204609347,-19.498310292090117,-0.10145976639478207,-25.174321334371275,-0.30895959023625885,-15.375675374217062,-0.35384872420003033,-12.957403632434612,-0.03749947800050353,-3.1722882140035575,-0.012364786667450368,-7.259683529216073,-0.0,-0.0,-0.05219979260457064,-10.735721606255364,-0.0,-0.0,-0.12344587967547715,-12.908811676413086,-0.0,-8.469339667876985,-0.13159878299007222,-14.005987568822079,-0.0,-12.450403655637517,-0.13269557417174954,-14.751741488268843,-0.0,-16.78385564760395,-0.0,-58.96772833202964,-0.1350486868055611,-15.784673846539944,-0.26222341008692074,-18.465570931487186,-0.1732669687150193,-17.036136306985103
-1 3 5,0.0,0.0,0.0,0.0,0.0,0.0,1.1551435745376955,56.33940748990636,1.146385483385255,56.17937728560421,1.1307793137487097,55.105406026035276,1.1368354212896745,55.8301293074336,0.01656582759103746,5.408654101735709,0.15277146912140438,6.750392859811493,1.1760111445118921,47.39181791515394,1.1335257699357526,53.713030196361615,1.2032882078680338,41.92665682403263,0.3079835279301002,2.679093495082131,1.1489625285012965,51.26893840756849,0.36781171428259835,13.870516586915706,0.42206580927779186,8.261939075518844,1.2069472933668606,35.280985847674415,1.1590674757228443,28.506811434090462,0.533768575880335,9.179986248329936,0.5450639976082216,6.6011192652293635,0.9902596855677889,17.086252652516674,0.6369631759065222,10.42138914361365,1.0678181626834904,21.152121962558862,1.16600444775993,22.276382336314974,0.4410913294145902,5.757481398400702,0.5910207550427687,9.83153812530306,0.173700315762051,53.96019570493736,0.7464875081088084,13.881919266417903,0.0,108.51316011849406,0.8819713006601313,17.835188971649867,0.0,80.43489486359958,1.0399550185455921,23.720521071420965,0.0,73.59819604249809,1.1565015036529034,30.74780116266077,0.0,54.198025785622406,0.0,52.30881301320714,1.1783999265978613,38.39571155969881,1.0817784628890974,50.69173568538441,1.135996298905093,45.357433269628665
-1 3 6,2.19029070186642,0.0,0.614739635449286,0.0,0.9154214558651862,0.0,1.9111210503078722,17.563612256506666,1.9084763950112602,17.748027501195057,1.8853443706794368,18.0592202040006,1.9014158183666776,17.94772126495478,0.17058674356049847,2.996967053420449,0.2933679898208562,4.145838564151912,1.7331613088926903,16.056520031758716,1.8544826587875336,17.91881142405786,1.6424930104173023,14.193980230119015,0.43087365421235446,1.2693027838952033,1.8041597185078824,17.313613602755638,0.7887015994523416,0.0,0.5777653946063873,6.084424430572326,1.5315157105249875,12.135724785100813,1.3984993250826574,10.438861013879984,0.6935340921348531,7.204224830125959,0.6251463030291396,5.425713017141272,1.195297833537139,11.677606054395621,0.9371642765708975,11.299132325974224,1.2163563969092623,11.38057795345887,1.257528289831912,9.454317321098168,0.606186404834147,3.4844661168601796,0.7860122397356474,5.35939480395707,1.3630193644435973,0.0,0.9673923654430077,5.9612408388204825,0.6777972625016525,0.0,1.1416128746995824,5.464693516961559,1.0402252706890112,0.0,1.3059212197324208,6.05126588645914,0.46743087957988544,0.0,1.4523505227492186,7.371149117516326,0.0,0.0,0.0,0.0,1.5718941659613532,9.906810577998737,1.750449368456405,14.34492698768196,1.6593227693905404,12.282851169996883
1 1 1,0.0,-0.0,0.0,-0.0,0.0,-0.0,0.2870556168568844,1.7761926583071386,0.2868010070763127,1.8666699845070278,0.27341408994415983,1.8294429686464413,0.2835480480560371,1.9187310757163383,0.0005591544416034379,-0.8497294047315478,-0.0003385756078144913,-1.2890059516193293,0.17265143892333226,-0.05012465491922669,0.25209683043451864,1.489042871462992,0.12443299532763544,-1.0841080607376226,0.0,-0.0,0.21758252444663398,0.8474923922087183,0.0,-0.0,0.001018488835738551,-2.139238331972969,0.08113619661321926,-2.0934688251066103,0.04930073369777409,-2.8955682148600723,0.02128601332463105,-3.317517696729224,0.006372635839860488,-2.61141523034239,0.05015187145714445,-4.186463201275981,0.03862949884686641,-3.897931734269896,0.05106242354965722,-4.2531536782661306,0.04417578828117555,-4.321791717675661,0.0,-0.0,0.0,-0.0,0.0,-0.0,0.0,-0.0,0.0,-0.0,0.0,-0.0,0.0,-0.0,0.0,-0.0,0.0,0.0,0.0,-0.0,0.0,0.0,0.0,0.0,0.0,-0.0,0.08017140090792456,0.0,0.025685513804446853,-0.0
1 1 2,3.5913111367247197,-0.0,3.7044442907159816,-0.0,1.1630730392919482,-0.0,1.451941618507526,-23.44364535982715,1.4351937506890846,-24.247105498395452,1.3851915005349913,-25.89462933740508,1.4123135893264285,-25.170317707771424,0.5613655139571531,-15.43004055774469,0.6399948874390835,-17.735326867808283,1.3273053372387968,-23.573595274943656,1.357067804762099,-26.039994105740877,1.348523019769908,-20.93056274105313,0.7272633204109374,-15.951301530189161,1.3339766119835268,-25.312433492646377,0.0,-0.0,0.7099445624465492,-12.955154565244925,1.3951224817372208,-17.809692912286536,1.4394996551775572,-14.924907074432696,1.0205461282752102,-10.558746130030526,0.8244077610517679,-10.570059634856245,1.499588433451103,-17.30382663520391,1.2765629860478804,-18.278584872850672,1.6069002877978376,-15.968575890546058,1.6976590089528394,-14.85226955819397,0.9159299450248523,-14.117744631567794,1.1339199226484533,-11.88912348561082,0.0,-0.0,1.318692701206729,-10.067536786522785,0.0,-0.0,1.4435778286348218,-10.30519702047347,0.0,-0.0,1.4825141292705861,-11.9085209708548,0.0,-0.0,1.4546431325994564,-15.041942769246454,0.0,-0.0,0.0,-0.0,1.3906061542379542,-17.64452876143864,1.3135281272271355,-22.934019179701504,1.331666573790091,-19.858762404867377
1 1 3,0.0,-10.291403735598502,-0.0,-62.26327815483758,-0.0,-61.98558706863672,-0.08627625447578575,-59.552155603895294,-0.06270737268857424,-59.84403948778246,-0.009529771685679825,-61.37955982619695,-0.034558590712096215,-60.40030657752986,0.32763241232747586,-0.16891434436905137,0.2850707538656709,-2.5656964252862116,-0.022132907021246644,-66.04414202778145,0.003755111281837938,-62.87283111028524,-0.05707543911715731,-65.99438615939876,0.0,-1.4437095892227008,-0.0001359146160756892,-64.6639127477439,-0.0,-92.96133580842924,0.052535437882782796,-5.756426670972453,-0.09349562427480446,-63.48895986890569,-0.11923274488346416,-57.634677322877664,-0.16607004352423413,-13.508570820617674,-0.04174503977605706,-6.039283000809865,-0.2527890250615887,-35.69361251163772,-0.23231766703543802,-32.6984029651175,-0.2213592023590694,-36.092772580733964,-0.19212952637833663,-37.91109677404549,-0.0,-8.851690125077136,-0.0,-18.417844649626673,-0.0,-87.73391782398427,-0.0,-30.208384306406245,-0.0,-67.79467468512244,-0.025432870277720603,-42.8933663349069,-0.0,-48.81901459802543,-0.05186057136500479,-55.26259710969069,-0.0,-37.98707959409327,-0.02769592989125938,-63.42474982641122,-0.0,-23.78484098785353,-0.0,-87.7548276688122,-0.0,-68.12396976590645,-0.0,-69.33000257735686,-0.0,-69.83741025340828
1 1 4,-0.0,0.0,-0.0,0.0,0.0,0.0,-0.6318741229743684,-3.1707349433361003,-0.6392837108217643,-3.166409521130315,-0.6479234886707629,-2.7375564136728903,-0.6464490540325903,-3.0610249333783304,-0.005818431007990923,3.06906916680133,-0.020465974449920165,7.239274222688372,-0.5189350689074056,-0.3699628569585288,-0.6351211475448221,-2.112655517844386,-0.3991559461722673,0.31229292054719454,0.0,15.812650099430668,-0.5963351076005405,-1.250521521290079,-0.0,13.510636873203097,0.002001878015767328,18.895458264715348,-0.2536052198373364,0.7432804351021141,-0.115579378539714,1.3000651561656222,0.2869879875983909,30.40018586704533,0.06623709652933658,26.614674280884497,0.07083818384370595,0.8266208589696211,0.25214019056121406,9.80700917661138,0.09505065542687505,-3.182025345402846,0.07764938037277096,-1.9054491781276781,0.0,14.169062958889239,0.0,10.20135491094531,-0.0,0.0,0.0,5.4462920920156614,-0.0,0.0,0.0,1.0266186552553844,-0.0,0.0,-0.0,0.0,-0.0,0.0,-0.04993052678515042,0.0,-0.0,0.9565273325064202,-0.0,13.328446754508645,-0.2043950930145006,0.0,-0.48245507487765277,0.0,-0.36307612000031303,0.0
1 1 5,0.0,-0.0,0.0,-0.0,0.0,0.0,1.0577267692288215,-37.37704161351699,1.043039469174204,-37.066460761591536,1.0201659131982548,-35.92319408885293,1.0282109325667528,-36.59309001056142,-0.21840262667280003,-0.49702011422135295,-0.1566541595020501,2.1328588655032266,0.9945847415165588,-32.898387852953064,1.021767760374318,-35.03167967976699,0.9156750331410026,-31.98371204493095,-0.0,-0.0,1.0219033196354876,-33.9632064982991,0.0,0.0,-0.014996815237315659,3.7002161561735005,0.7835568746405202,-31.007615580368178,0.6214393722614976,-29.496870523016945,0.23980945118088806,-6.539048437521366,0.030145042247790552,4.353090583538626,0.2273363033628749,-39.27489143014056,0.3398449316394218,-35.65922521647526,0.29008892577801554,-35.57968484748822,0.3873294763822079,-33.08010093104704,0.0,-1.7633378062514249,0.045223018383898285,-8.909373432964548,0.0,0.0,0.15971548630871954,-15.797331412168706,0.0,0.0,0.265655705336777,-22.16902662047197,0.0,-0.0,0.4408102685973332,-25.423517305255576,0.0,-0.0,0.6264463464411018,-27.0256413795153,0.0,-0.0,0.0,0.0,0.7898952807616005,-28.309625157120095,1.0166721527205518,-29.98419960407939,0.9339320396231299,-29.278860983462618
1 1 6,-0.0,-0.0,-0.0,-0.0,-0.0,0.0,-1.4334731657622293,-32.5845456343899,-1.381804908934365,-31.764014780587132,-1.2628227506816547,-29.261740199058117,-1.3198004973626944,-30.639302919306058,-0.140589347177797,-1.623235966671341,-0.06229361244303297,-0.7893721636137718,-1.1850205181013758,-22.68324072950283,-1.2244857830331737,-27.616561426021526,-1.144079272228951,-18.943984023919665,-0.0,-0.0,-1.204102767696886,-25.520530324509753,-0.0,0.0,-0.00747610157028231,-2.9481921609107293,-1.064221924269169,-14.673516412384313,-0.9381477318549707,-10.865918665486527,-0.05155909525924538,0.21907253479859934,0.004443216826001324,-2.7975311026509417,-0.4376926279498415,-8.85456647131796,-0.21730702259180631,-8.820680494219488,-0.629900989354466,-8.211098992207788,-0.7815656317570596,-7.825196599101938,-0.0,-0.0,-0.1352667628723194,-0.9381714335516886,-0.0,0.0,-0.3485783959567227,-2.772289245137856,-1.0746623816608407,-0.0,-0.5870850725958136,-4.316425066995181,-0.5786586953713283,-0.0,-0.7756526395431375,-5.813049400686644,-0.7187756544557644,-0.0,-0.9084213635129765,-8.663871263649161,-0.6700018563669953,-0.0,-0.3469896553975622,-0.0,-1.022295715395959,-13.482911735976788,-1.1246614130062944,-22.047197672181888,-1.0943573576485468,-18.295822930900027
1 2 1,-0.0,-0.0,-0.0,-0.0,-0.0,-30.336475526746256,-0.37691575786834325,-83.58397859907227,-0.3851592457292379,-83.38335868549066,-0.4028975637377972,-81.90386435781458,-0.3947706530635482,-82.9115036562445,-0.056645930638685164,-3.1516574313615773,-0.0771432042394165,-4.24590878641842,-0.3990584682144127,-72.29602255576152,-0.4067747375288193,-80.00814748504122,-0.38618636785205535,-66.0521917928995,-0.04429682737551284,-4.00953107640668,-0.40545978660479387,-76.8831584244495,-0.0,-46.213810243066085,-0.14202457364369564,-3.287368273354195,-0.36416116820344724,-57.93869867583202,-0.334095692626597,-48.12325677406329,-0.27380129034126904,-8.824350468958594,-0.20743287869022176,-7.034195530126358,-0.29891227472024734,-25.49661702567246,-0.30113168518376465,-15.351724190132229,-0.3025083959565794,-30.988227715187342,-0.2976356522068445,-36.19751213925544,-0.08528393833129776,-7.080999460472131,-0.1249618378512517,-12.583580690696714,-0.0,-44.29300190577012,-0.16004791253522907,-20.161545716775503,-0.0,-50.14358322859094,-0.18906664027026782,-29.075507448642085,-0.0,-50.615402820234415,-0.22342651421799412,-40.02312257739155,-0.0,-54.68455542380495,-0.25851010735598096,-52.35844830696417,-0.0,-59.809866654544855,-0.0,-61.54605446330582,-0.2911942163355938,-62.10117830556681,-0.3332250152048793,-75.09594535115092,-0.31730134231759466,-69.66562250127576
1 2 2,-0.0,0.0,-0.0,0.0,-0.0,0.0,-1.0453701539746936,-24.655866952719887,-1.0230377179364503,-24.41759564211217,-0.9642583946450732,-24.07911770806535,-0.9945659866992402,-24.189021132742987,-0.1702533819816618,-6.941051872308812,-0.21606833484836557,-8.575293463835617,-0.869985428140471,-21.54757620452972,-0.9352019549972301,-24.051415356554912,-0.8247607302088588,-16.672258155151678,-0.22988520105860563,-0.0,-0.9055186149971415,-23.59746047702551,-0.0,0.0,-0.25519241203522924,-0.6548937885391758,-0.7705827740612613,-9.149329110085985,-0.7133745184898381,-1.1005315868974321,-0.5216033365529126,5.51581321256271,-0.33503007520445227,-1.1809890231053926,-0.833558348611253,20.636095526242304,-0.788249161184152,13.578415513230997,-0.8022644955859521,19.43879839328097,-0.71241064982979,15.660079357489009,-0.3502932933374724,0.0,-0.4708633434223535,2.596370904714369,-0.0,-0.0,-0.5610601143263467,5.839647191943473,-0.0,-0.0,-0.624307813949465,6.646866311152159,-0.0,-0.0,-0.6710904302773967,2.5099517846935657,-0.0,-0.0,-0.7193553039402558,-1.4901716781254102,-0.0,-0.0,-0.1950176704952825,0.5464621102580461,-0.7769537010902847,-10.4605458133454,-0.8575502834310985,-21.777130868592714,-0.8203613237833579,-17.661271729278035
1 2 3,-0.0,2.3021398012320047,-0.0,30.380765263446637,-0.2577129313651155,39.37249594595256,-2.4263664520052943,73.27549866787022,-2.4205126488734536,72.69707174099234,-2.391655026075621,70.9806155900193,-2.409941704984663,71.91497611095099,0.049610113732170884,-1.7090592170337502,0.020673443245408936,-0.8302676176229842,-2.24983650782437,66.83336325972472,-2.3618394220358794,69.90412987675305,-2.1466113276627032,64.50825197302748,-0.0,13.253697508532813,-2.3165279489413324,68.58121172338888,-0.6181349940824507,57.2088870090742,-0.09855949476380681,14.626834157222252,-1.979857755020272,61.536505109175636,-1.7296662358614547,57.79786987171912,-0.340599241401603,35.97364929907149,-0.1855211135736054,18.66454387041014,-1.0400098487836968,60.17474741252281,-0.5977968558245254,46.98528590649591,-1.2286758253065784,61.41016610429489,-1.3989303931891037,61.36520153193518,-0.1851835413781475,22.029349341802824,-0.4893949912200615,31.48744461736639,-0.7234747538930317,53.27311022419668,-0.8312105618755945,41.17408403056011,-1.232761640259947,49.95876580887099,-1.221564327018476,51.139105176106824,-1.0702165959382528,52.02940045897832,-1.5924599621892355,57.90672245123888,-1.2228227871488575,49.29929670702032,-1.8864940590585002,61.02753067767937,-1.3997547208218148,38.768364631983964,-2.6749913577739264,71.59832536664968,-2.097260956606231,64.50065057766463,-2.2953120396125106,69.77961042396889,-2.224633852292834,67.13359720364478
1 2 4,-0.0,0.0,-0.0,14.337881979471682,0.0,49.406656647197934,-0.5668223208271993,78.06627748553203,-0.5743337888742768,77.94262401476094,-0.5916042722765082,77.85038470736002,-0.5832718247930597,77.8408376451093,-0.01094001480959135,8.241800616784673,-0.05681279891003611,12.756284167935341,-0.6200070643017894,77.62755180575847,-0.598462577434365,78.01699549131015,-0.6393394058747577,75.27984675834666,-0.2139202619167171,18.786039378896014,-0.6064573539114727,78.15901723430294,0.0,67.29292457804465,-0.2535020399835834,24.358116072232388,-0.6561061271351998,70.0415231925969,-0.6532240879378488,61.79288246890809,-0.5635249019858863,29.42463868921503,-0.38267471328987407,24.619646767979205,-0.6475750498798929,32.51711803672145,-0.6198789670687157,27.54497453903302,-0.6397832435450361,37.169517865478596,-0.5677474117437284,44.05020363114359,-0.28245996911553284,21.948785710048032,-0.34786192441855546,26.947128248383407,0.0,88.76817175426015,-0.4215607755865627,34.82420015083467,-0.0,99.10918928994397,-0.49681852554465555,45.32626497977636,-0.0,102.03704568201901,-0.5691185360470568,56.42860279136473,-0.0,96.95888211899765,-0.603823887204836,67.05630424721267,-0.0,103.67494180889106,-0.0,100.77350726336131,-0.6095462381740421,74.93415036847661,-0.5769227783018104,79.9434414569329,-0.5939479146795718,79.13161754748415
1 2 5,-0.0,-0.0,0.0,0.0,0.0,0.0,0.4087832865699351,7.335008488597472,0.4248131447524003,7.424550540758909,0.4484247986331679,7.518516227276112,0.4409996731529116,7.504254354413075,-0.3800238696341053,1.5912974128142896,-0.32900029823449756,3.0365890550107166,0.3519506339156504,7.655095221965559,0.4378999990700863,7.443362956040753,0.2792713027298308,8.572146030541292,-0.07247485742047965,0.0,0.405355399510148,7.387294185721763,0.0,0.0,-0.1648539304920236,-0.46600390671736747,0.18770335417108236,10.01763893731017,0.0814816864473303,11.226302168399425,-0.07251941218239417,8.747887026939969,-0.1565655245141298,-0.5292333805872615,-0.24909267833848123,10.563545819310045,-0.09033048872335273,5.080220207776983,-0.29427903357681184,14.243291947108451,-0.1854809542165889,16.473748699849782,-0.06528036239170341,0.0,-0.07350093626347207,2.8648257670297084,0.0,0.0,-0.05294615364112698,6.265803375595513,-0.0,-0.0,-0.0,8.661853936913412,-0.0,0.0,0.0,9.409197399664677,-0.0,-0.0,0.036320007838870044,8.19495177741614,-0.0,0.0,-0.0,0.0,0.13694222391509134,6.6408718553670445,0.3221248334018518,3.530427404078984,0.22469747693334358,4.937887158862407
1 2 6,0.0,-0.0,0.0,-0.0,0.0,0.0,0.33959212992758653,-4.453240750035785,0.3270976890164567,-4.367049083809639,0.3205545998327312,-3.6411097870966125,0.31717160708393966,-4.141685388631348,-0.11155266164038041,0.6596771504630446,0.001042343184231554,1.773441058945488,0.48585913340532105,0.17390734899620927,0.34888221334016517,-2.7219574021051063,0.5637588860278961,1.383571070001093,0.1406559142374474,0.0,0.4069167788463625,-1.3634991938059042,0.0,0.0,0.18152721221379553,0.967299926760592,0.6188244819778822,1.8428863788433103,0.6454163259559349,1.5350147037169124,0.5332976751802653,6.371063045979219,0.31845548651768,1.474591056429409,1.066272420563025,0.3200619174055932,0.7756714922303488,-0.42765581064874036,1.0085449414659797,0.3009570250867061,0.9426053325741416,-2.09244913998986,0.2835052085162868,0.0,0.43141440178307017,0.0,0.0,0.0,0.5367619167960723,0.0,0.0,-0.0,0.5727445002583468,0.0,0.0,0.0,0.597162092142305,0.0,0.0,-0.0,0.5895860834153368,0.0,0.0,0.0,-0.0,0.0,0.5380817775551012,-0.0,0.31885510083452356,-0.0,0.44790076947588964,-0.0
1 3 1,-0.0,-0.0,-0.0,-0.0,-0.0,-0.0,1.0177774160844815,-21.462267512387854,1.0063666232437254,-20.82167678136218,0.9600260187851161,-18.654716411278606,0.9881008379681724,-19.88680195012204,-0.11288869433287411,-3.0295747537734803,-0.14546788714595135,-3.8650750243085654,0.7578510551706691,-14.622865823501536,0.9173008190615214,-17.17984270728042,0.6227995044067612,-14.314440697569085,-0.024224241788789794,-1.4511096834062838,0.8528829717273387,-15.683067262849493,-0.0,-0.0,-0.23855317983891064,-4.399812445571803,0.44875817207222746,-14.429949030240888,0.26255846043747355,-14.312448484235116,-0.21054298652784792,-5.986264419046482,-0.26219777820818996,-6.381642559429472,0.0019258820540870747,-15.023521074671264,-0.10306272278111386,-7.6915595855212295,0.040348594921986156,-18.19144164343504,0.10004723230089271,-20.21522521835663,-0.03373001117902632,-2.9594347151988067,-0.00939922473924262,-5.516383486476281,0.0,-0.0,-0.0,-8.253924601764545,0.0,-0.0,0.0,-9.966468000009554,0.0,-0.0,0.06408398115413638,-10.948736888677027,0.0,-0.0,0.2650012624119028,-12.337212211906634,0.0,-0.0,0.0,-21.91714795315047,0.45330862938628214,-13.106918944577206,0.7118054178147079,-13.31936451812595,0.6043830153685807,-13.066164141066245
1 3 2,0.0,0.0,0.0,0.0,0.0,8.697563576919704,1.7667569423089498,34.31059135443805,1.7484881834800667,34.61725484492678,1.6764619066052175,35.27511576585293,1.7195820205672476,34.970491750077535,-0.15954258236168878,-1.7871720498844776,-0.0932384431166477,-1.826194198648471,1.4425444577121673,36.23085361468912,1.6151933588145224,35.492384728523476,1.3500611838878656,36.77947812109389,0.1454330833208057,0.0,1.5348680594060853,35.748814670751095,0.0,45.27550762164227,0.26593301400488195,3.0278433169924837,1.2625058924748014,36.607406164334805,1.1730812368018146,34.6582351688271,0.7061173811872963,9.64716161764802,0.45817217855911857,1.3084057997410639,1.1546969193405692,24.99136629192923,0.9786666438676157,19.617732940708045,1.1871287705064042,29.025047256501182,1.1691255234086444,35.72128064050794,0.3763892166350232,3.954590133351356,0.6047183800024423,11.014183721389639,0.0,21.072827985233584,0.8313080789479734,18.753984650023305,0.0,0.0,1.0031759197582546,25.97270681909634,0.0,0.0,1.1338446435228111,31.603896064822617,0.0,0.0,1.2276277753217677,34.64944664613265,0.0,0.0,0.0,0.0,1.323171381449601,35.398187499101695,1.5122580759655613,34.72195411406562,1.4211815833856363,34.98731928409709
1 3 3,-0.0,0.0,0.0,0.0,0.0,0.0,0.9912081536389041,-6.637461845118992,1.0094342544782728,-6.694343859666954,1.0355392652126247,-7.06070567655717,1.0277553346517252,-6.819963968388639,-0.4431855828431948,0.6042524660445502,-0.42427199503839635,0.7264777833845462,0.8960172421164967,-7.820492281841096,1.0206595180664626,-7.425485464007381,0.7851548251258069,-7.08479844516657,-0.13798651212716453,0.0,0.974969820707544,-7.788967574446163,0.5617665153935882,0.0,-0.19832652389415856,4.461360566176171,0.6462813360626154,-5.34480890741583,0.4890885512322843,-2.9043855602563395,0.046061747867849584,0.268581842191995,-0.08657636011717137,-0.6186908656459543,0.08518718158335736,-0.3367191531851517,0.09422434177583625,2.123999218353872,0.09905844938987858,1.1898574302617886,0.10938110510930388,5.028165249910554,-0.025327478645416266,0.0,-0.0,0.0,2.6511643110533503,0.0,0.0,0.0,2.823672971918121,-0.0,0.15564095189088334,0.0,3.0490516231844733,-0.0,0.3461144990084586,-0.0,3.105245694692831,-0.0,0.5351828141209597,-1.5130769608097001,3.2185662131935726,-0.0,3.7391613325109936,-0.0,0.7143845184266038,-3.8827190098884827,0.9615147381482692,-5.03095604056302,0.85761780254344,-5.073872471265133
1 3 4,-0.0,0.0,-0.0,0.0,-0.0,0.0,-2.655567439801298,-2.1264434180994436,-2.64645322441137,-2.7686316962300164,-2.5768764536212787,-4.670995732113921,-2.624500561826175,-3.636710651168596,-0.4879962819601635,1.7554936854698882,-0.47123543877787355,1.3402980337427965,-2.1250906900252304,-8.816330300252343,-2.4864476022600943,-5.845223257456765,-1.859696604696512,-10.535386262243996,-0.2696378114060264,-0.0,-2.3375187362682164,-7.215012084684707,-1.296699652167788,-0.0,-0.2325963762769991,-1.5134117186021407,-1.5622290785937152,-12.077543995211288,-1.2566112009921941,-13.031833822543533,-0.21624842907282818,-10.901644824453651,-0.1953097214928428,-7.094325211016126,-0.6148043091622042,-15.80243900637629,-0.3440675999889165,-14.922045514143978,-0.7588231869344645,-14.344728628436073,-0.9003700013550574,-12.412128985898763,-0.2798909344253186,-2.3784360954315997,-0.36305437044853417,-5.596396605752491,-2.3788100805499726,-0.0,-0.5196426400820539,-8.849283874684017,-2.9291047730382043,-0.0,-0.7734741180204225,-10.893753955635788,-3.9619643078598656,-31.399837401307064,-1.0602698727303181,-11.881075519255768,-3.767445139599963,-22.91892718595918,-1.3854323105121529,-11.661948122428184,-3.537682271312928,-13.399512055824891,-2.92458884354444,-0.0,-1.7042525899168959,-10.206466714934907,-2.2315538878336407,-5.9955274043229885,-1.9932274094365414,-8.494045128656492
1 3 5,0.0,0.0,0.0,0.0,-0.0,0.0,0.249097304126548,-28.584484259971337,0.24955318782559682,-28.43380567202376,0.2576298136667017,-27.98203613151558,0.2518175337165468,-28.231586616472427,-0.03653153512161533,2.7063757917498186,0.03153635375913217,3.8172272492107404,0.27624847484313825,-25.85530755285058,0.2674764760343183,-27.639462031886605,0.2522078760839983,-23.67149724515405,0.0,0.8148964219732926,0.2772450735398708,-27.036849221950796,-0.0,-0.0,0.20223634794967982,5.801256232449854,0.20198265194447515,-20.076880614795083,0.13557085659150614,-14.921122082287805,-0.03407526410041138,6.849928310362235,0.18264304857738148,5.26838506351034,-0.04181422314165359,5.835635902216435,-0.1278084132057778,6.914997957545928,-0.06073545374944164,4.405206084225375,-0.08734502653677961,0.03505712828239758,0.0,1.686075156845129,0.0,1.0619544177839906,-0.0,-0.0,-0.0,0.0,-0.0,-0.0,-0.0,-0.8339098792156735,-0.0,-0.0,0.0,-8.224816759146037,-0.0,-0.0,0.0,-15.14648734738747,-0.0,-0.0,-0.0,-0.0,0.05779083564273433,-19.93675443009331,0.10857038087099309,-25.331472911399487,0.08595980274975844,-23.276056776368844
1 3 6,0.0,0.0,0.0,0.0,0.0,-0.0,-0.29175506757837505,-12.7646499349921,-0.3019486206176847,-13.115372264236013,-0.32811417487918004,-14.123081849351546,-0.31492878535581903,-13.581912986056324,0.060718749898086115,2.1123239555704925,0.13774858991441735,3.3740336750817423,-0.3151798037652879,-16.019941376187838,-0.33741641942754597,-14.71680978745579,-0.26261498226376956,-16.26649165762191,0.11308246940693026,0.49859510209531777,-0.3364988449457061,-15.37624325094949,-0.0,-0.0,0.3473759886931894,6.763013779040223,-0.17694857778347314,-15.46128475908204,-0.07195585736373672,-13.1298891572232,0.23722121307364658,5.886988784731387,0.3580530709201525,7.166057127781237,0.18279532750035873,-1.3954922448384373,0.16733973626594809,2.980776486384117,0.13183375206195547,-4.755002514127826,0.059133638968593756,-9.973491389102588,0.129132943369015,0.16879966828773743,0.1023885817309165,0.0,-0.0,-0.0,0.04005394082938462,-0.0,-0.0,-0.0,0.0,-2.9182448139950736,-0.0,-0.0,-0.0,-8.181983307102504,-0.0,-0.0,-0.016227433897851595,-12.132359168550034,-0.0,-0.0,-0.0,0.0,-0.12580755029790006,-13.4303784901183,-0.24781032218409624,-12.504881703314332,-0.2095009662812039,-13.395986899773101
2 1 1,-0.0,0.0,0.0,0.0,-0.0,0.0,0.7250235228742808,-14.186628939698641,0.7261611503398628,-14.294881861838974,0.6898980148643566,-13.410334983179728,0.7185801221766005,-14.163222525477634,-0.006970889511112215,-0.5380130753668927,-0.01479454658503108,-0.15053584369753126,0.3851619254691969,-4.866909677919093,0.6264381609757141,-11.629511033836787,0.23915379741118367,-0.9704146648362145,-0.0,0.0,0.5218868393985556,-8.669698064895293,-0.0,0.0,-0.029461831080703493,0.8932330001380764,0.11036608136077021,2.207558359450029,0.019719085660112948,4.0743204979181735,-0.010742585911376546,1.1566608014030746,-0.0281956067252439,1.1081482836225047,0.019128260633438858,2.059130683767471,0.009050357619044961,1.368200992754159,0.01379600430461289,2.6073785146140205,-0.012650851093583956,3.9038983718434563,-0.0,0.0,-0.0,0.0,-0.0,0.0,-0.0,0.0,-0.0,0.0,-0.0,0.0,0.0,0.0,-0.0,0.2412107019249129,0.0,-0.0,0.0,0.0,0.0,-0.0,0.0,-0.0,0.054461033569047364,0.0,0.3896349667905966,-3.6129764146216434,0.2236331136926151,-0.0
2 1 2,-0.0,-0.0,-0.0,-0.0,-0.0,-0.0,-0.5467258361489316,-9.723198222118487,-0.5437753264663026,-10.014931043088993,-0.5264305886431775,-10.569776816585321,-0.5377329469847041,-10.33976302442905,-0.3035618143564993,9.217947980746706,-0.3117821210775504,7.630137732279779,-0.46715847730877397,-9.677545293345956,-0.5083651009563472,-10.561609775539628,-0.46323937937591014,-9.096863551685507,-0.17289820138879727,-0.0,-0.48576574037873627,-10.241234723459844,-0.0,-0.0,-0.25307578582290874,-1.6673794847884347,-0.47509086740286427,-8.688603593779852,-0.4878581927525303,-8.366279077020604,-0.28814493900223326,-9.556134378008288,-0.25418858451509513,-6.312499686762161,-0.42500330646860046,-9.752329884106656,-0.3728826938782455,-10.002788278257576,-0.481070538644264,-8.675789024696055,-0.5431507133765086,-7.8712739488986525,-0.21295312188604248,-0.0,-0.2701389642018502,-1.7286185210299057,-0.0,0.0,-0.32294705905354537,-3.514680716132848,-0.0,-0.0,-0.3675306764236121,-4.378714213112739,-0.0,0.0,-0.3809229380176967,-4.965679025646722,-0.0,-0.0,-0.37647980854574964,-5.315205383453536,-0.0,-0.0,-0.0,-0.0,-0.3609146579452512,-5.697076614955268,-0.3483114908587524,-7.876104015840927,-0.34615846888593416,-6.606271998554285
2 1 3,0.0,23.087386420436047,0.0,43.68513039501358,0.0,32.69857102286884,2.1143616328001524,72.13182935372568,2.113661009163619,72.1184642923875,2.0874168700268503,71.1129580420995,2.1072128598594784,71.88220181765956,0.05864072080208494,-12.016500749540542,0.10809452245812637,-6.4605697977549195,1.8711614371239695,62.20667616642153,2.044980835485215,69.41177356133527,1.743869416168743,57.09273562337171,0.2779662494513602,4.437306503802316,1.9730704763330373,66.45035176830092,0.19130813224162183,13.679762528631727,0.3033569288571967,14.600553245038745,1.5964640698327968,51.6978289204809,1.430772818006324,46.281661722922784,0.680331465407008,31.123595914858264,0.454007365085581,25.901009348036624,1.1167012175443776,30.43090273617672,0.8654016587041249,26.292863899494552,1.200734075278055,32.920924692877826,1.2736655092233538,36.24553961720988,0.4495142351073761,13.47605874093862,0.6602056368602858,22.624431526568944,0.0,28.592241088534955,0.8943778273803388,29.949502208581485,0.9516761273380198,42.66962847730359,1.124675637182406,34.721247524827184,0.36179141314143093,57.55000410667153,1.3408847613452812,40.4729356733193,0.9184610472276059,58.83317528101952,1.5288025958516533,46.11490039222124,1.1483318495715742,68.28359998635203,1.269578067140779,61.816752343045145,1.7023234295185792,52.20033292492846,1.964972487734897,63.22901869349464,1.84548161428439,58.08286947953324
2 1 4,-1.3842170606391924,0.0,-0.0,-0.0,-0.0,0.0,-0.2030743023786529,3.553305282001088,-0.1915814871026533,2.5824345617621494,-0.17889932341122688,-0.5176997000963222,-0.1806300019842271,1.2177618253579459,-0.4127531878250912,4.909178232115932,-0.5401691184969131,11.902082833455886,-0.3888925716082393,-8.324654882068979,-0.2000390075189518,-2.649696446703528,-0.5888079999123615,-11.405933779535868,-0.8610565957420013,18.460490121656612,-0.26283552942452226,-5.269079265576638,-0.0,0.0,-0.8279165921200459,27.408408044923924,-0.8399110700741939,-13.723592888853133,-1.0798574245672703,-14.270837125497206,-1.3382887213715617,22.805585772065598,-1.021579577228242,34.25110410917076,-1.614299570109367,-21.08134109666929,-1.577842899139922,-5.680443649816093,-1.569941544010236,-23.869887288271926,-1.5070540005814217,-25.343501932691755,-1.0504091958984954,14.409279775316843,-1.2159648457896668,6.356273483234155,0.0,0.0,-1.311228955849968,0.0,0.0,0.0,-1.3126510872865318,-5.414072537069989,0.0,0.0,-1.2009752666976512,-10.424273497009471,0.0,-0.0,-0.9640054581044762,-11.827537874677414,0.0,0.0,0.11421258439855403,3.2845964156803538,-0.6788920958096513,-10.169964927929255,-0.2313934072176766,-4.260333361697377,-0.42264913948788063,-7.122269965507846
2 1 5,0.0,-0.0,0.0,0.0,0.23764474606037989,0.0,0.6143702093124185,1.592524790613535,0.6096856537857875,1.705586173405822,0.6012562645142415,2.472691449348022,0.6044141236545396,1.96259798253031,-0.3323366831215721,-2.766464370999475,-0.22050037379731682,-1.2677400998745392,0.6749392638967406,4.9610418420004,0.6055508893193824,3.2963000184808045,0.7556533072498284,4.80541104718951,0.17411760317551242,-0.0,0.6263926481439186,4.280556311320022,0.2514427517270705,0.0,0.2046053743877672,-2.397894873793728,0.8566940758354761,3.673272215044245,0.950909212528146,1.9419799073637158,0.9928193694329254,3.382979340937109,0.4691720537970073,0.4549420061369269,1.5740004332983426,-3.229203128156975,1.3828045576397607,-8.208298280267186,1.5539639575897688,-0.6128337370028042,1.5052616393009173,-0.5044827951926412,0.48275789478914927,-0.0,0.7653025295129762,-0.0,0.0,19.027401564492973,0.9657814451850157,-0.0,0.0,29.294454544928733,1.036496556723848,0.0,0.0,34.58006080334229,1.0094851478209088,0.0,-0.0,33.649846668847914,0.9082664823211613,0.4286745908512408,0.0,28.935271518017384,-0.0,0.5552964488452707,0.7797573589160308,2.461458976697115,0.5559373026146189,3.401426236686702,0.650598541036672,3.3227623092520937
2 1 6,0.0,-0.0,0.0,-0.0,0.0,0.0,-0.21514844665046629,-22.66404653101396,-0.2015922152390063,-21.672735147078395,-0.16673025624469695,-18.68405035009436,-0.18439804849797473,-20.320638665050424,-0.1794071510519507,-1.0256323003801058,-0.12793629838382675,-0.0048324146305933425,-0.14346754337577253,-11.875064123766755,-0.15235242324135714,-16.786169490593032,-0.14904699384245998,-9.003289098641346,-0.0,0.0,-0.1441278263998287,-14.53179304078754,0.0,0.0,-0.029873208878391115,1.2233995017003463,-0.1569504774730605,-6.251020184669664,-0.16367905088346618,-3.853639029008421,-0.16955001658750832,3.4770748903593125,-0.007591903584552619,2.975424807645511,-0.13234658267048857,-0.3971143941212676,-0.33029445652355904,-1.8255361246461344,-0.16970726080042187,-0.5616091608071007,-0.25211511299838996,-1.55591957864885,-0.02659211682721422,0.0,-0.0689836657186679,0.0,0.0,0.0,-0.07582409938958103,-0.0,0.0,0.0,-0.08007361845792407,-0.0,0.0,0.0,-0.06894616785824607,-0.0,0.0,0.0,-0.05405543307141239,-0.4184248073499672,0.0,0.0,-0.0,-0.0,-0.03915021804436074,-3.4398372840094384,-0.041303205385765165,-8.392037739703225,-0.03183262698096001,-6.29162615288994
2 2 1,0.0,0.0,0.0,0.0,-0.0,0.0,-0.17220918077138236,26.58789965825841,-0.16902740325242013,26.816338497285134,-0.1529856010249508,27.131907716570336,-0.1631798791294278,27.04431494858733,0.009572158078872586,1.0908779214339346,0.011525290630105548,1.1633395727309725,-0.08373081902272805,24.992981362860775,-0.13663853817723665,26.906382519909126,-0.04892884951084254,23.231989286875685,0.0,0.0,-0.11330736703096984,26.22162184614186,-0.0,0.0,0.00781870692609786,0.9391615809274025,-0.010206033985090292,21.070114248691425,0.027466042995325415,18.662903689746674,0.04719128553360271,4.083104928560879,0.01646782448224118,1.6897705974284574,0.13817208956138666,15.39621079203353,0.12270045683984773,9.071900067251931,0.13450911114019706,18.218997099533198,0.1242087828785034,20.5764483686976,0.0,0.5948665438114833,0.0,4.162641070312532,-0.0,0.0,0.0,8.186095223775014,-0.0,0.0,0.0,11.476032242343738,-0.0,0.0,0.0,14.797907108204592,-0.0,0.0,0.0,17.92143947893456,-0.0,0.0,-0.0,0.0,-0.0,20.40796047019697,-0.0,24.993782967545435,-0.0,22.781821797348982
2 2 2,0.0,6.625824202355541,0.0,70.81580461348896,0.0,125.04126721941314,0.4997602467251367,27.709678358381403,0.5010999780385118,30.046356460083615,0.5026024506646939,36.91975300253063,0.5023856198280624,33.20082806794785,0.36295501847739503,3.2859298949095783,0.39184035438264153,5.957379213734037,0.47858571891480084,49.31767757374712,0.5001383111761528,40.97047171349104,0.45633776753730715,52.45940529314334,0.31311235836598444,10.431653879851803,0.4928569026231517,45.22472991519357,0.0,132.87235606431662,0.33568982112132334,15.779668337131687,0.4275993674128409,53.65956956555331,0.39828843415775056,51.98668564916693,0.4195748410767144,20.75119073490378,0.3792882219572609,19.135583475291966,0.4689579025231547,35.2059107712098,0.4535731383734943,31.410611430372573,0.4407416621013673,38.355833942308706,0.3783507664086297,45.39202165404024,0.3330319029267783,16.210874606037187,0.3480574015851256,23.485371452227614,0.0,124.96906258953088,0.33597153644833994,32.512194989033496,0.0,101.25329409680904,0.3160034043018487,42.82821568035146,0.0,75.71765870292529,0.32676496497338436,49.87147556978635,0.0,81.66991695516296,0.36503736668503933,53.726886013475415,0.0,88.33374771543119,0.0,73.00410528743095,0.40236495814361467,54.32657005187119,0.4521504303053914,47.77792375309204,0.4276233801531355,52.1855180530549
2 2 3,-2.7296241890965236,-0.0,-3.200926143188908,-0.0,-3.053146026201963,-0.0,-1.8673140134636603,-79.35042051467215,-1.8886110509571687,-78.44497306348498,-1.9439209387629925,-74.4263574477751,-1.915740442981661,-76.9110935989697,-0.43064088382747506,-4.102340916151124,-0.5439360217790093,-3.307085424926863,-1.9795669978052528,-58.713463200169166,-1.9674468959694664,-70.60856151764176,-1.9546539936538274,-51.72903051412867,-0.7634309312526291,-0.0,-1.9813045128315403,-65.25932601572701,-2.741877465652242,-23.799434385501236,-0.7633724274563081,1.1916443710595825,-1.899576838151737,-44.85013672935233,-1.8084464827937718,-38.006299698155125,-1.1424240031874562,1.113107685058099,-0.8718762412944677,-2.403488750079098,-1.715886668881523,-19.54621033946772,-1.5386453264179278,-8.684024518296058,-1.7079979631946827,-26.373511489097964,-1.725149594326815,-33.19635554108474,-0.9688384629073619,-2.2703928887511498,-1.1912876975976656,-8.88074674708258,-1.7882374838679376,-29.247295173310363,-1.4149075371995645,-16.984447484236437,-2.4560768667797532,-19.863065721760055,-1.6383669881334504,-25.1539273423609,-2.361536668114198,-21.140698579742278,-1.810239305572103,-33.13713906529495,-2.43363262307699,-32.74217515111266,-1.9106502656674273,-39.86372484252935,-2.808708321328233,-50.918094924706054,-2.3046850018039544,-77.27971101144442,-1.981501165710406,-47.114449198177326,-2.0427878882095634,-62.40566895839598,-2.029481761192112,-54.89814812627
2 2 4,-0.0,0.0,-0.0,0.0,-0.0,-0.0,-1.5324421567807245,-23.30993032735869,-1.513486722386592,-23.091784673323524,-1.458050421757455,-22.888742527055484,-1.4880211318329193,-22.902640338682918,-0.6584780898511128,1.9886268811135797,-0.6823575852500858,4.666084489127639,-1.3282868217641806,-23.462865207086242,-1.424442254300942,-23.142047595286815,-1.2472507036325928,-22.312537739157143,-0.5803966349832227,4.774808940619571,-1.3839065624179245,-23.505639196338965,-0.0,-0.0,-0.6258071502807027,11.156650349550128,-1.1372318023113273,-19.650280175749813,-1.0085009524764157,-15.7855102186501,-0.5195462235714767,6.239219140492533,-0.6040221978441271,11.376296860399657,-0.7683585453256296,-11.779794141614383,-0.6192553680095906,-6.329238858180185,-0.7718269873425672,-13.558582180802437,-0.7918624522235964,-15.037604034225991,-0.5993441612692729,1.3325698631118366,-0.6350405466607949,0.0,-0.0,-0.0,-0.6879257686550734,-0.0,-0.8251085027446754,-0.0,-0.8076808205623844,-4.566660252489189,-0.9500190118449345,-0.0,-0.9393475217165788,-9.632582699166804,-1.0973350977102871,-0.0,-1.0669293418865478,-14.936929475665329,-1.0837363589811624,-0.0,-0.3305697150138931,-0.0,-1.1940233790320838,-18.939984358932616,-1.3555874661621266,-22.10736647576658,-1.3014395319893528,-21.67129900460951
2 2 5,0.0,0.0,1.0901970973192114,0.0,2.7761207478394567,0.0,2.5816379517439856,55.35113178635563,2.5809243885251165,54.679041637976084,2.560914292868286,52.51622446252117,2.5759615282620008,53.73138724230201,-0.1658709514969214,1.5084521316562394,-0.09335989041130154,3.314830112643656,2.3573253828937064,46.09948699489514,2.527301345484161,50.984745392807156,2.1903401520812618,42.04610527182439,0.0,2.5190480652027905,2.464190717717867,48.95277887489576,4.803213219235148,0.0,0.16154265414111324,7.58553510748384,1.9546468041453002,36.63554255826232,1.6600705746114894,30.167205551618885,0.2895915475855759,7.9945578100788675,0.2608305836112837,9.030345841138383,1.0214621670324882,11.017970979706291,0.5956613572442903,3.730068794418795,1.143094088652231,13.913717569116283,1.2718039509199066,16.659297137150805,0.17695027867919372,3.8222457617190133,0.4273185989894494,6.295026990530151,5.50644470853243,0.0,0.7621684650169667,10.66503095619996,5.412637592202536,0.0,1.1217332277660488,17.18840669603601,4.677427251235067,5.86865122135573,1.4950619577235487,24.511219374804096,4.375398787517945,1.5429035576280545,1.831984622841979,31.798982485292626,4.110296348899882,0.0,6.174316072214992,35.54555583937584,2.1138998824171114,38.08446940801726,2.4396797102777135,47.32640724225719,2.3090581378712822,43.08896413694398
2 2 6,0.0,-0.0,0.0,-0.0,0.0,-0.0,0.1816028854156094,-56.35653880166104,0.19440811444605874,-55.50231884430516,0.22475758907452892,-53.25121236576796,0.2099757107926062,-54.41569933829953,-0.02634668596635293,0.3735433594464211,0.03701315976446029,1.5020322636952796,0.24828734908478223,-48.39161175273667,0.2356236476843344,-52.06922649963402,0.25344441094501724,-44.85145130988156,0.0,0.0,0.24260666737121414,-50.625364016105365,0.0,-0.0,0.21470526933861944,4.257478551679468,0.25378931675633554,-39.850310950359486,0.24478263580135803,-33.64110328006289,0.0887794636103557,-4.217506883346956,0.22719173398032125,3.5835990633150163,0.24951374864020806,-20.488528020547577,0.07970959748018921,-15.56417243484575,0.25132913440616933,-23.855033001091666,0.24190267502449164,-27.635320024151618,0.0018912065979174097,-0.0,0.01504185946901255,-4.517080638394189,0.0,-15.658229030659191,0.04825313569989856,-12.239482712296851,0.0,-44.795187655214555,0.07966567737092484,-20.68600464399766,-0.0,-35.151818255709806,0.10720541174728399,-29.056863823814485,0.0,-47.13874594971188,0.1336631299655669,-36.68949003558806,0.0,-60.96645664987249,-0.0,-101.13626671168147,0.14033659383433186,-43.2328502912771,0.12425447262851769,-50.56132388241284,0.13638613945182146,-47.76038195072304
2 3 1,-0.0,-0.0,-0.0,-0.0,-0.0,-0.0,-1.1170225031067265,1.2150891348731252,-1.1171072647953515,1.4045291509424824,-1.1106888643713568,2.014559514359662,-1.1156840658869807,1.6733157494405635,-0.060295726946824356,1.0028868276825091,-0.09113150164604936,1.5776631430294383,-1.0583519079298909,3.2083714067858904,-1.0998745859874033,2.413356420267446,-1.0280262119147678,3.4334943145200145,-0.20409168975644967,0.0,-1.0821943021949008,2.835837849338692,-0.0,-0.0,-0.19356330580876652,3.1604222811712974,-0.9852172241543654,3.4048682501655034,-0.919984278918791,3.0683744430217956,-0.5414560792904936,6.440600129153252,-0.33669341340804,4.543820335982997,-0.8893727187466185,1.5722452032039418,-0.7549642242436592,7.066893608394033,-0.9117474444805416,-0.9470514691851704,-0.9102597036289938,-2.721811751794447,-0.3321987788374162,0.0,-0.47483798955422785,0.0,-0.0,-0.0,-0.6167759413125043,0.0,-0.0,-0.0,-0.7551013650582556,0.0,-0.0,-0.0,-0.8738896928777662,0.0,-0.0,-0.0,-0.9448382533005055,0.0,-0.0,-0.0,-0.0,-0.0,-0.9774559137790315,0.0,-1.0291485454481661,0.0,-0.9959047272749574,0.0
2 3 2,-0.0,0.0,-0.22553929865889624,-0.0,-0.908521085478329,-0.0,-1.2284594224251264,37.402660430481475,-1.2310904102733002,37.45237876403491,-1.245913774520513,37.328966942191144,-1.2363325440420099,37.465757268670735,-0.36551878564098095,5.040451397528512,-0.41953703625150524,6.543308332192526,-1.2911682754220841,32.07235584995552,-1.2608682948502117,36.78891052053929,-1.2877047022830963,26.301789421630524,-0.5186684163079981,4.196659936832876,-1.2787192424210034,35.32174676658313,-2.1973122570291705,-0.0,-0.3904980678584706,8.787652496701266,-1.2628354753112017,18.436872290710575,-1.214675220417767,10.51603576981986,-0.8469448798243312,8.604522933047258,-0.5849306374586991,8.828330257786776,-1.2018185702400066,-1.5000418065818617,-1.0568929556444797,7.2485205991579456,-1.2355729772061574,-4.68105714090226,-1.195675423693581,-7.010047690380857,-0.6644106369069602,3.3276334985693454,-0.8358473763554954,1.2507105258064246,-2.00961457349377,0.0,-0.9963700718730184,0.0,-1.3308566061125306,0.0,-1.1502967361536074,0.0,-0.6167164366659736,0.0,-1.265311161584014,2.808933923174338,-0.26997990295889496,0.0,-1.3339953993481244,10.500908174790606,-0.0,0.0,-0.0,0.0,-1.353972065405206,20.028423623193227,-1.3625797532093789,32.85319274831292,-1.3576378294333848,27.940823924986937
2 3 3,-0.0,-0.0,-0.0,-0.0,-0.0,-76.78378126806885,-1.0889338368544055,-33.27244686148756,-1.1010480325653011,-33.26113377472394,-1.123073053606682,-33.7424142315646,-1.1141413021201831,-33.363271564202094,-0.4021897281709144,1.0862935643591687,-0.4230269106545782,1.4831287034901601,-1.1187449560827016,-37.98431231992054,-1.1241434022458485,-34.5925766115008,-1.123822056026612,-40.02052787323995,-0.35402532048649776,-0.0,-1.120027994156924,-36.035014535538046,-0.0,-119.99399368085177,-0.23450401497448375,1.6013545230066812,-1.1251032965047614,-41.27148317350093,-1.101760035990755,-40.48764046767605,-0.6540266299173064,-8.655539696045683,-0.37533898658608295,-1.8817301625069363,-1.133946136889413,-36.582137392882,-0.8631493009275092,-18.342216339680494,-1.2012651958593765,-42.784506341153275,-1.1777789230355342,-47.1024225563468,-0.49267927133657563,-3.3164875905391034,-0.6809150326947473,-12.140408662297478,-0.12303589942447302,-90.45551506427243,-0.8562346988930734,-22.81197423988252,-0.0,-51.17719839225845,-1.0120539853132517,-32.39039317123487,-0.0,-5.4407687453940765,-1.1109115993421461,-38.731666718638564,-0.0,-0.0,-1.1568233210174603,-41.48100660391126,-0.0,-0.0,0.0,-0.0,-1.1434865864128587,-40.42238826538897,-1.111020353291658,-35.05685530598795,-1.1170458442101776,-38.03888172525
2 3 4,-0.0,0.0,-0.0,0.0,-0.0,0.0,0.14069035471532118,6.027096082572149,0.12263798782401333,5.752565184389077,0.05626712590391541,5.13411792634254,0.09516874319805997,5.424095819282626,-0.18699886811749217,1.1964657888782464,-0.20052664239995852,1.9927479339364988,-0.1283598918664528,5.664902315453025,0.003991309190552134,4.999774602263901,-0.18630381019335218,6.61425944997875,-0.16724758056397823,0.0,-0.06053012568712352,5.138102385662168,-0.0,0.0,-0.1472495028821414,3.6695002772227605,-0.22791452211455004,7.782089590285908,-0.2563215257688458,8.696370596044272,-0.482979162644032,3.976056967024347,-0.2525245650683611,3.7277709708803837,-0.4048245117318812,8.429320785237914,-0.47460443765450705,5.105992405498078,-0.37768784702101976,9.976286968719988,-0.29812643677730766,11.569304728069271,-0.2024002964299597,0.372052481967521,-0.2340186693761631,1.9641324550242516,-0.0,-0.0,-0.2310005404045238,3.7607041557701244,-0.0,-0.0,-0.1956144242101824,5.069944578387025,-0.0,-0.0,-0.17023612178276323,5.3689871363872115,-0.0,-0.0,-0.15456935395909335,4.787111756784581,-0.0,-0.0,0.0,0.0,-0.12726449926613997,3.3456427840224103,-0.0,1.4164153130714896,-0.07212851523325339,1.7321286980932282
2 3 5,-0.0,0.0,-0.0,0.0,-0.0,0.0,0.17582080446531567,22.84746093605773,0.16496870761227025,22.57025912448708,0.12551259289687958,21.817376037992034,0.1485012191971333,22.208419732052217,-0.04441722267336223,1.0322872696392797,-0.019922659468714944,1.9347531318877913,0.03706682923638409,21.220383439151252,0.09597683546589231,21.47617634383064,0.025829863788788786,21.18719914421438,-0.0,0.734178768443442,0.06337165036731081,21.26677578070892,-0.0,0.0,0.04959687049884978,4.995285296471332,0.025326813049833228,20.823541326794444,0.019158035035037428,19.781393785572188,-0.233502817442012,6.627128732385347,-0.0010260558306592587,6.0665208095889644,-0.096209061679443,15.975805071143444,-0.2662974890956694,8.15491145224134,-0.07942760956900265,19.05047898507146,-0.06273263370004427,21.774350090737258,-0.0,2.950095617733841,-0.0,6.23062167567793,-0.0,0.0,-0.0,10.105346697692635,-0.0,0.0,-0.0,13.851240403717728,-0.0,0.0,-0.0,16.76095992445492,-0.0,0.0,-0.0,18.29426220872816,-0.0,0.0,0.0,0.0,-0.0,18.589214635632477,0.0,17.71004462056507,-0.0,18.234695446140258
2 3 6,-0.0,0.0,-0.0,0.0,-0.0,0.0,-0.41873040427306396,-3.640730223291233,-0.4428926098466455,-3.8104018901434697,-0.4953790749935569,-4.118109494952444,-0.47120365279738197,-3.9945528846134573,0.008357715246306054,1.642972916426653,0.046822966980734744,2.5926960657215705,-0.4788321094731412,-3.515372709981833,-0.5070141506394762,-4.108665487790793,-0.4327807016646941,-2.6593196388112155,0.0,1.1691635679262482,-0.5020859352183219,-3.9293650564557523,-0.0,0.0,0.15787250187991728,5.5334978665684735,-0.35893902277684814,-1.0883135108809359,-0.26124043524892476,1.192163365995399,0.04582520686957657,8.363821621289297,0.15870505240080965,6.961816561859857,0.06361763390380179,9.9007758566056,-0.00029839240355191527,9.316543800671342,0.021372007527623325,9.43254224405034,-0.057177931739646505,8.06868318860968,0.0,2.5097343662682636,0.0,3.114809398617283,-0.0,0.0,-0.0,2.4586183928016605,-0.0,0.0,-0.0,0.3809918241101684,-0.0,0.0,-0.09693057446598426,0.0,-0.0,0.0,-0.22194699452700853,-0.0,-0.0,0.0,-0.0,0.0,-0.3217651314292865,-0.0,-0.4208828228134686,-0.0,-0.38274679905370323,-0.0
3 1 1,0.0,-0.0,0.0,-0.0,0.0,-0.0,-0.01617376629125142,-5.416207930186815,-0.016223755913088545,-5.367086970700386,-0.013796717403812758,-5.248109050555274,-0.015695321693827285,-5.307203926123772,0.004203084029364059,0.14704011463221223,0.005301022943730282,-0.024429694601156796,0.005124708894462281,-4.9742949096417135,-0.009696495024829187,-5.193368897858334,0.013209045206637845,-4.6940126126553725,0.0,-0.0,-0.0031215642037954764,-5.120035975651929,0.0,-0.0,0.008275186489500737,-0.5514018994924872,0.01883798062453217,-4.254851911125329,0.02010492009655102,-3.6998415045701414,0.0027497512367713685,-1.4129086394583017,0.008752329784314814,-0.8229921684330926,-0.0038732037565258007,-2.8019863124462816,-0.006779087234412373,-2.0609830619297758,-0.0003554266744419071,-3.0569621945690986,0.0058623022199942535,-3.319054178805799,0.0,-0.0,0.0,-0.0,0.0,-0.0,0.0,-0.0,0.0,-0.0,0.0,-0.0,0.0,-0.0,0.0,-0.0,0.0,-0.0,0.0,-0.0,0.0,-0.0,0.0,-0.0,0.0,-0.0,-0.0,-0.5486911842612278,0.0,-0.3378217085347299
3 1 2,0.0,-0.0,0.0,-0.0,0.0,-0.0,0.5081624265016541,-15.818114897423314,0.5073449805456668,-15.988536421508547,0.49197716563715926,-15.794667229620696,0.5032320209660964,-16.058873924496655,0.17204281008348574,-0.5041377726454624,0.1648386809984931,-1.0465529496061239,0.39418393755882947,-11.291536710825342,0.46965883206737813,-14.938389458659474,0.3540224394713656,-9.168559577763391,0.015341537210018328,-0.0,0.4354440855709644,-13.376157463812444,0.0,-0.0,0.10572541041385243,-1.7368541244240387,0.3187923600669859,-7.545882614786438,0.28456428692344693,-6.665165675468812,0.10783442516640164,-4.7472738647671555,0.10085030529232462,-2.873368995874022,0.16200274920461236,-8.960628801429428,0.1245634550688471,-5.981502853287709,0.20361072800968172,-9.4186873359488,0.24838930959104605,-8.858793898719762,0.022148901476418625,-0.0,0.04408947943504774,-0.7125370314140871,0.0,-0.0,0.07002359179399852,-1.7971407616300545,0.0,-0.0,0.09765106772804039,-2.398350448331633,0.0,-0.0,0.13421661927761797,-2.6411671083401975,0.0,-0.0,0.1875027245613242,-3.5143273269255197,0.0,-0.0,0.0,-0.0,0.2408330477833363,-5.332642299252331,0.33020663746746115,-10.325039713168655,0.2838641388977195,-7.669797972762458
3 1 3,-0.0,-10.886884577189853,-0.0,-94.18753137829462,0.0,-108.56739056255728,1.3306852734503098,-73.70600229447166,1.3211413344432497,-73.47647064498578,1.2800009737028641,-72.41632464409089,1.3054341189722143,-73.07796916038332,-0.6742614829949186,3.0020693189498617,-0.6424865451617612,3.894790587540854,1.0598004487990642,-67.54390379510816,1.2380178177308094,-71.37234292230586,0.9081898612170288,-64.14904182414091,-0.20956538806332545,-0.0,1.16850926575512,-69.81484790189081,0.0,-97.56287334194695,-0.3215846905978675,-3.1066624701340464,0.7254969786292078,-59.06051151047293,0.5360187401535406,-51.84847652991946,0.0711641819888249,-8.500477769197959,-0.20305909865281968,-2.800787579773394,0.35803059217713906,-29.632090600318747,0.23193070809606586,-21.865772095021136,0.4340322976062968,-35.65807998011041,0.48547259442929197,-44.09895718201169,-0.0694397163004259,-3.8289015109856135,-0.0,-12.983832725105872,0.0,-72.1866236935579,0.0027854064261145393,-24.522237404800837,-0.0,-59.27237572584918,0.17346218905976094,-36.277408924506005,-0.0,-64.35469171131405,0.34874765216840603,-47.68692206815212,0.0,-64.7709011058993,0.5227203017133952,-55.630524576373304,0.0,-80.08187127702007,0.0,-44.54819387349255,0.7018229587475748,-62.338237046581106,1.0210744640957905,-70.56425291254621,0.8828289386259347,-67.53726872767749
3 1 4,0.0,-0.0,-0.0,-0.0,-0.0,-0.0,-0.031246044177062955,-62.470007601046945,-0.046169482220222095,-62.04562028245212,-0.09596980149391279,-60.54138701146264,-0.06777345143276445,-61.41534680177583,-0.38067663886328756,0.2435394282455023,-0.30582270999767763,1.7409868380372688,-0.1847641908924659,-55.4674264979326,-0.1295361603217135,-59.34734560950322,-0.17264406828486306,-52.431364376271574,0.0,0.0,-0.16351738001485353,-57.70629809555237,-0.0,-0.0,0.1017398149923663,2.991380722270742,-0.10867065500405022,-48.351092994582686,0.006041482306931011,-43.0022982649936,0.3946777653634353,-5.965704801620184,0.2480883209092941,2.8136787169075985,0.5984860538835642,-29.506281892482935,0.5280362842275527,-21.527884726622492,0.5330171656744503,-34.72512502262002,0.4264633484447285,-41.09002258655302,0.034901357126060295,-0.37004098922793677,0.14794736114159518,-9.28922024612699,-0.0,-0.0,0.201759015537729,-20.416886266223507,-0.0,-0.0,0.14231271623212413,-31.807725127681696,-0.0,-22.499032491961458,0.014301193167584622,-40.9699132809757,-0.0,-29.66586979094836,-0.0,-47.79466099676894,-0.0,-35.826824420038584,-0.0,-0.0,-0.04711727149246683,-52.72277539142298,-0.14810792756855398,-59.273472681728585,-0.1216004474025068,-56.38505510255634
3 1 5,-0.0,0.0,-0.0,0.0,-0.0,0.0,-0.7461514888042332,30.020470183383665,-0.7359496108679071,30.2133767588255,-0.7062980214400298,30.396007576205484,-0.7222674232355405,30.38741688842904,0.019079094698805615,2.1449394632425305,0.09365486600228756,4.526049278673961,-0.6486326020263254,27.295652016855353,-0.6889736360700756,30.043433025493922,-0.623379954079876,24.383599491553728,0.0,7.965021128500028,-0.6700388432992257,29.10388368439316,-0.0,0.0,0.3149061732592053,12.235233758614298,-0.5900328649011396,20.585338963389933,-0.5372828360819134,16.841614674089517,0.04874702797759573,17.009500975152136,0.3099410945582507,15.955839984461267,-0.328663663536917,15.926881865605102,-0.19695653872752453,16.798561096961446,-0.4754011815031724,13.87797055015017,-0.6469671747383834,11.43781765552201,0.0,10.256225307539154,-0.0,11.23419613379795,-0.0,0.0,-0.11037414426955419,10.870874979939826,-0.0,0.0,-0.2711988339726803,10.470983591108782,-0.0,0.0,-0.3792257700903867,12.115063300569883,-0.0,1.214884255742931,-0.4555326295714946,15.307653270210478,-0.0,21.446226318905058,-0.0,16.702005262125436,-0.5042134611312146,19.828323105947433,-0.6140657489349043,26.925680029796922,-0.5419164575078089,23.97135139942067
3 1 6,-0.0,0.0,-0.0,0.0,-0.0,0.0,-0.7027734835904977,27.3053083939285,-0.7200151053287994,27.722695371230813,-0.7741930791037862,28.409731925687744,-0.7441378977238948,28.161079756374235,0.010070000926672656,2.020544518060932,0.078574601945475,4.128985819415926,-0.8664321667978585,26.511125208502058,-0.8086165266306276,28.251944081555706,-0.858012965423209,25.07320318143874,0.0,6.845037404511951,-0.8433649415013579,27.59981478859704,-0.0,0.0,0.268348414057627,10.575226466019108,-0.8027671745000826,23.33668996979557,-0.701354650889542,21.43895724987586,-0.03970397717354852,16.467335331280534,0.26557929622739973,14.329473670646786,-0.45929182879176966,21.319003517139787,-0.34606244971482963,20.198484703438403,-0.6036915542586777,20.134494599357243,-0.7563274211784943,18.83653482653836,0.0,10.388333097272602,-0.01665264811597195,13.309977341699863,-0.7387707802922145,0.0,-0.21544090727316764,15.217870693370713,-1.1415447652683033,0.0,-0.419755805248192,16.538555979898742,-1.728930952839565,0.0,-0.5994897742779292,18.391868859696043,-1.5560944813070205,0.0,-0.7497598725307174,20.517187510615305,-1.3325685068144797,0.0,-1.117997570976374,0.0,-0.8579197646063088,22.81060675404463,-0.9018092394907442,26.531025759598908,-0.9053031126203449,24.544602160603173
3 2 1,-0.0,-0.0,-0.0,-0.0,-0.0,-0.0,0.029381007601820237,-11.987252609494606,0.02231427217480396,-11.833837138202124,-0.0037781079752187336,-11.111126596904517,0.01154699367256575,-11.565094160732755,-0.006531277184531235,0.4916260367615574,-0.015596381761001053,0.4099883301610616,-0.0827104256692532,-7.929877020537953,-0.02470214457233233,-10.380575976935392,-0.11392318266535192,-6.438166510165765,-0.0,-0.0,-0.05163919497987412,-9.30569138954912,-0.0,-0.0,-0.050155130669506984,0.03501086607324775,-0.14120275274174174,-5.056327929505401,-0.16090894061934463,-3.9244801111217384,-0.08888303435664044,-1.335896786396804,-0.061996837469310624,-0.3695185694563244,-0.23357446509322644,-2.705537695982161,-0.1596103652619887,-2.2230052522330257,-0.25249026182037887,-3.0409672902382137,-0.2633579962960056,-3.4016672043788208,-0.0,-0.0,-0.0,-0.0,-0.0,-0.0,-0.026880127550198675,-0.0,0.0,-0.0,-0.04442081260250542,-0.0,0.0,-0.0,-0.04225112793822837,-0.0,0.0,-0.0,-0.02069023705425678,-0.1889905692875534,0.0,-0.0,-0.0,-0.0,-0.0,-1.808382067936606,-0.0,-5.302470228577074,-0.0,-3.5659465625472135
3 2 2,-0.0,0.0,-0.0,0.0,-0.0,0.0,-0.6854264799879843,10.15877716139557,-0.7028132611807525,10.265981919645437,-0.7571378499418252,10.888821167995317,-0.7270563171966007,10.484563000609727,-0.26166647559763834,3.1363741127247744,-0.28375575852432,3.626216654782091,-0.8610264112259315,12.877258911401778,-0.791744902413603,11.520224895717162,-0.878212748383267,13.010498197862136,-0.2304977411670805,1.039723042338631,-0.8285782091094541,12.280028184546824,-0.0,0.0,-0.25572086025255836,3.096517100687912,-0.8703708062600445,12.653268507880666,-0.8326537248509505,12.049553274685081,-0.4451590296112253,6.3227592561863695,-0.3199733129075801,3.966769107156935,-0.7300983995218556,12.92115449482126,-0.5805113187590301,10.20777927357045,-0.792107442617312,14.584304963234429,-0.8196369890066786,16.144437455093865,-0.32996205920493793,2.354888384186703,-0.4580318327819767,4.119095446938902,-0.0,0.0,-0.5789284157032444,5.878235197805166,-0.0,0.0,-0.6904672987413693,7.852191369464513,-0.0,0.0,-0.7785408289556962,8.850476976053208,-0.0,0.0,-0.8412436794708654,9.831823950785228,-0.0,0.0,-0.0,0.0,-0.8734754093812414,10.828752028572197,-0.8330406105238749,10.605260978786687,-0.8665371338484978,10.882605687254992
3 2 3,-0.0,0.0,-0.0,-0.0,-0.0,-0.0,0.07989572828854767,-11.43711612534093,0.07534445117188963,-11.43301278488766,0.058394101992694736,-11.433955656636924,0.06844555907884113,-11.430265121952667,-0.46183819818544014,5.00518941662206,-0.46630604044682084,6.5255236061188056,-0.013829599749295991,-11.204231658570249,0.04333244340164428,-11.445515069981841,-0.057943931900331924,-10.478003488730995,-0.21384600076783292,3.272058341756683,0.020131903331533644,-11.424835322570933,-0.0,-0.0,-0.24545152259875994,7.645172163806148,-0.10757373364430807,-9.028119884231158,-0.1559067030344977,-6.920997692260427,-0.299861894076101,3.250522404470335,-0.2615756091984546,8.334461940554894,-0.18535903603915987,-5.07457004744019,-0.20643091657853854,-1.767701839016778,-0.1884380907496275,-6.0631811922734045,-0.1432818408292684,-6.248648167448972,-0.20852650679766327,1.221712347506039,-0.210278380610339,0.0,-0.0,0.0,-0.18207682408937773,0.0,-0.0,-0.0,-0.13565657413581242,-0.0,-0.0,-0.0,-0.085612022022521,-0.01913946961582947,-0.0,-0.0,-0.05329581492306624,-2.7154601501430147,-0.0,0.0,0.0,0.0,-0.0008736256199655644,-4.824709478181983,-0.0,-6.944494752843469,-0.0,-6.301608802134241
3 2 4,-0.0,0.0,-0.0,0.0,-0.0,0.0,-0.9747857203989996,42.24613272976084,-0.9717671932682368,42.21595933208735,-0.9612252963307809,41.914550131823894,-0.9673217006256034,42.127416015577616,-0.12522370615225992,2.260615997542513,-0.10310019305035834,4.086369646362273,-0.9197149152758569,39.728066136297926,-0.9528614776977358,41.48856571981506,-0.882058083280608,38.39453596592285,-0.0,6.826525152331419,-0.9404763471661187,40.768257634616674,-1.9170179438363417,0.0,0.041316199630567624,9.515600343106199,-0.8175453705847603,36.70585380746017,-0.7219067815910847,34.343296528975195,-0.20936306026825524,14.740830556103239,0.010595154852914864,12.221933192212852,-0.3635690987808145,27.21767151003685,-0.2744083565904167,17.931994657180052,-0.4816683944022137,31.07083486931862,-0.6112746432085812,34.78588682028039,-0.009644298755128554,10.655253516862722,-0.13789263191917409,15.845129307148085,-2.3091413523584414,0.0,-0.2947976430320893,21.797222278798596,-2.1000597742056812,0.0,-0.4573994786068849,27.093842494318167,-2.141259757861176,0.0,-0.5918473961675196,31.28748317217919,-2.43977456744448,0.0,-0.7339105643754794,34.314016820075246,-2.698966614337448,0.0,-1.336755169038888,6.1634593659744885,-0.8461327762395436,36.296157126471016,-0.945617871076317,38.62928662439283,-0.9153143050742141,37.63060691237156
3 2 5,0.0,0.0,0.0,0.0,-0.0,0.0,0.43645204252689535,38.731729440200255,0.44104414363874594,38.58418353304726,0.4504250546651384,38.11351218283584,0.446278768206729,38.37820386744827,0.041701040265987005,1.5569100773794742,0.1273320673584883,3.2282147831827674,0.4464556864574939,36.3166867099612,0.4518486450149145,37.76068912741884,0.4425931440857024,34.84361532188276,0.20853076351503008,4.901442212499386,0.45020264878831484,37.22106156858947,0.0,0.0,0.4007244668006228,8.748925412364272,0.4425531578642077,32.67718791520178,0.45019324985190046,29.799030983605455,0.3996726392611439,12.470663267035036,0.4709307455892011,11.258826597328214,0.6455329611353755,23.823712708857755,0.47190408702677383,16.19188928688103,0.6126634151839792,26.079925447857637,0.5379049329340638,28.126651794433652,0.2908419814627669,8.485241518509472,0.34141464844096453,12.760899147373067,0.0,0.0,0.36970250524541853,17.44490711070221,0.0,0.0,0.3728664340602147,22.323896768455917,0.0,0.0,0.37020203865333556,26.989483099421072,0.0,22.611848976767206,0.34297544191965007,30.403244694740444,0.0,38.830764673988455,0.0,38.83525918433476,0.32698740591234193,33.103625798225984,0.33455847099539365,35.86492305443241,0.3297326925343334,34.874505334619144
3 2 6,-0.0,0.0,-0.0,0.0,-0.0,-0.0,-0.20770581134952237,-3.2182021255164703,-0.2077376977638157,-3.156346933688859,-0.20851077303279916,-3.066188635490639,-0.2080258494056992,-3.095055467542111,0.0034111843623887274,0.7733591886679141,0.03895359664183259,1.7289713701361489,-0.1844600510929354,-2.84212332570809,-0.20787997616804268,-3.083934137479565,-0.15131667209153388,-2.0733823290523468,0.0,0.0,-0.2020473628141019,-3.0803304714793427,-0.0,-0.0,0.13688021622050378,4.316584172603391,-0.10795723363537253,-0.6684631443771998,-0.06624719587513316,1.1089550568258086,-0.04316003984470414,4.221405357183339,0.12680223742455074,5.428788838639683,-0.027951005834544383,5.647591600591374,-0.1374463593293622,4.630411782241249,-0.0360747843152397,5.228441222580364,-0.059652481056153575,4.798417267987527,0.0,0.1936334312505855,-0.0,0.5693079752038973,-0.0,-0.0,-0.0,0.275658397588667,-0.0,-0.0,-0.0,0.0,-0.0,-0.0,-0.0,0.0,-0.0,0.0,-0.0,0.0,-0.0,-0.0,-0.0,0.0,-0.052771831663094994,-0.0,-0.13072040138042984,-0.0,-0.10333123167735127,-0.0
3 3 1,-0.0,0.0,-0.0,0.0,-0.0,0.0,-0.7144994714144847,29.532039181973964,-0.7040957444690912,29.2446232250433,-0.6591039091837377,28.217736172206568,-0.6867278967497218,28.81696557128348,-0.013547328278426115,0.42604579378160706,-0.011079503312023327,0.5915282727932379,-0.48880950912556004,24.38805474714818,-0.6174225874304026,27.373920688199384,-0.41126745409224147,21.982146214572754,-0.0,0.0,-0.5597190684126039,26.150236738480036,-0.0,0.0,0.012429509675555684,0.7655394744119768,-0.3343309319448268,18.979169618665342,-0.2645716224123571,15.621871005429444,-0.06942307012944998,3.260086669220666,-0.007563596155581957,1.369181420319033,-0.08409278389414923,7.9640383503455965,-0.0742319961217575,5.6262957801859415,-0.11708154503326114,9.667150466009435,-0.16252330122404382,11.755160115163939,-0.0,0.0,-0.0,0.8008507019113092,-0.0,0.0,-0.0,3.699481617170249,-0.0,0.0,-0.05972237778281181,7.138682242665667,-0.0,0.0,-0.1287370183743525,11.135220364410632,-0.0,0.0,-0.2110324231562327,15.315148179094185,-0.0,0.0,-0.0,0.0,-0.29792355856015185,19.139567781600515,-0.47692191104486936,24.84583957907574,-0.3924036201945304,22.4578429160207
3 3 2,0.0,0.0,0.0,0.0,-0.0,0.0,0.11597785597232375,20.066634526025418,0.12046727780867185,20.151297213005442,0.13190822396375385,20.59580362126519,0.1260299086469855,20.311519457238393,-0.0003562725509040611,1.5016243896506476,0.018492437926110543,2.4710210001001123,0.1672164224448699,22.506573507444177,0.13853917503215687,21.05058288656122,0.19277872444490812,23.52165130056386,0.0,3.6622464508123973,0.14898666917520073,21.690262503353072,-0.0,0.0,0.10796630883640897,5.362071821203299,0.21736307534698493,24.665430532232342,0.2295504853089,25.441749321348745,0.11228191490218774,12.662681199440238,0.12024741101588397,7.640462098996411,0.32740024579898663,26.431337159047086,0.20038899397404503,19.573666475631054,0.3507835162193531,30.089376619585977,0.35599526460058956,33.891872433581675,0.0,7.837863206538305,0.03992846867926103,13.133048389912032,-0.0,0.0,0.0720083513812967,18.658029638090607,-0.0,0.0,0.08706538986298092,22.78603348404134,-0.0,0.0,0.10461565792521187,24.735513592924875,-0.0,0.0,0.10541818385304924,24.667188979206504,-0.0,0.0,-0.0,0.0,0.0832672367348618,23.515178026080058,0.026926390795567565,21.902552979765474,0.05221577632730779,22.508899110083963
3 3 3,0.0,0.0,0.0,0.0,-0.0,0.0,-0.22912447264108385,5.526786963168112,-0.22575097611759642,5.469367206883163,-0.20858764562216758,5.517459771738333,-0.21966070283706232,5.444312580482758,-0.018944444041504443,1.0230116356707069,-0.006969623719602389,1.8169514164431642,-0.09305040671333153,6.445331246359498,-0.18817598542350436,5.731180327276745,-0.014607964253959682,7.0620339352444015,0.0,0.4717393910523582,-0.15167532696486805,6.052563485415581,-0.0,0.0,0.07071126981920856,3.871688665891541,0.06716465977441943,8.156590679829923,0.12883932794277356,9.563621976827468,0.046967316471239716,7.755937291628884,0.07689414033794151,5.0471861628504575,0.28419920806829574,12.979826497375209,0.1418695631160114,11.287824087801631,0.3098516138005157,13.792195112938227,0.32485919904855526,14.448312086590997,0.0,2.477272688269823,0.0,4.676407529252997,-0.0,0.0,0.0,6.744447207278671,-0.0,0.0,0.009991312027712777,7.761182378374193,-0.0,0.0,0.00920765118252417,7.207269442228617,-0.0,0.0,0.0,5.720930312078355,-0.0,-0.0,-0.0,0.0,0.0,4.383817243640235,-0.0013662892993563562,3.5434353229350517,-0.0,3.7601688780998845
3 3 4,0.0,0.0,0.0,0.0,-0.0,0.0,0.6978180371968614,13.857384879123758,0.702878355130237,13.740179733643584,0.7103020901342019,13.31025523680972,0.7080267259947264,13.561897989080158,0.01684609254531664,0.5011431258812509,0.06479404493232392,1.3612984346824257,0.6685355915079894,12.240056321910245,0.7060871687610836,12.976968819870725,0.6338794074116594,12.061266431239737,0.04577441820589127,0.0,0.6925467432461818,12.58640893051687,-0.0,0.0,0.22999553941315462,4.121670087577307,0.5862817054993296,11.983188531555738,0.5217564652051292,11.657602260581319,0.18681017577358178,5.026945962385299,0.2692682146303191,5.170797295810866,0.3804320548086856,9.162323789689927,0.2540307109778671,5.8553271978608565,0.3824731750364493,10.172247009908128,0.38547306848497304,11.26780278924223,0.10403412224550912,0.8097341053362406,0.15849960234631597,2.5376395228111717,0.0,0.0,0.21556598136731234,4.660567126707371,-0.0,0.0,0.29093518174537425,6.6074246822074105,0.0,0.0,0.38800525978547545,7.8231232265564055,0.0,0.0,0.4603530014267332,8.130002112749942,0.0,0.0,0.0,0.0,0.5089129264987302,8.00455882628447,0.5752119598100613,7.789950905676864,0.5416132530125142,7.928893314451166
3 3 5,0.0,0.0,0.0,0.0,0.0,0.0,1.3008672621355435,37.885625908537726,1.291042040436981,37.819928322841456,1.265146881079173,37.44231896748762,1.2785817553017023,37.69031973363756,0.0037016391910768194,1.3879036290435294,0.043411680376224275,2.6556050376742766,1.1958324521700348,35.10243515398968,1.2507504832230079,36.99251864181535,1.1367565700897146,33.55928341629815,0.02199710515506299,3.3519453185738906,1.230703295374774,36.23944061082371,0.0,0.0,0.16390382878347773,6.804580757082973,1.047686589292671,31.611185309273754,0.9264200732560564,29.163928089613492,0.17472941396336136,11.112719917732072,0.19568022007678496,9.01018889600424,0.6030227228573468,23.69549989609522,0.3674070832437499,15.929179902425775,0.6761205898324963,26.604296430281646,0.7686938358658163,29.459532506039103,0.11696471286612169,6.99451303360062,0.24514813707355698,11.65554181152879,0.0,0.0,0.4172025352581508,16.940510508032574,0.0,0.0,0.6200142231596412,21.938463398981735,0.0,0.0,0.8103879633323239,26.082209111573487,0.0,0.0,0.9578014772205172,28.931208377423058,0.0,0.0,0.0,0.0,1.0588730818255232,31.086820583573772,1.1880397183423714,33.98519324814911,1.1317476845135404,32.74940267573977
3 3 6,0.0,0.0,-0.0,0.0,-0.0,0.0,0.9022337858329709,10.807016995128683,0.8917299479189014,10.801736060113177,0.8444370479504814,10.656229362019264,0.8738721086772482,10.766271499409422,0.0036287200760051195,0.7989883639101754,0.020052982749276048,1.2035717253122713,0.6271462294901952,9.179971444419722,0.7971936996081652,10.401910555903125,0.5070647792050019,8.283221031601162,0.0,0.0,0.7255468534574039,9.921627599166657,0.0,0.0,0.06902301231193671,2.3949235784064085,0.37668423104630633,7.477741777698399,0.2522889783898417,6.9336449647776135,0.04497468568170197,4.347944843771906,0.07706251576035779,3.17132741793252,0.03584790622659512,7.046025679656257,0.038148859948051395,5.94436716720418,0.01540464529793474,7.465279668865391,-0.0013825193992895186,7.734987382914384,0.0,0.0,0.0,0.2469044383725136,0.0,0.0,0.0,1.3164151345873887,0.0,0.0,0.0,2.1320297295651773,0.0,0.0,0.055196056310929734,2.709215383095909,0.0,0.0,0.17271147467128917,3.0702752924154715,0.0,0.0,0.0,0.0,0.31150687589272463,3.753564022505746,0.5784414562793455,5.529900867211549,0.4538353189389833,4.564781844408127
